scenario,scenario_label,dgp_family,fit_family,rep,n,n_selected,selection_rate,hidden_acceptance_rate,success,finite_fit,regular_convergence,convergence,message,logLik,AIC,BIC,AICc,k_params,seconds,em_iterations,raw_package_AIC,raw_package_BIC,k_package_implied,start_id,stage,all_stage1_values,criteria_source,conv_source,sigmaY_true,sigmaY_hat,sigmaY_bias,rho_true,rho_hat,rho_bias,etaS_true,etaS_hat,etaS_bias,etaY_true,etaY_hat,etaY_bias,tau_bar_true,tau_bar_hat,tau_bar_bias,alpha_legacy_true,alpha_legacy_hat,nu_true,nu_hat,nu_bias,betaSel_1_true,betaSel_1_hat,betaSel_1_bias,betaSel_2_true,betaSel_2_hat,betaSel_2_bias,betaSel_3_true,betaSel_3_hat,betaSel_3_bias,betaOut_1_true,betaOut_1_hat,betaOut_1_bias,betaOut_2_true,betaOut_2_hat,betaOut_2_bias,betaOut_3_true,betaOut_3_hat,betaOut_3_bias,BIC_minus_AIC,expected_BIC_minus_AIC,IC_gap_error,betaSel_4_true,betaSel_5_true,betaSel_6_true,betaSel_7_true,betaSel_8_true,betaSel_9_true,betaSel_10_true,betaSel_11_true,betaSel_12_true,betaSel_13_true,betaSel_14_true,betaSel_15_true,betaSel_16_true,betaSel_17_true,betaSel_18_true,betaSel_19_true,betaSel_20_true,betaSel_4_hat,betaSel_5_hat,betaSel_6_hat,betaSel_7_hat,betaSel_8_hat,betaSel_9_hat,betaSel_10_hat,betaSel_11_hat,betaSel_12_hat,betaSel_13_hat,betaSel_14_hat,betaSel_15_hat,betaSel_16_hat,betaSel_17_hat,betaSel_18_hat,betaSel_19_hat,betaSel_20_hat,betaSel_4_bias,betaSel_5_bias,betaSel_6_bias,betaSel_7_bias,betaSel_8_bias,betaSel_9_bias,betaSel_10_bias,betaSel_11_bias,betaSel_12_bias,betaSel_13_bias,betaSel_14_bias,betaSel_15_bias,betaSel_16_bias,betaSel_17_bias,betaSel_18_bias,betaSel_19_bias,betaSel_20_bias,betaOut_4_true,betaOut_5_true,betaOut_6_true,betaOut_7_true,betaOut_8_true,betaOut_9_true,betaOut_10_true,betaOut_11_true,betaOut_12_true,betaOut_13_true,betaOut_14_true,betaOut_15_true,betaOut_16_true,betaOut_17_true,betaOut_18_true,betaOut_19_true,betaOut_20_true,betaOut_4_hat,betaOut_5_hat,betaOut_6_hat,betaOut_7_hat,betaOut_8_hat,betaOut_9_hat,betaOut_10_hat,betaOut_11_hat,betaOut_12_hat,betaOut_13_hat,betaOut_14_hat,betaOut_15_hat,betaOut_16_hat,betaOut_17_hat,betaOut_18_hat,betaOut_19_hat,betaOut_20_hat,betaOut_4_bias,betaOut_5_bias,betaOut_6_bias,betaOut_7_bias,betaOut_8_bias,betaOut_9_bias,betaOut_10_bias,betaOut_11_bias,betaOut_12_bias,betaOut_13_bias,betaOut_14_bias,betaOut_15_bias,betaOut_16_bias,betaOut_17_bias,betaOut_18_bias,betaOut_19_bias,betaOut_20_bias,success_chr,success_bool,converged_regular,AIC_correct,BIC_correct,AICc_correct,raw_BIC_minus_AIC,corrected_BIC_minus_AIC,k_implied_by_raw_BIC,raw_ic_has_wrong_k,seconds_correct,etaS_near_boundary,etaY_near_boundary,tau_near_boundary
symmetric_heavy_tails,symmetric heavy tails,HT,NH,1,1000,414,0.414,NA,TRUE,TRUE,TRUE,0,NA,-1716.4286614600512,3448.8573229201024,3488.11936515196,3449.002630690032,8,77.61000000000001,NA,3434.8573229201024,3439.7650781990847,1.000000000000017,NA,HeckmanEM,NA,raw_AIC_BIC_implied_logLik,finite_logLik_no_explicit_code,3,4.115837597930533,1.1158375979305326,0.4,0.46928199394932185,0.06928199394932183,NA,NA,NA,NA,NA,NA,NA,NA,NA,NA,NA,5,NA,NA,-0.7,-0.690113743658288,0.00988625634171191,0.15,0.138472287039163,-0.01152771296083698,1,0.9401830856380702,-0.05981691436192982,5,4.939135401112055,-0.06086459888794504,1.5,1.2611650212426628,-0.23883497875733717,0.8,0.6386423395522692,-0.1613576604477308,39.26204223185732,39.262042231857095,2.2737367544323206e-13,NA,NA,NA,NA,NA,NA,NA,NA,NA,NA,NA,NA,NA,NA,NA,NA,NA,NA,NA,NA,NA,NA,NA,NA,NA,NA,NA,NA,NA,NA,NA,NA,NA,NA,NA,NA,NA,NA,NA,NA,NA,NA,NA,NA,NA,NA,NA,NA,NA,NA,NA,NA,NA,NA,NA,NA,NA,NA,NA,NA,NA,NA,NA,NA,NA,NA,NA,NA,NA,NA,NA,NA,NA,NA,NA,NA,NA,NA,NA,NA,NA,NA,NA,NA,NA,NA,NA,NA,NA,NA,NA,NA,NA,NA,NA,NA,NA,NA,NA,NA,NA,NA,true,TRUE,TRUE,3448.8573229201024,3488.1193651519598,3449.0026306900318,39.26204223185778,39.26204223185732,8.000000000000139,FALSE,77.61000000000001,NA,NA,NA
symmetric_heavy_tails,symmetric heavy tails,HT,HT,1,1000,414,0.414,NA,TRUE,TRUE,TRUE,0,NA,-1696.587799904613,3409.175599809226,3448.4376420410827,3409.320907579155,8,95.301,NA,3395.175599809226,3400.083355088208,1.000000000000017,NA,HeckmanEM,NA,raw_AIC_BIC_implied_logLik,finite_logLik_no_explicit_code,3,3.069371237673883,0.06937123767388309,0.4,0.4487633998215301,0.04876339982153005,NA,NA,NA,NA,NA,NA,NA,NA,NA,NA,NA,5,NA,NA,-0.7,-0.7670753797388922,-0.06707537973889222,0.15,0.15656666784489612,0.00656666784489612,1,1.0414408603154437,0.04144086031544369,5,5.0164028626571415,0.01640286265714152,1.5,1.3419620096766698,-0.1580379903233302,0.8,0.6842914211738119,-0.11570857882618812,39.26204223185687,39.262042231857095,-2.2737367544323206e-13,NA,NA,NA,NA,NA,NA,NA,NA,NA,NA,NA,NA,NA,NA,NA,NA,NA,NA,NA,NA,NA,NA,NA,NA,NA,NA,NA,NA,NA,NA,NA,NA,NA,NA,NA,NA,NA,NA,NA,NA,NA,NA,NA,NA,NA,NA,NA,NA,NA,NA,NA,NA,NA,NA,NA,NA,NA,NA,NA,NA,NA,NA,NA,NA,NA,NA,NA,NA,NA,NA,NA,NA,NA,NA,NA,NA,NA,NA,NA,NA,NA,NA,NA,NA,NA,NA,NA,NA,NA,NA,NA,NA,NA,NA,NA,NA,NA,NA,NA,NA,NA,NA,true,TRUE,TRUE,3409.175599809226,3448.4376420410827,3409.320907579155,39.26204223185687,39.26204223185687,7.999999999999954,FALSE,95.301,NA,NA,NA
symmetric_heavy_tails,symmetric heavy tails,HT,CN,1,1000,414,0.414,NA,TRUE,TRUE,TRUE,0,NA,-1695.6647834319726,3411.3295668639453,3460.4071196537666,3411.552013780022,10,390.783,NA,3393.3295668639453,3398.2373221429275,1.000000000000017,NA,HeckmanEM,NA,raw_AIC_BIC_implied_logLik,finite_logLik_no_explicit_code,3,2.8402751461264266,-0.15972485387357338,0.4,0.4502961008787412,0.0502961008787412,NA,NA,NA,NA,NA,NA,NA,NA,NA,NA,NA,5,NA,NA,-0.7,-0.8240072203849127,-0.12400722038491274,0.15,0.168200415495024,0.01820041549502399,1,1.119071433390109,0.11907143339010906,5,5.002843615881122,0.00284361588112158,1.5,1.321244732198039,-0.17875526780196105,0.8,0.6917405534711178,-0.1082594465288822,49.07755278982131,49.07755278982137,-5.684341886080802e-14,NA,NA,NA,NA,NA,NA,NA,NA,NA,NA,NA,NA,NA,NA,NA,NA,NA,NA,NA,NA,NA,NA,NA,NA,NA,NA,NA,NA,NA,NA,NA,NA,NA,NA,NA,NA,NA,NA,NA,NA,NA,NA,NA,NA,NA,NA,NA,NA,NA,NA,NA,NA,NA,NA,NA,NA,NA,NA,NA,NA,NA,NA,NA,NA,NA,NA,NA,NA,NA,NA,NA,NA,NA,NA,NA,NA,NA,NA,NA,NA,NA,NA,NA,NA,NA,NA,NA,NA,NA,NA,NA,NA,NA,NA,NA,NA,NA,NA,NA,NA,NA,NA,true,TRUE,TRUE,3411.3295668639453,3460.4071196537666,3411.552013780022,49.07755278982131,49.07755278982131,9.999999999999988,FALSE,390.783,NA,NA,NA
symmetric_heavy_tails,symmetric heavy tails,HT,ESN,1,1000,414,0.414,NA,TRUE,TRUE,TRUE,0,CONVERGENCE: REL_REDUCTION_OF_F <= FACTR*EPSMCH,-1715.814162382552,3453.628324765104,3507.6136328339076,3453.895531242837,11,15243.974,NA,NA,NA,NA,5,stage2,1716.42879071053;1716.42943605765;1715.95893554422;1716.43214450082;1715.82253961881;1716.42847089127;1716.43628901387;1715.82493204651;1715.83927220937;1716.05419524754;1715.82232950387;1716.42873570049;1716.42878241744;1716.42866108084,proposed_likelihood,stage2,3,4.248137543327117,1.2481375433271171,0.4,0.35069776701990163,-0.04930223298009839,NA,1.4925821305300957,NA,NA,-0.87136468245484755,NA,NA,-1.4609703363442907,NA,NA,-1.4609703363442907,5,NA,NA,-0.7,-1.489279351451833,-0.789279351451833,0.15,0.10295389255952102,-0.04704610744047897,1,0.7060261819912486,-0.29397381800875144,5,5.347867046968629,0.3478670469686289,1.5,1.2768129136269168,-0.22318708637308315,0.8,0.6430860573198176,-0.15691394268018244,53.98530806880353,53.985308068803505,2.842170943040401e-14,NA,NA,NA,NA,NA,NA,NA,NA,NA,NA,NA,NA,NA,NA,NA,NA,NA,NA,NA,NA,NA,NA,NA,NA,NA,NA,NA,NA,NA,NA,NA,NA,NA,NA,NA,NA,NA,NA,NA,NA,NA,NA,NA,NA,NA,NA,NA,NA,NA,NA,NA,NA,NA,NA,NA,NA,NA,NA,NA,NA,NA,NA,NA,NA,NA,NA,NA,NA,NA,NA,NA,NA,NA,NA,NA,NA,NA,NA,NA,NA,NA,NA,NA,NA,NA,NA,NA,NA,NA,NA,NA,NA,NA,NA,NA,NA,NA,NA,NA,NA,NA,NA,true,TRUE,TRUE,3453.628324765104,3507.6136328339076,3453.895531242837,53.98530806880353,53.98530806880353,11.000000000000005,FALSE,15243.974,TRUE,FALSE,TRUE
symmetric_heavy_tails,symmetric heavy tails,HT,EST,1,1000,414,0.414,NA,TRUE,TRUE,TRUE,0,CONVERGENCE: REL_REDUCTION_OF_F <= FACTR*EPSMCH,-1696.6296159526291,3417.2592319052583,3476.152295253044,3417.5753413277507,12,20093.286000000004,NA,NA,NA,NA,28,stage2,1696.64096894841;1e+12;1e+12;1696.64467410961;1e+12;1e+12;1696.65190465249;1e+12;1e+12;1696.65225289825;1e+12;1e+12;1696.6737522465;1e+12;1e+12;1696.64370887869;1e+12;1e+12;1696.6821256274;1e+12;1e+12;1696.66506808771;1e+12;1e+12;1696.84183851037;1e+12;1e+12;1696.62990748129;1e+12;1e+12;1696.63453338374;1e+12;1e+12;1696.63620143357;1e+12;1e+12;1696.7330790356;1e+12;1e+12;1696.63473973601;1e+12;1e+12,proposed_likelihood,stage2,3,3.156923442548014,0.15692344254801416,0.4,0.4140861324357786,0.01408613243577855,NA,-0.4522587199400431,NA,NA,0.19673093500471825,NA,NA,1.487697049478293,NA,NA,1.487697049478293,5,4,-1,-0.7,-0.6329616131328023,0.06703838686719765,0.15,0.1496558257472252,-3.441742527748e-4,1,0.992140533514772,-0.00785946648522795,5,5.09474386638795,0.09474386638795008,1.5,1.3406316479825715,-0.1593683520174285,0.8,0.6825489390750078,-0.11745106092499225,58.893063347785755,58.89306334778564,1.1368683772161603e-13,NA,NA,NA,NA,NA,NA,NA,NA,NA,NA,NA,NA,NA,NA,NA,NA,NA,NA,NA,NA,NA,NA,NA,NA,NA,NA,NA,NA,NA,NA,NA,NA,NA,NA,NA,NA,NA,NA,NA,NA,NA,NA,NA,NA,NA,NA,NA,NA,NA,NA,NA,NA,NA,NA,NA,NA,NA,NA,NA,NA,NA,NA,NA,NA,NA,NA,NA,NA,NA,NA,NA,NA,NA,NA,NA,NA,NA,NA,NA,NA,NA,NA,NA,NA,NA,NA,NA,NA,NA,NA,NA,NA,NA,NA,NA,NA,NA,NA,NA,NA,NA,NA,true,TRUE,TRUE,3417.2592319052583,3476.152295253044,3417.5753413277507,58.893063347785755,58.893063347785755,12.000000000000023,FALSE,20093.286000000004,FALSE,FALSE,TRUE
symmetric_heavy_tails,symmetric heavy tails,HT,NH,2,1000,419,0.419,NA,TRUE,TRUE,TRUE,0,NA,-1707.7405904292502,3431.4811808585005,3470.743223090358,3431.62648862843,8,60.074,NA,3417.4811808585005,3422.3889361374827,1.000000000000017,NA,HeckmanEM,NA,raw_AIC_BIC_implied_logLik,finite_logLik_no_explicit_code,3,4.017654662880338,1.0176546628803376,0.4,0.5781358493598197,0.17813584935981963,NA,NA,NA,NA,NA,NA,NA,NA,NA,NA,NA,5,NA,NA,-0.7,-0.6759012659366651,0.02409873406333484,0.15,0.14381849853861156,-0.00618150146138843,1,0.8760784319093562,-0.1239215680906438,5,4.807218181814877,-0.1927818181851233,1.5,1.5470789013794972,0.04707890137949722,0.8,0.5200982948488007,-0.2799017051511994,39.26204223185732,39.262042231857095,2.2737367544323206e-13,NA,NA,NA,NA,NA,NA,NA,NA,NA,NA,NA,NA,NA,NA,NA,NA,NA,NA,NA,NA,NA,NA,NA,NA,NA,NA,NA,NA,NA,NA,NA,NA,NA,NA,NA,NA,NA,NA,NA,NA,NA,NA,NA,NA,NA,NA,NA,NA,NA,NA,NA,NA,NA,NA,NA,NA,NA,NA,NA,NA,NA,NA,NA,NA,NA,NA,NA,NA,NA,NA,NA,NA,NA,NA,NA,NA,NA,NA,NA,NA,NA,NA,NA,NA,NA,NA,NA,NA,NA,NA,NA,NA,NA,NA,NA,NA,NA,NA,NA,NA,NA,NA,true,TRUE,TRUE,3431.4811808585005,3470.743223090358,3431.62648862843,39.26204223185732,39.26204223185732,8.000000000000046,FALSE,60.074,NA,NA,NA
symmetric_heavy_tails,symmetric heavy tails,HT,HT,2,1000,419,0.419,NA,TRUE,TRUE,TRUE,0,NA,-1701.930151784056,3419.860303568112,3459.1223457999695,3420.0056113380415,8,140.29,NA,3405.860303568112,3410.7680588470944,1.000000000000017,NA,HeckmanEM,NA,raw_AIC_BIC_implied_logLik,finite_logLik_no_explicit_code,3,3.462116434125832,0.46211643412583214,0.4,0.5043628812517655,0.10436288125176552,NA,NA,NA,NA,NA,NA,NA,NA,NA,NA,NA,5,NA,NA,-0.7,-0.7191798045004465,-0.01917980450044654,0.15,0.1531935258329375,0.00319352583293749,1,0.9347766495931674,-0.06522335040683258,5,5.094508321311743,0.0945083213117428,1.5,1.5950570799486683,0.0950570799486683,0.8,0.5398649768854517,-0.2601350231145484,39.26204223185732,39.262042231857095,2.2737367544323206e-13,NA,NA,NA,NA,NA,NA,NA,NA,NA,NA,NA,NA,NA,NA,NA,NA,NA,NA,NA,NA,NA,NA,NA,NA,NA,NA,NA,NA,NA,NA,NA,NA,NA,NA,NA,NA,NA,NA,NA,NA,NA,NA,NA,NA,NA,NA,NA,NA,NA,NA,NA,NA,NA,NA,NA,NA,NA,NA,NA,NA,NA,NA,NA,NA,NA,NA,NA,NA,NA,NA,NA,NA,NA,NA,NA,NA,NA,NA,NA,NA,NA,NA,NA,NA,NA,NA,NA,NA,NA,NA,NA,NA,NA,NA,NA,NA,NA,NA,NA,NA,NA,NA,true,TRUE,TRUE,3419.860303568112,3459.1223457999695,3420.0056113380415,39.26204223185732,39.26204223185732,8.000000000000046,FALSE,140.29,NA,NA,NA
symmetric_heavy_tails,symmetric heavy tails,HT,CN,2,1000,419,0.419,NA,TRUE,TRUE,TRUE,0,NA,-1701.592792582869,3423.185585165738,3472.263137955559,3423.408032081815,10,550.672,NA,3405.185585165738,3410.09334044472,1.000000000000017,NA,HeckmanEM,NA,raw_AIC_BIC_implied_logLik,finite_logLik_no_explicit_code,3,3.616146290881708,0.6161462908817077,0.4,0.513558321353349,0.11355832135334898,NA,NA,NA,NA,NA,NA,NA,NA,NA,NA,NA,5,NA,NA,-0.7,-0.706146909502048,-0.00614690950204799,0.15,0.15055998014026176,5.599801402617621e-4,1,0.916643920256448,-0.08335607974355186,5,5.054953181417961,0.0549531814179609,1.5,1.572420220599523,0.07242022059952302,0.8,0.5308105666486395,-0.2691894333513606,49.07755278982131,49.07755278982137,-5.684341886080802e-14,NA,NA,NA,NA,NA,NA,NA,NA,NA,NA,NA,NA,NA,NA,NA,NA,NA,NA,NA,NA,NA,NA,NA,NA,NA,NA,NA,NA,NA,NA,NA,NA,NA,NA,NA,NA,NA,NA,NA,NA,NA,NA,NA,NA,NA,NA,NA,NA,NA,NA,NA,NA,NA,NA,NA,NA,NA,NA,NA,NA,NA,NA,NA,NA,NA,NA,NA,NA,NA,NA,NA,NA,NA,NA,NA,NA,NA,NA,NA,NA,NA,NA,NA,NA,NA,NA,NA,NA,NA,NA,NA,NA,NA,NA,NA,NA,NA,NA,NA,NA,NA,NA,true,TRUE,TRUE,3423.185585165738,3472.263137955559,3423.408032081815,49.07755278982131,49.07755278982131,9.999999999999988,FALSE,550.672,NA,NA,NA
symmetric_heavy_tails,symmetric heavy tails,HT,ESN,2,1000,419,0.419,NA,TRUE,TRUE,TRUE,0,CONVERGENCE: REL_REDUCTION_OF_F <= FACTR*EPSMCH,-1707.3498728190514,3436.6997456381027,3490.6850537069063,3436.9669521158357,11,16758.738,NA,NA,NA,NA,11,stage2,1707.74068798224;1707.74091863046;1707.74060718339;1707.74718081798;1707.72126746694;1707.74222997139;1707.74452415707;1707.59139033874;1707.73725263836;1707.74062077748;1707.51342586402;1707.74112886273;1707.74067263772;1707.74059015977,proposed_likelihood,stage2,3,4.0952641246317,1.0952641246317,0.4,0.5314903062546236,0.13149030625462357,NA,1.4925821305300957,NA,NA,-1.2346725706872197,NA,NA,1.2432624043491347,NA,NA,1.2432624043491347,5,NA,NA,-0.7,-0.907829970730803,-0.207829970730803,0.15,0.126316364391878,-0.023683635608122,1,0.7758592026106902,-0.2241407973893098,5,4.790611466025802,-0.20938853397419788,1.5,1.5625600906508594,0.06256009065085943,0.8,0.5138869709164942,-0.2861130290835059,53.98530806880353,53.985308068803505,2.842170943040401e-14,NA,NA,NA,NA,NA,NA,NA,NA,NA,NA,NA,NA,NA,NA,NA,NA,NA,NA,NA,NA,NA,NA,NA,NA,NA,NA,NA,NA,NA,NA,NA,NA,NA,NA,NA,NA,NA,NA,NA,NA,NA,NA,NA,NA,NA,NA,NA,NA,NA,NA,NA,NA,NA,NA,NA,NA,NA,NA,NA,NA,NA,NA,NA,NA,NA,NA,NA,NA,NA,NA,NA,NA,NA,NA,NA,NA,NA,NA,NA,NA,NA,NA,NA,NA,NA,NA,NA,NA,NA,NA,NA,NA,NA,NA,NA,NA,NA,NA,NA,NA,NA,NA,true,TRUE,TRUE,3436.6997456381027,3490.6850537069063,3436.9669521158357,53.98530806880353,53.98530806880353,11.000000000000005,FALSE,16758.738,TRUE,FALSE,FALSE
symmetric_heavy_tails,symmetric heavy tails,HT,EST,2,1000,419,0.419,NA,TRUE,TRUE,TRUE,0,CONVERGENCE: REL_REDUCTION_OF_F <= FACTR*EPSMCH,-1704.2763338146844,3432.552667629369,3491.4457309771547,3432.8687770518613,12,19232.652,NA,NA,NA,NA,40,stage2,1704.31557615714;1e+12;1e+12;1704.3163017709;1e+12;1e+12;1704.31991394293;1e+12;1e+12;1704.30561532003;1e+12;1e+12;1704.30518041907;1e+12;1e+12;1704.30801092965;1e+12;1e+12;1704.3061205207;1e+12;1e+12;1704.2941863743;1e+12;1e+12;1704.31188759129;1e+12;1e+12;1704.28031552226;1e+12;1e+12;1704.27640248521;1e+12;1e+12;1704.29937933095;1e+12;1e+12;1704.32805648062;1e+12;1e+12;1704.27633657601;1e+12;1e+12,proposed_likelihood,stage2,3,4.005071359798403,1.005071359798403,0.4,0.6768371409777493,0.27683714097774925,NA,-1.3136007634165128,NA,NA,-0.25892008407837,NA,NA,1.4925821305300957,NA,NA,1.4925821305300957,5,4,-1,-0.7,-0.3438859007981664,0.35611409920183357,0.15,0.13177203602532023,-0.01822796397467974,1,0.8165694139178767,-0.1834305860821233,5,5.758028671728815,0.7580286717288152,1.5,1.6185533538440706,0.11855335384407062,0.8,0.5371975027884551,-0.2628024972115449,58.893063347785755,58.89306334778564,1.1368683772161603e-13,NA,NA,NA,NA,NA,NA,NA,NA,NA,NA,NA,NA,NA,NA,NA,NA,NA,NA,NA,NA,NA,NA,NA,NA,NA,NA,NA,NA,NA,NA,NA,NA,NA,NA,NA,NA,NA,NA,NA,NA,NA,NA,NA,NA,NA,NA,NA,NA,NA,NA,NA,NA,NA,NA,NA,NA,NA,NA,NA,NA,NA,NA,NA,NA,NA,NA,NA,NA,NA,NA,NA,NA,NA,NA,NA,NA,NA,NA,NA,NA,NA,NA,NA,NA,NA,NA,NA,NA,NA,NA,NA,NA,NA,NA,NA,NA,NA,NA,NA,NA,NA,NA,true,TRUE,TRUE,3432.552667629369,3491.4457309771547,3432.8687770518613,58.893063347785755,58.893063347785755,12.000000000000023,FALSE,19232.652,FALSE,FALSE,TRUE
symmetric_heavy_tails,symmetric heavy tails,HT,NH,3,1000,460,0.46,NA,TRUE,TRUE,TRUE,0,NA,-1805.3650340871377,3626.7300681742754,3665.992110406132,3626.8753759442047,8,51.297,NA,3612.7300681742754,3617.6378234532576,1.000000000000017,NA,HeckmanEM,NA,raw_AIC_BIC_implied_logLik,finite_logLik_no_explicit_code,3,3.6602099641191743,0.6602099641191743,0.4,0.4039092610498434,0.0039092610498434,NA,NA,NA,NA,NA,NA,NA,NA,NA,NA,NA,5,NA,NA,-0.7,-0.6364216197376003,0.0635783802623997,0.15,0.14739122430711027,-0.00260877569288972,1,1.02943695239849,0.02943695239849009,5,5.226278861991317,0.2262788619913172,1.5,1.429439724204298,-0.07056027579570201,0.8,0.646627188898131,-0.15337281110186907,39.26204223185687,39.262042231857095,-2.2737367544323206e-13,NA,NA,NA,NA,NA,NA,NA,NA,NA,NA,NA,NA,NA,NA,NA,NA,NA,NA,NA,NA,NA,NA,NA,NA,NA,NA,NA,NA,NA,NA,NA,NA,NA,NA,NA,NA,NA,NA,NA,NA,NA,NA,NA,NA,NA,NA,NA,NA,NA,NA,NA,NA,NA,NA,NA,NA,NA,NA,NA,NA,NA,NA,NA,NA,NA,NA,NA,NA,NA,NA,NA,NA,NA,NA,NA,NA,NA,NA,NA,NA,NA,NA,NA,NA,NA,NA,NA,NA,NA,NA,NA,NA,NA,NA,NA,NA,NA,NA,NA,NA,NA,NA,true,TRUE,TRUE,3626.7300681742754,3665.9921104061323,3626.8753759442047,39.26204223185641,39.26204223185687,7.9999999999998614,FALSE,51.297,NA,NA,NA
symmetric_heavy_tails,symmetric heavy tails,HT,HT,3,1000,460,0.46,NA,TRUE,TRUE,TRUE,0,NA,-1800.0286224200745,3616.057244840149,3655.319287072006,3616.202552610078,8,81.75899999999999,NA,3602.0572448401485,3606.965000119131,1.000000000000017,NA,HeckmanEM,NA,raw_AIC_BIC_implied_logLik,finite_logLik_no_explicit_code,3,3.2131293944182815,0.2131293944182815,0.4,0.3773055338968493,-0.02269446610315073,NA,NA,NA,NA,NA,NA,NA,NA,NA,NA,NA,5,NA,NA,-0.7,-0.6659626093362672,0.03403739066373279,0.15,0.15702792928268677,0.00702792928268677,1,1.0804744364289385,0.08047443642893848,5,5.33993045862597,0.33993045862596993,1.5,1.4355996606318246,-0.06440033936817535,0.8,0.6545700424872036,-0.14542995751279642,39.26204223185732,39.262042231857095,-2.2737367544323206e-13,NA,NA,NA,NA,NA,NA,NA,NA,NA,NA,NA,NA,NA,NA,NA,NA,NA,NA,NA,NA,NA,NA,NA,NA,NA,NA,NA,NA,NA,NA,NA,NA,NA,NA,NA,NA,NA,NA,NA,NA,NA,NA,NA,NA,NA,NA,NA,NA,NA,NA,NA,NA,NA,NA,NA,NA,NA,NA,NA,NA,NA,NA,NA,NA,NA,NA,NA,NA,NA,NA,NA,NA,NA,NA,NA,NA,NA,NA,NA,NA,NA,NA,NA,NA,NA,NA,NA,NA,NA,NA,NA,NA,NA,NA,NA,NA,NA,NA,NA,NA,NA,NA,true,TRUE,TRUE,3616.057244840149,3655.319287072006,3616.2025526100783,39.26204223185687,39.26204223185687,7.999999999999954,FALSE,81.75899999999999,NA,NA,NA
symmetric_heavy_tails,symmetric heavy tails,HT,CN,3,1000,460,0.46,NA,TRUE,TRUE,TRUE,0,NA,-1799.3494207359993,3618.6988414719985,3667.77639426182,3618.921288388075,10,515.37,NA,3600.6988414719985,3605.6065967509808,1.000000000000017,NA,HeckmanEM,NA,raw_AIC_BIC_implied_logLik,finite_logLik_no_explicit_code,3,3.1552215565267216,0.15522155652672165,0.4,0.3867127245700632,-0.01328727542993679,NA,NA,NA,NA,NA,NA,NA,NA,NA,NA,NA,5,NA,NA,-0.7,-0.6829378194270889,0.01706218057291109,0.15,0.1597733777797657,0.00977337777976569,1,1.106886635556951,0.10688663555695133,5,5.281731704073252,0.2817317040732519,1.5,1.4315180917365478,-0.06848190826345224,0.8,0.6645602420034472,-0.13543975799655283,49.07755278982131,49.07755278982137,-5.684341886080802e-14,NA,NA,NA,NA,NA,NA,NA,NA,NA,NA,NA,NA,NA,NA,NA,NA,NA,NA,NA,NA,NA,NA,NA,NA,NA,NA,NA,NA,NA,NA,NA,NA,NA,NA,NA,NA,NA,NA,NA,NA,NA,NA,NA,NA,NA,NA,NA,NA,NA,NA,NA,NA,NA,NA,NA,NA,NA,NA,NA,NA,NA,NA,NA,NA,NA,NA,NA,NA,NA,NA,NA,NA,NA,NA,NA,NA,NA,NA,NA,NA,NA,NA,NA,NA,NA,NA,NA,NA,NA,NA,NA,NA,NA,NA,NA,NA,NA,NA,NA,NA,NA,NA,true,TRUE,TRUE,3618.6988414719985,3667.77639426182,3618.9212883880755,49.07755278982131,49.07755278982131,9.999999999999988,FALSE,515.37,NA,NA,NA
symmetric_heavy_tails,symmetric heavy tails,HT,ESN,3,1000,460,0.46,NA,TRUE,TRUE,TRUE,0,CONVERGENCE: REL_REDUCTION_OF_F <= FACTR*EPSMCH,-1805.0935175315683,3632.1870350631366,3686.17234313194,3632.4542415408696,11,12962.378,NA,NA,NA,NA,10,stage2,1805.36148269347;1805.36496473377;1805.35911360536;1805.12088749484;1805.35991883361;1805.10211036912;1805.09956261742;1805.36192989884;1805.35389900414;1805.09444098559;1805.36532593557;1805.36513633025;1805.36690726561;1805.36503354979,proposed_likelihood,stage2,3,3.78002671144287,0.7800267114428698,0.4,0.4515606672084139,0.0515606672084139,NA,-1.4925821305300957,NA,NA,0.15122030735878195,NA,NA,-0.15636903955606996,NA,NA,-0.15636903955606996,5,NA,NA,-0.7,0.2196749374611922,0.919674937461192,0.15,0.1076535267380789,-0.04234647326192109,1,0.7490156418931676,-0.2509843581068324,5,6.193784309264109,1.1937843092641094,1.5,1.4294023522549166,-0.07059764774508337,0.8,0.6468572349365744,-0.1531427650634256,53.98530806880353,53.985308068803505,2.842170943040401e-14,NA,NA,NA,NA,NA,NA,NA,NA,NA,NA,NA,NA,NA,NA,NA,NA,NA,NA,NA,NA,NA,NA,NA,NA,NA,NA,NA,NA,NA,NA,NA,NA,NA,NA,NA,NA,NA,NA,NA,NA,NA,NA,NA,NA,NA,NA,NA,NA,NA,NA,NA,NA,NA,NA,NA,NA,NA,NA,NA,NA,NA,NA,NA,NA,NA,NA,NA,NA,NA,NA,NA,NA,NA,NA,NA,NA,NA,NA,NA,NA,NA,NA,NA,NA,NA,NA,NA,NA,NA,NA,NA,NA,NA,NA,NA,NA,NA,NA,NA,NA,NA,NA,true,TRUE,TRUE,3632.1870350631366,3686.17234313194,3632.4542415408696,53.98530806880353,53.98530806880353,11.000000000000005,FALSE,12962.378,TRUE,FALSE,FALSE
symmetric_heavy_tails,symmetric heavy tails,HT,EST,3,1000,460,0.46,NA,TRUE,TRUE,TRUE,0,CONVERGENCE: REL_REDUCTION_OF_F <= FACTR*EPSMCH,-1800.574631678597,3625.149263357194,3684.042326704979,3625.4653727796863,12,17007.458,NA,NA,NA,NA,22,stage2,1800.5802362086;1e+12;1e+12;1800.57742170247;1e+12;1e+12;1800.58239284612;1e+12;1e+12;1800.57554945676;1e+12;1e+12;1800.57687523065;1e+12;1e+12;1800.58435299788;1e+12;1e+12;1800.57962480287;1e+12;1e+12;1800.57463339653;1e+12;1e+12;1800.57520823277;1e+12;1e+12;1800.57918037369;1e+12;1e+12;1800.57693593455;1e+12;1e+12;1800.58060275475;1e+12;1e+12;1800.57775161592;1e+12;1e+12;1800.58656969595;1e+12;1e+12,proposed_likelihood,stage2,3,3.789285826383581,0.7892858263835811,0.4,0.6171615244824216,0.21716152448242151,NA,-1.4925821305300957,NA,NA,-0.3921395626020018,NA,NA,1.4911223425781936,NA,NA,1.4911223425781936,5,4,-1,-0.7,-0.25820072947978984,0.4417992705202101,0.15,0.13658861381345325,-0.01341138618654674,1,0.9427307904914328,-0.05726920950856729,5,6.00974337505638,1.00974337505638,1.5,1.4159054234835409,-0.08409457651645913,0.8,0.6668446093073639,-0.13315539069263616,58.893063347785755,58.89306334778564,1.1368683772161603e-13,NA,NA,NA,NA,NA,NA,NA,NA,NA,NA,NA,NA,NA,NA,NA,NA,NA,NA,NA,NA,NA,NA,NA,NA,NA,NA,NA,NA,NA,NA,NA,NA,NA,NA,NA,NA,NA,NA,NA,NA,NA,NA,NA,NA,NA,NA,NA,NA,NA,NA,NA,NA,NA,NA,NA,NA,NA,NA,NA,NA,NA,NA,NA,NA,NA,NA,NA,NA,NA,NA,NA,NA,NA,NA,NA,NA,NA,NA,NA,NA,NA,NA,NA,NA,NA,NA,NA,NA,NA,NA,NA,NA,NA,NA,NA,NA,NA,NA,NA,NA,NA,NA,true,TRUE,TRUE,3625.149263357194,3684.0423267049796,3625.4653727796863,58.8930633477853,58.893063347785755,11.99999999999993,FALSE,17007.458,TRUE,FALSE,TRUE
symmetric_heavy_tails,symmetric heavy tails,HT,NH,4,1000,427,0.427,NA,TRUE,TRUE,TRUE,0,NA,-1737.1644730390617,3490.328946078123,3529.5909883099803,3490.4742538480523,8,42.957,NA,3476.328946078123,3481.236701357105,1.000000000000017,NA,HeckmanEM,NA,raw_AIC_BIC_implied_logLik,finite_logLik_no_explicit_code,3,3.700187880347371,0.7001878803473711,0.4,0.24724729627227576,-0.1527527037277243,NA,NA,NA,NA,NA,NA,NA,NA,NA,NA,NA,5,NA,NA,-0.7,-0.670330545155909,0.029669454844091,0.15,0.1370535772774731,-0.01294642272252688,1,0.9098148144159108,-0.09018518558408915,5,5.376933007199224,0.3769330071992236,1.5,1.7741830224824588,0.27418302248245885,0.8,0.7896649687890002,-0.01033503121099987,39.26204223185732,39.262042231857095,-2.2737367544323206e-13,NA,NA,NA,NA,NA,NA,NA,NA,NA,NA,NA,NA,NA,NA,NA,NA,NA,NA,NA,NA,NA,NA,NA,NA,NA,NA,NA,NA,NA,NA,NA,NA,NA,NA,NA,NA,NA,NA,NA,NA,NA,NA,NA,NA,NA,NA,NA,NA,NA,NA,NA,NA,NA,NA,NA,NA,NA,NA,NA,NA,NA,NA,NA,NA,NA,NA,NA,NA,NA,NA,NA,NA,NA,NA,NA,NA,NA,NA,NA,NA,NA,NA,NA,NA,NA,NA,NA,NA,NA,NA,NA,NA,NA,NA,NA,NA,NA,NA,NA,NA,NA,NA,true,TRUE,TRUE,3490.3289460781234,3529.5909883099803,3490.4742538480527,39.26204223185732,39.26204223185687,8.000000000000046,FALSE,42.957,NA,NA,NA
symmetric_heavy_tails,symmetric heavy tails,HT,HT,4,1000,427,0.427,NA,TRUE,TRUE,TRUE,0,NA,-1725.7878782688192,3467.5757565376384,3506.8377987694957,3467.721064307568,8,77.59,NA,3453.5757565376384,3458.4835118166206,1.000000000000017,NA,HeckmanEM,NA,raw_AIC_BIC_implied_logLik,finite_logLik_no_explicit_code,3,3.057395321626204,0.05739532162620398,0.4,0.2652015745679641,-0.1347984254320359,NA,NA,NA,NA,NA,NA,NA,NA,NA,NA,NA,5,NA,NA,-0.7,-0.7152269263704017,-0.01522692637040179,0.15,0.14836870085828072,-0.00163129914171927,1,0.9638692602693738,-0.03613073973062619,5,5.35011353685149,0.3501135368514898,1.5,1.813850091460422,0.3138500914604221,0.8,0.7765738208896846,-0.02342617911031541,39.26204223185732,39.262042231857095,2.2737367544323206e-13,NA,NA,NA,NA,NA,NA,NA,NA,NA,NA,NA,NA,NA,NA,NA,NA,NA,NA,NA,NA,NA,NA,NA,NA,NA,NA,NA,NA,NA,NA,NA,NA,NA,NA,NA,NA,NA,NA,NA,NA,NA,NA,NA,NA,NA,NA,NA,NA,NA,NA,NA,NA,NA,NA,NA,NA,NA,NA,NA,NA,NA,NA,NA,NA,NA,NA,NA,NA,NA,NA,NA,NA,NA,NA,NA,NA,NA,NA,NA,NA,NA,NA,NA,NA,NA,NA,NA,NA,NA,NA,NA,NA,NA,NA,NA,NA,NA,NA,NA,NA,NA,NA,true,TRUE,TRUE,3467.5757565376384,3506.8377987694957,3467.7210643075678,39.26204223185732,39.26204223185732,8.000000000000046,FALSE,77.59,NA,NA,NA
symmetric_heavy_tails,symmetric heavy tails,HT,CN,4,1000,427,0.427,NA,TRUE,TRUE,TRUE,0,NA,-1725.9716385748625,3471.9432771497245,3521.020829939546,3472.1657240658014,10,543.779,NA,3453.9432771497245,3458.8510324287067,1.000000000000017,NA,HeckmanEM,NA,raw_AIC_BIC_implied_logLik,finite_logLik_no_explicit_code,3,3.025272386941257,0.02527238694125699,0.4,0.2570096556322484,-0.1429903443677516,NA,NA,NA,NA,NA,NA,NA,NA,NA,NA,NA,5,NA,NA,-0.7,-0.7323836944514583,-0.03238369445145839,0.15,0.15144688471323856,0.00144688471323856,1,0.9893310303656938,-0.01066896963430619,5,5.358279694941145,0.3582796949411451,1.5,1.7872005536181388,0.2872005536181388,0.8,0.7852566268529811,-0.0147433731470189,49.07755278982131,49.07755278982137,-5.684341886080802e-14,NA,NA,NA,NA,NA,NA,NA,NA,NA,NA,NA,NA,NA,NA,NA,NA,NA,NA,NA,NA,NA,NA,NA,NA,NA,NA,NA,NA,NA,NA,NA,NA,NA,NA,NA,NA,NA,NA,NA,NA,NA,NA,NA,NA,NA,NA,NA,NA,NA,NA,NA,NA,NA,NA,NA,NA,NA,NA,NA,NA,NA,NA,NA,NA,NA,NA,NA,NA,NA,NA,NA,NA,NA,NA,NA,NA,NA,NA,NA,NA,NA,NA,NA,NA,NA,NA,NA,NA,NA,NA,NA,NA,NA,NA,NA,NA,NA,NA,NA,NA,NA,NA,true,TRUE,TRUE,3471.943277149725,3521.0208299395463,3472.165724065802,49.07755278982131,49.07755278982131,9.999999999999988,FALSE,543.779,NA,NA,NA
symmetric_heavy_tails,symmetric heavy tails,HT,ESN,4,1000,427,0.427,NA,TRUE,TRUE,TRUE,0,CONVERGENCE: REL_REDUCTION_OF_F <= FACTR*EPSMCH,-1731.788410013726,3485.576820027452,3539.5621280962555,3485.844026505185,11,16629.609,NA,NA,NA,NA,10,stage2,1737.16459876505;1737.16610586376;1732.78655228871;1737.16446788834;1736.78543622551;1737.16450366328;1737.12467126287;1736.78222029806;1736.82086984589;1731.98573894444;1736.78026691696;1737.16457929386;1737.16450666071;1737.16447232827,proposed_likelihood,stage2,3,5.339850407086601,2.339850407086601,0.4,0.26698630750283686,-0.13301369249716316,NA,0.3656654344281487,NA,NA,1.4925821305300957,NA,NA,-1.4852602568309985,NA,NA,-1.4852602568309985,5,NA,NA,-0.7,-0.93588585930105594,-0.2358858593010561,0.15,0.13510485932775051,-0.01489514067224948,1,0.8992218997702756,-0.10077810022972444,5,-0.6369157812660677,-5.636915781266068,1.5,1.7902068942224876,0.2902068942224876,0.8,0.7919936651991114,-0.00800633480088863,53.98530806880353,53.985308068803505,2.842170943040401e-14,NA,NA,NA,NA,NA,NA,NA,NA,NA,NA,NA,NA,NA,NA,NA,NA,NA,NA,NA,NA,NA,NA,NA,NA,NA,NA,NA,NA,NA,NA,NA,NA,NA,NA,NA,NA,NA,NA,NA,NA,NA,NA,NA,NA,NA,NA,NA,NA,NA,NA,NA,NA,NA,NA,NA,NA,NA,NA,NA,NA,NA,NA,NA,NA,NA,NA,NA,NA,NA,NA,NA,NA,NA,NA,NA,NA,NA,NA,NA,NA,NA,NA,NA,NA,NA,NA,NA,NA,NA,NA,NA,NA,NA,NA,NA,NA,NA,NA,NA,NA,NA,NA,true,TRUE,TRUE,3485.576820027452,3539.5621280962555,3485.844026505185,53.98530806880353,53.98530806880353,11.000000000000005,FALSE,16629.609,FALSE,TRUE,TRUE
symmetric_heavy_tails,symmetric heavy tails,HT,EST,4,1000,427,0.427,NA,TRUE,TRUE,TRUE,0,CONVERGENCE: REL_REDUCTION_OF_F <= FACTR*EPSMCH,-1727.1059763200133,3478.2119526400265,3537.1050159878123,3478.528062062519,12,18686.906000000003,NA,NA,NA,NA,40,stage2,1727.1060153186;1e+12;1e+12;1727.10983717146;1e+12;1e+12;1727.11190433222;1e+12;1e+12;1727.11604543007;1e+12;1e+12;1727.10602634669;1e+12;1e+12;1727.11200966728;1e+12;1e+12;1727.10598388107;1e+12;1e+12;1727.10629143108;1e+12;1e+12;1727.10806141431;1e+12;1e+12;1727.10856279309;1e+12;1e+12;1727.11695675511;1e+12;1e+12;1727.10599993107;1e+12;1e+12;1727.10686203593;1e+12;1e+12;1727.10597687151;1e+12;1e+12,proposed_likelihood,stage2,3,2.995505253593568,-0.00449474640643199,0.4,0.18278859383061544,-0.21721140616938456,NA,-0.4047055694619121,NA,NA,0.29700139075976845,NA,NA,1.4925821305300957,NA,NA,1.4925821305300957,5,4,-1,-0.7,-0.6130346341355891,0.08696536586441084,0.15,0.14612287410084487,-0.00387712589915512,1,0.9437275328820725,-0.05627246711792766,5,5.371413666261003,0.3714136662610033,1.5,1.8242712291046017,0.3242712291046017,0.8,0.7633129282737449,-0.03668707172625518,58.893063347785755,58.89306334778564,1.1368683772161603e-13,NA,NA,NA,NA,NA,NA,NA,NA,NA,NA,NA,NA,NA,NA,NA,NA,NA,NA,NA,NA,NA,NA,NA,NA,NA,NA,NA,NA,NA,NA,NA,NA,NA,NA,NA,NA,NA,NA,NA,NA,NA,NA,NA,NA,NA,NA,NA,NA,NA,NA,NA,NA,NA,NA,NA,NA,NA,NA,NA,NA,NA,NA,NA,NA,NA,NA,NA,NA,NA,NA,NA,NA,NA,NA,NA,NA,NA,NA,NA,NA,NA,NA,NA,NA,NA,NA,NA,NA,NA,NA,NA,NA,NA,NA,NA,NA,NA,NA,NA,NA,NA,NA,true,TRUE,TRUE,3478.2119526400265,3537.1050159878123,3478.528062062519,58.893063347785755,58.893063347785755,12.000000000000023,FALSE,18686.906000000003,FALSE,FALSE,TRUE
symmetric_heavy_tails,symmetric heavy tails,HT,NH,5,1000,441,0.441,NA,TRUE,TRUE,TRUE,0,NA,-1795.888841567633,3607.777683135266,3647.039725367123,3607.922990905196,8,59.57299999999999,NA,3593.7776831352667,3598.685438414249,1.000000000000017,NA,HeckmanEM,NA,raw_AIC_BIC_implied_logLik,finite_logLik_no_explicit_code,3,3.702002144001464,0.7020021440014639,0.4,0.22398982601441125,-0.17601017398558877,NA,NA,NA,NA,NA,NA,NA,NA,NA,NA,NA,5,NA,NA,-0.7,-0.6038498359116237,0.09615016408837627,0.15,0.1143170508016002,-0.0356829491983998,1,0.8931012950845761,-0.10689870491542386,5,5.680843614966444,0.6808436149664443,1.5,1.4018441596816216,-0.09815584031837844,0.8,0.7265890419576239,-0.07341095804237618,39.26204223185687,39.262042231857095,2.2737367544323206e-13,NA,NA,NA,NA,NA,NA,NA,NA,NA,NA,NA,NA,NA,NA,NA,NA,NA,NA,NA,NA,NA,NA,NA,NA,NA,NA,NA,NA,NA,NA,NA,NA,NA,NA,NA,NA,NA,NA,NA,NA,NA,NA,NA,NA,NA,NA,NA,NA,NA,NA,NA,NA,NA,NA,NA,NA,NA,NA,NA,NA,NA,NA,NA,NA,NA,NA,NA,NA,NA,NA,NA,NA,NA,NA,NA,NA,NA,NA,NA,NA,NA,NA,NA,NA,NA,NA,NA,NA,NA,NA,NA,NA,NA,NA,NA,NA,NA,NA,NA,NA,NA,NA,true,TRUE,TRUE,3607.777683135266,3647.0397253671235,3607.9229909051955,39.26204223185687,39.26204223185732,7.999999999999954,FALSE,59.57299999999999,NA,NA,NA
symmetric_heavy_tails,symmetric heavy tails,HT,HT,5,1000,441,0.441,NA,TRUE,TRUE,TRUE,0,NA,-1781.261566482349,3578.523132964698,3617.785175196555,3578.668440734627,8,98.338,NA,3564.523132964698,3569.4308882436803,1.000000000000017,NA,HeckmanEM,NA,raw_AIC_BIC_implied_logLik,finite_logLik_no_explicit_code,3,2.9673172971269706,-0.03268270287302943,0.4,0.2553851999512656,-0.14461480004873445,NA,NA,NA,NA,NA,NA,NA,NA,NA,NA,NA,5,NA,NA,-0.7,-0.6517249358553231,0.04827506414467686,0.15,0.12962048561591308,-0.02037951438408691,1,0.9651785436171584,-0.03482145638284173,5,5.633669245471895,0.6336692454718946,1.5,1.40544424137731,-0.09455575862268994,0.8,0.764773304197198,-0.03522669580280202,39.26204223185732,39.262042231857095,2.2737367544323206e-13,NA,NA,NA,NA,NA,NA,NA,NA,NA,NA,NA,NA,NA,NA,NA,NA,NA,NA,NA,NA,NA,NA,NA,NA,NA,NA,NA,NA,NA,NA,NA,NA,NA,NA,NA,NA,NA,NA,NA,NA,NA,NA,NA,NA,NA,NA,NA,NA,NA,NA,NA,NA,NA,NA,NA,NA,NA,NA,NA,NA,NA,NA,NA,NA,NA,NA,NA,NA,NA,NA,NA,NA,NA,NA,NA,NA,NA,NA,NA,NA,NA,NA,NA,NA,NA,NA,NA,NA,NA,NA,NA,NA,NA,NA,NA,NA,NA,NA,NA,NA,NA,NA,true,TRUE,TRUE,3578.523132964698,3617.7851751965554,3578.6684407346274,39.26204223185687,39.26204223185732,7.999999999999954,FALSE,98.338,NA,NA,NA
symmetric_heavy_tails,symmetric heavy tails,HT,CN,5,1000,441,0.441,NA,TRUE,TRUE,TRUE,0,NA,-1780.8608019194417,3581.7216038388833,3630.7991566287046,3581.94405075496,10,489.993,NA,3563.7216038388833,3568.6293591178655,1.000000000000017,NA,HeckmanEM,NA,raw_AIC_BIC_implied_logLik,finite_logLik_no_explicit_code,3,3.0033318270337266,0.00333182703372658,0.4,0.21476150985434952,-0.1852384901456505,NA,NA,NA,NA,NA,NA,NA,NA,NA,NA,NA,5,NA,NA,-0.7,-0.6616528366428802,0.03834716335711974,0.15,0.12855159369204883,-0.02144840630795116,1,0.9778641442935524,-0.02213585570644749,5,5.785185030680333,0.7851850306803332,1.5,1.3866400630785165,-0.11335993692148372,0.8,0.7417411953038349,-0.05825880469616518,49.07755278982131,49.07755278982137,-5.684341886080802e-14,NA,NA,NA,NA,NA,NA,NA,NA,NA,NA,NA,NA,NA,NA,NA,NA,NA,NA,NA,NA,NA,NA,NA,NA,NA,NA,NA,NA,NA,NA,NA,NA,NA,NA,NA,NA,NA,NA,NA,NA,NA,NA,NA,NA,NA,NA,NA,NA,NA,NA,NA,NA,NA,NA,NA,NA,NA,NA,NA,NA,NA,NA,NA,NA,NA,NA,NA,NA,NA,NA,NA,NA,NA,NA,NA,NA,NA,NA,NA,NA,NA,NA,NA,NA,NA,NA,NA,NA,NA,NA,NA,NA,NA,NA,NA,NA,NA,NA,NA,NA,NA,NA,true,TRUE,TRUE,3581.7216038388833,3630.7991566287046,3581.9440507549602,49.07755278982131,49.07755278982131,9.999999999999988,FALSE,489.993,NA,NA,NA
symmetric_heavy_tails,symmetric heavy tails,HT,ESN,5,1000,441,0.441,NA,TRUE,TRUE,TRUE,0,CONVERGENCE: REL_REDUCTION_OF_F <= FACTR*EPSMCH,-1790.5357053869946,3603.071410773989,3657.0567188427926,3603.338617251722,11,17108.82,NA,NA,NA,NA,11,stage2,1790.57857260091;1790.68479275908;1790.5591803875;1795.11372901218;1790.55897663426;1795.1135760684;1795.11542099658;1790.72353085281;1790.55112680107;1795.11411820306;1790.54080965518;1790.57133936131;1790.54353409847;1795.88884090608,proposed_likelihood,stage2,3,4.993807761584631,1.9938077615846312,0.4,0.05006750445030202,-0.349932495549698,NA,0.5965793529506785,NA,NA,-1.4924593842845275,NA,NA,-1.4925821305300957,NA,NA,-1.4925821305300957,5,NA,NA,-0.7,-1.0044394083167771,-0.3044394083167772,0.15,0.11196390973128371,-0.03803609026871626,1,0.852280171199376,-0.14771982880062395,5,10.573654932312923,5.573654932312925,1.5,1.4097732644366658,-0.09022673556333416,0.8,0.7333714559036971,-0.06662854409630292,53.98530806880353,53.985308068803505,2.842170943040401e-14,NA,NA,NA,NA,NA,NA,NA,NA,NA,NA,NA,NA,NA,NA,NA,NA,NA,NA,NA,NA,NA,NA,NA,NA,NA,NA,NA,NA,NA,NA,NA,NA,NA,NA,NA,NA,NA,NA,NA,NA,NA,NA,NA,NA,NA,NA,NA,NA,NA,NA,NA,NA,NA,NA,NA,NA,NA,NA,NA,NA,NA,NA,NA,NA,NA,NA,NA,NA,NA,NA,NA,NA,NA,NA,NA,NA,NA,NA,NA,NA,NA,NA,NA,NA,NA,NA,NA,NA,NA,NA,NA,NA,NA,NA,NA,NA,NA,NA,NA,NA,NA,NA,true,TRUE,TRUE,3603.071410773989,3657.0567188427926,3603.338617251722,53.98530806880353,53.98530806880353,11.000000000000005,FALSE,17108.82,FALSE,TRUE,TRUE
symmetric_heavy_tails,symmetric heavy tails,HT,EST,5,1000,441,0.441,NA,TRUE,TRUE,TRUE,0,CONVERGENCE: REL_REDUCTION_OF_F <= FACTR*EPSMCH,-1780.3393742125684,3584.6787484251367,3643.5718117729225,3584.994857847629,12,13024.771,NA,NA,NA,NA,25,stage2,1780.34796202138;1e+12;1e+12;1780.3481473689;1e+12;1e+12;1780.34747061097;1e+12;1e+12;1780.34812791718;1e+12;1e+12;1780.34734862481;1e+12;1e+12;1780.34856430626;1e+12;1e+12;1780.34528024443;1e+12;1e+12;1780.34848937733;1e+12;1e+12;1780.33937788875;1e+12;1e+12;1780.34855808335;1e+12;1e+12;1780.34641903274;1e+12;1e+12;1780.34869604923;1e+12;1e+12;1780.34327992106;1e+12;1e+12;1780.3483092029;1e+12;1e+12,proposed_likelihood,stage2,3,3.496975103298363,0.49697510329836314,0.4,0.5187059852822151,0.1187059852822151,NA,-1.4792540434229329,NA,NA,-0.1630112663852117,NA,NA,0.19453567793648016,NA,NA,0.19453567793648016,5,4,-1,-0.7,0.12339114588729028,0.8233911458872902,0.15,0.10143378734766743,-0.04856621265233255,1,0.7564032057843836,-0.2435967942156164,5,6.717989111656059,1.7179891116560588,1.5,1.3892078306054354,-0.1107921693945646,0.8,0.7534218213460699,-0.0465781786539301,58.893063347785755,58.89306334778564,1.1368683772161603e-13,NA,NA,NA,NA,NA,NA,NA,NA,NA,NA,NA,NA,NA,NA,NA,NA,NA,NA,NA,NA,NA,NA,NA,NA,NA,NA,NA,NA,NA,NA,NA,NA,NA,NA,NA,NA,NA,NA,NA,NA,NA,NA,NA,NA,NA,NA,NA,NA,NA,NA,NA,NA,NA,NA,NA,NA,NA,NA,NA,NA,NA,NA,NA,NA,NA,NA,NA,NA,NA,NA,NA,NA,NA,NA,NA,NA,NA,NA,NA,NA,NA,NA,NA,NA,NA,NA,NA,NA,NA,NA,NA,NA,NA,NA,NA,NA,NA,NA,NA,NA,NA,NA,true,TRUE,TRUE,3584.6787484251367,3643.5718117729225,3584.994857847629,58.893063347785755,58.893063347785755,12.000000000000023,FALSE,13024.771,TRUE,FALSE,FALSE
symmetric_heavy_tails,symmetric heavy tails,HT,NH,6,1000,462,0.462,NA,TRUE,TRUE,TRUE,0,NA,-1903.667293076019,3823.334586152038,3862.596628383895,3823.4798939219672,8,4.925,NA,3809.334586152038,3814.24234143102,1.000000000000017,NA,HeckmanEM,NA,raw_AIC_BIC_implied_logLik,finite_logLik_no_explicit_code,3,4.246947654788602,1.2469476547886016,0.4,0.40174200632789064,0.00174200632789062,NA,NA,NA,NA,NA,NA,NA,NA,NA,NA,NA,5,NA,NA,-0.7,-0.5157496170693593,0.1842503829306407,0.15,0.1382019590300454,-0.01179804096995459,1,0.8123151343228622,-0.18768486567713785,5,5.132982084149622,0.13298208414962165,1.5,1.6153432522990656,0.1153432522990656,0.8,0.7274468779202617,-0.0725531220797383,39.26204223185732,39.262042231857095,2.2737367544323206e-13,NA,NA,NA,NA,NA,NA,NA,NA,NA,NA,NA,NA,NA,NA,NA,NA,NA,NA,NA,NA,NA,NA,NA,NA,NA,NA,NA,NA,NA,NA,NA,NA,NA,NA,NA,NA,NA,NA,NA,NA,NA,NA,NA,NA,NA,NA,NA,NA,NA,NA,NA,NA,NA,NA,NA,NA,NA,NA,NA,NA,NA,NA,NA,NA,NA,NA,NA,NA,NA,NA,NA,NA,NA,NA,NA,NA,NA,NA,NA,NA,NA,NA,NA,NA,NA,NA,NA,NA,NA,NA,NA,NA,NA,NA,NA,NA,NA,NA,NA,NA,NA,NA,true,TRUE,TRUE,3823.334586152038,3862.596628383895,3823.4798939219672,39.26204223185732,39.26204223185732,8.000000000000046,FALSE,4.925,NA,NA,NA
symmetric_heavy_tails,symmetric heavy tails,HT,HT,6,1000,462,0.462,NA,TRUE,TRUE,TRUE,0,NA,-1887.8031387236615,3791.606277447323,3830.86831967918,3791.751585217252,8,106.077,NA,3777.606277447323,3782.5140327263057,1.000000000000017,NA,HeckmanEM,NA,raw_AIC_BIC_implied_logLik,finite_logLik_no_explicit_code,3,3.312089330949335,0.3120893309493349,0.4,0.341626865895989,-0.05837313410401101,NA,NA,NA,NA,NA,NA,NA,NA,NA,NA,NA,5,NA,NA,-0.7,-0.5571058644465197,0.1428941355534803,0.15,0.15182341457760493,0.00182341457760493,1,0.8715310890741094,-0.12846891092589063,5,5.303707974154627,0.30370797415462736,1.5,1.6501763274316237,0.15017632743162368,0.8,0.7536286035294176,-0.04637139647058241,39.26204223185687,39.262042231857095,-2.2737367544323206e-13,NA,NA,NA,NA,NA,NA,NA,NA,NA,NA,NA,NA,NA,NA,NA,NA,NA,NA,NA,NA,NA,NA,NA,NA,NA,NA,NA,NA,NA,NA,NA,NA,NA,NA,NA,NA,NA,NA,NA,NA,NA,NA,NA,NA,NA,NA,NA,NA,NA,NA,NA,NA,NA,NA,NA,NA,NA,NA,NA,NA,NA,NA,NA,NA,NA,NA,NA,NA,NA,NA,NA,NA,NA,NA,NA,NA,NA,NA,NA,NA,NA,NA,NA,NA,NA,NA,NA,NA,NA,NA,NA,NA,NA,NA,NA,NA,NA,NA,NA,NA,NA,NA,true,TRUE,TRUE,3791.606277447323,3830.86831967918,3791.7515852172523,39.26204223185687,39.26204223185687,7.999999999999954,FALSE,106.077,NA,NA,NA
symmetric_heavy_tails,symmetric heavy tails,HT,CN,6,1000,462,0.462,NA,TRUE,TRUE,TRUE,0,NA,-1887.919212426341,3795.838424852682,3844.915977642503,3796.0608717687583,10,518.387,NA,3777.838424852682,3782.746180131664,1.000000000000017,NA,HeckmanEM,NA,raw_AIC_BIC_implied_logLik,finite_logLik_no_explicit_code,3,3.0636459626515395,0.06364596265153954,0.4,0.3513365480154575,-0.04866345198454253,NA,NA,NA,NA,NA,NA,NA,NA,NA,NA,NA,5,NA,NA,-0.7,-0.6008776201818227,0.09912237981817729,0.15,0.1640615241384579,0.0140615241384579,1,0.9411460281570526,-0.05885397184294738,5,5.274945318414122,0.2749453184141224,1.5,1.6631845155697105,0.16318451556971025,0.8,0.7520697109499727,-0.04793028905002738,49.07755278982131,49.07755278982137,-5.684341886080802e-14,NA,NA,NA,NA,NA,NA,NA,NA,NA,NA,NA,NA,NA,NA,NA,NA,NA,NA,NA,NA,NA,NA,NA,NA,NA,NA,NA,NA,NA,NA,NA,NA,NA,NA,NA,NA,NA,NA,NA,NA,NA,NA,NA,NA,NA,NA,NA,NA,NA,NA,NA,NA,NA,NA,NA,NA,NA,NA,NA,NA,NA,NA,NA,NA,NA,NA,NA,NA,NA,NA,NA,NA,NA,NA,NA,NA,NA,NA,NA,NA,NA,NA,NA,NA,NA,NA,NA,NA,NA,NA,NA,NA,NA,NA,NA,NA,NA,NA,NA,NA,NA,NA,true,TRUE,TRUE,3795.838424852682,3844.915977642503,3796.0608717687587,49.07755278982131,49.07755278982131,9.999999999999988,FALSE,518.387,NA,NA,NA
symmetric_heavy_tails,symmetric heavy tails,HT,ESN,6,1000,462,0.462,NA,TRUE,TRUE,TRUE,0,CONVERGENCE: REL_REDUCTION_OF_F <= FACTR*EPSMCH,-1897.5538030010264,3817.1076060020528,3871.092914070856,3817.3748124797858,11,18937.264,NA,NA,NA,NA,8,stage2,1903.66875039016;1903.67263611277;1903.66745015979;1903.62986219118;1900.28877553519;1898.19106413847;1903.65649340558;1899.06720512535;1902.42077247703;1902.44845518776;1899.34857094562;1903.66826625401;1903.66844427095;1903.66729305944,proposed_likelihood,stage2,3,6.034037171106222,3.034037171106222,0.4,0.3651579483501856,-0.03484205164981441,NA,0.4160664319479481,NA,NA,1.4925821305300957,NA,NA,-1.4925821305300957,NA,NA,-1.4925821305300957,5,NA,NA,-0.7,-0.8219139921141797,-0.12191399211417976,0.15,0.13662660141152266,-0.01337339858847733,1,0.8081878786261465,-0.1918121213738535,5,-1.504288362593435,-6.504288362593435,1.5,1.6587527468451824,0.15875274684518237,0.8,0.7202185258280107,-0.07978147417198933,53.98530806880353,53.985308068803505,2.842170943040401e-14,NA,NA,NA,NA,NA,NA,NA,NA,NA,NA,NA,NA,NA,NA,NA,NA,NA,NA,NA,NA,NA,NA,NA,NA,NA,NA,NA,NA,NA,NA,NA,NA,NA,NA,NA,NA,NA,NA,NA,NA,NA,NA,NA,NA,NA,NA,NA,NA,NA,NA,NA,NA,NA,NA,NA,NA,NA,NA,NA,NA,NA,NA,NA,NA,NA,NA,NA,NA,NA,NA,NA,NA,NA,NA,NA,NA,NA,NA,NA,NA,NA,NA,NA,NA,NA,NA,NA,NA,NA,NA,NA,NA,NA,NA,NA,NA,NA,NA,NA,NA,NA,NA,true,TRUE,TRUE,3817.1076060020528,3871.0929140708563,3817.3748124797858,53.98530806880308,53.98530806880353,10.999999999999913,FALSE,18937.264,FALSE,TRUE,TRUE
symmetric_heavy_tails,symmetric heavy tails,HT,EST,6,1000,462,0.462,NA,TRUE,TRUE,TRUE,0,CONVERGENCE: REL_REDUCTION_OF_F <= FACTR*EPSMCH,-1888.2022007450907,3800.4044014901815,3859.2974648379673,3800.720510912674,12,19873.754000000004,NA,NA,NA,NA,28,stage2,1888.24338841461;1e+12;1e+12;1888.22733386595;1e+12;1e+12;1888.22180060359;1e+12;1e+12;1888.2147648097;1e+12;1e+12;1888.20710298199;1e+12;1e+12;1888.20737404019;1e+12;1e+12;1888.2076657933;1e+12;1e+12;1888.20276828503;1e+12;1e+12;1888.2101909897;1e+12;1e+12;1888.20317655013;1e+12;1e+12;1888.2789809638;1e+12;1e+12;1888.20596121466;1e+12;1e+12;1888.20956585352;1e+12;1e+12;1888.21645349231;1e+12;1e+12,proposed_likelihood,stage2,3,3.2912176720284747,0.2912176720284747,0.4,0.25927701514088886,-0.14072298485911117,NA,-0.22346132430505333,NA,NA,0.31070700085647207,NA,NA,1.4925821305300957,NA,NA,1.4925821305300957,5,4,-1,-0.7,-0.5025303051106265,0.1974696948893735,0.15,0.1498210128360176,-1.7898716398240255e-4,1,0.8619488806083533,-0.13805111939164671,5,5.29078065215942,0.2907806521594196,1.5,1.6545502555970917,0.15455025559709168,0.8,0.7651622969893608,-0.03483770301063926,58.893063347785755,58.89306334778564,1.1368683772161603e-13,NA,NA,NA,NA,NA,NA,NA,NA,NA,NA,NA,NA,NA,NA,NA,NA,NA,NA,NA,NA,NA,NA,NA,NA,NA,NA,NA,NA,NA,NA,NA,NA,NA,NA,NA,NA,NA,NA,NA,NA,NA,NA,NA,NA,NA,NA,NA,NA,NA,NA,NA,NA,NA,NA,NA,NA,NA,NA,NA,NA,NA,NA,NA,NA,NA,NA,NA,NA,NA,NA,NA,NA,NA,NA,NA,NA,NA,NA,NA,NA,NA,NA,NA,NA,NA,NA,NA,NA,NA,NA,NA,NA,NA,NA,NA,NA,NA,NA,NA,NA,NA,NA,true,TRUE,TRUE,3800.4044014901815,3859.2974648379673,3800.720510912674,58.893063347785755,58.893063347785755,12.000000000000023,FALSE,19873.754000000004,FALSE,FALSE,TRUE
symmetric_heavy_tails,symmetric heavy tails,HT,NH,7,1000,441,0.441,NA,TRUE,TRUE,TRUE,0,NA,-1749.0902040960618,3514.1804081921237,3553.4424504239805,3514.325715962053,8,71.292,NA,3500.1804081921237,3505.088163471106,1.000000000000017,NA,HeckmanEM,NA,raw_AIC_BIC_implied_logLik,finite_logLik_no_explicit_code,3,3.891333240616647,0.8913332406166474,0.4,0.5621510066108052,0.16215100661080517,NA,NA,NA,NA,NA,NA,NA,NA,NA,NA,NA,5,NA,NA,-0.7,-0.7161561242828767,-0.01615612428287671,0.15,0.14536419526444602,-0.00463580473555397,1,1.077666037211104,0.07766603721110399,5,4.574053648433866,-0.42594635156613414,1.5,1.4264806375646382,-0.07351936243536183,0.8,0.7985910519432046,-0.00140894805679547,39.26204223185687,39.262042231857095,-2.2737367544323206e-13,NA,NA,NA,NA,NA,NA,NA,NA,NA,NA,NA,NA,NA,NA,NA,NA,NA,NA,NA,NA,NA,NA,NA,NA,NA,NA,NA,NA,NA,NA,NA,NA,NA,NA,NA,NA,NA,NA,NA,NA,NA,NA,NA,NA,NA,NA,NA,NA,NA,NA,NA,NA,NA,NA,NA,NA,NA,NA,NA,NA,NA,NA,NA,NA,NA,NA,NA,NA,NA,NA,NA,NA,NA,NA,NA,NA,NA,NA,NA,NA,NA,NA,NA,NA,NA,NA,NA,NA,NA,NA,NA,NA,NA,NA,NA,NA,NA,NA,NA,NA,NA,NA,true,TRUE,TRUE,3514.1804081921237,3553.4424504239805,3514.325715962053,39.26204223185687,39.26204223185687,7.999999999999954,FALSE,71.292,NA,NA,NA
symmetric_heavy_tails,symmetric heavy tails,HT,HT,7,1000,441,0.441,NA,TRUE,TRUE,TRUE,0,NA,-1738.0740880069347,3492.1481760138695,3531.4102182457264,3492.293483783799,8,112.614,NA,3478.1481760138695,3483.0559312928517,1.000000000000017,NA,HeckmanEM,NA,raw_AIC_BIC_implied_logLik,finite_logLik_no_explicit_code,3,3.215874351837441,0.2158743518374409,0.4,0.5543308094494007,0.1543308094494007,NA,NA,NA,NA,NA,NA,NA,NA,NA,NA,NA,5,NA,NA,-0.7,-0.7841371006102082,-0.08413710061020829,0.15,0.1600351166065049,0.01003511660650494,1,1.1771409370055186,0.17714093700551858,5,4.556539794571492,-0.44346020542850795,1.5,1.409604715156091,-0.09039528484390892,0.8,0.8448980418077502,0.04489804180775014,39.26204223185687,39.262042231857095,-2.2737367544323206e-13,NA,NA,NA,NA,NA,NA,NA,NA,NA,NA,NA,NA,NA,NA,NA,NA,NA,NA,NA,NA,NA,NA,NA,NA,NA,NA,NA,NA,NA,NA,NA,NA,NA,NA,NA,NA,NA,NA,NA,NA,NA,NA,NA,NA,NA,NA,NA,NA,NA,NA,NA,NA,NA,NA,NA,NA,NA,NA,NA,NA,NA,NA,NA,NA,NA,NA,NA,NA,NA,NA,NA,NA,NA,NA,NA,NA,NA,NA,NA,NA,NA,NA,NA,NA,NA,NA,NA,NA,NA,NA,NA,NA,NA,NA,NA,NA,NA,NA,NA,NA,NA,NA,true,TRUE,TRUE,3492.1481760138695,3531.4102182457264,3492.293483783799,39.26204223185687,39.26204223185687,7.999999999999954,FALSE,112.614,NA,NA,NA
symmetric_heavy_tails,symmetric heavy tails,HT,CN,7,1000,441,0.441,NA,TRUE,TRUE,TRUE,0,NA,-1736.9549127858118,3493.9098255716235,3542.987378361445,3494.1322724877004,10,478.642,NA,3475.9098255716235,3480.8175808506057,1.000000000000017,NA,HeckmanEM,NA,raw_AIC_BIC_implied_logLik,finite_logLik_no_explicit_code,3,3.127220158906644,0.12722015890664418,0.4,0.5472945516952946,0.1472945516952946,NA,NA,NA,NA,NA,NA,NA,NA,NA,NA,NA,5,NA,NA,-0.7,-0.81084137334654,-0.1108413733465401,0.15,0.16549598718094266,0.01549598718094266,1,1.217670244265785,0.21767024426578496,5,4.544709968550923,-0.45529003144907687,1.5,1.4279527910741927,-0.0720472089258073,0.8,0.8630913246521336,0.06309132465213352,49.07755278982131,49.07755278982137,-5.684341886080802e-14,NA,NA,NA,NA,NA,NA,NA,NA,NA,NA,NA,NA,NA,NA,NA,NA,NA,NA,NA,NA,NA,NA,NA,NA,NA,NA,NA,NA,NA,NA,NA,NA,NA,NA,NA,NA,NA,NA,NA,NA,NA,NA,NA,NA,NA,NA,NA,NA,NA,NA,NA,NA,NA,NA,NA,NA,NA,NA,NA,NA,NA,NA,NA,NA,NA,NA,NA,NA,NA,NA,NA,NA,NA,NA,NA,NA,NA,NA,NA,NA,NA,NA,NA,NA,NA,NA,NA,NA,NA,NA,NA,NA,NA,NA,NA,NA,NA,NA,NA,NA,NA,NA,true,TRUE,TRUE,3493.9098255716235,3542.987378361445,3494.1322724877004,49.07755278982131,49.07755278982131,9.999999999999988,FALSE,478.642,NA,NA,NA
symmetric_heavy_tails,symmetric heavy tails,HT,ESN,7,1000,441,0.441,NA,TRUE,TRUE,TRUE,0,CONVERGENCE: REL_REDUCTION_OF_F <= FACTR*EPSMCH,-1748.0591631117957,3518.1183262235913,3572.103634292395,3518.3855327013243,11,17316.389,NA,NA,NA,NA,3,stage2,1748.06682683601;1749.09023835201;1748.06079997598;1749.09635428273;1748.09224843498;1749.09095881967;1749.09864548078;1748.08009182949;1748.06728529291;1748.1887257205;1748.07043777657;1748.06663976415;1748.06804315498;1749.0902037944,proposed_likelihood,stage2,3,4.060407125292038,1.0604071252920375,0.4,0.3907326532154091,-0.0092673467845909,NA,1.4925821305300957,NA,NA,-1.1669604938592677,NA,NA,-1.4832204144406127,NA,NA,-1.4832204144406127,5,NA,NA,-0.7,-1.4498864832187932,-0.7498864832187933,0.15,0.11400911068377638,-0.03599088931622361,1,0.849089204909257,-0.150910795090743,5,5.414148892685063,0.4141488926850627,1.5,1.4194314947656992,-0.08056850523430081,0.8,0.8137404297185201,0.01374042971852007,53.98530806880353,53.985308068803505,2.842170943040401e-14,NA,NA,NA,NA,NA,NA,NA,NA,NA,NA,NA,NA,NA,NA,NA,NA,NA,NA,NA,NA,NA,NA,NA,NA,NA,NA,NA,NA,NA,NA,NA,NA,NA,NA,NA,NA,NA,NA,NA,NA,NA,NA,NA,NA,NA,NA,NA,NA,NA,NA,NA,NA,NA,NA,NA,NA,NA,NA,NA,NA,NA,NA,NA,NA,NA,NA,NA,NA,NA,NA,NA,NA,NA,NA,NA,NA,NA,NA,NA,NA,NA,NA,NA,NA,NA,NA,NA,NA,NA,NA,NA,NA,NA,NA,NA,NA,NA,NA,NA,NA,NA,NA,true,TRUE,TRUE,3518.1183262235913,3572.103634292395,3518.3855327013243,53.98530806880353,53.98530806880353,11.000000000000005,FALSE,17316.389,TRUE,FALSE,TRUE
symmetric_heavy_tails,symmetric heavy tails,HT,EST,7,1000,441,0.441,NA,TRUE,TRUE,TRUE,0,CONVERGENCE: REL_REDUCTION_OF_F <= FACTR*EPSMCH,-1739.4740457495188,3502.9480914990377,3561.841154846823,3503.26420092153,12,20101.251,NA,NA,NA,NA,1,stage2,1739.47404877797;1e+12;1e+12;1739.48574252795;1e+12;1e+12;1739.51396869029;1e+12;1e+12;1739.48139399242;1e+12;1e+12;1739.48635028755;1e+12;1e+12;1739.47876034388;1e+12;1e+12;1739.48475465868;1e+12;1e+12;1739.47712288229;1e+12;1e+12;1739.54990145434;1e+12;1e+12;1739.47423624119;1e+12;1e+12;1739.47969947907;1e+12;1e+12;1739.48311742377;1e+12;1e+12;1739.69067384309;1e+12;1e+12;1739.47620522921;1e+12;1e+12,proposed_likelihood,stage2,3,3.250706080774148,0.2507060807741479,0.4,0.573341162858011,0.17334116285801093,NA,-0.6415239848254376,NA,NA,0.11913922283632553,NA,NA,1.4925821305300957,NA,NA,1.4925821305300957,5,4,-1,-0.7,-0.6075222280086437,0.0924777719913562,0.15,0.15414043889176404,0.00414043889176404,1,1.1259362722186603,0.12593627221866033,5,4.721369629525618,-0.27863037047438244,1.5,1.4008868845611466,-0.09911311543885336,0.8,0.8469961788843647,0.04699617888436469,58.893063347785755,58.89306334778564,1.1368683772161603e-13,NA,NA,NA,NA,NA,NA,NA,NA,NA,NA,NA,NA,NA,NA,NA,NA,NA,NA,NA,NA,NA,NA,NA,NA,NA,NA,NA,NA,NA,NA,NA,NA,NA,NA,NA,NA,NA,NA,NA,NA,NA,NA,NA,NA,NA,NA,NA,NA,NA,NA,NA,NA,NA,NA,NA,NA,NA,NA,NA,NA,NA,NA,NA,NA,NA,NA,NA,NA,NA,NA,NA,NA,NA,NA,NA,NA,NA,NA,NA,NA,NA,NA,NA,NA,NA,NA,NA,NA,NA,NA,NA,NA,NA,NA,NA,NA,NA,NA,NA,NA,NA,NA,true,TRUE,TRUE,3502.9480914990377,3561.8411548468234,3503.26420092153,58.8930633477853,58.893063347785755,11.99999999999993,FALSE,20101.251,FALSE,FALSE,TRUE
symmetric_heavy_tails,symmetric heavy tails,HT,NH,8,1000,439,0.439,NA,TRUE,TRUE,TRUE,0,NA,-1801.5597621247591,3619.1195242495182,3658.381566481376,3619.264832019448,8,103.181,NA,3605.1195242495182,3610.027279528501,1.000000000000017,NA,HeckmanEM,NA,raw_AIC_BIC_implied_logLik,finite_logLik_no_explicit_code,3,4.477218564910073,1.477218564910073,0.4,0.6678810933236707,0.2678810933236707,NA,NA,NA,NA,NA,NA,NA,NA,NA,NA,NA,5,NA,NA,-0.7,-0.602360216486838,0.09763978351316194,0.15,0.1406988767955025,-0.00930112320449749,1,0.8041712236753628,-0.19582877632463724,5,4.0764495573290365,-0.9235504426709636,1.5,1.5518766217155435,0.05187662171554352,0.8,0.6236030236822273,-0.17639697631777274,39.26204223185732,39.262042231857095,2.2737367544323206e-13,NA,NA,NA,NA,NA,NA,NA,NA,NA,NA,NA,NA,NA,NA,NA,NA,NA,NA,NA,NA,NA,NA,NA,NA,NA,NA,NA,NA,NA,NA,NA,NA,NA,NA,NA,NA,NA,NA,NA,NA,NA,NA,NA,NA,NA,NA,NA,NA,NA,NA,NA,NA,NA,NA,NA,NA,NA,NA,NA,NA,NA,NA,NA,NA,NA,NA,NA,NA,NA,NA,NA,NA,NA,NA,NA,NA,NA,NA,NA,NA,NA,NA,NA,NA,NA,NA,NA,NA,NA,NA,NA,NA,NA,NA,NA,NA,NA,NA,NA,NA,NA,NA,true,TRUE,TRUE,3619.1195242495182,3658.3815664813756,3619.2648320194476,39.26204223185778,39.26204223185732,8.000000000000139,FALSE,103.181,NA,NA,NA
symmetric_heavy_tails,symmetric heavy tails,HT,HT,8,1000,439,0.439,NA,TRUE,TRUE,TRUE,0,NA,-1775.4693468362038,3566.9386936724077,3606.200735904265,3567.084001442337,8,128.664,NA,3552.9386936724077,3557.84644895139,1.000000000000017,NA,HeckmanEM,NA,raw_AIC_BIC_implied_logLik,finite_logLik_no_explicit_code,3,3.2073000954579323,0.2073000954579323,0.4,0.5064983537375078,0.10649835373750782,NA,NA,NA,NA,NA,NA,NA,NA,NA,NA,NA,5,NA,NA,-0.7,-0.6873821783903786,0.01261782160962132,0.15,0.1664192091547388,0.01641920915473879,1,0.921101633622628,-0.07889836637737202,5,4.750485827936658,-0.2495141720633418,1.5,1.4910728221337437,-0.00892717786625652,0.8,0.7063364535265112,-0.09366354647348885,39.26204223185687,39.262042231857095,-2.2737367544323206e-13,NA,NA,NA,NA,NA,NA,NA,NA,NA,NA,NA,NA,NA,NA,NA,NA,NA,NA,NA,NA,NA,NA,NA,NA,NA,NA,NA,NA,NA,NA,NA,NA,NA,NA,NA,NA,NA,NA,NA,NA,NA,NA,NA,NA,NA,NA,NA,NA,NA,NA,NA,NA,NA,NA,NA,NA,NA,NA,NA,NA,NA,NA,NA,NA,NA,NA,NA,NA,NA,NA,NA,NA,NA,NA,NA,NA,NA,NA,NA,NA,NA,NA,NA,NA,NA,NA,NA,NA,NA,NA,NA,NA,NA,NA,NA,NA,NA,NA,NA,NA,NA,NA,true,TRUE,TRUE,3566.9386936724077,3606.2007359042645,3567.084001442337,39.26204223185732,39.26204223185687,8.000000000000046,FALSE,128.664,NA,NA,NA
symmetric_heavy_tails,symmetric heavy tails,HT,CN,8,1000,439,0.439,NA,TRUE,TRUE,TRUE,0,NA,-1776.953861299488,3573.907722598976,3622.985275388797,3574.130169515053,10,289.11999999999995,NA,3555.907722598976,3560.815477877958,1.000000000000017,NA,HeckmanEM,NA,raw_AIC_BIC_implied_logLik,finite_logLik_no_explicit_code,3,3.404226063415466,0.40422606341546663,0.4,0.5414309512858978,0.14143095128589778,NA,NA,NA,NA,NA,NA,NA,NA,NA,NA,NA,5,NA,NA,-0.7,-0.6733875855068843,0.02661241449311568,0.15,0.16091617886195914,0.01091617886195914,1,0.9028628132280864,-0.09713718677191374,5,4.535084814712888,-0.4649151852871123,1.5,1.460645771106378,-0.03935422889362194,0.8,0.7262860387289974,-0.0737139612710026,49.07755278982131,49.07755278982137,-5.684341886080802e-14,NA,NA,NA,NA,NA,NA,NA,NA,NA,NA,NA,NA,NA,NA,NA,NA,NA,NA,NA,NA,NA,NA,NA,NA,NA,NA,NA,NA,NA,NA,NA,NA,NA,NA,NA,NA,NA,NA,NA,NA,NA,NA,NA,NA,NA,NA,NA,NA,NA,NA,NA,NA,NA,NA,NA,NA,NA,NA,NA,NA,NA,NA,NA,NA,NA,NA,NA,NA,NA,NA,NA,NA,NA,NA,NA,NA,NA,NA,NA,NA,NA,NA,NA,NA,NA,NA,NA,NA,NA,NA,NA,NA,NA,NA,NA,NA,NA,NA,NA,NA,NA,NA,true,TRUE,TRUE,3573.907722598976,3622.985275388797,3574.130169515053,49.07755278982131,49.07755278982131,9.999999999999988,FALSE,289.11999999999995,NA,NA,NA
symmetric_heavy_tails,symmetric heavy tails,HT,ESN,8,1000,439,0.439,NA,TRUE,TRUE,TRUE,0,CONVERGENCE: REL_REDUCTION_OF_F <= FACTR*EPSMCH,-1793.1495319974122,3608.299063994824,3662.284372063628,3608.566270472558,11,17186.788,NA,NA,NA,NA,10,stage2,1800.05318192761;1801.56039338659;1800.06478803325;1801.56009561306;1800.02801063042;1801.34120099909;1801.56703408843;1800.03542424566;1800.02876952789;1795.60016218388;1800.03301362716;1800.0337962012;1800.03638540677;1801.55976172058,proposed_likelihood,stage2,3,6.002936611817811,3.0029366118178107,0.4,0.7809470890875551,0.38094708908755504,NA,1.4916141454434566,NA,NA,0.8532708092810035,NA,NA,-1.4925821305300957,NA,NA,-1.4925821305300957,5,NA,NA,-0.7,-1.446863843723594,-0.7468638437235939,0.15,0.10946656782966346,-0.04053343217033653,1,0.623063041696841,-0.376936958303159,5,-2.2572490032348753,-7.257249003234875,1.5,1.5445557825491458,0.04455578254914583,0.8,0.6679529874375014,-0.13204701256249862,53.98530806880353,53.985308068803505,2.842170943040401e-14,NA,NA,NA,NA,NA,NA,NA,NA,NA,NA,NA,NA,NA,NA,NA,NA,NA,NA,NA,NA,NA,NA,NA,NA,NA,NA,NA,NA,NA,NA,NA,NA,NA,NA,NA,NA,NA,NA,NA,NA,NA,NA,NA,NA,NA,NA,NA,NA,NA,NA,NA,NA,NA,NA,NA,NA,NA,NA,NA,NA,NA,NA,NA,NA,NA,NA,NA,NA,NA,NA,NA,NA,NA,NA,NA,NA,NA,NA,NA,NA,NA,NA,NA,NA,NA,NA,NA,NA,NA,NA,NA,NA,NA,NA,NA,NA,NA,NA,NA,NA,NA,NA,true,TRUE,TRUE,3608.2990639948243,3662.284372063628,3608.5662704725573,53.98530806880399,53.98530806880353,11.000000000000098,FALSE,17186.788,TRUE,FALSE,TRUE
symmetric_heavy_tails,symmetric heavy tails,HT,EST,8,1000,439,0.439,NA,TRUE,TRUE,TRUE,0,CONVERGENCE: REL_REDUCTION_OF_F <= FACTR*EPSMCH,-1774.5650157263483,3573.1300314526966,3632.0230948004823,3573.446140875189,12,16115.267,NA,NA,NA,NA,10,stage2,1774.56519112121;1e+12;1e+12;1774.56503283459;1e+12;1e+12;1774.56600102729;1e+12;1e+12;1774.56501710659;1e+12;1e+12;1774.5651261251;1e+12;1e+12;1774.56636702876;1e+12;1e+12;1774.5651868322;1e+12;1e+12;1774.56528227696;1e+12;1e+12;1774.56503904017;1e+12;1e+12;1774.56530665544;1e+12;1e+12;1774.56509932868;1e+12;1e+12;1774.56505541479;1e+12;1e+12;1774.56577181203;1e+12;1e+12;1774.56623856922;1e+12;1e+12,proposed_likelihood,stage2,3,3.79251991719435,0.7925199171943502,0.4,0.6538999489266767,0.25389994892667667,NA,-0.5207239306445093,NA,NA,-0.49043115349216593,NA,NA,0.5138547693881514,NA,NA,0.5138547693881514,5,4,-1,-0.7,-0.3833508715372844,0.31664912846271553,0.15,0.1553094499363502,0.00530944993635021,1,0.8542488408291004,-0.14575115917089965,5,5.7427014354311945,0.7427014354311945,1.5,1.476204770354661,-0.02379522964533897,0.8,0.7076311349704386,-0.09236886502956144,58.893063347785755,58.89306334778564,1.1368683772161603e-13,NA,NA,NA,NA,NA,NA,NA,NA,NA,NA,NA,NA,NA,NA,NA,NA,NA,NA,NA,NA,NA,NA,NA,NA,NA,NA,NA,NA,NA,NA,NA,NA,NA,NA,NA,NA,NA,NA,NA,NA,NA,NA,NA,NA,NA,NA,NA,NA,NA,NA,NA,NA,NA,NA,NA,NA,NA,NA,NA,NA,NA,NA,NA,NA,NA,NA,NA,NA,NA,NA,NA,NA,NA,NA,NA,NA,NA,NA,NA,NA,NA,NA,NA,NA,NA,NA,NA,NA,NA,NA,NA,NA,NA,NA,NA,NA,NA,NA,NA,NA,NA,NA,true,TRUE,TRUE,3573.1300314526966,3632.0230948004823,3573.446140875189,58.893063347785755,58.893063347785755,12.000000000000023,FALSE,16115.267,FALSE,FALSE,FALSE
symmetric_heavy_tails,symmetric heavy tails,HT,NH,9,1000,444,0.444,NA,TRUE,TRUE,TRUE,0,NA,-1805.4910974872737,3626.9821949745474,3666.244237206404,3627.1275027444767,8,118.157,NA,3612.9821949745474,3617.8899502535296,1.000000000000017,NA,HeckmanEM,NA,raw_AIC_BIC_implied_logLik,finite_logLik_no_explicit_code,3,4.41568057920993,1.4156805792099298,0.4,0.6921724624446666,0.29217246244466655,NA,NA,NA,NA,NA,NA,NA,NA,NA,NA,NA,5,NA,NA,-0.7,-0.5795442510906499,0.12045574890935008,0.15,0.13053010741150345,-0.01946989258849654,1,0.8239397472165796,-0.1760602527834204,5,3.675943163170072,-1.3240568368299277,1.5,1.4387526166155309,-0.06124738338446933,0.8,0.8013606939560391,0.0013606939560391,39.26204223185687,39.262042231857095,-2.2737367544323206e-13,NA,NA,NA,NA,NA,NA,NA,NA,NA,NA,NA,NA,NA,NA,NA,NA,NA,NA,NA,NA,NA,NA,NA,NA,NA,NA,NA,NA,NA,NA,NA,NA,NA,NA,NA,NA,NA,NA,NA,NA,NA,NA,NA,NA,NA,NA,NA,NA,NA,NA,NA,NA,NA,NA,NA,NA,NA,NA,NA,NA,NA,NA,NA,NA,NA,NA,NA,NA,NA,NA,NA,NA,NA,NA,NA,NA,NA,NA,NA,NA,NA,NA,NA,NA,NA,NA,NA,NA,NA,NA,NA,NA,NA,NA,NA,NA,NA,NA,NA,NA,NA,NA,true,TRUE,TRUE,3626.9821949745474,3666.2442372064043,3627.1275027444767,39.26204223185641,39.26204223185687,7.9999999999998614,FALSE,118.157,NA,NA,NA
symmetric_heavy_tails,symmetric heavy tails,HT,HT,9,1000,444,0.444,NA,TRUE,TRUE,TRUE,0,NA,-1781.4787647889934,3578.957529577987,3618.219571809844,3579.102837347916,8,114.037,NA,3564.957529577987,3569.865284856969,1.000000000000017,NA,HeckmanEM,NA,raw_AIC_BIC_implied_logLik,finite_logLik_no_explicit_code,3,3.2196894990942666,0.2196894990942666,0.4,0.5788845533056749,0.17888455330567488,NA,NA,NA,NA,NA,NA,NA,NA,NA,NA,NA,5,NA,NA,-0.7,-0.6700673406341648,0.02993265936583511,0.15,0.14972494166748573,-2.750583325142608e-4,1,0.9669797962739504,-0.03302020372604974,5,4.415977062179926,-0.5840229378200741,1.5,1.456391149361432,-0.04360885063856812,0.8,0.7532781775108818,-0.04672182248911827,39.26204223185687,39.262042231857095,-2.2737367544323206e-13,NA,NA,NA,NA,NA,NA,NA,NA,NA,NA,NA,NA,NA,NA,NA,NA,NA,NA,NA,NA,NA,NA,NA,NA,NA,NA,NA,NA,NA,NA,NA,NA,NA,NA,NA,NA,NA,NA,NA,NA,NA,NA,NA,NA,NA,NA,NA,NA,NA,NA,NA,NA,NA,NA,NA,NA,NA,NA,NA,NA,NA,NA,NA,NA,NA,NA,NA,NA,NA,NA,NA,NA,NA,NA,NA,NA,NA,NA,NA,NA,NA,NA,NA,NA,NA,NA,NA,NA,NA,NA,NA,NA,NA,NA,NA,NA,NA,NA,NA,NA,NA,NA,true,TRUE,TRUE,3578.957529577987,3618.2195718098437,3579.102837347916,39.26204223185732,39.26204223185687,8.000000000000046,FALSE,114.037,NA,NA,NA
symmetric_heavy_tails,symmetric heavy tails,HT,CN,9,1000,444,0.444,NA,TRUE,TRUE,TRUE,0,NA,-1786.234677789496,3592.469355578992,3641.546908368813,3592.6918024950687,10,528.1870000000001,NA,3574.469355578992,3579.377110857974,1.000000000000017,NA,HeckmanEM,NA,raw_AIC_BIC_implied_logLik,finite_logLik_no_explicit_code,3,3.820736026990688,0.820736026990688,0.4,0.5781567674728905,0.17815676747289044,NA,NA,NA,NA,NA,NA,NA,NA,NA,NA,NA,5,NA,NA,-0.7,-0.6259435446437329,0.07405645535626704,0.15,0.1372750629909323,-0.01272493700906768,1,0.902404331431536,-0.09759566856846412,5,4.207200030413029,-0.7927999695869712,1.5,1.378643807141582,-0.12135619285841792,0.8,0.816497745641568,0.01649774564156791,49.07755278982131,49.07755278982137,-5.684341886080802e-14,NA,NA,NA,NA,NA,NA,NA,NA,NA,NA,NA,NA,NA,NA,NA,NA,NA,NA,NA,NA,NA,NA,NA,NA,NA,NA,NA,NA,NA,NA,NA,NA,NA,NA,NA,NA,NA,NA,NA,NA,NA,NA,NA,NA,NA,NA,NA,NA,NA,NA,NA,NA,NA,NA,NA,NA,NA,NA,NA,NA,NA,NA,NA,NA,NA,NA,NA,NA,NA,NA,NA,NA,NA,NA,NA,NA,NA,NA,NA,NA,NA,NA,NA,NA,NA,NA,NA,NA,NA,NA,NA,NA,NA,NA,NA,NA,NA,NA,NA,NA,NA,NA,true,TRUE,TRUE,3592.469355578992,3641.546908368813,3592.6918024950687,49.07755278982131,49.07755278982131,9.999999999999988,FALSE,528.1870000000001,NA,NA,NA
symmetric_heavy_tails,symmetric heavy tails,HT,ESN,9,1000,444,0.444,NA,TRUE,TRUE,TRUE,0,CONVERGENCE: REL_REDUCTION_OF_F <= FACTR*EPSMCH,-1803.9044613049512,3629.8089226099023,3683.794230678706,3630.0761290876353,11,16747.19,NA,NA,NA,NA,3,stage2,1803.92054798818;1803.92895247459;1803.90474482271;1805.49781260456;1803.91644374161;1805.49110445028;1805.50059968187;1803.91015094528;1803.92602247535;1804.35771496581;1803.91118171749;1803.93264236621;1803.92023282737;1805.49109705248,proposed_likelihood,stage2,3,4.606954607561542,1.6069546075615424,0.4,0.5586685800368446,0.1586685800368446,NA,1.4925821305300957,NA,NA,-1.485370954123992,NA,NA,-1.4925821305300957,NA,NA,-1.4925821305300957,5,NA,NA,-0.7,-1.255352276911862,-0.555352276911862,0.15,0.10529121569042584,-0.04470878430957414,1,0.6579746839082385,-0.34202531609176146,5,4.299185362554103,-0.7008146374458972,1.5,1.4427638151178794,-0.05723618488212057,0.8,0.7843398346667374,-0.01566016533326264,53.98530806880353,53.985308068803505,2.842170943040401e-14,NA,NA,NA,NA,NA,NA,NA,NA,NA,NA,NA,NA,NA,NA,NA,NA,NA,NA,NA,NA,NA,NA,NA,NA,NA,NA,NA,NA,NA,NA,NA,NA,NA,NA,NA,NA,NA,NA,NA,NA,NA,NA,NA,NA,NA,NA,NA,NA,NA,NA,NA,NA,NA,NA,NA,NA,NA,NA,NA,NA,NA,NA,NA,NA,NA,NA,NA,NA,NA,NA,NA,NA,NA,NA,NA,NA,NA,NA,NA,NA,NA,NA,NA,NA,NA,NA,NA,NA,NA,NA,NA,NA,NA,NA,NA,NA,NA,NA,NA,NA,NA,NA,true,TRUE,TRUE,3629.8089226099023,3683.794230678706,3630.0761290876353,53.98530806880353,53.98530806880353,11.000000000000005,FALSE,16747.19,TRUE,TRUE,TRUE
symmetric_heavy_tails,symmetric heavy tails,HT,EST,9,1000,444,0.444,NA,TRUE,TRUE,TRUE,0,CONVERGENCE: REL_REDUCTION_OF_F <= FACTR*EPSMCH,-1781.3243061039168,3586.6486122078336,3645.5416755556193,3586.964721630326,12,20385.339,NA,NA,NA,NA,28,stage2,1781.36142301435;1e+12;1e+12;1781.36286314513;1e+12;1e+12;1781.41474378568;1e+12;1e+12;1781.34001755949;1e+12;1e+12;1781.46445569952;1e+12;1e+12;1781.33454257957;1e+12;1e+12;1781.34280864973;1e+12;1e+12;1781.35854462332;1e+12;1e+12;1781.52768406311;1e+12;1e+12;1781.32791643359;1e+12;1e+12;1781.35713006017;1e+12;1e+12;1781.33371939596;1e+12;1e+12;1781.38635284983;1e+12;1e+12;1781.36120719959;1e+12;1e+12,proposed_likelihood,stage2,3,3.473355447687795,0.47335544768779503,0.4,0.631869575416889,0.23186957541688905,NA,-0.708013253530063,NA,NA,-0.00317111048931001,NA,NA,1.42924827682217,NA,NA,1.42924827682217,5,4,-1,-0.7,-0.45435606802688666,0.2456439319731133,0.15,0.1396390288592387,-0.01036097114076128,1,0.8880178371990036,-0.11198216280099638,5,4.689789224906724,-0.3102107750932763,1.5,1.466794970616213,-0.03320502938378733,0.8,0.7485353927531191,-0.05146460724688095,58.893063347785755,58.89306334778564,1.1368683772161603e-13,NA,NA,NA,NA,NA,NA,NA,NA,NA,NA,NA,NA,NA,NA,NA,NA,NA,NA,NA,NA,NA,NA,NA,NA,NA,NA,NA,NA,NA,NA,NA,NA,NA,NA,NA,NA,NA,NA,NA,NA,NA,NA,NA,NA,NA,NA,NA,NA,NA,NA,NA,NA,NA,NA,NA,NA,NA,NA,NA,NA,NA,NA,NA,NA,NA,NA,NA,NA,NA,NA,NA,NA,NA,NA,NA,NA,NA,NA,NA,NA,NA,NA,NA,NA,NA,NA,NA,NA,NA,NA,NA,NA,NA,NA,NA,NA,NA,NA,NA,NA,NA,NA,true,TRUE,TRUE,3586.6486122078336,3645.5416755556193,3586.964721630326,58.893063347785755,58.893063347785755,12.000000000000023,FALSE,20385.339,FALSE,FALSE,TRUE
symmetric_heavy_tails,symmetric heavy tails,HT,NH,10,1000,420,0.42,NA,TRUE,TRUE,TRUE,0,NA,-1765.2578236776424,3546.5156473552847,3585.777689587142,3546.660955125214,8,180.724,NA,3532.5156473552847,3537.423402634267,1.000000000000017,NA,HeckmanEM,NA,raw_AIC_BIC_implied_logLik,finite_logLik_no_explicit_code,3,4.657590829144859,1.6575908291448591,0.4,0.7119878555446532,0.31198785554465314,NA,NA,NA,NA,NA,NA,NA,NA,NA,NA,NA,5,NA,NA,-0.7,-0.615901254809586,0.08409874519041394,0.15,0.12903132792474695,-0.02096867207525304,1,0.7531324104731425,-0.2468675895268575,5,3.2582945834996577,-1.7417054165003425,1.5,1.2668128001261707,-0.2331871998738293,0.8,0.9800984797900454,0.18009847979004534,39.26204223185732,39.262042231857095,2.2737367544323206e-13,NA,NA,NA,NA,NA,NA,NA,NA,NA,NA,NA,NA,NA,NA,NA,NA,NA,NA,NA,NA,NA,NA,NA,NA,NA,NA,NA,NA,NA,NA,NA,NA,NA,NA,NA,NA,NA,NA,NA,NA,NA,NA,NA,NA,NA,NA,NA,NA,NA,NA,NA,NA,NA,NA,NA,NA,NA,NA,NA,NA,NA,NA,NA,NA,NA,NA,NA,NA,NA,NA,NA,NA,NA,NA,NA,NA,NA,NA,NA,NA,NA,NA,NA,NA,NA,NA,NA,NA,NA,NA,NA,NA,NA,NA,NA,NA,NA,NA,NA,NA,NA,NA,true,TRUE,TRUE,3546.5156473552847,3585.777689587142,3546.660955125214,39.26204223185732,39.26204223185732,8.000000000000046,FALSE,180.724,NA,NA,NA
symmetric_heavy_tails,symmetric heavy tails,HT,HT,10,1000,420,0.42,NA,TRUE,TRUE,TRUE,0,NA,-1733.9030665484918,3483.8061330969836,3523.068175328841,3483.951440866913,8,122.69600000000004,NA,3469.8061330969836,3474.713888375966,1.000000000000017,NA,HeckmanEM,NA,raw_AIC_BIC_implied_logLik,finite_logLik_no_explicit_code,3,2.9903756617726316,-0.00962433822736841,0.4,0.4834113767880998,0.08341137678809979,NA,NA,NA,NA,NA,NA,NA,NA,NA,NA,NA,5,NA,NA,-0.7,-0.7354644961478278,-0.03546449614782787,0.15,0.158607199338225,0.00860719933822501,1,0.9108103820876317,-0.08918961791236835,5,4.532568159346367,-0.4674318406536333,1.5,1.1971611784840797,-0.30283882151592034,0.8,0.9109747886462328,0.11097478864623268,39.26204223185732,39.262042231857095,2.2737367544323206e-13,NA,NA,NA,NA,NA,NA,NA,NA,NA,NA,NA,NA,NA,NA,NA,NA,NA,NA,NA,NA,NA,NA,NA,NA,NA,NA,NA,NA,NA,NA,NA,NA,NA,NA,NA,NA,NA,NA,NA,NA,NA,NA,NA,NA,NA,NA,NA,NA,NA,NA,NA,NA,NA,NA,NA,NA,NA,NA,NA,NA,NA,NA,NA,NA,NA,NA,NA,NA,NA,NA,NA,NA,NA,NA,NA,NA,NA,NA,NA,NA,NA,NA,NA,NA,NA,NA,NA,NA,NA,NA,NA,NA,NA,NA,NA,NA,NA,NA,NA,NA,NA,NA,true,TRUE,TRUE,3483.8061330969836,3523.068175328841,3483.951440866913,39.26204223185732,39.26204223185732,8.000000000000046,FALSE,122.69600000000004,NA,NA,NA
symmetric_heavy_tails,symmetric heavy tails,HT,CN,10,1000,420,0.42,NA,TRUE,TRUE,TRUE,0,NA,-1733.3624486621716,3486.724897324343,3535.8024501141645,3486.94734424042,10,233.311,NA,3468.724897324343,3473.632652603326,1.000000000000017,NA,HeckmanEM,NA,raw_AIC_BIC_implied_logLik,finite_logLik_no_explicit_code,3,3.0847040898227305,0.08470408982273048,0.4,0.47484012246809937,0.07484012246809935,NA,NA,NA,NA,NA,NA,NA,NA,NA,NA,NA,5,NA,NA,-0.7,-0.7297953498863723,-0.02979534988637233,0.15,0.15769037280705325,0.00769037280705325,1,0.904741203515986,-0.09525879648401392,5,4.533990524836278,-0.46600947516372226,1.5,1.215643318348211,-0.28435668165178907,0.8,0.9069485296127978,0.10694852961279776,49.07755278982131,49.07755278982137,-5.684341886080802e-14,NA,NA,NA,NA,NA,NA,NA,NA,NA,NA,NA,NA,NA,NA,NA,NA,NA,NA,NA,NA,NA,NA,NA,NA,NA,NA,NA,NA,NA,NA,NA,NA,NA,NA,NA,NA,NA,NA,NA,NA,NA,NA,NA,NA,NA,NA,NA,NA,NA,NA,NA,NA,NA,NA,NA,NA,NA,NA,NA,NA,NA,NA,NA,NA,NA,NA,NA,NA,NA,NA,NA,NA,NA,NA,NA,NA,NA,NA,NA,NA,NA,NA,NA,NA,NA,NA,NA,NA,NA,NA,NA,NA,NA,NA,NA,NA,NA,NA,NA,NA,NA,NA,true,TRUE,TRUE,3486.724897324343,3535.8024501141645,3486.94734424042,49.07755278982131,49.07755278982131,9.999999999999988,FALSE,233.311,NA,NA,NA
symmetric_heavy_tails,symmetric heavy tails,HT,ESN,10,1000,420,0.42,NA,TRUE,TRUE,TRUE,0,CONVERGENCE: REL_REDUCTION_OF_F <= FACTR*EPSMCH,-1751.2868500646605,3524.573700129321,3578.5590081981245,3524.840906607054,11,16205.143000000002,NA,NA,NA,NA,10,stage2,1765.2668504467;1765.26600432136;1764.61519306611;1765.26309225959;1764.49407790202;1751.51402996363;1765.28172727378;1764.86013080691;1764.48642393068;1751.32594734731;1764.51401882466;1765.26274300277;1765.27273171067;1765.2578233401,proposed_likelihood,stage2,3,6.061239412297501,3.0612394122975006,0.4,0.6192443627220716,0.2192443627220716,NA,1.1740414652413145,NA,NA,1.4925821305300957,NA,NA,-1.4925821305300957,NA,NA,-1.4925821305300957,5,NA,NA,-0.7,-1.2795087437696893,-0.5795087437696893,0.15,0.12627498673137696,-0.02372501326862303,1,0.7234875653067432,-0.2765124346932568,5,-2.2934512642869787,-7.293451264286979,1.5,1.296312860247281,-0.2036871397527189,0.8,0.9819779723780392,0.18197797237803903,53.98530806880353,53.985308068803505,2.842170943040401e-14,NA,NA,NA,NA,NA,NA,NA,NA,NA,NA,NA,NA,NA,NA,NA,NA,NA,NA,NA,NA,NA,NA,NA,NA,NA,NA,NA,NA,NA,NA,NA,NA,NA,NA,NA,NA,NA,NA,NA,NA,NA,NA,NA,NA,NA,NA,NA,NA,NA,NA,NA,NA,NA,NA,NA,NA,NA,NA,NA,NA,NA,NA,NA,NA,NA,NA,NA,NA,NA,NA,NA,NA,NA,NA,NA,NA,NA,NA,NA,NA,NA,NA,NA,NA,NA,NA,NA,NA,NA,NA,NA,NA,NA,NA,NA,NA,NA,NA,NA,NA,NA,NA,true,TRUE,TRUE,3524.573700129321,3578.5590081981245,3524.840906607054,53.98530806880353,53.98530806880353,11.000000000000005,FALSE,16205.143000000002,FALSE,TRUE,TRUE
symmetric_heavy_tails,symmetric heavy tails,HT,EST,10,1000,420,0.42,NA,TRUE,TRUE,TRUE,0,CONVERGENCE: REL_REDUCTION_OF_F <= FACTR*EPSMCH,-1732.6892546116514,3489.378509223303,3548.2715725710887,3489.6946186457953,12,19357.626,NA,NA,NA,NA,40,stage2,1733.43748246543;1e+12;1e+12;1733.13131706108;1e+12;1e+12;1733.48227457536;1e+12;1e+12;1732.69467947488;1e+12;1e+12;1732.75109326189;1e+12;1e+12;1732.69637358846;1e+12;1e+12;1733.51281522585;1e+12;1e+12;1732.69038311766;1e+12;1e+12;1733.41147588479;1e+12;1e+12;1732.69941539592;1e+12;1e+12;1732.69913444448;1e+12;1e+12;1732.68936416015;1e+12;1e+12;1733.514245764;1e+12;1e+12;1732.68926088749;1e+12;1e+12,proposed_likelihood,stage2,3,3.046509166303286,0.04650916630328616,0.4,0.4327370773972093,0.03273707739720927,NA,1.2376268353911068,NA,NA,0.8864298312745527,NA,NA,1.4925821305300957,NA,NA,1.4925821305300957,5,4,-1,-0.7,-0.9383033521231476,-0.2383033521231478,0.15,0.14410558994201214,-0.00589441005798785,1,0.832386443012918,-0.16761355698708202,5,4.128470406559897,-0.8715295934401031,1.5,1.19672974831454,-0.30327025168545996,0.8,0.9184548198750508,0.1184548198750508,58.893063347785755,58.89306334778564,1.1368683772161603e-13,NA,NA,NA,NA,NA,NA,NA,NA,NA,NA,NA,NA,NA,NA,NA,NA,NA,NA,NA,NA,NA,NA,NA,NA,NA,NA,NA,NA,NA,NA,NA,NA,NA,NA,NA,NA,NA,NA,NA,NA,NA,NA,NA,NA,NA,NA,NA,NA,NA,NA,NA,NA,NA,NA,NA,NA,NA,NA,NA,NA,NA,NA,NA,NA,NA,NA,NA,NA,NA,NA,NA,NA,NA,NA,NA,NA,NA,NA,NA,NA,NA,NA,NA,NA,NA,NA,NA,NA,NA,NA,NA,NA,NA,NA,NA,NA,NA,NA,NA,NA,NA,NA,true,TRUE,TRUE,3489.378509223303,3548.2715725710887,3489.6946186457953,58.893063347785755,58.893063347785755,12.000000000000023,FALSE,19357.626,FALSE,FALSE,TRUE
symmetric_heavy_tails,symmetric heavy tails,HT,NH,11,1000,452,0.452,NA,TRUE,TRUE,TRUE,0,NA,-1815.1367890333024,3646.273578066605,3685.5356202984617,3646.4188858365337,8,103.866,NA,3632.273578066605,3637.1813333455866,1.000000000000017,NA,HeckmanEM,NA,raw_AIC_BIC_implied_logLik,finite_logLik_no_explicit_code,3,4.639916598021462,1.639916598021462,0.4,0.8305567842486473,0.4305567842486473,NA,NA,NA,NA,NA,NA,NA,NA,NA,NA,NA,5,NA,NA,-0.7,-0.5229942622958924,0.17700573770410755,0.15,0.12570312457197502,-0.02429687542802497,1,0.7659924492704384,-0.2340075507295616,5,3.213449455710412,-1.786550544289588,1.5,1.4243625883523376,-0.07563741164766236,0.8,0.8249109132585278,0.02491091325852779,39.26204223185687,39.262042231857095,2.2737367544323206e-13,NA,NA,NA,NA,NA,NA,NA,NA,NA,NA,NA,NA,NA,NA,NA,NA,NA,NA,NA,NA,NA,NA,NA,NA,NA,NA,NA,NA,NA,NA,NA,NA,NA,NA,NA,NA,NA,NA,NA,NA,NA,NA,NA,NA,NA,NA,NA,NA,NA,NA,NA,NA,NA,NA,NA,NA,NA,NA,NA,NA,NA,NA,NA,NA,NA,NA,NA,NA,NA,NA,NA,NA,NA,NA,NA,NA,NA,NA,NA,NA,NA,NA,NA,NA,NA,NA,NA,NA,NA,NA,NA,NA,NA,NA,NA,NA,NA,NA,NA,NA,NA,NA,true,TRUE,TRUE,3646.273578066605,3685.535620298462,3646.418885836534,39.26204223185687,39.26204223185732,7.999999999999954,FALSE,103.866,NA,NA,NA
symmetric_heavy_tails,symmetric heavy tails,HT,HT,11,1000,452,0.452,NA,TRUE,TRUE,TRUE,0,NA,-1786.4281841078307,3588.8563682156614,3628.1184104475183,3589.0016759855907,8,147.563,NA,3574.8563682156614,3579.7641234946436,1.000000000000017,NA,HeckmanEM,NA,raw_AIC_BIC_implied_logLik,finite_logLik_no_explicit_code,3,2.9660810991238815,-0.03391890087611848,0.4,0.6568219836261654,0.2568219836261654,NA,NA,NA,NA,NA,NA,NA,NA,NA,NA,NA,5,NA,NA,-0.7,-0.6387784826605718,0.06122151733942815,0.15,0.15770470808814718,0.00770470808814718,1,0.949728945282034,-0.050271054717966,5,4.286279048834194,-0.713720951165806,1.5,1.5178267858114578,0.0178267858114578,0.8,0.8300970272776707,0.0300970272776706,39.26204223185732,39.262042231857095,2.2737367544323206e-13,NA,NA,NA,NA,NA,NA,NA,NA,NA,NA,NA,NA,NA,NA,NA,NA,NA,NA,NA,NA,NA,NA,NA,NA,NA,NA,NA,NA,NA,NA,NA,NA,NA,NA,NA,NA,NA,NA,NA,NA,NA,NA,NA,NA,NA,NA,NA,NA,NA,NA,NA,NA,NA,NA,NA,NA,NA,NA,NA,NA,NA,NA,NA,NA,NA,NA,NA,NA,NA,NA,NA,NA,NA,NA,NA,NA,NA,NA,NA,NA,NA,NA,NA,NA,NA,NA,NA,NA,NA,NA,NA,NA,NA,NA,NA,NA,NA,NA,NA,NA,NA,NA,true,TRUE,TRUE,3588.8563682156614,3628.1184104475187,3589.0016759855907,39.26204223185687,39.26204223185732,7.999999999999954,FALSE,147.563,NA,NA,NA
symmetric_heavy_tails,symmetric heavy tails,HT,CN,11,1000,452,0.452,NA,TRUE,TRUE,TRUE,0,NA,-1786.5700791643233,3593.1401583286465,3642.217711118468,3593.3626052447235,10,319.75100000000003,NA,3575.1401583286465,3580.0479136076287,1.000000000000017,NA,HeckmanEM,NA,raw_AIC_BIC_implied_logLik,finite_logLik_no_explicit_code,3,2.8688328566491235,-0.13116714335087654,0.4,0.6786307696885628,0.2786307696885628,NA,NA,NA,NA,NA,NA,NA,NA,NA,NA,NA,5,NA,NA,-0.7,-0.6699011135928756,0.03009888640712432,0.15,0.1637946813136852,0.01379468131368519,1,0.9964093535601808,-0.00359064643981932,5,4.1544447391689925,-0.8455552608310075,1.5,1.5387081859459084,0.03870818594590841,0.8,0.851311879811429,0.05131187981142893,49.07755278982131,49.07755278982137,-5.684341886080802e-14,NA,NA,NA,NA,NA,NA,NA,NA,NA,NA,NA,NA,NA,NA,NA,NA,NA,NA,NA,NA,NA,NA,NA,NA,NA,NA,NA,NA,NA,NA,NA,NA,NA,NA,NA,NA,NA,NA,NA,NA,NA,NA,NA,NA,NA,NA,NA,NA,NA,NA,NA,NA,NA,NA,NA,NA,NA,NA,NA,NA,NA,NA,NA,NA,NA,NA,NA,NA,NA,NA,NA,NA,NA,NA,NA,NA,NA,NA,NA,NA,NA,NA,NA,NA,NA,NA,NA,NA,NA,NA,NA,NA,NA,NA,NA,NA,NA,NA,NA,NA,NA,NA,true,TRUE,TRUE,3593.1401583286465,3642.217711118468,3593.3626052447235,49.07755278982131,49.07755278982131,9.999999999999988,FALSE,319.75100000000003,NA,NA,NA
symmetric_heavy_tails,symmetric heavy tails,HT,ESN,11,1000,452,0.452,NA,TRUE,TRUE,TRUE,0,CONVERGENCE: REL_REDUCTION_OF_F <= FACTR*EPSMCH,-1804.837253873818,3631.674507747636,3685.65981581644,3631.941714225369,11,19630.815,NA,NA,NA,NA,10,stage2,1813.70939571191;1813.72731487856;1813.69178696041;1815.14748960292;1813.66376423008;1815.13683536385;1814.0436833105;1813.64629528986;1813.67038541253;1811.63389333075;1813.65778318824;1813.65909697078;1813.66422342952;1815.13678884353,proposed_likelihood,stage2,3,6.109283647013992,3.109283647013992,0.4,0.8532903634002165,0.4532903634002165,NA,1.4925821305300957,NA,NA,0.9365295379392566,NA,NA,-1.4925821305300957,NA,NA,-1.4925821305300957,5,NA,NA,-0.7,-1.3824477631275407,-0.6824477631275407,0.15,0.10354018105133583,-0.04645981894866415,1,0.6325034638178018,-0.36749653618219824,5,-3.0023288358172615,-8.002328835817261,1.5,1.48780607299323,-0.01219392700676991,0.8,0.8254983391700722,0.02549833917007216,53.98530806880353,53.985308068803505,2.842170943040401e-14,NA,NA,NA,NA,NA,NA,NA,NA,NA,NA,NA,NA,NA,NA,NA,NA,NA,NA,NA,NA,NA,NA,NA,NA,NA,NA,NA,NA,NA,NA,NA,NA,NA,NA,NA,NA,NA,NA,NA,NA,NA,NA,NA,NA,NA,NA,NA,NA,NA,NA,NA,NA,NA,NA,NA,NA,NA,NA,NA,NA,NA,NA,NA,NA,NA,NA,NA,NA,NA,NA,NA,NA,NA,NA,NA,NA,NA,NA,NA,NA,NA,NA,NA,NA,NA,NA,NA,NA,NA,NA,NA,NA,NA,NA,NA,NA,NA,NA,NA,NA,NA,NA,true,TRUE,TRUE,3631.674507747636,3685.6598158164397,3631.941714225369,53.98530806880399,53.98530806880353,11.000000000000098,FALSE,19630.815,TRUE,FALSE,TRUE
symmetric_heavy_tails,symmetric heavy tails,HT,EST,11,1000,452,0.452,NA,TRUE,TRUE,TRUE,0,CONVERGENCE: REL_REDUCTION_OF_F <= FACTR*EPSMCH,-1786.3230718348968,3596.6461436697937,3655.539207017579,3596.962253092286,12,15318.738,NA,NA,NA,NA,22,stage2,1786.32627090123;1e+12;1e+12;1786.32644195457;1e+12;1e+12;1786.3279422238;1e+12;1e+12;1786.32493725829;1e+12;1e+12;1786.32590791313;1e+12;1e+12;1786.34139010435;1e+12;1e+12;1786.32875402208;1e+12;1e+12;1786.32310565928;1e+12;1e+12;1786.32950999556;1e+12;1e+12;1786.42985936932;1e+12;1e+12;1786.32364769688;1e+12;1e+12;1786.32320220592;1e+12;1e+12;1786.32953220621;1e+12;1e+12;1786.32321268869;1e+12;1e+12,proposed_likelihood,stage2,3,2.929447034408084,-0.07055296559191593,0.4,0.6968897354294776,0.2968897354294776,NA,-0.1878393309821494,NA,NA,-0.15838945922193506,NA,NA,-0.44262068880663263,NA,NA,-0.44262068880663263,5,4,-1,-0.7,-0.44282583080969057,0.2571741691903094,0.15,0.16432480775254044,0.01432480775254044,1,0.989480368876828,-0.010519631123172,5,5.024193285781159,0.02419328578115909,1.5,1.5076164775982213,0.00761647759822126,0.8,0.8325698727998192,0.03256987279981915,58.893063347785755,58.89306334778564,1.1368683772161603e-13,NA,NA,NA,NA,NA,NA,NA,NA,NA,NA,NA,NA,NA,NA,NA,NA,NA,NA,NA,NA,NA,NA,NA,NA,NA,NA,NA,NA,NA,NA,NA,NA,NA,NA,NA,NA,NA,NA,NA,NA,NA,NA,NA,NA,NA,NA,NA,NA,NA,NA,NA,NA,NA,NA,NA,NA,NA,NA,NA,NA,NA,NA,NA,NA,NA,NA,NA,NA,NA,NA,NA,NA,NA,NA,NA,NA,NA,NA,NA,NA,NA,NA,NA,NA,NA,NA,NA,NA,NA,NA,NA,NA,NA,NA,NA,NA,NA,NA,NA,NA,NA,NA,true,TRUE,TRUE,3596.6461436697937,3655.5392070175794,3596.962253092286,58.8930633477853,58.893063347785755,11.99999999999993,FALSE,15318.738,FALSE,FALSE,FALSE
symmetric_heavy_tails,symmetric heavy tails,HT,NH,12,1000,438,0.438,NA,TRUE,TRUE,TRUE,0,NA,-1763.5952286983493,3543.1904573966985,3582.4524996285554,3543.335765166628,8,17.683,NA,3529.1904573966985,3534.0982126756808,1.000000000000017,NA,HeckmanEM,NA,raw_AIC_BIC_implied_logLik,finite_logLik_no_explicit_code,3,3.717191583209652,0.7171915832096518,0.4,0.2239079037483646,-0.1760920962516354,NA,NA,NA,NA,NA,NA,NA,NA,NA,NA,NA,5,NA,NA,-0.7,-0.6543093540634419,0.04569064593655803,0.15,0.1567241763159927,0.0067241763159927,1,0.8972284853691723,-0.10277151463082768,5,5.401953323085251,0.4019533230852508,1.5,1.4152077438709445,-0.0847922561290555,0.8,0.8412789909633808,0.04127899096338072,39.26204223185687,39.262042231857095,-2.2737367544323206e-13,NA,NA,NA,NA,NA,NA,NA,NA,NA,NA,NA,NA,NA,NA,NA,NA,NA,NA,NA,NA,NA,NA,NA,NA,NA,NA,NA,NA,NA,NA,NA,NA,NA,NA,NA,NA,NA,NA,NA,NA,NA,NA,NA,NA,NA,NA,NA,NA,NA,NA,NA,NA,NA,NA,NA,NA,NA,NA,NA,NA,NA,NA,NA,NA,NA,NA,NA,NA,NA,NA,NA,NA,NA,NA,NA,NA,NA,NA,NA,NA,NA,NA,NA,NA,NA,NA,NA,NA,NA,NA,NA,NA,NA,NA,NA,NA,NA,NA,NA,NA,NA,NA,true,TRUE,TRUE,3543.1904573966985,3582.4524996285554,3543.335765166628,39.26204223185687,39.26204223185687,7.999999999999954,FALSE,17.683,NA,NA,NA
symmetric_heavy_tails,symmetric heavy tails,HT,HT,12,1000,438,0.438,NA,TRUE,TRUE,TRUE,0,NA,-1745.9409868210216,3507.8819736420432,3547.144015873901,3508.0272814119726,8,98.366,NA,3493.8819736420432,3498.7897289210255,1.000000000000017,NA,HeckmanEM,NA,raw_AIC_BIC_implied_logLik,finite_logLik_no_explicit_code,3,2.899751587949745,-0.10024841205025492,0.4,0.1506658956647645,-0.2493341043352355,NA,NA,NA,NA,NA,NA,NA,NA,NA,NA,NA,5,NA,NA,-0.7,-0.7038343523303516,-0.00383435233035167,0.15,0.17371206593997815,0.02371206593997815,1,0.9556851495312104,-0.04431485046878958,5,5.576610890275289,0.5766108902752887,1.5,1.4836700664818727,-0.01632993351812728,0.8,0.8824951589497287,0.0824951589497287,39.26204223185732,39.262042231857095,2.2737367544323206e-13,NA,NA,NA,NA,NA,NA,NA,NA,NA,NA,NA,NA,NA,NA,NA,NA,NA,NA,NA,NA,NA,NA,NA,NA,NA,NA,NA,NA,NA,NA,NA,NA,NA,NA,NA,NA,NA,NA,NA,NA,NA,NA,NA,NA,NA,NA,NA,NA,NA,NA,NA,NA,NA,NA,NA,NA,NA,NA,NA,NA,NA,NA,NA,NA,NA,NA,NA,NA,NA,NA,NA,NA,NA,NA,NA,NA,NA,NA,NA,NA,NA,NA,NA,NA,NA,NA,NA,NA,NA,NA,NA,NA,NA,NA,NA,NA,NA,NA,NA,NA,NA,NA,true,TRUE,TRUE,3507.8819736420432,3547.1440158739006,3508.0272814119726,39.26204223185778,39.26204223185732,8.000000000000139,FALSE,98.366,NA,NA,NA
symmetric_heavy_tails,symmetric heavy tails,HT,CN,12,1000,438,0.438,NA,TRUE,TRUE,TRUE,0,NA,-1747.1268275290463,3514.253655058093,3563.3312078479144,3514.47610197417,10,527.483,NA,3496.253655058093,3501.1614103370753,1.000000000000017,NA,HeckmanEM,NA,raw_AIC_BIC_implied_logLik,finite_logLik_no_explicit_code,3,2.9929036268792406,-0.00709637312075939,0.4,0.1572765094536007,-0.24272349054639936,NA,NA,NA,NA,NA,NA,NA,NA,NA,NA,NA,5,NA,NA,-0.7,-0.7009209562776556,-9.20956277655649e-4,0.15,0.17256885224642343,0.02256885224642343,1,0.955924481447963,-0.04407551855203695,5,5.54181477367763,0.54181477367763,1.5,1.475247550438242,-0.02475244956175815,0.8,0.8729025885930404,0.07290258859304033,49.07755278982131,49.07755278982137,-5.684341886080802e-14,NA,NA,NA,NA,NA,NA,NA,NA,NA,NA,NA,NA,NA,NA,NA,NA,NA,NA,NA,NA,NA,NA,NA,NA,NA,NA,NA,NA,NA,NA,NA,NA,NA,NA,NA,NA,NA,NA,NA,NA,NA,NA,NA,NA,NA,NA,NA,NA,NA,NA,NA,NA,NA,NA,NA,NA,NA,NA,NA,NA,NA,NA,NA,NA,NA,NA,NA,NA,NA,NA,NA,NA,NA,NA,NA,NA,NA,NA,NA,NA,NA,NA,NA,NA,NA,NA,NA,NA,NA,NA,NA,NA,NA,NA,NA,NA,NA,NA,NA,NA,NA,NA,true,TRUE,TRUE,3514.2536550580926,3563.331207847914,3514.4761019741695,49.07755278982131,49.07755278982131,9.999999999999988,FALSE,527.483,NA,NA,NA
symmetric_heavy_tails,symmetric heavy tails,HT,ESN,12,1000,438,0.438,NA,TRUE,TRUE,TRUE,0,CONVERGENCE: REL_REDUCTION_OF_F <= FACTR*EPSMCH,-1761.1477041337755,3544.295408267551,3598.2807163363545,3544.562614745284,11,19154.779,NA,NA,NA,NA,2,stage2,1761.29895652523;1761.21249160324;1762.54514480004;1762.64269382959;1762.64315190874;1762.68264174095;1762.90679569656;1762.63233244931;1762.6068046766;1763.59521056542;1762.68432313881;1761.29958005372;1761.21126361653;1763.59522833583,proposed_likelihood,stage2,3,5.320276640256639,2.3202766402566386,0.4,0.38179913430496426,-0.01820086569503576,NA,-0.6028288552017385,NA,NA,-1.160438977294394,NA,NA,-1.4925821305300957,NA,NA,-1.4925821305300957,5,NA,NA,-0.7,-0.08870771139310155,0.6112922886068984,0.15,0.1480328284225626,-0.00196717157743739,1,0.8488770535668165,-0.15112294643318347,5,11.428151528970243,6.428151528970245,1.5,1.4406946757398802,-0.05930532426011981,0.8,0.8690133636001045,0.06901336360010446,53.98530806880353,53.985308068803505,2.842170943040401e-14,NA,NA,NA,NA,NA,NA,NA,NA,NA,NA,NA,NA,NA,NA,NA,NA,NA,NA,NA,NA,NA,NA,NA,NA,NA,NA,NA,NA,NA,NA,NA,NA,NA,NA,NA,NA,NA,NA,NA,NA,NA,NA,NA,NA,NA,NA,NA,NA,NA,NA,NA,NA,NA,NA,NA,NA,NA,NA,NA,NA,NA,NA,NA,NA,NA,NA,NA,NA,NA,NA,NA,NA,NA,NA,NA,NA,NA,NA,NA,NA,NA,NA,NA,NA,NA,NA,NA,NA,NA,NA,NA,NA,NA,NA,NA,NA,NA,NA,NA,NA,NA,NA,true,TRUE,TRUE,3544.295408267551,3598.2807163363545,3544.562614745284,53.98530806880353,53.98530806880353,11.000000000000005,FALSE,19154.779,FALSE,FALSE,TRUE
symmetric_heavy_tails,symmetric heavy tails,HT,EST,12,1000,438,0.438,NA,TRUE,TRUE,TRUE,0,CONVERGENCE: REL_REDUCTION_OF_F <= FACTR*EPSMCH,-1746.3639082618593,3516.7278165237185,3575.6208798715043,3517.043925946211,12,18755.506,NA,NA,NA,NA,22,stage2,1746.44664597598;1e+12;1e+12;1746.364405706;1e+12;1e+12;1746.44572161726;1e+12;1e+12;1746.38248018348;1e+12;1e+12;1746.37000580185;1e+12;1e+12;1746.36653100232;1e+12;1e+12;1746.37893636489;1e+12;1e+12;1746.36401999064;1e+12;1e+12;1746.36510496745;1e+12;1e+12;1746.39101981916;1e+12;1e+12;1746.36510877527;1e+12;1e+12;1746.44259886306;1e+12;1e+12;1746.44187192564;1e+12;1e+12;1746.44222876521;1e+12;1e+12,proposed_likelihood,stage2,3,2.7324182647490667,-0.2675817352509333,0.4,0.14194101082517185,-0.25805898917482817,NA,1.3594773795490924,NA,NA,-0.5785542602305663,NA,NA,1.4925821305300957,NA,NA,1.4925821305300957,5,4,-1,-0.7,-0.9287678573896936,-0.22876785738969352,0.15,0.15604662620217075,0.00604662620217077,1,0.8613268228097422,-0.13867317719025785,5,5.668118095829445,0.6681180958294446,1.5,1.4943148779066908,-0.00568512209330918,0.8,0.873942442880634,0.07394244288063401,58.893063347785755,58.89306334778564,1.1368683772161603e-13,NA,NA,NA,NA,NA,NA,NA,NA,NA,NA,NA,NA,NA,NA,NA,NA,NA,NA,NA,NA,NA,NA,NA,NA,NA,NA,NA,NA,NA,NA,NA,NA,NA,NA,NA,NA,NA,NA,NA,NA,NA,NA,NA,NA,NA,NA,NA,NA,NA,NA,NA,NA,NA,NA,NA,NA,NA,NA,NA,NA,NA,NA,NA,NA,NA,NA,NA,NA,NA,NA,NA,NA,NA,NA,NA,NA,NA,NA,NA,NA,NA,NA,NA,NA,NA,NA,NA,NA,NA,NA,NA,NA,NA,NA,NA,NA,NA,NA,NA,NA,NA,NA,true,TRUE,TRUE,3516.7278165237185,3575.6208798715043,3517.043925946211,58.893063347785755,58.893063347785755,12.000000000000023,FALSE,18755.506,FALSE,FALSE,TRUE
symmetric_heavy_tails,symmetric heavy tails,HT,NH,13,1000,435,0.435,NA,TRUE,TRUE,TRUE,0,NA,-1756.7199125716077,3529.4398251432153,3568.7018673750727,3529.5851329131447,8,48.937,NA,3515.4398251432153,3520.3475804221976,1.000000000000017,NA,HeckmanEM,NA,raw_AIC_BIC_implied_logLik,finite_logLik_no_explicit_code,3,3.801682857094457,0.8016828570944572,0.4,0.3083731042456747,-0.09162689575432532,NA,NA,NA,NA,NA,NA,NA,NA,NA,NA,NA,5,NA,NA,-0.7,-0.6733458083529242,0.02665419164707572,0.15,0.13849896353189556,-0.01150103646810443,1,1.0320037593861098,0.03200375938610977,5,5.083992730316046,0.08399273031604615,1.5,1.3386776341473592,-0.1613223658526408,0.8,0.9505238282223404,0.15052382822234045,39.26204223185732,39.262042231857095,2.2737367544323206e-13,NA,NA,NA,NA,NA,NA,NA,NA,NA,NA,NA,NA,NA,NA,NA,NA,NA,NA,NA,NA,NA,NA,NA,NA,NA,NA,NA,NA,NA,NA,NA,NA,NA,NA,NA,NA,NA,NA,NA,NA,NA,NA,NA,NA,NA,NA,NA,NA,NA,NA,NA,NA,NA,NA,NA,NA,NA,NA,NA,NA,NA,NA,NA,NA,NA,NA,NA,NA,NA,NA,NA,NA,NA,NA,NA,NA,NA,NA,NA,NA,NA,NA,NA,NA,NA,NA,NA,NA,NA,NA,NA,NA,NA,NA,NA,NA,NA,NA,NA,NA,NA,NA,true,TRUE,TRUE,3529.4398251432153,3568.7018673750727,3529.5851329131447,39.26204223185732,39.26204223185732,8.000000000000046,FALSE,48.937,NA,NA,NA
symmetric_heavy_tails,symmetric heavy tails,HT,HT,13,1000,435,0.435,NA,TRUE,TRUE,TRUE,0,NA,-1751.7296376139798,3519.4592752279596,3558.7213174598164,3519.604582997889,8,66.42699999999999,NA,3505.4592752279596,3510.367030506942,1.000000000000017,NA,HeckmanEM,NA,raw_AIC_BIC_implied_logLik,finite_logLik_no_explicit_code,3,3.319047608667445,0.3190476086674452,0.4,0.3440235592520252,-0.05597644074797481,NA,NA,NA,NA,NA,NA,NA,NA,NA,NA,NA,5,NA,NA,-0.7,-0.7142915551507292,-0.01429155515072921,0.15,0.14687727404754533,-0.00312272595245466,1,1.09222578880594,0.0922257888059399,5,5.116659641132123,0.1166596411321228,1.5,1.3016809699577852,-0.19831903004221485,0.8,0.8942365969774316,0.0942365969774316,39.26204223185687,39.262042231857095,-2.2737367544323206e-13,NA,NA,NA,NA,NA,NA,NA,NA,NA,NA,NA,NA,NA,NA,NA,NA,NA,NA,NA,NA,NA,NA,NA,NA,NA,NA,NA,NA,NA,NA,NA,NA,NA,NA,NA,NA,NA,NA,NA,NA,NA,NA,NA,NA,NA,NA,NA,NA,NA,NA,NA,NA,NA,NA,NA,NA,NA,NA,NA,NA,NA,NA,NA,NA,NA,NA,NA,NA,NA,NA,NA,NA,NA,NA,NA,NA,NA,NA,NA,NA,NA,NA,NA,NA,NA,NA,NA,NA,NA,NA,NA,NA,NA,NA,NA,NA,NA,NA,NA,NA,NA,NA,true,TRUE,TRUE,3519.4592752279596,3558.7213174598164,3519.604582997889,39.26204223185687,39.26204223185687,7.999999999999954,FALSE,66.42699999999999,NA,NA,NA
symmetric_heavy_tails,symmetric heavy tails,HT,CN,13,1000,435,0.435,NA,TRUE,TRUE,TRUE,0,NA,-1750.4943942970324,3520.9887885940648,3570.066341383886,3521.2112355101417,10,540.73,NA,3502.9887885940648,3507.896543873047,1.000000000000017,NA,HeckmanEM,NA,raw_AIC_BIC_implied_logLik,finite_logLik_no_explicit_code,3,2.883948486425593,-0.11605151357440711,0.4,0.3501781067403287,-0.04982189325967134,NA,NA,NA,NA,NA,NA,NA,NA,NA,NA,NA,5,NA,NA,-0.7,-0.8116556930517866,-0.11165569305178669,0.15,0.16702953477321483,0.01702953477321484,1,1.2413905197379376,0.24139051973793757,5,5.144252639019198,0.14425263901919827,1.5,1.2961266630692576,-0.2038733369307424,0.8,0.878756427539938,0.07875642753993795,49.07755278982131,49.07755278982137,-5.684341886080802e-14,NA,NA,NA,NA,NA,NA,NA,NA,NA,NA,NA,NA,NA,NA,NA,NA,NA,NA,NA,NA,NA,NA,NA,NA,NA,NA,NA,NA,NA,NA,NA,NA,NA,NA,NA,NA,NA,NA,NA,NA,NA,NA,NA,NA,NA,NA,NA,NA,NA,NA,NA,NA,NA,NA,NA,NA,NA,NA,NA,NA,NA,NA,NA,NA,NA,NA,NA,NA,NA,NA,NA,NA,NA,NA,NA,NA,NA,NA,NA,NA,NA,NA,NA,NA,NA,NA,NA,NA,NA,NA,NA,NA,NA,NA,NA,NA,NA,NA,NA,NA,NA,NA,true,TRUE,TRUE,3520.9887885940648,3570.066341383886,3521.2112355101417,49.07755278982131,49.07755278982131,9.999999999999988,FALSE,540.73,NA,NA,NA
symmetric_heavy_tails,symmetric heavy tails,HT,ESN,13,1000,435,0.435,NA,TRUE,TRUE,TRUE,0,CONVERGENCE: REL_REDUCTION_OF_F <= FACTR*EPSMCH,-1755.908142851997,3533.816285703994,3587.8015937727973,3534.083492181727,11,15416.849,NA,NA,NA,NA,9,stage2,1756.471647735;1756.72164890332;1755.90914686953;1756.72004292845;1755.90821512552;1756.44693437237;1756.72376195728;1755.91256760302;1755.90814357509;1755.9269099408;1755.90877197719;1756.58970819462;1756.31989882586;1756.71991216531,proposed_likelihood,stage2,3,3.872275213846372,0.8722752138463719,0.4,0.1764358173871527,-0.22356418261284733,NA,1.4925821305300957,NA,NA,-0.6612771328640745,NA,NA,-0.615687086526524,NA,NA,-0.615687086526524,5,NA,NA,-0.7,-1.286168688113231,-0.5861686881132311,0.15,0.105284663709232,-0.04471533629076799,1,0.7857408322647728,-0.21425916773522724,5,5.665654920237589,0.6656549202375892,1.5,1.3389371898133289,-0.16106281018667137,0.8,0.9483833700399475,0.1483833700399475,53.98530806880353,53.985308068803505,2.842170943040401e-14,NA,NA,NA,NA,NA,NA,NA,NA,NA,NA,NA,NA,NA,NA,NA,NA,NA,NA,NA,NA,NA,NA,NA,NA,NA,NA,NA,NA,NA,NA,NA,NA,NA,NA,NA,NA,NA,NA,NA,NA,NA,NA,NA,NA,NA,NA,NA,NA,NA,NA,NA,NA,NA,NA,NA,NA,NA,NA,NA,NA,NA,NA,NA,NA,NA,NA,NA,NA,NA,NA,NA,NA,NA,NA,NA,NA,NA,NA,NA,NA,NA,NA,NA,NA,NA,NA,NA,NA,NA,NA,NA,NA,NA,NA,NA,NA,NA,NA,NA,NA,NA,NA,true,TRUE,TRUE,3533.816285703994,3587.8015937727973,3534.083492181727,53.98530806880353,53.98530806880353,11.000000000000005,FALSE,15416.849,TRUE,FALSE,FALSE
symmetric_heavy_tails,symmetric heavy tails,HT,EST,13,1000,435,0.435,NA,TRUE,TRUE,TRUE,0,CONVERGENCE: REL_REDUCTION_OF_F <= FACTR*EPSMCH,-1753.8012213338936,3531.6024426677873,3590.495506015573,3531.9185520902797,12,19271.976,NA,NA,NA,NA,7,stage2,1753.82836315328;1e+12;1e+12;1753.80130093645;1e+12;1e+12;1753.80122184575;1e+12;1e+12;1753.80131964003;1e+12;1e+12;1753.81131440483;1e+12;1e+12;1753.80127184391;1e+12;1e+12;1753.80124191041;1e+12;1e+12;1753.80715436717;1e+12;1e+12;1753.81112073307;1e+12;1e+12;1753.80873561301;1e+12;1e+12;1753.80132027393;1e+12;1e+12;1753.80144202676;1e+12;1e+12;1753.80271599631;1e+12;1e+12;1753.8024966292;1e+12;1e+12,proposed_likelihood,stage2,3,3.4681198043189436,0.4681198043189436,0.4,0.4891864211231893,0.08918642112318925,NA,-0.7320526364176377,NA,NA,-0.25320648550424757,NA,NA,1.4925821305300957,NA,NA,1.4925821305300957,5,4,-1,-0.7,-0.515150062539543,0.18484993746045697,0.15,0.14060719329630192,-0.00939280670369807,1,1.035604345860357,0.03560434586035699,5,5.361452168646991,0.36145216864699137,1.5,1.2885959216812726,-0.21140407831872743,0.8,0.8684337418160448,0.06843374181604478,58.893063347785755,58.89306334778564,1.1368683772161603e-13,NA,NA,NA,NA,NA,NA,NA,NA,NA,NA,NA,NA,NA,NA,NA,NA,NA,NA,NA,NA,NA,NA,NA,NA,NA,NA,NA,NA,NA,NA,NA,NA,NA,NA,NA,NA,NA,NA,NA,NA,NA,NA,NA,NA,NA,NA,NA,NA,NA,NA,NA,NA,NA,NA,NA,NA,NA,NA,NA,NA,NA,NA,NA,NA,NA,NA,NA,NA,NA,NA,NA,NA,NA,NA,NA,NA,NA,NA,NA,NA,NA,NA,NA,NA,NA,NA,NA,NA,NA,NA,NA,NA,NA,NA,NA,NA,NA,NA,NA,NA,NA,NA,true,TRUE,TRUE,3531.6024426677873,3590.495506015573,3531.9185520902797,58.893063347785755,58.893063347785755,12.000000000000023,FALSE,19271.976,FALSE,FALSE,TRUE
symmetric_heavy_tails,symmetric heavy tails,HT,NH,14,1000,448,0.448,NA,TRUE,TRUE,TRUE,0,NA,-1857.3290901719383,3730.658180343877,3769.9202225757344,3730.8034881138065,8,59.114,NA,3716.658180343877,3721.5659356228593,1.000000000000017,NA,HeckmanEM,NA,raw_AIC_BIC_implied_logLik,finite_logLik_no_explicit_code,3,4.102177158044328,1.102177158044328,0.4,0.22962576962785847,-0.17037423037214156,NA,NA,NA,NA,NA,NA,NA,NA,NA,NA,NA,5,NA,NA,-0.7,-0.5650154782378678,0.13498452176213216,0.15,0.1278521342433027,-0.0221478657566973,1,0.8647127319787042,-0.13528726802129576,5,5.623837927802302,0.6238379278023016,1.5,1.6258967648655407,0.1258967648655407,0.8,0.6049169077584226,-0.1950830922415775,39.26204223185732,39.262042231857095,-2.2737367544323206e-13,NA,NA,NA,NA,NA,NA,NA,NA,NA,NA,NA,NA,NA,NA,NA,NA,NA,NA,NA,NA,NA,NA,NA,NA,NA,NA,NA,NA,NA,NA,NA,NA,NA,NA,NA,NA,NA,NA,NA,NA,NA,NA,NA,NA,NA,NA,NA,NA,NA,NA,NA,NA,NA,NA,NA,NA,NA,NA,NA,NA,NA,NA,NA,NA,NA,NA,NA,NA,NA,NA,NA,NA,NA,NA,NA,NA,NA,NA,NA,NA,NA,NA,NA,NA,NA,NA,NA,NA,NA,NA,NA,NA,NA,NA,NA,NA,NA,NA,NA,NA,NA,NA,true,TRUE,TRUE,3730.6581803438767,3769.9202225757335,3730.803488113806,39.26204223185732,39.26204223185687,8.000000000000046,FALSE,59.114,NA,NA,NA
symmetric_heavy_tails,symmetric heavy tails,HT,HT,14,1000,448,0.448,NA,TRUE,TRUE,TRUE,0,NA,-1825.8254599292377,3667.650919858475,3706.912962090332,3667.796227628404,8,92.323,NA,3653.650919858475,3658.558675137457,1.000000000000017,NA,HeckmanEM,NA,raw_AIC_BIC_implied_logLik,finite_logLik_no_explicit_code,3,2.911626123025141,-0.08837387697485921,0.4,0.22816466173620545,-0.1718353382637946,NA,NA,NA,NA,NA,NA,NA,NA,NA,NA,NA,5,NA,NA,-0.7,-0.6634631459224952,0.03653685407750473,0.15,0.14973065525774437,-2.6934474225562277e-4,1,0.999639334824167,-3.6066517583299706e-4,5,5.5562562808197775,0.5562562808197775,1.5,1.6830526015643124,0.18305260156431236,0.8,0.683832374300082,-0.116167625699918,39.26204223185732,39.262042231857095,-2.2737367544323206e-13,NA,NA,NA,NA,NA,NA,NA,NA,NA,NA,NA,NA,NA,NA,NA,NA,NA,NA,NA,NA,NA,NA,NA,NA,NA,NA,NA,NA,NA,NA,NA,NA,NA,NA,NA,NA,NA,NA,NA,NA,NA,NA,NA,NA,NA,NA,NA,NA,NA,NA,NA,NA,NA,NA,NA,NA,NA,NA,NA,NA,NA,NA,NA,NA,NA,NA,NA,NA,NA,NA,NA,NA,NA,NA,NA,NA,NA,NA,NA,NA,NA,NA,NA,NA,NA,NA,NA,NA,NA,NA,NA,NA,NA,NA,NA,NA,NA,NA,NA,NA,NA,NA,true,TRUE,TRUE,3667.6509198584754,3706.9129620903323,3667.7962276284047,39.26204223185687,39.26204223185687,7.999999999999954,FALSE,92.323,NA,NA,NA
symmetric_heavy_tails,symmetric heavy tails,HT,CN,14,1000,448,0.448,NA,TRUE,TRUE,TRUE,0,NA,-1827.6157277953848,3675.2314555907697,3724.309008380591,3675.4539025068466,10,531.086,NA,3657.2314555907697,3662.139210869752,1.000000000000017,NA,HeckmanEM,NA,raw_AIC_BIC_implied_logLik,finite_logLik_no_explicit_code,3,2.8976585903040526,-0.1023414096959474,0.4,0.2443925707595228,-0.1556074292404772,NA,NA,NA,NA,NA,NA,NA,NA,NA,NA,NA,5,NA,NA,-0.7,-0.6799787746183911,0.02002122538160888,0.15,0.15260814191874322,0.00260814191874322,1,1.029703054307854,0.02970305430785402,5,5.505196397034874,0.5051963970348741,1.5,1.672305411899602,0.1723054118996021,0.8,0.6831829177777792,-0.11681708222222088,49.07755278982131,49.07755278982137,-5.684341886080802e-14,NA,NA,NA,NA,NA,NA,NA,NA,NA,NA,NA,NA,NA,NA,NA,NA,NA,NA,NA,NA,NA,NA,NA,NA,NA,NA,NA,NA,NA,NA,NA,NA,NA,NA,NA,NA,NA,NA,NA,NA,NA,NA,NA,NA,NA,NA,NA,NA,NA,NA,NA,NA,NA,NA,NA,NA,NA,NA,NA,NA,NA,NA,NA,NA,NA,NA,NA,NA,NA,NA,NA,NA,NA,NA,NA,NA,NA,NA,NA,NA,NA,NA,NA,NA,NA,NA,NA,NA,NA,NA,NA,NA,NA,NA,NA,NA,NA,NA,NA,NA,NA,NA,true,TRUE,TRUE,3675.2314555907697,3724.309008380591,3675.4539025068466,49.07755278982131,49.07755278982131,9.999999999999988,FALSE,531.086,NA,NA,NA
symmetric_heavy_tails,symmetric heavy tails,HT,ESN,14,1000,448,0.448,NA,TRUE,TRUE,TRUE,0,CONVERGENCE: REL_REDUCTION_OF_F <= FACTR*EPSMCH,-1850.655807339173,3723.311614678346,3777.2969227471494,3723.578821156079,11,18816.799000000003,NA,NA,NA,NA,6,stage2,1855.75033186325;1857.32912104253;1855.74888065307;1854.42101194066;1855.74640328151;1851.85468354287;1856.65088795146;1855.74768354507;1855.74386785359;1855.77975358238;1855.74025365059;1850.66046039615;1853.0812049299;1857.32908972933,proposed_likelihood,stage2,3,5.38605103147208,2.38605103147208,0.4,0.5156400068302871,0.11564000683028708,NA,1.4897045557220925,NA,NA,1.0734086003567267,NA,NA,-1.4925821305300957,NA,NA,-1.4925821305300957,5,NA,NA,-0.7,-1.3644442468951494,-0.6644442468951495,0.15,0.10179931132690467,-0.04820068867309531,1,0.6900034258422658,-0.3099965741577342,5,0.21858838514601844,-4.781411614853981,1.5,1.59101306276396,0.09101306276396004,0.8,0.6531568131720209,-0.14684318682797914,53.98530806880353,53.985308068803505,2.842170943040401e-14,NA,NA,NA,NA,NA,NA,NA,NA,NA,NA,NA,NA,NA,NA,NA,NA,NA,NA,NA,NA,NA,NA,NA,NA,NA,NA,NA,NA,NA,NA,NA,NA,NA,NA,NA,NA,NA,NA,NA,NA,NA,NA,NA,NA,NA,NA,NA,NA,NA,NA,NA,NA,NA,NA,NA,NA,NA,NA,NA,NA,NA,NA,NA,NA,NA,NA,NA,NA,NA,NA,NA,NA,NA,NA,NA,NA,NA,NA,NA,NA,NA,NA,NA,NA,NA,NA,NA,NA,NA,NA,NA,NA,NA,NA,NA,NA,NA,NA,NA,NA,NA,NA,true,TRUE,TRUE,3723.311614678346,3777.2969227471494,3723.578821156079,53.98530806880353,53.98530806880353,11.000000000000005,FALSE,18816.799000000003,TRUE,FALSE,TRUE
symmetric_heavy_tails,symmetric heavy tails,HT,EST,14,1000,448,0.448,NA,TRUE,TRUE,TRUE,0,CONVERGENCE: REL_REDUCTION_OF_F <= FACTR*EPSMCH,-1823.375910798368,3670.751821596736,3729.6448849445214,3671.067931019228,12,17962.37,NA,NA,NA,NA,19,stage2,1823.38045538722;1e+12;1e+12;1823.37980792375;1e+12;1e+12;1823.37982289156;1e+12;1e+12;1823.38350451669;1e+12;1e+12;1823.37870759215;1e+12;1e+12;1823.38408110242;1e+12;1e+12;1823.37591240707;1e+12;1e+12;1823.37752025591;1e+12;1e+12;1823.37714946391;1e+12;1e+12;1823.39503838851;1e+12;1e+12;1823.37728706013;1e+12;1e+12;1823.38910152942;1e+12;1e+12;1823.37994137094;1e+12;1e+12;1823.38325328436;1e+12;1e+12,proposed_likelihood,stage2,3,2.50985897921722,-0.4901410207827799,0.4,0.21839877405261657,-0.18160122594738343,NA,1.4925821305300957,NA,NA,-0.7501307440399532,NA,NA,-1.4226827983346266,NA,NA,-1.4226827983346266,5,4,-1,-0.7,-1.715462175156937,-1.015462175156937,0.15,0.1327149550485804,-0.01728504495141961,1,0.886522032558866,-0.11347796744113404,5,5.807065014646707,0.8070650146467067,1.5,1.6820253417537896,0.1820253417537896,0.8,0.7111027258725742,-0.08889727412742587,58.893063347785755,58.89306334778564,1.1368683772161603e-13,NA,NA,NA,NA,NA,NA,NA,NA,NA,NA,NA,NA,NA,NA,NA,NA,NA,NA,NA,NA,NA,NA,NA,NA,NA,NA,NA,NA,NA,NA,NA,NA,NA,NA,NA,NA,NA,NA,NA,NA,NA,NA,NA,NA,NA,NA,NA,NA,NA,NA,NA,NA,NA,NA,NA,NA,NA,NA,NA,NA,NA,NA,NA,NA,NA,NA,NA,NA,NA,NA,NA,NA,NA,NA,NA,NA,NA,NA,NA,NA,NA,NA,NA,NA,NA,NA,NA,NA,NA,NA,NA,NA,NA,NA,NA,NA,NA,NA,NA,NA,NA,NA,true,TRUE,TRUE,3670.751821596736,3729.644884944522,3671.0679310192286,58.8930633477853,58.893063347785755,11.99999999999993,FALSE,17962.37,TRUE,FALSE,FALSE
symmetric_heavy_tails,symmetric heavy tails,HT,NH,15,1000,453,0.453,NA,TRUE,TRUE,TRUE,0,NA,-1802.992741819104,3621.985483638208,3661.247525870065,3622.130791408137,8,42.75,NA,3607.985483638208,3612.89323891719,1.000000000000017,NA,HeckmanEM,NA,raw_AIC_BIC_implied_logLik,finite_logLik_no_explicit_code,3,3.8268530398464056,0.8268530398464056,0.4,0.4633552803279391,0.06335528032793908,NA,NA,NA,NA,NA,NA,NA,NA,NA,NA,NA,5,NA,NA,-0.7,-0.6230047371459411,0.07699526285405889,0.15,0.144947794882017,-0.00505220511798298,1,0.954237373564732,-0.04576262643526807,5,4.545305984644332,-0.4546940153556678,1.5,1.3201005915183202,-0.17989940848167985,0.8,0.7283005665163812,-0.07169943348361885,39.26204223185732,39.262042231857095,2.2737367544323206e-13,NA,NA,NA,NA,NA,NA,NA,NA,NA,NA,NA,NA,NA,NA,NA,NA,NA,NA,NA,NA,NA,NA,NA,NA,NA,NA,NA,NA,NA,NA,NA,NA,NA,NA,NA,NA,NA,NA,NA,NA,NA,NA,NA,NA,NA,NA,NA,NA,NA,NA,NA,NA,NA,NA,NA,NA,NA,NA,NA,NA,NA,NA,NA,NA,NA,NA,NA,NA,NA,NA,NA,NA,NA,NA,NA,NA,NA,NA,NA,NA,NA,NA,NA,NA,NA,NA,NA,NA,NA,NA,NA,NA,NA,NA,NA,NA,NA,NA,NA,NA,NA,NA,true,TRUE,TRUE,3621.985483638208,3661.247525870065,3622.130791408137,39.26204223185732,39.26204223185732,8.000000000000046,FALSE,42.75,NA,NA,NA
symmetric_heavy_tails,symmetric heavy tails,HT,HT,15,1000,453,0.453,NA,TRUE,TRUE,TRUE,0,NA,-1788.2280076558006,3592.4560153116013,3631.7180575434586,3592.6013230815306,8,80.33700000000002,NA,3578.4560153116013,3583.3637705905835,1.000000000000017,NA,HeckmanEM,NA,raw_AIC_BIC_implied_logLik,finite_logLik_no_explicit_code,3,2.9863656018297573,-0.0136343981702427,0.4,0.4552407355997394,0.05524073559973935,NA,NA,NA,NA,NA,NA,NA,NA,NA,NA,NA,5,NA,NA,-0.7,-0.6976673950493901,0.00233260495060982,0.15,0.16225136198085485,0.01225136198085485,1,1.0584337854060273,0.05843378540602728,5,4.507680782510031,-0.4923192174899693,1.5,1.400998920026529,-0.09900107997347107,0.8,0.7849220218517655,-0.01507797814823452,39.26204223185732,39.262042231857095,2.2737367544323206e-13,NA,NA,NA,NA,NA,NA,NA,NA,NA,NA,NA,NA,NA,NA,NA,NA,NA,NA,NA,NA,NA,NA,NA,NA,NA,NA,NA,NA,NA,NA,NA,NA,NA,NA,NA,NA,NA,NA,NA,NA,NA,NA,NA,NA,NA,NA,NA,NA,NA,NA,NA,NA,NA,NA,NA,NA,NA,NA,NA,NA,NA,NA,NA,NA,NA,NA,NA,NA,NA,NA,NA,NA,NA,NA,NA,NA,NA,NA,NA,NA,NA,NA,NA,NA,NA,NA,NA,NA,NA,NA,NA,NA,NA,NA,NA,NA,NA,NA,NA,NA,NA,NA,true,TRUE,TRUE,3592.4560153116013,3631.7180575434586,3592.6013230815306,39.26204223185732,39.26204223185732,8.000000000000046,FALSE,80.33700000000002,NA,NA,NA
symmetric_heavy_tails,symmetric heavy tails,HT,CN,15,1000,453,0.453,NA,TRUE,TRUE,TRUE,0,NA,-1786.4325765948818,3592.8651531897635,3641.942705979585,3593.0876001058405,10,501.223,NA,3574.8651531897635,3579.7729084687458,1.000000000000017,NA,HeckmanEM,NA,raw_AIC_BIC_implied_logLik,finite_logLik_no_explicit_code,3,2.5876350111749247,-0.4123649888250754,0.4,0.442787987269466,0.04278798726946598,NA,NA,NA,NA,NA,NA,NA,NA,NA,NA,NA,5,NA,NA,-0.7,-0.7976587021717669,-0.09765870217176698,0.15,0.1847234842263672,0.03472348422636723,1,1.2107285625812925,0.21072856258129247,5,4.539625642954938,-0.4603743570450618,1.5,1.404379407203462,-0.0956205927965379,0.8,0.7886551575690147,-0.01134484243098532,49.07755278982131,49.07755278982137,-5.684341886080802e-14,NA,NA,NA,NA,NA,NA,NA,NA,NA,NA,NA,NA,NA,NA,NA,NA,NA,NA,NA,NA,NA,NA,NA,NA,NA,NA,NA,NA,NA,NA,NA,NA,NA,NA,NA,NA,NA,NA,NA,NA,NA,NA,NA,NA,NA,NA,NA,NA,NA,NA,NA,NA,NA,NA,NA,NA,NA,NA,NA,NA,NA,NA,NA,NA,NA,NA,NA,NA,NA,NA,NA,NA,NA,NA,NA,NA,NA,NA,NA,NA,NA,NA,NA,NA,NA,NA,NA,NA,NA,NA,NA,NA,NA,NA,NA,NA,NA,NA,NA,NA,NA,NA,true,TRUE,TRUE,3592.8651531897635,3641.942705979585,3593.0876001058405,49.07755278982131,49.07755278982131,9.999999999999988,FALSE,501.223,NA,NA,NA
symmetric_heavy_tails,symmetric heavy tails,HT,ESN,15,1000,453,0.453,NA,TRUE,TRUE,TRUE,0,CONVERGENCE: REL_REDUCTION_OF_F <= FACTR*EPSMCH,-1798.4862881422555,3618.972576284511,3672.9578843533145,3619.239782762244,11,16457.911,NA,NA,NA,NA,10,stage2,1802.20826681163;1802.99281721971;1802.14671543465;1802.52577220247;1801.96856997029;1802.99279715774;1802.45665109872;1798.51972198339;1802.13008893629;1798.59596933123;1801.98781036781;1802.99089046132;1802.15671968701;1802.99274130643,proposed_likelihood,stage2,3,5.144446026746847,2.144446026746847,0.4,0.6897460217684899,0.28974602176848985,NA,1.4925821305300957,NA,NA,0.8409196679147071,NA,NA,-1.4905892572155806,NA,NA,-1.4905892572155806,5,NA,NA,-0.7,-1.4595463034973175,-0.7595463034973178,0.15,0.11027411125986417,-0.03972588874013583,1,0.7232094344563958,-0.27679056554360415,5,-0.8756841185644847,-5.875684118564485,1.5,1.3123850600725444,-0.1876149399274556,0.8,0.7381805162987296,-0.06181948370127044,53.98530806880353,53.985308068803505,2.842170943040401e-14,NA,NA,NA,NA,NA,NA,NA,NA,NA,NA,NA,NA,NA,NA,NA,NA,NA,NA,NA,NA,NA,NA,NA,NA,NA,NA,NA,NA,NA,NA,NA,NA,NA,NA,NA,NA,NA,NA,NA,NA,NA,NA,NA,NA,NA,NA,NA,NA,NA,NA,NA,NA,NA,NA,NA,NA,NA,NA,NA,NA,NA,NA,NA,NA,NA,NA,NA,NA,NA,NA,NA,NA,NA,NA,NA,NA,NA,NA,NA,NA,NA,NA,NA,NA,NA,NA,NA,NA,NA,NA,NA,NA,NA,NA,NA,NA,NA,NA,NA,NA,NA,NA,true,TRUE,TRUE,3618.972576284511,3672.9578843533145,3619.239782762244,53.98530806880353,53.98530806880353,11.000000000000005,FALSE,16457.911,TRUE,FALSE,TRUE
symmetric_heavy_tails,symmetric heavy tails,HT,EST,15,1000,453,0.453,NA,TRUE,TRUE,TRUE,0,CONVERGENCE: REL_REDUCTION_OF_F <= FACTR*EPSMCH,-1787.46878817133,3598.93757634266,3657.830639690446,3599.253685765153,12,19411.078,NA,NA,NA,NA,31,stage2,1787.65051073598;1e+12;1e+12;1787.51331324298;1e+12;1e+12;1787.52834812864;1e+12;1e+12;1787.48120661266;1e+12;1e+12;1787.46933584505;1e+12;1e+12;1787.47069176544;1e+12;1e+12;1787.48960755193;1e+12;1e+12;1787.47002369041;1e+12;1e+12;1787.47737647882;1e+12;1e+12;1787.46887307267;1e+12;1e+12;1787.46878870412;1e+12;1e+12;1787.4781180569;1e+12;1e+12;1787.60891385446;1e+12;1e+12;1787.47030828131;1e+12;1e+12,proposed_likelihood,stage2,3,2.82361635691022,-0.17638364308978005,0.4,0.4605651344587814,0.06056513445878137,NA,1.4925821305300957,NA,NA,-0.02417159066094749,NA,NA,1.4698538110177766,NA,NA,1.4698538110177766,5,4,-1,-0.7,-0.9354923243151558,-0.23549232431515588,0.15,0.1419884623231765,-0.0080115376768235,1,0.932968390227472,-0.06703160977252798,5,4.207207240351681,-0.7927927596483189,1.5,1.4065716778515345,-0.09342832214846553,0.8,0.7856770149664661,-0.0143229850335339,58.893063347785755,58.89306334778564,1.1368683772161603e-13,NA,NA,NA,NA,NA,NA,NA,NA,NA,NA,NA,NA,NA,NA,NA,NA,NA,NA,NA,NA,NA,NA,NA,NA,NA,NA,NA,NA,NA,NA,NA,NA,NA,NA,NA,NA,NA,NA,NA,NA,NA,NA,NA,NA,NA,NA,NA,NA,NA,NA,NA,NA,NA,NA,NA,NA,NA,NA,NA,NA,NA,NA,NA,NA,NA,NA,NA,NA,NA,NA,NA,NA,NA,NA,NA,NA,NA,NA,NA,NA,NA,NA,NA,NA,NA,NA,NA,NA,NA,NA,NA,NA,NA,NA,NA,NA,NA,NA,NA,NA,NA,NA,true,TRUE,TRUE,3598.93757634266,3657.830639690446,3599.2536857651526,58.893063347785755,58.893063347785755,12.000000000000023,FALSE,19411.078,TRUE,FALSE,TRUE
symmetric_heavy_tails,symmetric heavy tails,HT,NH,16,1000,460,0.46,NA,TRUE,TRUE,TRUE,0,NA,-1881.3114544172308,3778.6229088344617,3817.8849510663185,3778.768216604391,8,38.182,NA,3764.6229088344617,3769.530664113444,1.000000000000017,NA,HeckmanEM,NA,raw_AIC_BIC_implied_logLik,finite_logLik_no_explicit_code,3,3.9772868465379,0.9772868465378995,0.4,0.13423698480298177,-0.2657630151970183,NA,NA,NA,NA,NA,NA,NA,NA,NA,NA,NA,5,NA,NA,-0.7,-0.546910401989001,0.15308959801099897,0.15,0.1450681762015441,-0.00493182379845588,1,0.8238411847457329,-0.17615881525426713,5,5.38394968385512,0.3839496838551204,1.5,1.4124550546699626,-0.08754494533003743,0.8,0.9656479907323472,0.16564799073234715,39.26204223185687,39.262042231857095,-2.2737367544323206e-13,NA,NA,NA,NA,NA,NA,NA,NA,NA,NA,NA,NA,NA,NA,NA,NA,NA,NA,NA,NA,NA,NA,NA,NA,NA,NA,NA,NA,NA,NA,NA,NA,NA,NA,NA,NA,NA,NA,NA,NA,NA,NA,NA,NA,NA,NA,NA,NA,NA,NA,NA,NA,NA,NA,NA,NA,NA,NA,NA,NA,NA,NA,NA,NA,NA,NA,NA,NA,NA,NA,NA,NA,NA,NA,NA,NA,NA,NA,NA,NA,NA,NA,NA,NA,NA,NA,NA,NA,NA,NA,NA,NA,NA,NA,NA,NA,NA,NA,NA,NA,NA,NA,true,TRUE,TRUE,3778.6229088344617,3817.8849510663185,3778.768216604391,39.26204223185687,39.26204223185687,7.999999999999954,FALSE,38.182,NA,NA,NA
symmetric_heavy_tails,symmetric heavy tails,HT,HT,16,1000,460,0.46,NA,TRUE,TRUE,TRUE,0,NA,-1853.6280175967124,3723.256035193425,3762.518077425282,3723.401342963354,8,132.47199999999998,NA,3709.256035193425,3714.163790472407,1.000000000000017,NA,HeckmanEM,NA,raw_AIC_BIC_implied_logLik,finite_logLik_no_explicit_code,3,3.037960616138957,0.03796061613895718,0.4,0.29296380434182384,-0.10703619565817618,NA,NA,NA,NA,NA,NA,NA,NA,NA,NA,NA,5,NA,NA,-0.7,-0.580361294438448,0.11963870556155198,0.15,0.15915018621113453,0.00915018621113453,1,0.8748425573908342,-0.12515744260916584,5,5.097072551782195,0.09707255178219489,1.5,1.5542835352706774,0.05428353527067742,0.8,0.9067838046171456,0.10678380461714564,39.26204223185732,39.262042231857095,2.2737367544323206e-13,NA,NA,NA,NA,NA,NA,NA,NA,NA,NA,NA,NA,NA,NA,NA,NA,NA,NA,NA,NA,NA,NA,NA,NA,NA,NA,NA,NA,NA,NA,NA,NA,NA,NA,NA,NA,NA,NA,NA,NA,NA,NA,NA,NA,NA,NA,NA,NA,NA,NA,NA,NA,NA,NA,NA,NA,NA,NA,NA,NA,NA,NA,NA,NA,NA,NA,NA,NA,NA,NA,NA,NA,NA,NA,NA,NA,NA,NA,NA,NA,NA,NA,NA,NA,NA,NA,NA,NA,NA,NA,NA,NA,NA,NA,NA,NA,NA,NA,NA,NA,NA,NA,true,TRUE,TRUE,3723.256035193425,3762.518077425282,3723.401342963354,39.26204223185732,39.26204223185732,8.000000000000046,FALSE,132.47199999999998,NA,NA,NA
symmetric_heavy_tails,symmetric heavy tails,HT,CN,16,1000,460,0.46,NA,TRUE,TRUE,TRUE,0,NA,-1857.1487343569725,3734.297468713945,3783.375021503766,3734.519915630022,10,396.5849999999999,NA,3716.297468713945,3721.205223992927,1.000000000000017,NA,HeckmanEM,NA,raw_AIC_BIC_implied_logLik,finite_logLik_no_explicit_code,3,3.0178935835129694,0.01789358351296943,0.4,0.25528722457649683,-0.1447127754235032,NA,NA,NA,NA,NA,NA,NA,NA,NA,NA,NA,5,NA,NA,-0.7,-0.6011373941981125,0.09886260580188744,0.15,0.1632881032529286,0.01328810325292861,1,0.9055360025383846,-0.09446399746161538,5,5.122217519637315,0.12221751963731542,1.5,1.5627901980489276,0.0627901980489276,0.8,0.9285307028112988,0.12853070281129886,49.07755278982131,49.07755278982137,-5.684341886080802e-14,NA,NA,NA,NA,NA,NA,NA,NA,NA,NA,NA,NA,NA,NA,NA,NA,NA,NA,NA,NA,NA,NA,NA,NA,NA,NA,NA,NA,NA,NA,NA,NA,NA,NA,NA,NA,NA,NA,NA,NA,NA,NA,NA,NA,NA,NA,NA,NA,NA,NA,NA,NA,NA,NA,NA,NA,NA,NA,NA,NA,NA,NA,NA,NA,NA,NA,NA,NA,NA,NA,NA,NA,NA,NA,NA,NA,NA,NA,NA,NA,NA,NA,NA,NA,NA,NA,NA,NA,NA,NA,NA,NA,NA,NA,NA,NA,NA,NA,NA,NA,NA,NA,true,TRUE,TRUE,3734.297468713945,3783.375021503766,3734.519915630022,49.07755278982131,49.07755278982131,9.999999999999988,FALSE,396.5849999999999,NA,NA,NA
symmetric_heavy_tails,symmetric heavy tails,HT,ESN,16,1000,460,0.46,NA,TRUE,TRUE,TRUE,0,CONVERGENCE: REL_REDUCTION_OF_F <= FACTR*EPSMCH,-1876.35031960402,3774.70063920804,3828.6859472768433,3774.9678456857728,11,18026.115,NA,NA,NA,NA,1,stage2,1876.36719523764;1876.48591090341;1876.38119031764;1881.31141691039;1876.36746004589;1881.31193977926;1881.31157833779;1876.36480582156;1876.3809602244;1880.77243309543;1876.39480436001;1876.37975792463;1876.38417586601;1881.31145375101,proposed_likelihood,stage2,3,5.611980817248072,2.611980817248072,0.4,0.21475710278541463,-0.1852428972145854,NA,-0.27508649650155514,NA,NA,-1.2617904278476284,NA,NA,-1.4925821305300957,NA,NA,-1.4925821305300957,5,NA,NA,-0.7,-0.2953995433832072,0.4046004566167928,0.15,0.14334700543241655,-0.00665299456758342,1,0.8139912797951953,-0.18600872020480477,5,11.791171483757571,6.791171483757573,1.5,1.425519279539209,-0.07448072046079068,0.8,0.9518337167571298,0.15183371675712976,53.98530806880353,53.985308068803505,2.842170943040401e-14,NA,NA,NA,NA,NA,NA,NA,NA,NA,NA,NA,NA,NA,NA,NA,NA,NA,NA,NA,NA,NA,NA,NA,NA,NA,NA,NA,NA,NA,NA,NA,NA,NA,NA,NA,NA,NA,NA,NA,NA,NA,NA,NA,NA,NA,NA,NA,NA,NA,NA,NA,NA,NA,NA,NA,NA,NA,NA,NA,NA,NA,NA,NA,NA,NA,NA,NA,NA,NA,NA,NA,NA,NA,NA,NA,NA,NA,NA,NA,NA,NA,NA,NA,NA,NA,NA,NA,NA,NA,NA,NA,NA,NA,NA,NA,NA,NA,NA,NA,NA,NA,NA,true,TRUE,TRUE,3774.70063920804,3828.6859472768433,3774.9678456857728,53.98530806880353,53.98530806880353,11.000000000000005,FALSE,18026.115,FALSE,FALSE,TRUE
symmetric_heavy_tails,symmetric heavy tails,HT,EST,16,1000,460,0.46,NA,TRUE,TRUE,TRUE,0,CONVERGENCE: REL_REDUCTION_OF_F <= FACTR*EPSMCH,-1853.445309812121,3730.890619624242,3789.783682972028,3731.2067290467344,12,18890.324,NA,NA,NA,NA,22,stage2,1853.44732944966;1e+12;1e+12;1853.44571309697;1e+12;1e+12;1853.44559135386;1e+12;1e+12;1853.44663887024;1e+12;1e+12;1853.44579076103;1e+12;1e+12;1853.44574728026;1e+12;1e+12;1853.44598440591;1e+12;1e+12;1853.4453101679;1e+12;1e+12;1853.4527014204;1e+12;1e+12;1853.44605547557;1e+12;1e+12;1853.44535889768;1e+12;1e+12;1853.44632112786;1e+12;1e+12;1853.45827119453;1e+12;1e+12;1853.44584321846;1e+12;1e+12,proposed_likelihood,stage2,3,3.164877096306672,0.16487709630667213,0.4,0.2063783182664822,-0.19362168173351785,NA,-0.7009681930670199,NA,NA,0.2553879206780986,NA,NA,1.289581003846359,NA,NA,1.289581003846359,5,4,-1,-0.7,-0.3559553671358238,0.34404463286417614,0.15,0.14694226261672283,-0.00305773738327716,1,0.8074856599557788,-0.1925143400442212,5,5.145423372480423,0.1454233724804226,1.5,1.5644354313385802,0.0644354313385802,0.8,0.907668583875821,0.1076685838758209,58.893063347785755,58.89306334778564,1.1368683772161603e-13,NA,NA,NA,NA,NA,NA,NA,NA,NA,NA,NA,NA,NA,NA,NA,NA,NA,NA,NA,NA,NA,NA,NA,NA,NA,NA,NA,NA,NA,NA,NA,NA,NA,NA,NA,NA,NA,NA,NA,NA,NA,NA,NA,NA,NA,NA,NA,NA,NA,NA,NA,NA,NA,NA,NA,NA,NA,NA,NA,NA,NA,NA,NA,NA,NA,NA,NA,NA,NA,NA,NA,NA,NA,NA,NA,NA,NA,NA,NA,NA,NA,NA,NA,NA,NA,NA,NA,NA,NA,NA,NA,NA,NA,NA,NA,NA,NA,NA,NA,NA,NA,NA,true,TRUE,TRUE,3730.890619624242,3789.7836829720277,3731.2067290467344,58.89306334778621,58.893063347785755,12.000000000000115,FALSE,18890.324,FALSE,FALSE,FALSE
symmetric_heavy_tails,symmetric heavy tails,HT,NH,17,1000,428,0.428,NA,TRUE,TRUE,TRUE,0,NA,-1789.4721548460043,3594.9443096920086,3634.2063519238654,3595.089617461938,8,57.089,NA,3580.9443096920086,3585.852064970991,1.000000000000017,NA,HeckmanEM,NA,raw_AIC_BIC_implied_logLik,finite_logLik_no_explicit_code,3,4.180138080304492,1.1801380803044923,0.4,0.2387712337267453,-0.16122876627325472,NA,NA,NA,NA,NA,NA,NA,NA,NA,NA,NA,5,NA,NA,-0.7,-0.7004068726858844,-4.068726858844629e-4,0.15,0.13230056762662318,-0.01769943237337681,1,0.9578194570318064,-0.04218054296819362,5,5.709498411341189,0.7094984113411886,1.5,1.449273739672638,-0.05072626032736194,0.8,0.5243622256896961,-0.2756377743103039,39.26204223185687,39.262042231857095,-2.2737367544323206e-13,NA,NA,NA,NA,NA,NA,NA,NA,NA,NA,NA,NA,NA,NA,NA,NA,NA,NA,NA,NA,NA,NA,NA,NA,NA,NA,NA,NA,NA,NA,NA,NA,NA,NA,NA,NA,NA,NA,NA,NA,NA,NA,NA,NA,NA,NA,NA,NA,NA,NA,NA,NA,NA,NA,NA,NA,NA,NA,NA,NA,NA,NA,NA,NA,NA,NA,NA,NA,NA,NA,NA,NA,NA,NA,NA,NA,NA,NA,NA,NA,NA,NA,NA,NA,NA,NA,NA,NA,NA,NA,NA,NA,NA,NA,NA,NA,NA,NA,NA,NA,NA,NA,true,TRUE,TRUE,3594.9443096920086,3634.2063519238654,3595.089617461938,39.26204223185687,39.26204223185687,7.999999999999954,FALSE,57.089,NA,NA,NA
symmetric_heavy_tails,symmetric heavy tails,HT,HT,17,1000,428,0.428,NA,TRUE,TRUE,TRUE,0,NA,-1756.3864813329733,3528.7729626659466,3568.035004897803,3528.918270435876,8,66.03200000000001,NA,3514.7729626659466,3519.680717944929,1.000000000000017,NA,HeckmanEM,NA,raw_AIC_BIC_implied_logLik,finite_logLik_no_explicit_code,3,2.8940369743920606,-0.10596302560793935,0.4,0.29379966823343584,-0.10620033176656418,NA,NA,NA,NA,NA,NA,NA,NA,NA,NA,NA,5,NA,NA,-0.7,-0.824835306470352,-0.124835306470352,0.15,0.15386198311203822,0.00386198311203822,1,1.1158764542906838,0.11587645429068384,5,5.504131162013776,0.5041311620137758,1.5,1.5067173079183511,0.00671730791835112,0.8,0.5953209441271282,-0.20467905587287183,39.26204223185687,39.262042231857095,-2.2737367544323206e-13,NA,NA,NA,NA,NA,NA,NA,NA,NA,NA,NA,NA,NA,NA,NA,NA,NA,NA,NA,NA,NA,NA,NA,NA,NA,NA,NA,NA,NA,NA,NA,NA,NA,NA,NA,NA,NA,NA,NA,NA,NA,NA,NA,NA,NA,NA,NA,NA,NA,NA,NA,NA,NA,NA,NA,NA,NA,NA,NA,NA,NA,NA,NA,NA,NA,NA,NA,NA,NA,NA,NA,NA,NA,NA,NA,NA,NA,NA,NA,NA,NA,NA,NA,NA,NA,NA,NA,NA,NA,NA,NA,NA,NA,NA,NA,NA,NA,NA,NA,NA,NA,NA,true,TRUE,TRUE,3528.7729626659466,3568.0350048978034,3528.918270435876,39.26204223185641,39.26204223185687,7.9999999999998614,FALSE,66.03200000000001,NA,NA,NA
symmetric_heavy_tails,symmetric heavy tails,HT,CN,17,1000,428,0.428,NA,TRUE,TRUE,TRUE,0,NA,-1758.4372175682104,3536.8744351364207,3585.951987926242,3537.0968820524977,10,446.114,NA,3518.8744351364207,3523.782190415403,1.000000000000017,NA,HeckmanEM,NA,raw_AIC_BIC_implied_logLik,finite_logLik_no_explicit_code,3,2.9127274694893583,-0.08727253051064165,0.4,0.2821335607228211,-0.11786643927717894,NA,NA,NA,NA,NA,NA,NA,NA,NA,NA,NA,5,NA,NA,-0.7,-0.8428239272911779,-0.142823927291178,0.15,0.1572268841660023,0.00722688416600231,1,1.145055628352822,0.14505562835282193,5,5.664046089496475,0.664046089496475,1.5,1.491638755244357,-0.00836124475564292,0.8,0.5481764018158598,-0.25182359818414024,49.07755278982131,49.07755278982137,-5.684341886080802e-14,NA,NA,NA,NA,NA,NA,NA,NA,NA,NA,NA,NA,NA,NA,NA,NA,NA,NA,NA,NA,NA,NA,NA,NA,NA,NA,NA,NA,NA,NA,NA,NA,NA,NA,NA,NA,NA,NA,NA,NA,NA,NA,NA,NA,NA,NA,NA,NA,NA,NA,NA,NA,NA,NA,NA,NA,NA,NA,NA,NA,NA,NA,NA,NA,NA,NA,NA,NA,NA,NA,NA,NA,NA,NA,NA,NA,NA,NA,NA,NA,NA,NA,NA,NA,NA,NA,NA,NA,NA,NA,NA,NA,NA,NA,NA,NA,NA,NA,NA,NA,NA,NA,true,TRUE,TRUE,3536.8744351364207,3585.951987926242,3537.0968820524977,49.07755278982131,49.07755278982131,9.999999999999988,FALSE,446.114,NA,NA,NA
symmetric_heavy_tails,symmetric heavy tails,HT,ESN,17,1000,428,0.428,NA,TRUE,TRUE,TRUE,0,CONVERGENCE: REL_REDUCTION_OF_F <= FACTR*EPSMCH,-1784.748268328731,3591.496536657462,3645.4818447262655,3591.763743135195,11,17768.501,NA,NA,NA,NA,6,stage2,1786.87644236227;1789.47223771086;1786.8857024816;1788.91295431893;1786.87429680824;1784.95073749103;1788.93796360439;1786.86777642293;1786.88464774336;1787.0333797185;1786.90257680256;1787.01767466406;1786.98476605633;1789.47215434584,proposed_likelihood,stage2,3,5.373104175343987,2.373104175343987,0.4,0.5395933711800349,0.1395933711800349,NA,1.4921810900167838,NA,NA,0.912853058554663,NA,NA,-1.4925821305300957,NA,NA,-1.4925821305300957,5,NA,NA,-0.7,-1.5064161170905912,-0.8064161170905912,0.15,0.10160045694728906,-0.04839954305271093,1,0.7413044313332352,-0.2586955686667648,5,0.4074254529330957,-4.592574547066905,1.5,1.4447097240284077,-0.05529027597159253,0.8,0.5344201806310178,-0.26557981936898223,53.98530806880353,53.985308068803505,2.842170943040401e-14,NA,NA,NA,NA,NA,NA,NA,NA,NA,NA,NA,NA,NA,NA,NA,NA,NA,NA,NA,NA,NA,NA,NA,NA,NA,NA,NA,NA,NA,NA,NA,NA,NA,NA,NA,NA,NA,NA,NA,NA,NA,NA,NA,NA,NA,NA,NA,NA,NA,NA,NA,NA,NA,NA,NA,NA,NA,NA,NA,NA,NA,NA,NA,NA,NA,NA,NA,NA,NA,NA,NA,NA,NA,NA,NA,NA,NA,NA,NA,NA,NA,NA,NA,NA,NA,NA,NA,NA,NA,NA,NA,NA,NA,NA,NA,NA,NA,NA,NA,NA,NA,NA,true,TRUE,TRUE,3591.496536657462,3645.4818447262655,3591.763743135195,53.98530806880353,53.98530806880353,11.000000000000005,FALSE,17768.501,TRUE,FALSE,TRUE
symmetric_heavy_tails,symmetric heavy tails,HT,EST,17,1000,428,0.428,NA,TRUE,TRUE,TRUE,0,CONVERGENCE: REL_REDUCTION_OF_F <= FACTR*EPSMCH,-1755.499508527423,3534.999017054846,3593.892080402631,3535.315126477338,12,18154.857000000004,NA,NA,NA,NA,31,stage2,1755.502326261;1e+12;1e+12;1755.50146342041;1e+12;1e+12;1755.50216076424;1e+12;1e+12;1755.50519933949;1e+12;1e+12;1755.50283737637;1e+12;1e+12;1755.51118625576;1e+12;1e+12;1755.50055986936;1e+12;1e+12;1755.51729461429;1e+12;1e+12;1755.50364957367;1e+12;1e+12;1755.51297064445;1e+12;1e+12;1755.49970166776;1e+12;1e+12;1755.50685210542;1e+12;1e+12;1755.50014233935;1e+12;1e+12;1755.51356025913;1e+12;1e+12,proposed_likelihood,stage2,3,2.367891408115211,-0.6321085918847889,0.4,0.29367894365206965,-0.10632105634793038,NA,1.049476424745268,NA,NA,-0.27852174234891075,NA,NA,-1.3188105718289618,NA,NA,-1.3188105718289618,5,4,-1,-0.7,-1.9570002733673408,-1.2570002733673409,0.15,0.14560880842549137,-0.00439119157450862,1,1.0711742376323492,0.0711742376323492,5,5.281445774432793,0.28144577443279317,1.5,1.496236073129772,-0.00376392687022786,0.8,0.5910321558249705,-0.20896784417502956,58.893063347785755,58.89306334778564,1.1368683772161603e-13,NA,NA,NA,NA,NA,NA,NA,NA,NA,NA,NA,NA,NA,NA,NA,NA,NA,NA,NA,NA,NA,NA,NA,NA,NA,NA,NA,NA,NA,NA,NA,NA,NA,NA,NA,NA,NA,NA,NA,NA,NA,NA,NA,NA,NA,NA,NA,NA,NA,NA,NA,NA,NA,NA,NA,NA,NA,NA,NA,NA,NA,NA,NA,NA,NA,NA,NA,NA,NA,NA,NA,NA,NA,NA,NA,NA,NA,NA,NA,NA,NA,NA,NA,NA,NA,NA,NA,NA,NA,NA,NA,NA,NA,NA,NA,NA,NA,NA,NA,NA,NA,NA,true,TRUE,TRUE,3534.999017054846,3593.8920804026316,3535.3151264773383,58.8930633477853,58.893063347785755,11.99999999999993,FALSE,18154.857000000004,FALSE,FALSE,FALSE
symmetric_heavy_tails,symmetric heavy tails,HT,NH,18,1000,439,0.439,NA,TRUE,TRUE,TRUE,0,NA,-1847.8107686957032,3711.6215373914065,3750.8835796232634,3711.766845161336,8,28.04,NA,3697.6215373914065,3702.5292926703887,1.000000000000017,NA,HeckmanEM,NA,raw_AIC_BIC_implied_logLik,finite_logLik_no_explicit_code,3,4.0262766064814075,1.0262766064814075,0.4,0.06028711726685335,-0.33971288273314665,NA,NA,NA,NA,NA,NA,NA,NA,NA,NA,NA,5,NA,NA,-0.7,-0.5219803246893023,0.17801967531069762,0.15,0.12125545906725152,-0.02874454093274847,1,0.7066406111113674,-0.29335938888863256,5,5.868655705473004,0.868655705473004,1.5,1.510636289220432,0.01063628922043191,0.8,0.8699457851825055,0.0699457851825055,39.26204223185687,39.262042231857095,-2.2737367544323206e-13,NA,NA,NA,NA,NA,NA,NA,NA,NA,NA,NA,NA,NA,NA,NA,NA,NA,NA,NA,NA,NA,NA,NA,NA,NA,NA,NA,NA,NA,NA,NA,NA,NA,NA,NA,NA,NA,NA,NA,NA,NA,NA,NA,NA,NA,NA,NA,NA,NA,NA,NA,NA,NA,NA,NA,NA,NA,NA,NA,NA,NA,NA,NA,NA,NA,NA,NA,NA,NA,NA,NA,NA,NA,NA,NA,NA,NA,NA,NA,NA,NA,NA,NA,NA,NA,NA,NA,NA,NA,NA,NA,NA,NA,NA,NA,NA,NA,NA,NA,NA,NA,NA,true,TRUE,TRUE,3711.6215373914065,3750.8835796232634,3711.766845161336,39.26204223185687,39.26204223185687,7.999999999999954,FALSE,28.04,NA,NA,NA
symmetric_heavy_tails,symmetric heavy tails,HT,HT,18,1000,439,0.439,NA,TRUE,TRUE,TRUE,0,NA,-1831.107689841749,3678.215379683498,3717.477421915356,3678.360687453428,8,185.354,NA,3664.215379683498,3669.123134962481,1.000000000000017,NA,HeckmanEM,NA,raw_AIC_BIC_implied_logLik,finite_logLik_no_explicit_code,3,3.2317647181691704,0.23176471816917044,0.4,0.3466763808580461,-0.05332361914195394,NA,NA,NA,NA,NA,NA,NA,NA,NA,NA,NA,5,NA,NA,-0.7,-0.5727170117857661,0.1272829882142339,0.15,0.1285419199244607,-0.02145808007553928,1,0.7769055883780339,-0.22309441162196608,5,4.874925111839356,-0.12507488816064427,1.5,1.513831391299769,0.01383139129976895,0.8,0.904162791111614,0.10416279111161408,39.26204223185732,39.262042231857095,-2.2737367544323206e-13,NA,NA,NA,NA,NA,NA,NA,NA,NA,NA,NA,NA,NA,NA,NA,NA,NA,NA,NA,NA,NA,NA,NA,NA,NA,NA,NA,NA,NA,NA,NA,NA,NA,NA,NA,NA,NA,NA,NA,NA,NA,NA,NA,NA,NA,NA,NA,NA,NA,NA,NA,NA,NA,NA,NA,NA,NA,NA,NA,NA,NA,NA,NA,NA,NA,NA,NA,NA,NA,NA,NA,NA,NA,NA,NA,NA,NA,NA,NA,NA,NA,NA,NA,NA,NA,NA,NA,NA,NA,NA,NA,NA,NA,NA,NA,NA,NA,NA,NA,NA,NA,NA,true,TRUE,TRUE,3678.215379683498,3717.477421915355,3678.3606874534275,39.26204223185778,39.26204223185687,8.000000000000139,FALSE,185.354,NA,NA,NA
symmetric_heavy_tails,symmetric heavy tails,HT,CN,18,1000,439,0.439,NA,TRUE,TRUE,TRUE,0,NA,-1830.9518799162045,3681.903759832409,3730.9813126222302,3682.126206748486,10,536.99,NA,3663.903759832409,3668.811515111391,1.000000000000017,NA,HeckmanEM,NA,raw_AIC_BIC_implied_logLik,finite_logLik_no_explicit_code,3,3.1173015813454352,0.11730158134543522,0.4,0.2949042293177735,-0.10509577068222652,NA,NA,NA,NA,NA,NA,NA,NA,NA,NA,NA,5,NA,NA,-0.7,-0.5932167184757628,0.1067832815242371,0.15,0.13416575785591525,-0.01583424214408474,1,0.8062172669646042,-0.19378273303539584,5,5.0370827387082375,0.03708273870823753,1.5,1.5279178797732862,0.02791787977328619,0.8,0.8980034582584775,0.09800345825847744,49.07755278982131,49.07755278982137,-5.684341886080802e-14,NA,NA,NA,NA,NA,NA,NA,NA,NA,NA,NA,NA,NA,NA,NA,NA,NA,NA,NA,NA,NA,NA,NA,NA,NA,NA,NA,NA,NA,NA,NA,NA,NA,NA,NA,NA,NA,NA,NA,NA,NA,NA,NA,NA,NA,NA,NA,NA,NA,NA,NA,NA,NA,NA,NA,NA,NA,NA,NA,NA,NA,NA,NA,NA,NA,NA,NA,NA,NA,NA,NA,NA,NA,NA,NA,NA,NA,NA,NA,NA,NA,NA,NA,NA,NA,NA,NA,NA,NA,NA,NA,NA,NA,NA,NA,NA,NA,NA,NA,NA,NA,NA,true,TRUE,TRUE,3681.903759832409,3730.9813126222302,3682.126206748486,49.07755278982131,49.07755278982131,9.999999999999988,FALSE,536.99,NA,NA,NA
symmetric_heavy_tails,symmetric heavy tails,HT,ESN,18,1000,439,0.439,NA,TRUE,TRUE,TRUE,0,CONVERGENCE: REL_REDUCTION_OF_F <= FACTR*EPSMCH,-1845.4285667297484,3712.8571334594967,3766.8424415283,3713.1243399372297,11,13749.426,NA,NA,NA,NA,10,stage2,1847.81106545163;1847.8109355236;1847.21461128345;1847.8108216369;1847.21526377544;1847.2203944102;1847.81078288238;1847.21708310088;1847.21465564973;1845.68147751739;1847.21620132479;1847.81186401364;1847.81085964653;1847.81076765129,proposed_likelihood,stage2,3,5.82531439636609,2.82531439636609,0.4,-0.04570398524911241,-0.4457039852491124,NA,-0.2029407407499004,NA,NA,1.4020584761169337,NA,NA,-1.4904461388532044,NA,NA,-1.4904461388532044,5,NA,NA,-0.7,-0.35353112439640116,0.3464688756035988,0.15,0.1207005707566513,-0.02929942924334869,1,0.7021274289438111,-0.2978725710561889,5,-0.7513052015621347,-5.751305201562134,1.5,1.4784948303979315,-0.02150516960206849,0.8,0.8645076235713834,0.0645076235713834,53.98530806880353,53.985308068803505,2.842170943040401e-14,NA,NA,NA,NA,NA,NA,NA,NA,NA,NA,NA,NA,NA,NA,NA,NA,NA,NA,NA,NA,NA,NA,NA,NA,NA,NA,NA,NA,NA,NA,NA,NA,NA,NA,NA,NA,NA,NA,NA,NA,NA,NA,NA,NA,NA,NA,NA,NA,NA,NA,NA,NA,NA,NA,NA,NA,NA,NA,NA,NA,NA,NA,NA,NA,NA,NA,NA,NA,NA,NA,NA,NA,NA,NA,NA,NA,NA,NA,NA,NA,NA,NA,NA,NA,NA,NA,NA,NA,NA,NA,NA,NA,NA,NA,NA,NA,NA,NA,NA,NA,NA,NA,true,TRUE,TRUE,3712.8571334594967,3766.8424415283002,3713.1243399372297,53.98530806880308,53.98530806880353,10.999999999999913,FALSE,13749.426,FALSE,FALSE,TRUE
symmetric_heavy_tails,symmetric heavy tails,HT,EST,18,1000,439,0.439,NA,TRUE,TRUE,TRUE,0,CONVERGENCE: REL_REDUCTION_OF_F <= FACTR*EPSMCH,-1830.263197356892,3684.526394713784,3743.41945806157,3684.8425041362766,12,18675.439,NA,NA,NA,NA,31,stage2,1830.26406438096;1e+12;1e+12;1830.27225352521;1e+12;1e+12;1830.26425652829;1e+12;1e+12;1830.26409960869;1e+12;1e+12;1830.26391953503;1e+12;1e+12;1830.26489533094;1e+12;1e+12;1830.2651886125;1e+12;1e+12;1830.26332404372;1e+12;1e+12;1830.35811190788;1e+12;1e+12;1830.26377470154;1e+12;1e+12;1830.26319740273;1e+12;1e+12;1830.26340087812;1e+12;1e+12;1830.35626694134;1e+12;1e+12;1830.26589093766;1e+12;1e+12,proposed_likelihood,stage2,3,3.284418519138786,0.2844185191387858,0.4,0.23300627254631331,-0.1669937274536867,NA,0.5428691134892429,NA,NA,0.8467712057929689,NA,NA,1.3103096401020755,NA,NA,1.3103096401020755,5,4,-1,-0.7,-0.6918719421763146,0.0081280578236853,0.15,0.1279069361878338,-0.02209306381216619,1,0.7502395264975138,-0.2497604735024862,5,4.562701554676239,-0.4372984453237611,1.5,1.4872508153836643,-0.01274918461633545,0.8,0.913036638116514,0.113036638116514,58.893063347785755,58.89306334778564,1.1368683772161603e-13,NA,NA,NA,NA,NA,NA,NA,NA,NA,NA,NA,NA,NA,NA,NA,NA,NA,NA,NA,NA,NA,NA,NA,NA,NA,NA,NA,NA,NA,NA,NA,NA,NA,NA,NA,NA,NA,NA,NA,NA,NA,NA,NA,NA,NA,NA,NA,NA,NA,NA,NA,NA,NA,NA,NA,NA,NA,NA,NA,NA,NA,NA,NA,NA,NA,NA,NA,NA,NA,NA,NA,NA,NA,NA,NA,NA,NA,NA,NA,NA,NA,NA,NA,NA,NA,NA,NA,NA,NA,NA,NA,NA,NA,NA,NA,NA,NA,NA,NA,NA,NA,NA,true,TRUE,TRUE,3684.526394713784,3743.41945806157,3684.8425041362766,58.893063347785755,58.893063347785755,12.000000000000023,FALSE,18675.439,FALSE,FALSE,FALSE
symmetric_heavy_tails,symmetric heavy tails,HT,NH,19,1000,449,0.449,NA,TRUE,TRUE,TRUE,0,NA,-1821.2274547101867,3658.4549094203735,3697.716951652231,3658.600217190303,8,133.024,NA,3644.4549094203735,3649.362664699356,1.000000000000017,NA,HeckmanEM,NA,raw_AIC_BIC_implied_logLik,finite_logLik_no_explicit_code,3,4.275355073778589,1.2753550737785888,0.4,0.5675961131229736,0.16759611312297362,NA,NA,NA,NA,NA,NA,NA,NA,NA,NA,NA,5,NA,NA,-0.7,-0.6507837907142249,0.04921620928577508,0.15,0.14477025356005352,-0.00522974643994647,1,0.9288670401231808,-0.07113295987681911,5,3.864578557103567,-1.1354214428964329,1.5,1.5916804919617906,0.09168049196179062,0.8,1.052581568926755,0.252581568926755,39.26204223185732,39.262042231857095,2.2737367544323206e-13,NA,NA,NA,NA,NA,NA,NA,NA,NA,NA,NA,NA,NA,NA,NA,NA,NA,NA,NA,NA,NA,NA,NA,NA,NA,NA,NA,NA,NA,NA,NA,NA,NA,NA,NA,NA,NA,NA,NA,NA,NA,NA,NA,NA,NA,NA,NA,NA,NA,NA,NA,NA,NA,NA,NA,NA,NA,NA,NA,NA,NA,NA,NA,NA,NA,NA,NA,NA,NA,NA,NA,NA,NA,NA,NA,NA,NA,NA,NA,NA,NA,NA,NA,NA,NA,NA,NA,NA,NA,NA,NA,NA,NA,NA,NA,NA,NA,NA,NA,NA,NA,NA,true,TRUE,TRUE,3658.4549094203735,3697.716951652231,3658.600217190303,39.26204223185732,39.26204223185732,8.000000000000046,FALSE,133.024,NA,NA,NA
symmetric_heavy_tails,symmetric heavy tails,HT,HT,19,1000,449,0.449,NA,TRUE,TRUE,TRUE,0,NA,-1805.6697778954667,3627.3395557909334,3666.6015980227903,3627.484863560863,8,110.622,NA,3613.3395557909334,3618.247311069916,1.000000000000017,NA,HeckmanEM,NA,raw_AIC_BIC_implied_logLik,finite_logLik_no_explicit_code,3,3.360263792675288,0.36026379267528785,0.4,0.48938235316473144,0.08938235316473142,NA,NA,NA,NA,NA,NA,NA,NA,NA,NA,NA,5,NA,NA,-0.7,-0.7078588575654087,-0.00785885756540871,0.15,0.1596121877756984,0.00961218777569841,1,1.01240345185332,0.01240345185332003,5,4.275758408560028,-0.7242415914399718,1.5,1.5242192733323228,0.02421927333232276,0.8,1.0223407365771913,0.2223407365771912,39.26204223185687,39.262042231857095,-2.2737367544323206e-13,NA,NA,NA,NA,NA,NA,NA,NA,NA,NA,NA,NA,NA,NA,NA,NA,NA,NA,NA,NA,NA,NA,NA,NA,NA,NA,NA,NA,NA,NA,NA,NA,NA,NA,NA,NA,NA,NA,NA,NA,NA,NA,NA,NA,NA,NA,NA,NA,NA,NA,NA,NA,NA,NA,NA,NA,NA,NA,NA,NA,NA,NA,NA,NA,NA,NA,NA,NA,NA,NA,NA,NA,NA,NA,NA,NA,NA,NA,NA,NA,NA,NA,NA,NA,NA,NA,NA,NA,NA,NA,NA,NA,NA,NA,NA,NA,NA,NA,NA,NA,NA,NA,true,TRUE,TRUE,3627.3395557909334,3666.6015980227903,3627.484863560863,39.26204223185687,39.26204223185687,7.999999999999954,FALSE,110.622,NA,NA,NA
symmetric_heavy_tails,symmetric heavy tails,HT,CN,19,1000,449,0.449,NA,TRUE,TRUE,TRUE,0,NA,-1805.9998575824889,3631.9997151649777,3681.0772679547986,3632.222162081054,10,350.35400000000004,NA,3613.9997151649777,3618.907470443959,1.000000000000017,NA,HeckmanEM,NA,raw_AIC_BIC_implied_logLik,finite_logLik_no_explicit_code,3,3.5444952592104575,0.5444952592104575,0.4,0.4912134945351905,0.09121349453519044,NA,NA,NA,NA,NA,NA,NA,NA,NA,NA,NA,5,NA,NA,-0.7,-0.703316878970135,-0.00331687897013499,0.15,0.15612511294076592,0.00612511294076592,1,1.0053144076925151,0.00531440769251534,5,4.286521697181239,-0.7134783028187606,1.5,1.570348661729722,0.07034866172972198,0.8,1.0008916515942572,0.20089165159425715,49.07755278982131,49.07755278982137,-5.684341886080802e-14,NA,NA,NA,NA,NA,NA,NA,NA,NA,NA,NA,NA,NA,NA,NA,NA,NA,NA,NA,NA,NA,NA,NA,NA,NA,NA,NA,NA,NA,NA,NA,NA,NA,NA,NA,NA,NA,NA,NA,NA,NA,NA,NA,NA,NA,NA,NA,NA,NA,NA,NA,NA,NA,NA,NA,NA,NA,NA,NA,NA,NA,NA,NA,NA,NA,NA,NA,NA,NA,NA,NA,NA,NA,NA,NA,NA,NA,NA,NA,NA,NA,NA,NA,NA,NA,NA,NA,NA,NA,NA,NA,NA,NA,NA,NA,NA,NA,NA,NA,NA,NA,NA,true,TRUE,TRUE,3631.9997151649777,3681.077267954799,3632.2221620810546,49.07755278982086,49.07755278982131,9.999999999999895,FALSE,350.35400000000004,NA,NA,NA
symmetric_heavy_tails,symmetric heavy tails,HT,ESN,19,1000,449,0.449,NA,TRUE,TRUE,TRUE,0,CONVERGENCE: REL_REDUCTION_OF_F <= FACTR*EPSMCH,-1813.4992920014276,3648.9985840028553,3702.983892071659,3649.265790480588,11,17442.376,NA,NA,NA,NA,10,stage2,1821.22464996976;1821.19654945411;1821.22686094963;1821.12302364792;1821.2271564334;1821.01563701781;1820.9889287501;1821.23135735654;1821.22725194509;1815.14309486868;1821.22798384996;1821.22734083556;1821.22931777564;1821.22745431391,proposed_likelihood,stage2,3,5.906121203926223,2.906121203926223,0.4,0.4774682538222,0.07746825382219996,NA,0.582658841490936,NA,NA,1.4925821305300957,NA,NA,-1.4923540102212434,NA,NA,-1.4923540102212434,5,NA,NA,-0.7,-1.0664715929726174,-0.36647159297261744,0.15,0.14385481090087646,-0.00614518909912353,1,0.924746638182584,-0.07525336181741604,5,-2.2659210378791435,-7.265921037879144,1.5,1.600866534803229,0.10086653480322894,0.8,1.0191734189534438,0.21917341895344375,53.98530806880353,53.985308068803505,2.842170943040401e-14,NA,NA,NA,NA,NA,NA,NA,NA,NA,NA,NA,NA,NA,NA,NA,NA,NA,NA,NA,NA,NA,NA,NA,NA,NA,NA,NA,NA,NA,NA,NA,NA,NA,NA,NA,NA,NA,NA,NA,NA,NA,NA,NA,NA,NA,NA,NA,NA,NA,NA,NA,NA,NA,NA,NA,NA,NA,NA,NA,NA,NA,NA,NA,NA,NA,NA,NA,NA,NA,NA,NA,NA,NA,NA,NA,NA,NA,NA,NA,NA,NA,NA,NA,NA,NA,NA,NA,NA,NA,NA,NA,NA,NA,NA,NA,NA,NA,NA,NA,NA,NA,NA,true,TRUE,TRUE,3648.9985840028553,3702.983892071659,3649.2657904805883,53.98530806880353,53.98530806880353,11.000000000000005,FALSE,17442.376,FALSE,TRUE,TRUE
symmetric_heavy_tails,symmetric heavy tails,HT,EST,19,1000,449,0.449,NA,TRUE,TRUE,TRUE,0,CONVERGENCE: REL_REDUCTION_OF_F <= FACTR*EPSMCH,-1804.516393979717,3633.032787959434,3691.925851307219,3633.348897381926,12,20388.243,NA,NA,NA,NA,19,stage2,1804.53209357671;1e+12;1e+12;1804.52521842332;1e+12;1e+12;1804.53848755011;1e+12;1e+12;1804.52878344271;1e+12;1e+12;1804.55546786677;1e+12;1e+12;1804.51852530503;1e+12;1e+12;1804.5167551973;1e+12;1e+12;1804.52924948828;1e+12;1e+12;1804.60223351314;1e+12;1e+12;1804.53483113023;1e+12;1e+12;1804.5371157127;1e+12;1e+12;1804.52193397358;1e+12;1e+12;1804.52594838993;1e+12;1e+12;1804.53334626203;1e+12;1e+12,proposed_likelihood,stage2,3,3.531505917291856,0.5315059172918559,0.4,0.4779677897499115,0.07796778974991148,NA,-1.4925821305300957,NA,NA,0.2831209452925015,NA,NA,1.4740934209751004,NA,NA,1.4740934209751004,5,4,-1,-0.7,-0.2770866585170999,0.4229133414829001,0.15,0.1342986304184326,-0.01570136958156739,1,0.8625225324572665,-0.1374774675427335,5,4.7124592834161385,-0.2875407165838615,1.5,1.5129177392058408,0.01291773920584082,0.8,1.0214460245175567,0.22144602451755668,58.893063347785755,58.89306334778564,1.1368683772161603e-13,NA,NA,NA,NA,NA,NA,NA,NA,NA,NA,NA,NA,NA,NA,NA,NA,NA,NA,NA,NA,NA,NA,NA,NA,NA,NA,NA,NA,NA,NA,NA,NA,NA,NA,NA,NA,NA,NA,NA,NA,NA,NA,NA,NA,NA,NA,NA,NA,NA,NA,NA,NA,NA,NA,NA,NA,NA,NA,NA,NA,NA,NA,NA,NA,NA,NA,NA,NA,NA,NA,NA,NA,NA,NA,NA,NA,NA,NA,NA,NA,NA,NA,NA,NA,NA,NA,NA,NA,NA,NA,NA,NA,NA,NA,NA,NA,NA,NA,NA,NA,NA,NA,true,TRUE,TRUE,3633.032787959434,3691.9258513072195,3633.3488973819262,58.8930633477853,58.893063347785755,11.99999999999993,FALSE,20388.243,TRUE,FALSE,TRUE
symmetric_heavy_tails,symmetric heavy tails,HT,NH,20,1000,448,0.448,NA,TRUE,TRUE,TRUE,0,NA,-1846.3583250560096,3708.716650112019,3747.978692343876,3708.861957881949,8,61.653000000000006,NA,3694.716650112019,3699.624405391002,1.000000000000017,NA,HeckmanEM,NA,raw_AIC_BIC_implied_logLik,finite_logLik_no_explicit_code,3,4.155117570153756,1.155117570153756,0.4,0.38784104757347015,-0.01215895242652986,NA,NA,NA,NA,NA,NA,NA,NA,NA,NA,NA,5,NA,NA,-0.7,-0.5779951823940661,0.12200481760593385,0.15,0.1378111480497041,-0.01218885195029589,1,0.8857086856406139,-0.11429131435938612,5,5.281843520792317,0.2818435207923171,1.5,1.4605506170939035,-0.03944938290609645,0.8,0.6589389408332049,-0.14106105916679512,39.26204223185687,39.262042231857095,-2.2737367544323206e-13,NA,NA,NA,NA,NA,NA,NA,NA,NA,NA,NA,NA,NA,NA,NA,NA,NA,NA,NA,NA,NA,NA,NA,NA,NA,NA,NA,NA,NA,NA,NA,NA,NA,NA,NA,NA,NA,NA,NA,NA,NA,NA,NA,NA,NA,NA,NA,NA,NA,NA,NA,NA,NA,NA,NA,NA,NA,NA,NA,NA,NA,NA,NA,NA,NA,NA,NA,NA,NA,NA,NA,NA,NA,NA,NA,NA,NA,NA,NA,NA,NA,NA,NA,NA,NA,NA,NA,NA,NA,NA,NA,NA,NA,NA,NA,NA,NA,NA,NA,NA,NA,NA,true,TRUE,TRUE,3708.716650112019,3747.978692343876,3708.8619578819485,39.26204223185687,39.26204223185687,7.999999999999954,FALSE,61.653000000000006,NA,NA,NA
symmetric_heavy_tails,symmetric heavy tails,HT,HT,20,1000,448,0.448,NA,TRUE,TRUE,TRUE,0,NA,-1839.576697711623,3695.153395423246,3734.4154376551032,3695.2987031931752,8,92.837,NA,3681.153395423246,3686.061150702228,1.000000000000017,NA,HeckmanEM,NA,raw_AIC_BIC_implied_logLik,finite_logLik_no_explicit_code,3,3.5747497377776027,0.5747497377776027,0.4,0.42479599436771537,0.02479599436771534,NA,NA,NA,NA,NA,NA,NA,NA,NA,NA,NA,5,NA,NA,-0.7,-0.614316347434738,0.085683652565262,0.15,0.14561131489197204,-0.00438868510802795,1,0.93913881741907,-0.06086118258093009,5,5.141634148885461,0.1416341488854611,1.5,1.45119227509132,-0.04880772490868002,0.8,0.7120868007887372,-0.08791319921126284,39.26204223185732,39.262042231857095,2.2737367544323206e-13,NA,NA,NA,NA,NA,NA,NA,NA,NA,NA,NA,NA,NA,NA,NA,NA,NA,NA,NA,NA,NA,NA,NA,NA,NA,NA,NA,NA,NA,NA,NA,NA,NA,NA,NA,NA,NA,NA,NA,NA,NA,NA,NA,NA,NA,NA,NA,NA,NA,NA,NA,NA,NA,NA,NA,NA,NA,NA,NA,NA,NA,NA,NA,NA,NA,NA,NA,NA,NA,NA,NA,NA,NA,NA,NA,NA,NA,NA,NA,NA,NA,NA,NA,NA,NA,NA,NA,NA,NA,NA,NA,NA,NA,NA,NA,NA,NA,NA,NA,NA,NA,NA,true,TRUE,TRUE,3695.153395423246,3734.4154376551032,3695.2987031931752,39.26204223185732,39.26204223185732,8.000000000000046,FALSE,92.837,NA,NA,NA
symmetric_heavy_tails,symmetric heavy tails,HT,CN,20,1000,448,0.448,NA,TRUE,TRUE,TRUE,0,NA,-1839.4273854746848,3698.8547709493696,3747.932323739191,3699.0772178654465,10,518.6460000000001,NA,3680.8547709493696,3685.762526228352,1.000000000000017,NA,HeckmanEM,NA,raw_AIC_BIC_implied_logLik,finite_logLik_no_explicit_code,3,3.23127971339732,0.23127971339732012,0.4,0.43343338252096153,0.03343338252096151,NA,NA,NA,NA,NA,NA,NA,NA,NA,NA,NA,5,NA,NA,-0.7,-0.6817728046432572,0.01822719535674277,0.15,0.16144235992799616,0.01144235992799616,1,1.0426821355086828,0.04268213550868283,5,5.145346528122483,0.1453465281224826,1.5,1.4524980586588252,-0.0475019413411748,0.8,0.7043465817456603,-0.0956534182543397,49.07755278982131,49.07755278982137,-5.684341886080802e-14,NA,NA,NA,NA,NA,NA,NA,NA,NA,NA,NA,NA,NA,NA,NA,NA,NA,NA,NA,NA,NA,NA,NA,NA,NA,NA,NA,NA,NA,NA,NA,NA,NA,NA,NA,NA,NA,NA,NA,NA,NA,NA,NA,NA,NA,NA,NA,NA,NA,NA,NA,NA,NA,NA,NA,NA,NA,NA,NA,NA,NA,NA,NA,NA,NA,NA,NA,NA,NA,NA,NA,NA,NA,NA,NA,NA,NA,NA,NA,NA,NA,NA,NA,NA,NA,NA,NA,NA,NA,NA,NA,NA,NA,NA,NA,NA,NA,NA,NA,NA,NA,NA,true,TRUE,TRUE,3698.8547709493696,3747.932323739191,3699.0772178654465,49.07755278982131,49.07755278982131,9.999999999999988,FALSE,518.6460000000001,NA,NA,NA
symmetric_heavy_tails,symmetric heavy tails,HT,ESN,20,1000,448,0.448,NA,TRUE,TRUE,TRUE,0,CONVERGENCE: REL_REDUCTION_OF_F <= FACTR*EPSMCH,-1845.1591317655384,3712.3182635310777,3766.303571599881,3712.5854700088103,11,17853.852,NA,NA,NA,NA,8,stage2,1845.30923918883;1846.3585207377;1845.21630821418;1846.35924488424;1845.19509636629;1846.3355668841;1846.35852674826;1845.18901965302;1845.18633235328;1845.56768496313;1845.20173574438;1846.08338608227;1845.18981758825;1846.35832440573,proposed_likelihood,stage2,3,4.652254486400761,1.652254486400761,0.4,0.2282771752472924,-0.1717228247527076,NA,1.4925821305300957,NA,NA,-1.377070240267213,NA,NA,-1.4887407534825954,NA,NA,-1.4887407534825954,5,NA,NA,-0.7,-1.2825027009496464,-0.5825027009496464,0.15,0.1097284837524127,-0.04027151624758729,1,0.7060367183897103,-0.29396328161028973,5,7.135854300570436,2.135854300570436,1.5,1.4567053474229648,-0.04329465257703524,0.8,0.6662041232385254,-0.13379587676147464,53.98530806880353,53.985308068803505,2.842170943040401e-14,NA,NA,NA,NA,NA,NA,NA,NA,NA,NA,NA,NA,NA,NA,NA,NA,NA,NA,NA,NA,NA,NA,NA,NA,NA,NA,NA,NA,NA,NA,NA,NA,NA,NA,NA,NA,NA,NA,NA,NA,NA,NA,NA,NA,NA,NA,NA,NA,NA,NA,NA,NA,NA,NA,NA,NA,NA,NA,NA,NA,NA,NA,NA,NA,NA,NA,NA,NA,NA,NA,NA,NA,NA,NA,NA,NA,NA,NA,NA,NA,NA,NA,NA,NA,NA,NA,NA,NA,NA,NA,NA,NA,NA,NA,NA,NA,NA,NA,NA,NA,NA,NA,true,TRUE,TRUE,3712.318263531077,3766.3035715998803,3712.58547000881,53.98530806880308,53.98530806880353,10.999999999999913,FALSE,17853.852,TRUE,FALSE,TRUE
symmetric_heavy_tails,symmetric heavy tails,HT,EST,20,1000,448,0.448,NA,TRUE,TRUE,TRUE,0,CONVERGENCE: REL_REDUCTION_OF_F <= FACTR*EPSMCH,-1840.2077745005165,3704.415549001033,3763.308612348819,3704.7316584235255,12,18918.985,NA,NA,NA,NA,16,stage2,1840.20779586244;1e+12;1e+12;1840.21692566751;1e+12;1e+12;1840.21291178908;1e+12;1e+12;1840.21141342478;1e+12;1e+12;1840.20892449103;1e+12;1e+12;1840.20778108974;1e+12;1e+12;1840.21031176041;1e+12;1e+12;1840.22670318147;1e+12;1e+12;1840.20987300787;1e+12;1e+12;1840.20792120952;1e+12;1e+12;1840.22670399028;1e+12;1e+12;1840.20777942524;1e+12;1e+12;1840.20779814385;1e+12;1e+12;1840.20902659185;1e+12;1e+12,proposed_likelihood,stage2,3,3.969006567970862,0.9690065679708622,0.4,0.5876803460982093,0.18768034609820927,NA,-0.7551005372196522,NA,NA,-0.42391295457712064,NA,NA,1.4925821305300957,NA,NA,1.4925821305300957,5,4,-1,-0.7,-0.41375320693990686,0.2862467930600931,0.15,0.13685466351108347,-0.01314533648891652,1,0.886396422010876,-0.11360357798912402,5,5.4850869463213785,0.4850869463213785,1.5,1.437774313305624,-0.062225686694376,0.8,0.7235193697205015,-0.07648063027949858,58.893063347785755,58.89306334778564,1.1368683772161603e-13,NA,NA,NA,NA,NA,NA,NA,NA,NA,NA,NA,NA,NA,NA,NA,NA,NA,NA,NA,NA,NA,NA,NA,NA,NA,NA,NA,NA,NA,NA,NA,NA,NA,NA,NA,NA,NA,NA,NA,NA,NA,NA,NA,NA,NA,NA,NA,NA,NA,NA,NA,NA,NA,NA,NA,NA,NA,NA,NA,NA,NA,NA,NA,NA,NA,NA,NA,NA,NA,NA,NA,NA,NA,NA,NA,NA,NA,NA,NA,NA,NA,NA,NA,NA,NA,NA,NA,NA,NA,NA,NA,NA,NA,NA,NA,NA,NA,NA,NA,NA,NA,NA,true,TRUE,TRUE,3704.415549001033,3763.3086123488188,3704.7316584235255,58.89306334778621,58.893063347785755,12.000000000000115,FALSE,18918.985,FALSE,FALSE,TRUE
symmetric_heavy_tails,symmetric heavy tails,HT,NH,21,1000,405,0.405,NA,TRUE,TRUE,TRUE,0,NA,-1656.5085083661838,3329.0170167323677,3368.2790589642245,3329.162324502297,8,63.797,NA,3315.0170167323677,3319.92477201135,1.000000000000017,NA,HeckmanEM,NA,raw_AIC_BIC_implied_logLik,finite_logLik_no_explicit_code,3,3.667652859808978,0.6676528598089781,0.4,0.42433776968480713,0.02433776968480711,NA,NA,NA,NA,NA,NA,NA,NA,NA,NA,NA,5,NA,NA,-0.7,-0.7123611480708454,-0.01236114807084542,0.15,0.13916500157936795,-0.01083499842063204,1,0.8621067634452493,-0.13789323655475072,5,4.974526341522842,-0.02547365847715799,1.5,1.412534558217525,-0.08746544178247495,0.8,0.7839809369357167,-0.01601906306428335,39.26204223185687,39.262042231857095,-2.2737367544323206e-13,NA,NA,NA,NA,NA,NA,NA,NA,NA,NA,NA,NA,NA,NA,NA,NA,NA,NA,NA,NA,NA,NA,NA,NA,NA,NA,NA,NA,NA,NA,NA,NA,NA,NA,NA,NA,NA,NA,NA,NA,NA,NA,NA,NA,NA,NA,NA,NA,NA,NA,NA,NA,NA,NA,NA,NA,NA,NA,NA,NA,NA,NA,NA,NA,NA,NA,NA,NA,NA,NA,NA,NA,NA,NA,NA,NA,NA,NA,NA,NA,NA,NA,NA,NA,NA,NA,NA,NA,NA,NA,NA,NA,NA,NA,NA,NA,NA,NA,NA,NA,NA,NA,true,TRUE,TRUE,3329.0170167323677,3368.2790589642245,3329.162324502297,39.26204223185687,39.26204223185687,7.999999999999954,FALSE,63.797,NA,NA,NA
symmetric_heavy_tails,symmetric heavy tails,HT,HT,21,1000,405,0.405,NA,TRUE,TRUE,TRUE,0,NA,-1635.1699195423382,3286.3398390846764,3325.6018813165338,3286.485146854606,8,116.51900000000002,NA,3272.3398390846764,3277.2475943636587,1.000000000000017,NA,HeckmanEM,NA,raw_AIC_BIC_implied_logLik,finite_logLik_no_explicit_code,3,2.742963988976537,-0.25703601102346285,0.4,0.39121236744987214,-0.00878763255012787,NA,NA,NA,NA,NA,NA,NA,NA,NA,NA,NA,5,NA,NA,-0.7,-0.8025169068791295,-0.10251690687912952,0.15,0.15731061098221982,0.00731061098221982,1,0.9722394996010884,-0.02776050039891164,5,5.190158368475705,0.19015836847570533,1.5,1.501264343607554,0.00126434360755411,0.8,0.7694841449937341,-0.03051585500626597,39.26204223185732,39.262042231857095,2.2737367544323206e-13,NA,NA,NA,NA,NA,NA,NA,NA,NA,NA,NA,NA,NA,NA,NA,NA,NA,NA,NA,NA,NA,NA,NA,NA,NA,NA,NA,NA,NA,NA,NA,NA,NA,NA,NA,NA,NA,NA,NA,NA,NA,NA,NA,NA,NA,NA,NA,NA,NA,NA,NA,NA,NA,NA,NA,NA,NA,NA,NA,NA,NA,NA,NA,NA,NA,NA,NA,NA,NA,NA,NA,NA,NA,NA,NA,NA,NA,NA,NA,NA,NA,NA,NA,NA,NA,NA,NA,NA,NA,NA,NA,NA,NA,NA,NA,NA,NA,NA,NA,NA,NA,NA,true,TRUE,TRUE,3286.3398390846764,3325.6018813165338,3286.485146854606,39.26204223185732,39.26204223185732,8.000000000000046,FALSE,116.51900000000002,NA,NA,NA
symmetric_heavy_tails,symmetric heavy tails,HT,CN,21,1000,405,0.405,NA,TRUE,TRUE,TRUE,0,NA,-1636.5302695639275,3293.0605391278555,3342.138091917677,3293.2829860439324,10,554.2139999999999,NA,3275.0605391278555,3279.9682944068377,1.000000000000017,NA,HeckmanEM,NA,raw_AIC_BIC_implied_logLik,finite_logLik_no_explicit_code,3,2.9228070605529517,-0.0771929394470483,0.4,0.38449537702463765,-0.01550462297536237,NA,NA,NA,NA,NA,NA,NA,NA,NA,NA,NA,5,NA,NA,-0.7,-0.7809456338957305,-0.0809456338957305,0.15,0.1522008406747404,0.00220084067474041,1,0.9476630723695312,-0.05233692763046882,5,5.231013957588265,0.2310139575882646,1.5,1.4763838289478604,-0.02361617105213964,0.8,0.757880716025503,-0.04211928397449704,49.07755278982131,49.07755278982137,-5.684341886080802e-14,NA,NA,NA,NA,NA,NA,NA,NA,NA,NA,NA,NA,NA,NA,NA,NA,NA,NA,NA,NA,NA,NA,NA,NA,NA,NA,NA,NA,NA,NA,NA,NA,NA,NA,NA,NA,NA,NA,NA,NA,NA,NA,NA,NA,NA,NA,NA,NA,NA,NA,NA,NA,NA,NA,NA,NA,NA,NA,NA,NA,NA,NA,NA,NA,NA,NA,NA,NA,NA,NA,NA,NA,NA,NA,NA,NA,NA,NA,NA,NA,NA,NA,NA,NA,NA,NA,NA,NA,NA,NA,NA,NA,NA,NA,NA,NA,NA,NA,NA,NA,NA,NA,true,TRUE,TRUE,3293.060539127855,3342.1380919176763,3293.282986043932,49.07755278982131,49.07755278982131,9.999999999999988,FALSE,554.2139999999999,NA,NA,NA
symmetric_heavy_tails,symmetric heavy tails,HT,ESN,21,1000,405,0.405,NA,TRUE,TRUE,TRUE,0,CONVERGENCE: REL_REDUCTION_OF_F <= FACTR*EPSMCH,-1655.6535556181343,3333.3071112362686,3387.292419305072,3333.5743177140016,11,15814.120000000004,NA,NA,NA,NA,11,stage2,1656.50864564146;1656.50990912258;1656.09189196181;1656.34414478433;1655.6987883299;1655.79255111115;1656.46887872814;1655.65913580384;1655.6865264138;1655.69137068978;1655.65355581416;1656.50855273849;1656.50878905732;1656.50850801344,proposed_likelihood,stage2,3,3.786450517933628,0.7864505179336279,0.4,0.3725768026577135,-0.02742319734228654,NA,1.4921456056679083,NA,NA,-0.8440257320419495,NA,NA,-0.6588503169105797,NA,NA,-0.6588503169105797,5,NA,NA,-0.7,-1.30093786243998,-0.6009378624399799,0.15,0.107134864108397,-0.04286513589160298,1,0.6639659434851412,-0.33603405651485885,5,4.98153245229281,-0.01846754770719005,1.5,1.4072784759594317,-0.09272152404056833,0.8,0.7790492150511262,-0.02095078494887381,53.98530806880353,53.985308068803505,2.842170943040401e-14,NA,NA,NA,NA,NA,NA,NA,NA,NA,NA,NA,NA,NA,NA,NA,NA,NA,NA,NA,NA,NA,NA,NA,NA,NA,NA,NA,NA,NA,NA,NA,NA,NA,NA,NA,NA,NA,NA,NA,NA,NA,NA,NA,NA,NA,NA,NA,NA,NA,NA,NA,NA,NA,NA,NA,NA,NA,NA,NA,NA,NA,NA,NA,NA,NA,NA,NA,NA,NA,NA,NA,NA,NA,NA,NA,NA,NA,NA,NA,NA,NA,NA,NA,NA,NA,NA,NA,NA,NA,NA,NA,NA,NA,NA,NA,NA,NA,NA,NA,NA,NA,NA,true,TRUE,TRUE,3333.3071112362686,3387.292419305072,3333.5743177140016,53.98530806880353,53.98530806880353,11.000000000000005,FALSE,15814.120000000004,TRUE,FALSE,FALSE
symmetric_heavy_tails,symmetric heavy tails,HT,EST,21,1000,405,0.405,NA,TRUE,TRUE,TRUE,0,CONVERGENCE: REL_REDUCTION_OF_F <= FACTR*EPSMCH,-1635.360444770041,3294.7208895400827,3353.6139528878684,3295.036998962575,12,19587.581,NA,NA,NA,NA,10,stage2,1635.36933408535;1e+12;1e+12;1635.36155311241;1e+12;1e+12;1635.37625008494;1e+12;1e+12;1635.36044563649;1e+12;1e+12;1635.36854826701;1e+12;1e+12;1635.36132031659;1e+12;1e+12;1635.36735047755;1e+12;1e+12;1635.3615540989;1e+12;1e+12;1635.37849913228;1e+12;1e+12;1635.3670449971;1e+12;1e+12;1635.3649335135;1e+12;1e+12;1635.37068733774;1e+12;1e+12;1635.40027829641;1e+12;1e+12;1635.36143570344;1e+12;1e+12,proposed_likelihood,stage2,3,2.7084458230946322,-0.2915541769053682,0.4,0.37208585476912753,-0.02791414523087249,NA,0.1465658135064894,NA,NA,0.11521836198939378,NA,NA,1.4876951008357766,NA,NA,1.4876951008357766,5,4,-1,-0.7,-0.8252283700776557,-0.12522837007765575,0.15,0.15593561152542815,0.00593561152542818,1,0.9642976722456964,-0.03570232775430349,5,5.151712065466048,0.15171206546604843,1.5,1.5143975478243092,0.01439754782430924,0.8,0.7729945547914518,-0.02700544520854819,58.893063347785755,58.89306334778564,1.1368683772161603e-13,NA,NA,NA,NA,NA,NA,NA,NA,NA,NA,NA,NA,NA,NA,NA,NA,NA,NA,NA,NA,NA,NA,NA,NA,NA,NA,NA,NA,NA,NA,NA,NA,NA,NA,NA,NA,NA,NA,NA,NA,NA,NA,NA,NA,NA,NA,NA,NA,NA,NA,NA,NA,NA,NA,NA,NA,NA,NA,NA,NA,NA,NA,NA,NA,NA,NA,NA,NA,NA,NA,NA,NA,NA,NA,NA,NA,NA,NA,NA,NA,NA,NA,NA,NA,NA,NA,NA,NA,NA,NA,NA,NA,NA,NA,NA,NA,NA,NA,NA,NA,NA,NA,true,TRUE,TRUE,3294.720889540082,3353.613952887868,3295.0369989625747,58.893063347785755,58.893063347785755,12.000000000000023,FALSE,19587.581,FALSE,FALSE,TRUE
symmetric_heavy_tails,symmetric heavy tails,HT,NH,22,1000,443,0.443,NA,TRUE,TRUE,TRUE,0,NA,-1813.715884880079,3643.431769760158,3682.693811992016,3643.577077530088,8,130.827,NA,3629.431769760158,3634.339525039141,1.000000000000017,NA,HeckmanEM,NA,raw_AIC_BIC_implied_logLik,finite_logLik_no_explicit_code,3,4.01820327979243,1.01820327979243,0.4,0.474877682175925,0.074877682175925,NA,NA,NA,NA,NA,NA,NA,NA,NA,NA,NA,5,NA,NA,-0.7,-0.5690037636380378,0.13099623636196212,0.15,0.12815020563292345,-0.02184979436707654,1,0.8038007777388005,-0.19619922226119943,5,4.554586417892355,-0.44541358210764503,1.5,1.386944059047265,-0.11305594095273495,0.8,0.8483118744776245,0.04831187447762442,39.26204223185732,39.262042231857095,-2.2737367544323206e-13,NA,NA,NA,NA,NA,NA,NA,NA,NA,NA,NA,NA,NA,NA,NA,NA,NA,NA,NA,NA,NA,NA,NA,NA,NA,NA,NA,NA,NA,NA,NA,NA,NA,NA,NA,NA,NA,NA,NA,NA,NA,NA,NA,NA,NA,NA,NA,NA,NA,NA,NA,NA,NA,NA,NA,NA,NA,NA,NA,NA,NA,NA,NA,NA,NA,NA,NA,NA,NA,NA,NA,NA,NA,NA,NA,NA,NA,NA,NA,NA,NA,NA,NA,NA,NA,NA,NA,NA,NA,NA,NA,NA,NA,NA,NA,NA,NA,NA,NA,NA,NA,NA,true,TRUE,TRUE,3643.431769760158,3682.693811992015,3643.5770775300875,39.26204223185778,39.26204223185687,8.000000000000139,FALSE,130.827,NA,NA,NA
symmetric_heavy_tails,symmetric heavy tails,HT,HT,22,1000,443,0.443,NA,TRUE,TRUE,TRUE,0,NA,-1783.9102154025118,3583.8204308050235,3623.08247303688,3583.965738574953,8,107.98,NA,3569.8204308050235,3574.7281860840058,1.000000000000017,NA,HeckmanEM,NA,raw_AIC_BIC_implied_logLik,finite_logLik_no_explicit_code,3,3.0875007395844167,0.08750073958441673,0.4,0.39398346828499625,-0.00601653171500377,NA,NA,NA,NA,NA,NA,NA,NA,NA,NA,NA,5,NA,NA,-0.7,-0.6312287213057461,0.06877127869425381,0.15,0.14476642327338504,-0.00523357672661495,1,0.8948813445114802,-0.10511865548851984,5,5.000781911515489,7.819115154887868e-4,1.5,1.2356338629686592,-0.2643661370313408,0.8,0.8191741782033481,0.0191741782033481,39.26204223185687,39.262042231857095,-2.2737367544323206e-13,NA,NA,NA,NA,NA,NA,NA,NA,NA,NA,NA,NA,NA,NA,NA,NA,NA,NA,NA,NA,NA,NA,NA,NA,NA,NA,NA,NA,NA,NA,NA,NA,NA,NA,NA,NA,NA,NA,NA,NA,NA,NA,NA,NA,NA,NA,NA,NA,NA,NA,NA,NA,NA,NA,NA,NA,NA,NA,NA,NA,NA,NA,NA,NA,NA,NA,NA,NA,NA,NA,NA,NA,NA,NA,NA,NA,NA,NA,NA,NA,NA,NA,NA,NA,NA,NA,NA,NA,NA,NA,NA,NA,NA,NA,NA,NA,NA,NA,NA,NA,NA,NA,true,TRUE,TRUE,3583.8204308050235,3623.0824730368804,3583.965738574953,39.26204223185641,39.26204223185687,7.9999999999998614,FALSE,107.98,NA,NA,NA
symmetric_heavy_tails,symmetric heavy tails,HT,CN,22,1000,443,0.443,NA,TRUE,TRUE,TRUE,0,NA,-1781.2544637217254,3582.508927443451,3631.586480233272,3582.731374359528,10,219.43400000000003,NA,3564.508927443451,3569.416682722433,1.000000000000017,NA,HeckmanEM,NA,raw_AIC_BIC_implied_logLik,finite_logLik_no_explicit_code,3,3.5316080019819847,0.5316080019819847,0.4,0.417614721860497,0.01761472186049695,NA,NA,NA,NA,NA,NA,NA,NA,NA,NA,NA,5,NA,NA,-0.7,-0.593270987016754,0.106729012983246,0.15,0.13394450524625842,-0.01605549475374157,1,0.8418840417789915,-0.15811595822100857,5,4.915098131538094,-0.08490186846190628,1.5,1.2423453415109815,-0.25765465848901825,0.8,0.823114975878277,0.02311497587827693,49.07755278982131,49.07755278982137,-5.684341886080802e-14,NA,NA,NA,NA,NA,NA,NA,NA,NA,NA,NA,NA,NA,NA,NA,NA,NA,NA,NA,NA,NA,NA,NA,NA,NA,NA,NA,NA,NA,NA,NA,NA,NA,NA,NA,NA,NA,NA,NA,NA,NA,NA,NA,NA,NA,NA,NA,NA,NA,NA,NA,NA,NA,NA,NA,NA,NA,NA,NA,NA,NA,NA,NA,NA,NA,NA,NA,NA,NA,NA,NA,NA,NA,NA,NA,NA,NA,NA,NA,NA,NA,NA,NA,NA,NA,NA,NA,NA,NA,NA,NA,NA,NA,NA,NA,NA,NA,NA,NA,NA,NA,NA,true,TRUE,TRUE,3582.508927443451,3631.586480233272,3582.7313743595278,49.07755278982131,49.07755278982131,9.999999999999988,FALSE,219.43400000000003,NA,NA,NA
symmetric_heavy_tails,symmetric heavy tails,HT,ESN,22,1000,443,0.443,NA,TRUE,TRUE,TRUE,0,CONVERGENCE: REL_REDUCTION_OF_F <= FACTR*EPSMCH,-1805.0282533541747,3632.0565067083494,3686.041814777153,3632.3237131860824,11,18838.852,NA,NA,NA,NA,10,stage2,1811.2048821995;1813.71603901862;1811.20579715778;1813.7170755225;1811.19544401865;1807.75128456247;1813.71575747246;1811.20869272228;1811.19727094484;1805.07161865819;1811.21519354717;1811.21877616415;1811.18716884697;1813.7158844992,proposed_likelihood,stage2,3,5.514989343402563,2.514989343402563,0.4,0.27711879850916327,-0.12288120149083676,NA,0.2821975967702881,NA,NA,1.492509121109585,NA,NA,-1.4925821305300957,NA,NA,-1.4925821305300957,5,NA,NA,-0.7,-0.7852728606493958,-0.08527286064939588,0.15,0.1333422676638744,-0.0166577323361256,1,0.8064837777403732,-0.19351622225962684,5,-1.0857318456490752,-6.085731845649075,1.5,1.3665876464892184,-0.13341235351078162,0.8,0.8693897034495888,0.06938970344958872,53.98530806880353,53.985308068803505,2.842170943040401e-14,NA,NA,NA,NA,NA,NA,NA,NA,NA,NA,NA,NA,NA,NA,NA,NA,NA,NA,NA,NA,NA,NA,NA,NA,NA,NA,NA,NA,NA,NA,NA,NA,NA,NA,NA,NA,NA,NA,NA,NA,NA,NA,NA,NA,NA,NA,NA,NA,NA,NA,NA,NA,NA,NA,NA,NA,NA,NA,NA,NA,NA,NA,NA,NA,NA,NA,NA,NA,NA,NA,NA,NA,NA,NA,NA,NA,NA,NA,NA,NA,NA,NA,NA,NA,NA,NA,NA,NA,NA,NA,NA,NA,NA,NA,NA,NA,NA,NA,NA,NA,NA,NA,true,TRUE,TRUE,3632.0565067083494,3686.041814777153,3632.3237131860824,53.98530806880353,53.98530806880353,11.000000000000005,FALSE,18838.852,FALSE,TRUE,TRUE
symmetric_heavy_tails,symmetric heavy tails,HT,EST,22,1000,443,0.443,NA,TRUE,TRUE,TRUE,0,CONVERGENCE: REL_REDUCTION_OF_F <= FACTR*EPSMCH,-1784.3148836474504,3592.629767294901,3651.5228306426866,3592.9458767173933,12,19897.444000000003,NA,NA,NA,NA,7,stage2,1784.31669430686;1e+12;1e+12;1784.32216164371;1e+12;1e+12;1784.31497397839;1e+12;1e+12;1784.3233724052;1e+12;1e+12;1784.32615401904;1e+12;1e+12;1784.31607558959;1e+12;1e+12;1784.31558106252;1e+12;1e+12;1784.31497319325;1e+12;1e+12;1784.33745384268;1e+12;1e+12;1784.33190705903;1e+12;1e+12;1784.31884439173;1e+12;1e+12;1784.31597725116;1e+12;1e+12;1784.31782361516;1e+12;1e+12;1784.33975279344;1e+12;1e+12,proposed_likelihood,stage2,3,3.372478155237165,0.372478155237165,0.4,0.5280003236866201,0.1280003236866201,NA,-0.5862906772572425,NA,NA,-0.3431722590426982,NA,NA,1.4925821305300957,NA,NA,1.4925821305300957,5,4,-1,-0.7,-0.473662246501551,0.22633775349844895,0.15,0.13757631831868827,-0.01242368168131172,1,0.8540159363481052,-0.14598406365189476,5,5.206000903457,0.20600090345700028,1.5,1.2245581612114358,-0.2754418387885642,0.8,0.8088842944426294,0.00888429444262939,58.893063347785755,58.89306334778564,1.1368683772161603e-13,NA,NA,NA,NA,NA,NA,NA,NA,NA,NA,NA,NA,NA,NA,NA,NA,NA,NA,NA,NA,NA,NA,NA,NA,NA,NA,NA,NA,NA,NA,NA,NA,NA,NA,NA,NA,NA,NA,NA,NA,NA,NA,NA,NA,NA,NA,NA,NA,NA,NA,NA,NA,NA,NA,NA,NA,NA,NA,NA,NA,NA,NA,NA,NA,NA,NA,NA,NA,NA,NA,NA,NA,NA,NA,NA,NA,NA,NA,NA,NA,NA,NA,NA,NA,NA,NA,NA,NA,NA,NA,NA,NA,NA,NA,NA,NA,NA,NA,NA,NA,NA,NA,true,TRUE,TRUE,3592.629767294901,3651.5228306426866,3592.9458767173933,58.893063347785755,58.893063347785755,12.000000000000023,FALSE,19897.444000000003,FALSE,FALSE,TRUE
symmetric_heavy_tails,symmetric heavy tails,HT,NH,23,1000,434,0.434,NA,TRUE,TRUE,TRUE,0,NA,-1762.6563019385296,3541.3126038770592,3580.574646108917,3541.4579116469886,8,104.026,NA,3527.3126038770592,3532.2203591560415,1.000000000000017,NA,HeckmanEM,NA,raw_AIC_BIC_implied_logLik,finite_logLik_no_explicit_code,3,4.344401049157977,1.3444010491579768,0.4,0.7007547230394664,0.3007547230394664,NA,NA,NA,NA,NA,NA,NA,NA,NA,NA,NA,5,NA,NA,-0.7,-0.6358861856843854,0.06411381431561458,0.15,0.11054160536472754,-0.03945839463527245,1,0.954325180058872,-0.04567481994112798,5,3.778329088749979,-1.2216709112500204,1.5,1.545158748875203,0.04515874887520299,0.8,0.8175978765734161,0.01759787657341605,39.26204223185732,39.262042231857095,2.2737367544323206e-13,NA,NA,NA,NA,NA,NA,NA,NA,NA,NA,NA,NA,NA,NA,NA,NA,NA,NA,NA,NA,NA,NA,NA,NA,NA,NA,NA,NA,NA,NA,NA,NA,NA,NA,NA,NA,NA,NA,NA,NA,NA,NA,NA,NA,NA,NA,NA,NA,NA,NA,NA,NA,NA,NA,NA,NA,NA,NA,NA,NA,NA,NA,NA,NA,NA,NA,NA,NA,NA,NA,NA,NA,NA,NA,NA,NA,NA,NA,NA,NA,NA,NA,NA,NA,NA,NA,NA,NA,NA,NA,NA,NA,NA,NA,NA,NA,NA,NA,NA,NA,NA,NA,true,TRUE,TRUE,3541.3126038770592,3580.5746461089166,3541.4579116469886,39.26204223185778,39.26204223185732,8.000000000000139,FALSE,104.026,NA,NA,NA
symmetric_heavy_tails,symmetric heavy tails,HT,HT,23,1000,434,0.434,NA,TRUE,TRUE,TRUE,0,NA,-1735.189323755484,3486.378647510968,3525.640689742825,3486.523955280897,8,93.107,NA,3472.378647510968,3477.28640278995,1.000000000000017,NA,HeckmanEM,NA,raw_AIC_BIC_implied_logLik,finite_logLik_no_explicit_code,3,3.086730912359287,0.08673091235928698,0.4,0.6141043581589055,0.2141043581589055,NA,NA,NA,NA,NA,NA,NA,NA,NA,NA,NA,5,NA,NA,-0.7,-0.7194645318574667,-0.01946453185746677,0.15,0.13204446597799246,-0.01795553402200753,1,1.0906545960454068,0.09065459604540682,5,4.347510484083353,-0.6524895159166473,1.5,1.617540269269142,0.11754026926914209,0.8,0.838140905522158,0.03814090552215798,39.26204223185732,39.262042231857095,-2.2737367544323206e-13,NA,NA,NA,NA,NA,NA,NA,NA,NA,NA,NA,NA,NA,NA,NA,NA,NA,NA,NA,NA,NA,NA,NA,NA,NA,NA,NA,NA,NA,NA,NA,NA,NA,NA,NA,NA,NA,NA,NA,NA,NA,NA,NA,NA,NA,NA,NA,NA,NA,NA,NA,NA,NA,NA,NA,NA,NA,NA,NA,NA,NA,NA,NA,NA,NA,NA,NA,NA,NA,NA,NA,NA,NA,NA,NA,NA,NA,NA,NA,NA,NA,NA,NA,NA,NA,NA,NA,NA,NA,NA,NA,NA,NA,NA,NA,NA,NA,NA,NA,NA,NA,NA,true,TRUE,TRUE,3486.378647510968,3525.640689742825,3486.5239552808976,39.26204223185687,39.26204223185687,7.999999999999954,FALSE,93.107,NA,NA,NA
symmetric_heavy_tails,symmetric heavy tails,HT,CN,23,1000,434,0.434,NA,TRUE,TRUE,TRUE,0,NA,-1735.5838312371998,3491.1676624743995,3540.245215264221,3491.3901093904765,10,243.463,NA,3473.1676624743995,3478.0754177533818,1.000000000000017,NA,HeckmanEM,NA,raw_AIC_BIC_implied_logLik,finite_logLik_no_explicit_code,3,3.32401836088794,0.3240183608879401,0.4,0.6300003633680412,0.2300003633680412,NA,NA,NA,NA,NA,NA,NA,NA,NA,NA,NA,5,NA,NA,-0.7,-0.7001635856914828,-1.635856914828926e-4,0.15,0.1273085719071857,-0.02269142809281429,1,1.059246613830072,0.05924661383007201,5,4.263344569625049,-0.7366554303749506,1.5,1.5798690719389246,0.07986907193892456,0.8,0.8364962673378064,0.03649626733780631,49.07755278982131,49.07755278982137,-5.684341886080802e-14,NA,NA,NA,NA,NA,NA,NA,NA,NA,NA,NA,NA,NA,NA,NA,NA,NA,NA,NA,NA,NA,NA,NA,NA,NA,NA,NA,NA,NA,NA,NA,NA,NA,NA,NA,NA,NA,NA,NA,NA,NA,NA,NA,NA,NA,NA,NA,NA,NA,NA,NA,NA,NA,NA,NA,NA,NA,NA,NA,NA,NA,NA,NA,NA,NA,NA,NA,NA,NA,NA,NA,NA,NA,NA,NA,NA,NA,NA,NA,NA,NA,NA,NA,NA,NA,NA,NA,NA,NA,NA,NA,NA,NA,NA,NA,NA,NA,NA,NA,NA,NA,NA,true,TRUE,TRUE,3491.1676624743995,3540.245215264221,3491.3901093904765,49.07755278982131,49.07755278982131,9.999999999999988,FALSE,243.463,NA,NA,NA
symmetric_heavy_tails,symmetric heavy tails,HT,ESN,23,1000,434,0.434,NA,TRUE,TRUE,TRUE,0,CONVERGENCE: REL_REDUCTION_OF_F <= FACTR*EPSMCH,-1756.4830503844385,3534.966100768877,3588.9514088376804,3535.23330724661,11,18964.247,NA,NA,NA,NA,10,stage2,1759.5520358647;1759.5637870612;1759.55820860342;1762.55329393021;1759.57835171109;1762.65637939919;1762.66055461478;1759.58058503089;1759.5921991613;1757.71084042535;1759.5705522816;1759.54837172374;1759.55130285797;1762.65630168264,proposed_likelihood,stage2,3,5.814802044167578,2.8148020441675783,0.4,0.8178850331991375,0.4178850331991375,NA,1.49144742673067,NA,NA,0.7009711237823149,NA,NA,-1.4925821305300957,NA,NA,-1.4925821305300957,5,NA,NA,-0.7,-1.499204368689823,-0.7992043686898234,0.15,0.08281166041942314,-0.06718833958057685,1,0.7126938490719461,-0.2873061509280539,5,-2.344971242089244,-7.344971242089244,1.5,1.523912987309768,0.02391298730976809,0.8,0.8045386524279812,0.00453865242798112,53.98530806880353,53.985308068803505,2.842170943040401e-14,NA,NA,NA,NA,NA,NA,NA,NA,NA,NA,NA,NA,NA,NA,NA,NA,NA,NA,NA,NA,NA,NA,NA,NA,NA,NA,NA,NA,NA,NA,NA,NA,NA,NA,NA,NA,NA,NA,NA,NA,NA,NA,NA,NA,NA,NA,NA,NA,NA,NA,NA,NA,NA,NA,NA,NA,NA,NA,NA,NA,NA,NA,NA,NA,NA,NA,NA,NA,NA,NA,NA,NA,NA,NA,NA,NA,NA,NA,NA,NA,NA,NA,NA,NA,NA,NA,NA,NA,NA,NA,NA,NA,NA,NA,NA,NA,NA,NA,NA,NA,NA,NA,true,TRUE,TRUE,3534.966100768877,3588.9514088376804,3535.23330724661,53.98530806880353,53.98530806880353,11.000000000000005,FALSE,18964.247,TRUE,FALSE,TRUE
symmetric_heavy_tails,symmetric heavy tails,HT,EST,23,1000,434,0.434,NA,TRUE,TRUE,TRUE,0,CONVERGENCE: REL_REDUCTION_OF_F <= FACTR*EPSMCH,-1734.243010093522,3492.486020187044,3551.3790835348295,3492.802129609536,12,16542.132,NA,NA,NA,NA,16,stage2,1734.24397669136;1e+12;1e+12;1734.24314993422;1e+12;1e+12;1734.24480231135;1e+12;1e+12;1734.24340793422;1e+12;1e+12;1734.24344599657;1e+12;1e+12;1734.24301166624;1e+12;1e+12;1734.24405641722;1e+12;1e+12;1734.24360509604;1e+12;1e+12;1734.24847938365;1e+12;1e+12;1734.257518919;1e+12;1e+12;1734.24532935628;1e+12;1e+12;1734.24357506742;1e+12;1e+12;1734.24750953381;1e+12;1e+12;1734.24347763551;1e+12;1e+12,proposed_likelihood,stage2,3,3.654697363641957,0.6546973636419571,0.4,0.7215539941728204,0.3215539941728204,NA,-0.9435561551568714,NA,NA,-0.06463340003957171,NA,NA,0.1847852568475137,NA,NA,0.1847852568475137,5,4,-1,-0.7,-0.08088848435226276,0.6191115156477371,0.15,0.111717533254209,-0.03828246674579098,1,0.9196306653681228,-0.08036933463187712,5,5.6708325071233965,0.6708325071233965,1.5,1.6228218092509257,0.12282180925092567,0.8,0.8407617015190195,0.04076170151901948,58.893063347785755,58.89306334778564,1.1368683772161603e-13,NA,NA,NA,NA,NA,NA,NA,NA,NA,NA,NA,NA,NA,NA,NA,NA,NA,NA,NA,NA,NA,NA,NA,NA,NA,NA,NA,NA,NA,NA,NA,NA,NA,NA,NA,NA,NA,NA,NA,NA,NA,NA,NA,NA,NA,NA,NA,NA,NA,NA,NA,NA,NA,NA,NA,NA,NA,NA,NA,NA,NA,NA,NA,NA,NA,NA,NA,NA,NA,NA,NA,NA,NA,NA,NA,NA,NA,NA,NA,NA,NA,NA,NA,NA,NA,NA,NA,NA,NA,NA,NA,NA,NA,NA,NA,NA,NA,NA,NA,NA,NA,NA,true,TRUE,TRUE,3492.486020187044,3551.3790835348295,3492.802129609536,58.893063347785755,58.893063347785755,12.000000000000023,FALSE,16542.132,FALSE,FALSE,FALSE
symmetric_heavy_tails,symmetric heavy tails,HT,NH,24,1000,421,0.421,NA,TRUE,TRUE,TRUE,0,NA,-1725.3704734841172,3466.7409469682343,3506.002989200091,3466.8862547381636,8,105.982,NA,3452.7409469682343,3457.6487022472165,1.000000000000017,NA,HeckmanEM,NA,raw_AIC_BIC_implied_logLik,finite_logLik_no_explicit_code,3,3.795735473406116,0.7957354734061157,0.4,0.26325420047362114,-0.13674579952637889,NA,NA,NA,NA,NA,NA,NA,NA,NA,NA,NA,5,NA,NA,-0.7,-0.7017579210044149,-0.00175792100441496,0.15,0.15011451436559411,1.1451436559412054e-4,1,0.9504069555655196,-0.04959304443448043,5,5.671561226124534,0.6715612261245338,1.5,1.5622266396521418,0.06222663965214181,0.8,0.7136264197122179,-0.08637358028778219,39.26204223185687,39.262042231857095,-2.2737367544323206e-13,NA,NA,NA,NA,NA,NA,NA,NA,NA,NA,NA,NA,NA,NA,NA,NA,NA,NA,NA,NA,NA,NA,NA,NA,NA,NA,NA,NA,NA,NA,NA,NA,NA,NA,NA,NA,NA,NA,NA,NA,NA,NA,NA,NA,NA,NA,NA,NA,NA,NA,NA,NA,NA,NA,NA,NA,NA,NA,NA,NA,NA,NA,NA,NA,NA,NA,NA,NA,NA,NA,NA,NA,NA,NA,NA,NA,NA,NA,NA,NA,NA,NA,NA,NA,NA,NA,NA,NA,NA,NA,NA,NA,NA,NA,NA,NA,NA,NA,NA,NA,NA,NA,true,TRUE,TRUE,3466.7409469682343,3506.002989200091,3466.8862547381636,39.26204223185687,39.26204223185687,7.999999999999954,FALSE,105.982,NA,NA,NA
symmetric_heavy_tails,symmetric heavy tails,HT,HT,24,1000,421,0.421,NA,TRUE,TRUE,TRUE,0,NA,-1715.356705066015,3446.71341013203,3485.9754523638867,3446.8587179019587,8,116.717,NA,3432.71341013203,3437.6211654110116,1.000000000000017,NA,HeckmanEM,NA,raw_AIC_BIC_implied_logLik,finite_logLik_no_explicit_code,3,3.1280979230767976,0.12809792307679757,0.4,0.28604247899486407,-0.11395752100513595,NA,NA,NA,NA,NA,NA,NA,NA,NA,NA,NA,5,NA,NA,-0.7,-0.7531149167650393,-0.05311491676503932,0.15,0.15876032948208865,0.00876032948208865,1,1.020885964126385,0.02088596412638499,5,5.654755865302578,0.6547558653025778,1.5,1.5735716603888723,0.07357166038887253,0.8,0.7033488766386795,-0.09665112336132052,39.26204223185732,39.262042231857095,-2.2737367544323206e-13,NA,NA,NA,NA,NA,NA,NA,NA,NA,NA,NA,NA,NA,NA,NA,NA,NA,NA,NA,NA,NA,NA,NA,NA,NA,NA,NA,NA,NA,NA,NA,NA,NA,NA,NA,NA,NA,NA,NA,NA,NA,NA,NA,NA,NA,NA,NA,NA,NA,NA,NA,NA,NA,NA,NA,NA,NA,NA,NA,NA,NA,NA,NA,NA,NA,NA,NA,NA,NA,NA,NA,NA,NA,NA,NA,NA,NA,NA,NA,NA,NA,NA,NA,NA,NA,NA,NA,NA,NA,NA,NA,NA,NA,NA,NA,NA,NA,NA,NA,NA,NA,NA,true,TRUE,TRUE,3446.71341013203,3485.9754523638867,3446.858717901959,39.26204223185687,39.26204223185687,7.999999999999954,FALSE,116.717,NA,NA,NA
symmetric_heavy_tails,symmetric heavy tails,HT,CN,24,1000,421,0.421,NA,TRUE,TRUE,TRUE,0,NA,-1714.9977865416708,3449.9955730833417,3499.073125873163,3450.218019999418,10,544.3589999999999,NA,3431.9955730833417,3436.903328362324,1.000000000000017,NA,HeckmanEM,NA,raw_AIC_BIC_implied_logLik,finite_logLik_no_explicit_code,3,3.0417827088603357,0.04178270886033575,0.4,0.3325987433165412,-0.06740125668345881,NA,NA,NA,NA,NA,NA,NA,NA,NA,NA,NA,5,NA,NA,-0.7,-0.7854961851761513,-0.08549618517615132,0.15,0.16554771517456163,0.01554771517456163,1,1.065936001439782,0.06593600143978207,5,5.49743508336331,0.4974350833633103,1.5,1.590372690026981,0.090372690026981,0.8,0.7023003486318024,-0.09769965136819768,49.07755278982131,49.07755278982137,-5.684341886080802e-14,NA,NA,NA,NA,NA,NA,NA,NA,NA,NA,NA,NA,NA,NA,NA,NA,NA,NA,NA,NA,NA,NA,NA,NA,NA,NA,NA,NA,NA,NA,NA,NA,NA,NA,NA,NA,NA,NA,NA,NA,NA,NA,NA,NA,NA,NA,NA,NA,NA,NA,NA,NA,NA,NA,NA,NA,NA,NA,NA,NA,NA,NA,NA,NA,NA,NA,NA,NA,NA,NA,NA,NA,NA,NA,NA,NA,NA,NA,NA,NA,NA,NA,NA,NA,NA,NA,NA,NA,NA,NA,NA,NA,NA,NA,NA,NA,NA,NA,NA,NA,NA,NA,true,TRUE,TRUE,3449.9955730833417,3499.073125873163,3450.2180199994186,49.07755278982131,49.07755278982131,9.999999999999988,FALSE,544.3589999999999,NA,NA,NA
symmetric_heavy_tails,symmetric heavy tails,HT,ESN,24,1000,421,0.421,NA,TRUE,TRUE,TRUE,0,CONVERGENCE: REL_REDUCTION_OF_F <= FACTR*EPSMCH,-1719.7924501102996,3461.584900220599,3515.5702082894027,3461.852106698332,11,16294.971999999998,NA,NA,NA,NA,12,stage2,1721.95129178926;1720.02520774575;1725.37059364464;1719.81552535207;1725.37069770926;1719.84607503462;1719.84866833348;1725.37050336921;1725.37059739897;1719.93973620012;1720.18597936346;1719.79245135459;1721.19353775425;1725.37047269226,proposed_likelihood,stage2,3,5.643127507487093,2.643127507487093,0.4,-0.3480300688172013,-0.7480300688172012,NA,-1.4643842459831171,NA,NA,1.4925821305300957,NA,NA,-1.492508563281124,NA,NA,-1.492508563281124,5,NA,NA,-0.7,0.19797315671900576,0.8979731567190057,0.15,0.1271229882496568,-0.0228770117503432,1,0.7876310609548351,-0.21236893904516485,5,0.3344577185458253,-4.665542281454175,1.5,1.6130829633327024,0.1130829633327024,0.8,0.7373653861577807,-0.06263461384221936,53.98530806880353,53.985308068803505,2.842170943040401e-14,NA,NA,NA,NA,NA,NA,NA,NA,NA,NA,NA,NA,NA,NA,NA,NA,NA,NA,NA,NA,NA,NA,NA,NA,NA,NA,NA,NA,NA,NA,NA,NA,NA,NA,NA,NA,NA,NA,NA,NA,NA,NA,NA,NA,NA,NA,NA,NA,NA,NA,NA,NA,NA,NA,NA,NA,NA,NA,NA,NA,NA,NA,NA,NA,NA,NA,NA,NA,NA,NA,NA,NA,NA,NA,NA,NA,NA,NA,NA,NA,NA,NA,NA,NA,NA,NA,NA,NA,NA,NA,NA,NA,NA,NA,NA,NA,NA,NA,NA,NA,NA,NA,true,TRUE,TRUE,3461.584900220599,3515.5702082894027,3461.852106698332,53.98530806880353,53.98530806880353,11.000000000000005,FALSE,16294.971999999998,TRUE,TRUE,TRUE
symmetric_heavy_tails,symmetric heavy tails,HT,EST,24,1000,421,0.421,NA,TRUE,TRUE,TRUE,0,CONVERGENCE: REL_REDUCTION_OF_F <= FACTR*EPSMCH,-1715.479365864761,3454.9587317295213,3513.851795077307,3455.274841152014,12,18846.964000000004,NA,NA,NA,NA,28,stage2,1715.49266426827;1e+12;1e+12;1715.48902510027;1e+12;1e+12;1715.48014796318;1e+12;1e+12;1715.4853608808;1e+12;1e+12;1715.47974108548;1e+12;1e+12;1715.48630724083;1e+12;1e+12;1715.47994156184;1e+12;1e+12;1715.4817867988;1e+12;1e+12;1715.48711482617;1e+12;1e+12;1715.47936681668;1e+12;1e+12;1715.47967515129;1e+12;1e+12;1715.48872117386;1e+12;1e+12;1715.49339057819;1e+12;1e+12;1715.49147703721;1e+12;1e+12,proposed_likelihood,stage2,3,3.352885599826369,0.35288559982636913,0.4,0.38767425254349647,-0.01232574745650355,NA,-1.492582130487672,NA,NA,-0.01276762413273405,NA,NA,1.491582595141498,NA,NA,1.491582595141498,5,4,-1,-0.7,-0.30156144578412875,0.3984385542158712,0.15,0.1311210400429785,-0.01887895995702149,1,0.834908843956377,-0.165091156043623,5,5.9940894775656774,0.9940894775656774,1.5,1.5728931598524083,0.07289315985240852,0.8,0.7038942321892413,-0.09610576781075876,58.893063347785755,58.89306334778564,1.1368683772161603e-13,NA,NA,NA,NA,NA,NA,NA,NA,NA,NA,NA,NA,NA,NA,NA,NA,NA,NA,NA,NA,NA,NA,NA,NA,NA,NA,NA,NA,NA,NA,NA,NA,NA,NA,NA,NA,NA,NA,NA,NA,NA,NA,NA,NA,NA,NA,NA,NA,NA,NA,NA,NA,NA,NA,NA,NA,NA,NA,NA,NA,NA,NA,NA,NA,NA,NA,NA,NA,NA,NA,NA,NA,NA,NA,NA,NA,NA,NA,NA,NA,NA,NA,NA,NA,NA,NA,NA,NA,NA,NA,NA,NA,NA,NA,NA,NA,NA,NA,NA,NA,NA,NA,true,TRUE,TRUE,3454.958731729522,3513.8517950773075,3455.2748411520142,58.893063347785755,58.893063347785755,12.000000000000023,FALSE,18846.964000000004,TRUE,FALSE,TRUE
symmetric_heavy_tails,symmetric heavy tails,HT,NH,25,1000,428,0.428,NA,TRUE,TRUE,TRUE,0,NA,-1706.8551571454902,3429.7103142909805,3468.972356522838,3429.85562206091,8,55.275,NA,3415.7103142909805,3420.6180695699627,1.000000000000017,NA,HeckmanEM,NA,raw_AIC_BIC_implied_logLik,finite_logLik_no_explicit_code,3,3.616448531952604,0.6164485319526043,0.4,0.2424616415282363,-0.15753835847176376,NA,NA,NA,NA,NA,NA,NA,NA,NA,NA,NA,5,NA,NA,-0.7,-0.7855121805475949,-0.08551218054759491,0.15,0.14911705090468963,-8.829490953103647e-4,1,1.083507249448677,0.08350724944867705,5,5.516184924262169,0.516184924262169,1.5,1.6174857742274718,0.11748577422747176,0.8,0.7067601011340402,-0.09323989886595983,39.26204223185732,39.262042231857095,2.2737367544323206e-13,NA,NA,NA,NA,NA,NA,NA,NA,NA,NA,NA,NA,NA,NA,NA,NA,NA,NA,NA,NA,NA,NA,NA,NA,NA,NA,NA,NA,NA,NA,NA,NA,NA,NA,NA,NA,NA,NA,NA,NA,NA,NA,NA,NA,NA,NA,NA,NA,NA,NA,NA,NA,NA,NA,NA,NA,NA,NA,NA,NA,NA,NA,NA,NA,NA,NA,NA,NA,NA,NA,NA,NA,NA,NA,NA,NA,NA,NA,NA,NA,NA,NA,NA,NA,NA,NA,NA,NA,NA,NA,NA,NA,NA,NA,NA,NA,NA,NA,NA,NA,NA,NA,true,TRUE,TRUE,3429.7103142909805,3468.972356522838,3429.85562206091,39.26204223185732,39.26204223185732,8.000000000000046,FALSE,55.275,NA,NA,NA
symmetric_heavy_tails,symmetric heavy tails,HT,HT,25,1000,428,0.428,NA,TRUE,TRUE,TRUE,0,NA,-1694.4213551905486,3404.8427103810973,3444.104752612954,3404.9880181510266,8,73.59,NA,3390.8427103810973,3395.7504656600795,1.000000000000017,NA,HeckmanEM,NA,raw_AIC_BIC_implied_logLik,finite_logLik_no_explicit_code,3,2.9100236420015215,-0.08997635799847847,0.4,0.2416092304538324,-0.15839076954616765,NA,NA,NA,NA,NA,NA,NA,NA,NA,NA,NA,5,NA,NA,-0.7,-0.8456672806993708,-0.14566728069937085,0.15,0.1620427827949756,0.01204278279497561,1,1.161972975923305,0.16197297592330506,5,5.464619682616356,0.4646196826163562,1.5,1.563723966662808,0.063723966662808,0.8,0.7418581969480119,-0.05814180305198813,39.26204223185687,39.262042231857095,-2.2737367544323206e-13,NA,NA,NA,NA,NA,NA,NA,NA,NA,NA,NA,NA,NA,NA,NA,NA,NA,NA,NA,NA,NA,NA,NA,NA,NA,NA,NA,NA,NA,NA,NA,NA,NA,NA,NA,NA,NA,NA,NA,NA,NA,NA,NA,NA,NA,NA,NA,NA,NA,NA,NA,NA,NA,NA,NA,NA,NA,NA,NA,NA,NA,NA,NA,NA,NA,NA,NA,NA,NA,NA,NA,NA,NA,NA,NA,NA,NA,NA,NA,NA,NA,NA,NA,NA,NA,NA,NA,NA,NA,NA,NA,NA,NA,NA,NA,NA,NA,NA,NA,NA,NA,NA,true,TRUE,TRUE,3404.8427103810973,3444.104752612954,3404.9880181510266,39.26204223185687,39.26204223185687,7.999999999999954,FALSE,73.59,NA,NA,NA
symmetric_heavy_tails,symmetric heavy tails,HT,CN,25,1000,428,0.428,NA,TRUE,TRUE,TRUE,0,NA,-1694.764200759019,3409.528401518038,3458.6059543078595,3409.750848434115,10,547.8389999999999,NA,3391.528401518038,3396.4361567970204,1.000000000000017,NA,HeckmanEM,NA,raw_AIC_BIC_implied_logLik,finite_logLik_no_explicit_code,3,2.6411244717356928,-0.35887552826430724,0.4,0.2198279940570917,-0.18017200594290836,NA,NA,NA,NA,NA,NA,NA,NA,NA,NA,NA,5,NA,NA,-0.7,-0.9246516638065992,-0.2246516638065992,0.15,0.1779141196308872,0.02791411963088719,1,1.2709823184999287,0.2709823184999287,5,5.518855044291659,0.5188550442916586,1.5,1.576141628856808,0.07614162885680797,0.8,0.7519977316763485,-0.04800226832365151,49.07755278982131,49.07755278982137,-5.684341886080802e-14,NA,NA,NA,NA,NA,NA,NA,NA,NA,NA,NA,NA,NA,NA,NA,NA,NA,NA,NA,NA,NA,NA,NA,NA,NA,NA,NA,NA,NA,NA,NA,NA,NA,NA,NA,NA,NA,NA,NA,NA,NA,NA,NA,NA,NA,NA,NA,NA,NA,NA,NA,NA,NA,NA,NA,NA,NA,NA,NA,NA,NA,NA,NA,NA,NA,NA,NA,NA,NA,NA,NA,NA,NA,NA,NA,NA,NA,NA,NA,NA,NA,NA,NA,NA,NA,NA,NA,NA,NA,NA,NA,NA,NA,NA,NA,NA,NA,NA,NA,NA,NA,NA,true,TRUE,TRUE,3409.528401518038,3458.6059543078595,3409.750848434115,49.07755278982131,49.07755278982131,9.999999999999988,FALSE,547.8389999999999,NA,NA,NA
symmetric_heavy_tails,symmetric heavy tails,HT,ESN,25,1000,428,0.428,NA,TRUE,TRUE,TRUE,0,CONVERGENCE: REL_REDUCTION_OF_F <= FACTR*EPSMCH,-1703.0305677962997,3428.061135592599,3482.0464436614025,3428.328342070332,11,16621.269,NA,NA,NA,NA,10,stage2,1706.85731106799;1706.85541467434;1706.85514783079;1706.85611741666;1705.23127457931;1705.90346950922;1706.85663781809;1705.17721226928;1705.27109196354;1703.35733076095;1705.30687634944;1704.78218784712;1706.85632104569;1706.85515647752,proposed_likelihood,stage2,3,5.201513970881169,2.2015139708811686,0.4,-0.08499163968188371,-0.48499163968188375,NA,-0.6672363533924976,NA,NA,1.4925821305300957,NA,NA,-1.4925821305300957,NA,NA,-1.4925821305300957,5,NA,NA,-0.7,-0.2809172369460247,0.4190827630539752,0.15,0.14205375600776518,-0.00794624399223481,1,1.0356954656751962,0.03569546567519621,5,-0.02601546338926741,-5.0260154633892675,1.5,1.6532116365002656,0.1532116365002656,0.8,0.7054226131670942,-0.09457738683290584,53.98530806880353,53.985308068803505,2.842170943040401e-14,NA,NA,NA,NA,NA,NA,NA,NA,NA,NA,NA,NA,NA,NA,NA,NA,NA,NA,NA,NA,NA,NA,NA,NA,NA,NA,NA,NA,NA,NA,NA,NA,NA,NA,NA,NA,NA,NA,NA,NA,NA,NA,NA,NA,NA,NA,NA,NA,NA,NA,NA,NA,NA,NA,NA,NA,NA,NA,NA,NA,NA,NA,NA,NA,NA,NA,NA,NA,NA,NA,NA,NA,NA,NA,NA,NA,NA,NA,NA,NA,NA,NA,NA,NA,NA,NA,NA,NA,NA,NA,NA,NA,NA,NA,NA,NA,NA,NA,NA,NA,NA,NA,true,TRUE,TRUE,3428.0611355925994,3482.046443661403,3428.3283420703324,53.98530806880353,53.98530806880353,11.000000000000005,FALSE,16621.269,FALSE,TRUE,TRUE
symmetric_heavy_tails,symmetric heavy tails,HT,EST,25,1000,428,0.428,NA,TRUE,TRUE,TRUE,0,CONVERGENCE: REL_REDUCTION_OF_F <= FACTR*EPSMCH,-1695.102967716606,3414.2059354332123,3473.098998780998,3414.5220448557047,12,18708.377999999997,NA,NA,NA,NA,16,stage2,1695.10484967298;1e+12;1e+12;1695.11987788675;1e+12;1e+12;1695.10413758665;1e+12;1e+12;1695.10300555978;1e+12;1e+12;1695.10592728929;1e+12;1e+12;1695.10296785467;1e+12;1e+12;1695.10306986198;1e+12;1e+12;1695.10704421002;1e+12;1e+12;1695.1332608695;1e+12;1e+12;1695.10298325731;1e+12;1e+12;1695.10666507835;1e+12;1e+12;1695.10321412967;1e+12;1e+12;1695.1156952901;1e+12;1e+12;1695.10301293238;1e+12;1e+12,proposed_likelihood,stage2,3,2.9122964404575473,-0.08770355954245268,0.4,0.18375090357631815,-0.21624909642368184,NA,-0.6086954059617975,NA,NA,0.22248331660227655,NA,NA,1.4925821305300957,NA,NA,1.4925821305300957,5,4,-1,-0.7,-0.6679334730167991,0.03206652698320089,0.15,0.15360706266203483,0.00360706266203483,1,1.1032679035444688,0.1032679035444688,5,5.450972718091384,0.45097271809138384,1.5,1.558661767702495,0.05866176770249498,0.8,0.7527129478323685,-0.04728705216763151,58.893063347785755,58.89306334778564,1.1368683772161603e-13,NA,NA,NA,NA,NA,NA,NA,NA,NA,NA,NA,NA,NA,NA,NA,NA,NA,NA,NA,NA,NA,NA,NA,NA,NA,NA,NA,NA,NA,NA,NA,NA,NA,NA,NA,NA,NA,NA,NA,NA,NA,NA,NA,NA,NA,NA,NA,NA,NA,NA,NA,NA,NA,NA,NA,NA,NA,NA,NA,NA,NA,NA,NA,NA,NA,NA,NA,NA,NA,NA,NA,NA,NA,NA,NA,NA,NA,NA,NA,NA,NA,NA,NA,NA,NA,NA,NA,NA,NA,NA,NA,NA,NA,NA,NA,NA,NA,NA,NA,NA,NA,NA,true,TRUE,TRUE,3414.205935433212,3473.0989987809976,3414.5220448557043,58.893063347785755,58.893063347785755,12.000000000000023,FALSE,18708.377999999997,FALSE,FALSE,TRUE
symmetric_heavy_tails,symmetric heavy tails,HT,NH,26,1000,428,0.428,NA,TRUE,TRUE,TRUE,0,NA,-1816.3828255408357,3648.765651081671,3688.027693313528,3648.9109588516,8,161.27800000000002,NA,3634.765651081671,3639.673406360653,1.000000000000017,NA,HeckmanEM,NA,raw_AIC_BIC_implied_logLik,finite_logLik_no_explicit_code,3,5.367794076917018,2.3677940769170176,0.4,0.8004739634144385,0.4004739634144385,NA,NA,NA,NA,NA,NA,NA,NA,NA,NA,NA,5,NA,NA,-0.7,-0.5462182545385957,0.15378174546140422,0.15,0.12939623258426758,-0.02060376741573241,1,0.7197542645625307,-0.28024573543746933,5,3.010865110913768,-1.989134889086232,1.5,1.2742897939818687,-0.2257102060181313,0.8,0.5542194556289929,-0.24578054437100716,39.26204223185732,39.262042231857095,-2.2737367544323206e-13,NA,NA,NA,NA,NA,NA,NA,NA,NA,NA,NA,NA,NA,NA,NA,NA,NA,NA,NA,NA,NA,NA,NA,NA,NA,NA,NA,NA,NA,NA,NA,NA,NA,NA,NA,NA,NA,NA,NA,NA,NA,NA,NA,NA,NA,NA,NA,NA,NA,NA,NA,NA,NA,NA,NA,NA,NA,NA,NA,NA,NA,NA,NA,NA,NA,NA,NA,NA,NA,NA,NA,NA,NA,NA,NA,NA,NA,NA,NA,NA,NA,NA,NA,NA,NA,NA,NA,NA,NA,NA,NA,NA,NA,NA,NA,NA,NA,NA,NA,NA,NA,NA,true,TRUE,TRUE,3648.7656510816714,3688.0276933135283,3648.9109588516008,39.26204223185687,39.26204223185687,7.999999999999954,FALSE,161.27800000000002,NA,NA,NA
symmetric_heavy_tails,symmetric heavy tails,HT,HT,26,1000,428,0.428,NA,TRUE,TRUE,TRUE,0,NA,-1771.688971843817,3559.377943687634,3598.6399859194908,3559.523251457563,8,135.33800000000002,NA,3545.377943687634,3550.285698966616,1.000000000000017,NA,HeckmanEM,NA,raw_AIC_BIC_implied_logLik,finite_logLik_no_explicit_code,3,3.193125798687233,0.193125798687233,0.4,0.4920440955730336,0.09204409557303356,NA,NA,NA,NA,NA,NA,NA,NA,NA,NA,NA,5,NA,NA,-0.7,-0.69280466481321,0.00719533518678994,0.15,0.16568762937933193,0.01568762937933193,1,0.9541936433392026,-0.04580635666079735,5,4.560490226113462,-0.4395097738865381,1.5,1.1848178892351937,-0.3151821107648063,0.8,0.6654951946522587,-0.13450480534774134,39.26204223185687,39.262042231857095,-2.2737367544323206e-13,NA,NA,NA,NA,NA,NA,NA,NA,NA,NA,NA,NA,NA,NA,NA,NA,NA,NA,NA,NA,NA,NA,NA,NA,NA,NA,NA,NA,NA,NA,NA,NA,NA,NA,NA,NA,NA,NA,NA,NA,NA,NA,NA,NA,NA,NA,NA,NA,NA,NA,NA,NA,NA,NA,NA,NA,NA,NA,NA,NA,NA,NA,NA,NA,NA,NA,NA,NA,NA,NA,NA,NA,NA,NA,NA,NA,NA,NA,NA,NA,NA,NA,NA,NA,NA,NA,NA,NA,NA,NA,NA,NA,NA,NA,NA,NA,NA,NA,NA,NA,NA,NA,true,TRUE,TRUE,3559.377943687634,3598.6399859194908,3559.523251457563,39.26204223185687,39.26204223185687,7.999999999999954,FALSE,135.33800000000002,NA,NA,NA
symmetric_heavy_tails,symmetric heavy tails,HT,CN,26,1000,428,0.428,NA,TRUE,TRUE,TRUE,0,NA,-1775.948262658506,3571.896525317012,3620.974078106833,3572.1189722330887,10,324.06500000000005,NA,3553.896525317012,3558.804280595994,1.000000000000017,NA,HeckmanEM,NA,raw_AIC_BIC_implied_logLik,finite_logLik_no_explicit_code,3,3.416219454256481,0.4162194542564812,0.4,0.49426468819213903,0.094264688192139,NA,NA,NA,NA,NA,NA,NA,NA,NA,NA,NA,5,NA,NA,-0.7,-0.6792827803423217,0.02071721965767825,0.15,0.16127074478670508,0.01127074478670509,1,0.9330331010886008,-0.06696689891139906,5,4.513408684382467,-0.4865913156175328,1.5,1.2389287605121924,-0.26107123948780764,0.8,0.6695833247006432,-0.13041667529935683,49.07755278982131,49.07755278982137,-5.684341886080802e-14,NA,NA,NA,NA,NA,NA,NA,NA,NA,NA,NA,NA,NA,NA,NA,NA,NA,NA,NA,NA,NA,NA,NA,NA,NA,NA,NA,NA,NA,NA,NA,NA,NA,NA,NA,NA,NA,NA,NA,NA,NA,NA,NA,NA,NA,NA,NA,NA,NA,NA,NA,NA,NA,NA,NA,NA,NA,NA,NA,NA,NA,NA,NA,NA,NA,NA,NA,NA,NA,NA,NA,NA,NA,NA,NA,NA,NA,NA,NA,NA,NA,NA,NA,NA,NA,NA,NA,NA,NA,NA,NA,NA,NA,NA,NA,NA,NA,NA,NA,NA,NA,NA,true,TRUE,TRUE,3571.896525317012,3620.9740781068335,3572.118972233089,49.07755278982086,49.07755278982131,9.999999999999895,FALSE,324.06500000000005,NA,NA,NA
symmetric_heavy_tails,symmetric heavy tails,HT,ESN,26,1000,428,0.428,NA,TRUE,TRUE,TRUE,0,CONVERGENCE: REL_REDUCTION_OF_F <= FACTR*EPSMCH,-1798.1838342421313,3618.3676684842626,3672.352976553066,3618.634874961995,11,20321.745000000003,NA,NA,NA,NA,10,stage2,1815.24277775619;1815.48891739824;1815.17172787705;1816.39309172352;1815.1477005694;1804.47492639401;1816.41785054966;1815.20537065284;1815.14882130081;1800.3628665958;1815.15821273379;1815.26782728326;1815.35203515071;1816.38282534604,proposed_likelihood,stage2,3,6.777968263352705,3.7779682633527054,0.4,0.6809155582985402,0.2809155582985402,NA,1.2160184316208107,NA,NA,1.4925821305300957,NA,NA,-1.4925821305300957,NA,NA,-1.4925821305300957,5,NA,NA,-0.7,-1.2496487574305717,-0.5496487574305717,0.15,0.12838394170362322,-0.02161605829637677,1,0.7365209976099765,-0.26347900239002353,5,-3.0058621982968945,-8.005862198296894,1.5,1.2164664065347572,-0.28353359346524276,0.8,0.5443209020184723,-0.25567909798152777,53.98530806880353,53.985308068803505,2.842170943040401e-14,NA,NA,NA,NA,NA,NA,NA,NA,NA,NA,NA,NA,NA,NA,NA,NA,NA,NA,NA,NA,NA,NA,NA,NA,NA,NA,NA,NA,NA,NA,NA,NA,NA,NA,NA,NA,NA,NA,NA,NA,NA,NA,NA,NA,NA,NA,NA,NA,NA,NA,NA,NA,NA,NA,NA,NA,NA,NA,NA,NA,NA,NA,NA,NA,NA,NA,NA,NA,NA,NA,NA,NA,NA,NA,NA,NA,NA,NA,NA,NA,NA,NA,NA,NA,NA,NA,NA,NA,NA,NA,NA,NA,NA,NA,NA,NA,NA,NA,NA,NA,NA,NA,true,TRUE,TRUE,3618.3676684842626,3672.352976553066,3618.6348749619956,53.98530806880353,53.98530806880353,11.000000000000005,FALSE,20321.745000000003,FALSE,TRUE,TRUE
symmetric_heavy_tails,symmetric heavy tails,HT,EST,26,1000,428,0.428,NA,TRUE,TRUE,TRUE,0,CONVERGENCE: REL_REDUCTION_OF_F <= FACTR*EPSMCH,-1769.3297746598903,3562.6595493197806,3621.5526126675663,3562.975658742273,12,18595.182,NA,NA,NA,NA,34,stage2,1769.60511400488;1e+12;1e+12;1769.5971640213;1e+12;1e+12;1769.59783413166;1e+12;1e+12;1769.47768104867;1e+12;1e+12;1769.59265087654;1e+12;1e+12;1769.33695821817;1e+12;1e+12;1769.59235467567;1e+12;1e+12;1769.54397541169;1e+12;1e+12;1769.59984313319;1e+12;1e+12;1769.32984976953;1e+12;1e+12;1769.58291851724;1e+12;1e+12;1769.33673452949;1e+12;1e+12;1769.60103156091;1e+12;1e+12;1769.4919397396;1e+12;1e+12,proposed_likelihood,stage2,3,3.459927058629193,0.45992705862919303,0.4,0.2005799951151541,-0.19942000488484593,NA,-1.4925821305300957,NA,NA,0.7200391597778308,NA,NA,1.274813943455393,NA,NA,1.274813943455393,5,4,-1,-0.7,-0.22208011953513856,0.47791988046486145,0.15,0.13878588855145846,-0.01121411144854153,1,0.7917982754773231,-0.2082017245226769,5,4.6955241430913315,-0.3044758569086685,1.5,1.214286277984448,-0.2857137220155521,0.8,0.6501437440818545,-0.14985625591814555,58.893063347785755,58.89306334778564,1.1368683772161603e-13,NA,NA,NA,NA,NA,NA,NA,NA,NA,NA,NA,NA,NA,NA,NA,NA,NA,NA,NA,NA,NA,NA,NA,NA,NA,NA,NA,NA,NA,NA,NA,NA,NA,NA,NA,NA,NA,NA,NA,NA,NA,NA,NA,NA,NA,NA,NA,NA,NA,NA,NA,NA,NA,NA,NA,NA,NA,NA,NA,NA,NA,NA,NA,NA,NA,NA,NA,NA,NA,NA,NA,NA,NA,NA,NA,NA,NA,NA,NA,NA,NA,NA,NA,NA,NA,NA,NA,NA,NA,NA,NA,NA,NA,NA,NA,NA,NA,NA,NA,NA,NA,NA,true,TRUE,TRUE,3562.6595493197806,3621.5526126675663,3562.975658742273,58.893063347785755,58.893063347785755,12.000000000000023,FALSE,18595.182,TRUE,FALSE,FALSE
symmetric_heavy_tails,symmetric heavy tails,HT,NH,27,1000,444,0.444,NA,TRUE,TRUE,TRUE,0,NA,-1808.329834663141,3632.659669326282,3671.921711558138,3632.804977096211,8,58.215,NA,3618.659669326282,3623.567424605264,1.000000000000017,NA,HeckmanEM,NA,raw_AIC_BIC_implied_logLik,finite_logLik_no_explicit_code,3,3.8568576659262304,0.8568576659262304,0.4,0.19120678698436352,-0.2087932130156365,NA,NA,NA,NA,NA,NA,NA,NA,NA,NA,NA,5,NA,NA,-0.7,-0.6636938482979041,0.03630615170209583,0.15,0.1327092267498642,-0.01729077325013578,1,0.998915733733276,-0.00108426626672386,5,4.824742493626467,-0.17525750637353266,1.5,1.557748321901358,0.05774832190135792,0.8,0.9816328094834964,0.18163280948349625,39.26204223185687,39.262042231857095,-2.2737367544323206e-13,NA,NA,NA,NA,NA,NA,NA,NA,NA,NA,NA,NA,NA,NA,NA,NA,NA,NA,NA,NA,NA,NA,NA,NA,NA,NA,NA,NA,NA,NA,NA,NA,NA,NA,NA,NA,NA,NA,NA,NA,NA,NA,NA,NA,NA,NA,NA,NA,NA,NA,NA,NA,NA,NA,NA,NA,NA,NA,NA,NA,NA,NA,NA,NA,NA,NA,NA,NA,NA,NA,NA,NA,NA,NA,NA,NA,NA,NA,NA,NA,NA,NA,NA,NA,NA,NA,NA,NA,NA,NA,NA,NA,NA,NA,NA,NA,NA,NA,NA,NA,NA,NA,true,TRUE,TRUE,3632.659669326282,3671.9217115581387,3632.804977096211,39.26204223185641,39.26204223185687,7.9999999999998614,FALSE,58.215,NA,NA,NA
symmetric_heavy_tails,symmetric heavy tails,HT,HT,27,1000,444,0.444,NA,TRUE,TRUE,TRUE,0,NA,-1776.2000684714503,3568.400136942901,3607.6621791747584,3568.5454447128304,8,80.296,NA,3554.400136942901,3559.3078922218833,1.000000000000017,NA,HeckmanEM,NA,raw_AIC_BIC_implied_logLik,finite_logLik_no_explicit_code,3,2.814243789634032,-0.18575621036596823,0.4,0.23833701486516976,-0.16166298513483024,NA,NA,NA,NA,NA,NA,NA,NA,NA,NA,NA,5,NA,NA,-0.7,-0.7390645773927755,-0.03906457739277558,0.15,0.1507379965717509,7.379965717509152e-4,1,1.1065839156386752,0.1065839156386752,5,4.784799290189127,-0.21520070981087255,1.5,1.5655713709704258,0.06557137097042576,0.8,0.9954452439007772,0.1954452439007771,39.26204223185732,39.262042231857095,-2.2737367544323206e-13,NA,NA,NA,NA,NA,NA,NA,NA,NA,NA,NA,NA,NA,NA,NA,NA,NA,NA,NA,NA,NA,NA,NA,NA,NA,NA,NA,NA,NA,NA,NA,NA,NA,NA,NA,NA,NA,NA,NA,NA,NA,NA,NA,NA,NA,NA,NA,NA,NA,NA,NA,NA,NA,NA,NA,NA,NA,NA,NA,NA,NA,NA,NA,NA,NA,NA,NA,NA,NA,NA,NA,NA,NA,NA,NA,NA,NA,NA,NA,NA,NA,NA,NA,NA,NA,NA,NA,NA,NA,NA,NA,NA,NA,NA,NA,NA,NA,NA,NA,NA,NA,NA,true,TRUE,TRUE,3568.4001369429006,3607.6621791747575,3568.54544471283,39.26204223185732,39.26204223185687,8.000000000000046,FALSE,80.296,NA,NA,NA
symmetric_heavy_tails,symmetric heavy tails,HT,CN,27,1000,444,0.444,NA,TRUE,TRUE,TRUE,0,NA,-1774.7428305342028,3569.4856610684055,3618.563213858227,3569.7081079844825,10,183.89,NA,3551.4856610684055,3556.393416347388,1.000000000000017,NA,HeckmanEM,NA,raw_AIC_BIC_implied_logLik,finite_logLik_no_explicit_code,3,3.011272572075515,0.0112725720755149,0.4,0.2654413307790625,-0.1345586692209375,NA,NA,NA,NA,NA,NA,NA,NA,NA,NA,NA,5,NA,NA,-0.7,-0.7140200271527499,-0.01402002715274997,0.15,0.14514475627818793,-0.00485524372181206,1,1.070879566248237,0.0708795662482371,5,4.716328092255162,-0.2836719077448384,1.5,1.6166582861629948,0.11665828616299478,0.8,0.9903566475729176,0.1903566475729177,49.07755278982131,49.07755278982137,-5.684341886080802e-14,NA,NA,NA,NA,NA,NA,NA,NA,NA,NA,NA,NA,NA,NA,NA,NA,NA,NA,NA,NA,NA,NA,NA,NA,NA,NA,NA,NA,NA,NA,NA,NA,NA,NA,NA,NA,NA,NA,NA,NA,NA,NA,NA,NA,NA,NA,NA,NA,NA,NA,NA,NA,NA,NA,NA,NA,NA,NA,NA,NA,NA,NA,NA,NA,NA,NA,NA,NA,NA,NA,NA,NA,NA,NA,NA,NA,NA,NA,NA,NA,NA,NA,NA,NA,NA,NA,NA,NA,NA,NA,NA,NA,NA,NA,NA,NA,NA,NA,NA,NA,NA,NA,true,TRUE,TRUE,3569.4856610684055,3618.563213858227,3569.7081079844825,49.07755278982131,49.07755278982131,9.999999999999988,FALSE,183.89,NA,NA,NA
symmetric_heavy_tails,symmetric heavy tails,HT,ESN,27,1000,444,0.444,NA,TRUE,TRUE,TRUE,0,CONVERGENCE: REL_REDUCTION_OF_F <= FACTR*EPSMCH,-1804.7746028759711,3631.5492057519423,3685.5345138207463,3631.816412229676,11,17258.942000000003,NA,NA,NA,NA,11,stage2,1804.80336176844;1808.01699464144;1804.77506359286;1807.46518625079;1804.78091229982;1807.47006460578;1807.46989418357;1804.79283787423;1804.77960192754;1807.49404870713;1804.77675529352;1804.785101549;1804.82694565904;1808.32983410661,proposed_likelihood,stage2,3,4.576788197954142,1.5767881979541416,0.4,0.09069929411134146,-0.30930070588865854,NA,1.4925821305300957,NA,NA,-1.4925821305300957,NA,NA,-1.486941679228191,NA,NA,-1.486941679228191,5,NA,NA,-0.7,-1.3251886092376546,-0.6251886092376546,0.15,0.10878412535563024,-0.04121587464436975,1,0.8068478723350904,-0.19315212766490963,5,7.1129639390042625,2.1129639390042625,1.5,1.6049235864984448,0.1049235864984448,0.8,0.9925669074933832,0.19256690749338312,53.98530806880353,53.985308068803505,2.842170943040401e-14,NA,NA,NA,NA,NA,NA,NA,NA,NA,NA,NA,NA,NA,NA,NA,NA,NA,NA,NA,NA,NA,NA,NA,NA,NA,NA,NA,NA,NA,NA,NA,NA,NA,NA,NA,NA,NA,NA,NA,NA,NA,NA,NA,NA,NA,NA,NA,NA,NA,NA,NA,NA,NA,NA,NA,NA,NA,NA,NA,NA,NA,NA,NA,NA,NA,NA,NA,NA,NA,NA,NA,NA,NA,NA,NA,NA,NA,NA,NA,NA,NA,NA,NA,NA,NA,NA,NA,NA,NA,NA,NA,NA,NA,NA,NA,NA,NA,NA,NA,NA,NA,NA,true,TRUE,TRUE,3631.5492057519423,3685.534513820746,3631.8164122296753,53.98530806880399,53.98530806880353,11.000000000000098,FALSE,17258.942000000003,TRUE,TRUE,TRUE
symmetric_heavy_tails,symmetric heavy tails,HT,EST,27,1000,444,0.444,NA,TRUE,TRUE,TRUE,0,CONVERGENCE: REL_REDUCTION_OF_F <= FACTR*EPSMCH,-1775.4286687825731,3574.8573375651463,3633.750400912932,3575.1734469876387,12,19343.467999999997,NA,NA,NA,NA,22,stage2,1775.43348829909;1e+12;1e+12;1775.45313736172;1e+12;1e+12;1775.44767637925;1e+12;1e+12;1775.47708598661;1e+12;1e+12;1775.4381939941;1e+12;1e+12;1775.44006637362;1e+12;1e+12;1775.47964243508;1e+12;1e+12;1775.42866952417;1e+12;1e+12;1775.43159866111;1e+12;1e+12;1775.45904800991;1e+12;1e+12;1775.43086432288;1e+12;1e+12;1775.46284224983;1e+12;1e+12;1775.47152933733;1e+12;1e+12;1775.44928571813;1e+12;1e+12,proposed_likelihood,stage2,3,2.982420867083227,-0.01757913291677315,0.4,0.28180359432385604,-0.11819640567614398,NA,1.0126180012706814,NA,NA,-1.1948823101022643,NA,NA,1.4925821305300957,NA,NA,1.4925821305300957,5,4,-1,-0.7,-0.9041291400471516,-0.20412914004715155,0.15,0.13802439903818814,-0.01197560096181185,1,1.0149049891592594,0.01490498915925941,5,4.90887515703409,-0.09112484296591015,1.5,1.5881481328732323,0.08814813287323253,0.8,1.0091754991067297,0.2091754991067296,58.893063347785755,58.89306334778564,1.1368683772161603e-13,NA,NA,NA,NA,NA,NA,NA,NA,NA,NA,NA,NA,NA,NA,NA,NA,NA,NA,NA,NA,NA,NA,NA,NA,NA,NA,NA,NA,NA,NA,NA,NA,NA,NA,NA,NA,NA,NA,NA,NA,NA,NA,NA,NA,NA,NA,NA,NA,NA,NA,NA,NA,NA,NA,NA,NA,NA,NA,NA,NA,NA,NA,NA,NA,NA,NA,NA,NA,NA,NA,NA,NA,NA,NA,NA,NA,NA,NA,NA,NA,NA,NA,NA,NA,NA,NA,NA,NA,NA,NA,NA,NA,NA,NA,NA,NA,NA,NA,NA,NA,NA,NA,true,TRUE,TRUE,3574.8573375651463,3633.750400912932,3575.1734469876387,58.893063347785755,58.893063347785755,12.000000000000023,FALSE,19343.467999999997,FALSE,FALSE,TRUE
symmetric_heavy_tails,symmetric heavy tails,HT,NH,28,1000,443,0.443,NA,TRUE,TRUE,TRUE,0,NA,-1741.403695335854,3498.8073906717077,3538.069432903565,3498.952698441637,8,53.018,NA,3484.8073906717077,3489.71514595069,1.000000000000017,NA,HeckmanEM,NA,raw_AIC_BIC_implied_logLik,finite_logLik_no_explicit_code,3,3.5742767524866608,0.5742767524866608,0.4,0.3432263779407526,-0.05677362205924741,NA,NA,NA,NA,NA,NA,NA,NA,NA,NA,NA,5,NA,NA,-0.7,-0.6704929079669208,0.0295070920330791,0.15,0.15471520228173327,0.00471520228173327,1,1.0229709749924003,0.0229709749924003,5,5.3398078968384155,0.3398078968384155,1.5,1.2744014474012322,-0.22559855259876785,0.8,0.6383349155358613,-0.16166508446413874,39.26204223185732,39.262042231857095,-2.2737367544323206e-13,NA,NA,NA,NA,NA,NA,NA,NA,NA,NA,NA,NA,NA,NA,NA,NA,NA,NA,NA,NA,NA,NA,NA,NA,NA,NA,NA,NA,NA,NA,NA,NA,NA,NA,NA,NA,NA,NA,NA,NA,NA,NA,NA,NA,NA,NA,NA,NA,NA,NA,NA,NA,NA,NA,NA,NA,NA,NA,NA,NA,NA,NA,NA,NA,NA,NA,NA,NA,NA,NA,NA,NA,NA,NA,NA,NA,NA,NA,NA,NA,NA,NA,NA,NA,NA,NA,NA,NA,NA,NA,NA,NA,NA,NA,NA,NA,NA,NA,NA,NA,NA,NA,true,TRUE,TRUE,3498.807390671708,3538.069432903565,3498.9526984416375,39.26204223185732,39.26204223185687,8.000000000000046,FALSE,53.018,NA,NA,NA
symmetric_heavy_tails,symmetric heavy tails,HT,HT,28,1000,443,0.443,NA,TRUE,TRUE,TRUE,0,NA,-1728.7005471853197,3473.401094370639,3512.663136602496,3473.5464021405683,8,89.364,NA,3459.401094370639,3464.308849649621,1.000000000000017,NA,HeckmanEM,NA,raw_AIC_BIC_implied_logLik,finite_logLik_no_explicit_code,3,2.8755925568064624,-0.12440744319353758,0.4,0.3951082916792364,-0.00489170832076363,NA,NA,NA,NA,NA,NA,NA,NA,NA,NA,NA,5,NA,NA,-0.7,-0.7282409938431643,-0.02824099384316436,0.15,0.1702791157966297,0.02027911579662969,1,1.1049379459487192,0.1049379459487192,5,5.351097796596549,0.35109779659654894,1.5,1.3037922319980038,-0.19620776800199624,0.8,0.5933511935790918,-0.20664880642090824,39.26204223185687,39.262042231857095,2.2737367544323206e-13,NA,NA,NA,NA,NA,NA,NA,NA,NA,NA,NA,NA,NA,NA,NA,NA,NA,NA,NA,NA,NA,NA,NA,NA,NA,NA,NA,NA,NA,NA,NA,NA,NA,NA,NA,NA,NA,NA,NA,NA,NA,NA,NA,NA,NA,NA,NA,NA,NA,NA,NA,NA,NA,NA,NA,NA,NA,NA,NA,NA,NA,NA,NA,NA,NA,NA,NA,NA,NA,NA,NA,NA,NA,NA,NA,NA,NA,NA,NA,NA,NA,NA,NA,NA,NA,NA,NA,NA,NA,NA,NA,NA,NA,NA,NA,NA,NA,NA,NA,NA,NA,NA,true,TRUE,TRUE,3473.4010943706394,3512.6631366024967,3473.5464021405687,39.26204223185687,39.26204223185732,7.999999999999954,FALSE,89.364,NA,NA,NA
symmetric_heavy_tails,symmetric heavy tails,HT,CN,28,1000,443,0.443,NA,TRUE,TRUE,TRUE,0,NA,-1728.5158392045414,3477.031678409083,3526.109231198904,3477.2541253251597,10,534.241,NA,3459.031678409083,3463.939433688065,1.000000000000017,NA,HeckmanEM,NA,raw_AIC_BIC_implied_logLik,finite_logLik_no_explicit_code,3,2.530544725729001,-0.4694552742709992,0.4,0.39418567581856945,-0.00581432418143057,NA,NA,NA,NA,NA,NA,NA,NA,NA,NA,NA,5,NA,NA,-0.7,-0.8247340465790434,-0.1247340465790434,0.15,0.19367488395127455,0.04367488395127458,1,1.253098746617793,0.25309874661779297,5,5.357625221579052,0.35762522157905163,1.5,1.2812816951254762,-0.21871830487452384,0.8,0.590359487617198,-0.209640512382802,49.07755278982131,49.07755278982137,-5.684341886080802e-14,NA,NA,NA,NA,NA,NA,NA,NA,NA,NA,NA,NA,NA,NA,NA,NA,NA,NA,NA,NA,NA,NA,NA,NA,NA,NA,NA,NA,NA,NA,NA,NA,NA,NA,NA,NA,NA,NA,NA,NA,NA,NA,NA,NA,NA,NA,NA,NA,NA,NA,NA,NA,NA,NA,NA,NA,NA,NA,NA,NA,NA,NA,NA,NA,NA,NA,NA,NA,NA,NA,NA,NA,NA,NA,NA,NA,NA,NA,NA,NA,NA,NA,NA,NA,NA,NA,NA,NA,NA,NA,NA,NA,NA,NA,NA,NA,NA,NA,NA,NA,NA,NA,true,TRUE,TRUE,3477.031678409083,3526.109231198904,3477.2541253251597,49.07755278982131,49.07755278982131,9.999999999999988,FALSE,534.241,NA,NA,NA
symmetric_heavy_tails,symmetric heavy tails,HT,ESN,28,1000,443,0.443,NA,TRUE,TRUE,TRUE,0,CONVERGENCE: REL_REDUCTION_OF_F <= FACTR*EPSMCH,-1739.739518644528,3501.479037289056,3555.4643453578597,3501.746243766789,11,17648.068,NA,NA,NA,NA,10,stage2,1741.40355261948;1741.40406433754;1740.65587602518;1740.82134804199;1740.68994612931;1740.79183693657;1740.71045532478;1740.56582032225;1740.55406248343;1740.35318504516;1740.60283183549;1741.40371048716;1741.25212296221;1741.40369475659,proposed_likelihood,stage2,3,4.622527401097772,1.6225274010977715,0.4,0.6436036144003568,0.24360361440035683,NA,1.4919217490419223,NA,NA,0.6753973889869366,NA,NA,-1.4925821305300957,NA,NA,-1.4925821305300957,5,NA,NA,-0.7,-1.520902418877024,-0.820902418877024,0.15,0.1123682497327852,-0.0376317502672148,1,0.7393083892367591,-0.2606916107632409,5,0.6150283994215106,-4.384971600578489,1.5,1.26909213996918,-0.2309078600308201,0.8,0.6296294852077099,-0.17037051479229015,53.98530806880353,53.985308068803505,2.842170943040401e-14,NA,NA,NA,NA,NA,NA,NA,NA,NA,NA,NA,NA,NA,NA,NA,NA,NA,NA,NA,NA,NA,NA,NA,NA,NA,NA,NA,NA,NA,NA,NA,NA,NA,NA,NA,NA,NA,NA,NA,NA,NA,NA,NA,NA,NA,NA,NA,NA,NA,NA,NA,NA,NA,NA,NA,NA,NA,NA,NA,NA,NA,NA,NA,NA,NA,NA,NA,NA,NA,NA,NA,NA,NA,NA,NA,NA,NA,NA,NA,NA,NA,NA,NA,NA,NA,NA,NA,NA,NA,NA,NA,NA,NA,NA,NA,NA,NA,NA,NA,NA,NA,NA,true,TRUE,TRUE,3501.479037289056,3555.4643453578597,3501.746243766789,53.98530806880353,53.98530806880353,11.000000000000005,FALSE,17648.068,TRUE,FALSE,TRUE
symmetric_heavy_tails,symmetric heavy tails,HT,EST,28,1000,443,0.443,NA,TRUE,TRUE,TRUE,0,CONVERGENCE: REL_REDUCTION_OF_F <= FACTR*EPSMCH,-1729.2201213691494,3482.440242738299,3541.3333060860846,3482.7563521607913,12,18641.851,NA,NA,NA,NA,22,stage2,1729.23072576481;1e+12;1e+12;1729.24395149229;1e+12;1e+12;1729.22056453307;1e+12;1e+12;1729.23187838789;1e+12;1e+12;1729.22249103958;1e+12;1e+12;1729.22701946662;1e+12;1e+12;1729.23015949167;1e+12;1e+12;1729.22032101433;1e+12;1e+12;1729.2363834928;1e+12;1e+12;1729.23164999303;1e+12;1e+12;1729.22269400968;1e+12;1e+12;1729.22447209434;1e+12;1e+12;1729.22889022437;1e+12;1e+12;1729.2248739389;1e+12;1e+12,proposed_likelihood,stage2,3,2.7494356581431307,-0.25056434185686927,0.4,0.40830983564324946,0.00830983564324944,NA,0.9093496263732156,NA,NA,-0.4789632366428572,NA,NA,1.4925821305300957,NA,NA,1.4925821305300957,5,4,-1,-0.7,-0.8858998385011039,-0.18589983850110392,0.15,0.16049602943938918,0.01049602943938918,1,1.0356251731043236,0.03562517310432356,5,5.281902262102647,0.2819022621026468,1.5,1.2996822517602935,-0.20031774823970627,0.8,0.5965900974920453,-0.20340990250795477,58.893063347785755,58.89306334778564,1.1368683772161603e-13,NA,NA,NA,NA,NA,NA,NA,NA,NA,NA,NA,NA,NA,NA,NA,NA,NA,NA,NA,NA,NA,NA,NA,NA,NA,NA,NA,NA,NA,NA,NA,NA,NA,NA,NA,NA,NA,NA,NA,NA,NA,NA,NA,NA,NA,NA,NA,NA,NA,NA,NA,NA,NA,NA,NA,NA,NA,NA,NA,NA,NA,NA,NA,NA,NA,NA,NA,NA,NA,NA,NA,NA,NA,NA,NA,NA,NA,NA,NA,NA,NA,NA,NA,NA,NA,NA,NA,NA,NA,NA,NA,NA,NA,NA,NA,NA,NA,NA,NA,NA,NA,NA,true,TRUE,TRUE,3482.440242738299,3541.3333060860846,3482.7563521607913,58.893063347785755,58.893063347785755,12.000000000000023,FALSE,18641.851,FALSE,FALSE,TRUE
symmetric_heavy_tails,symmetric heavy tails,HT,NH,29,1000,429,0.429,NA,TRUE,TRUE,TRUE,0,NA,-1738.5670087141198,3493.1340174282395,3532.3960596600964,3493.279325198169,8,68.023,NA,3479.1340174282395,3484.0417727072218,1.000000000000017,NA,HeckmanEM,NA,raw_AIC_BIC_implied_logLik,finite_logLik_no_explicit_code,3,3.671180653549799,0.6711806535497988,0.4,0.3833019279319863,-0.01669807206801371,NA,NA,NA,NA,NA,NA,NA,NA,NA,NA,NA,5,NA,NA,-0.7,-0.6960293696819031,0.00397063031809685,0.15,0.10509245664076591,-0.04490754335923407,1,0.976031344268655,-0.02396865573134499,5,4.755740552039453,-0.24425944796054733,1.5,1.615979835541342,0.11597983554134196,0.8,0.7802004509238938,-0.01979954907610626,39.26204223185687,39.262042231857095,-2.2737367544323206e-13,NA,NA,NA,NA,NA,NA,NA,NA,NA,NA,NA,NA,NA,NA,NA,NA,NA,NA,NA,NA,NA,NA,NA,NA,NA,NA,NA,NA,NA,NA,NA,NA,NA,NA,NA,NA,NA,NA,NA,NA,NA,NA,NA,NA,NA,NA,NA,NA,NA,NA,NA,NA,NA,NA,NA,NA,NA,NA,NA,NA,NA,NA,NA,NA,NA,NA,NA,NA,NA,NA,NA,NA,NA,NA,NA,NA,NA,NA,NA,NA,NA,NA,NA,NA,NA,NA,NA,NA,NA,NA,NA,NA,NA,NA,NA,NA,NA,NA,NA,NA,NA,NA,true,TRUE,TRUE,3493.1340174282395,3532.3960596600964,3493.279325198169,39.26204223185687,39.26204223185687,7.999999999999954,FALSE,68.023,NA,NA,NA
symmetric_heavy_tails,symmetric heavy tails,HT,HT,29,1000,429,0.429,NA,TRUE,TRUE,TRUE,0,NA,-1727.3081036851677,3470.6162073703354,3509.8782496021922,3470.7615151402647,8,99.568,NA,3456.6162073703354,3461.5239626493176,1.000000000000017,NA,HeckmanEM,NA,raw_AIC_BIC_implied_logLik,finite_logLik_no_explicit_code,3,2.914452664597875,-0.08554733540212478,0.4,0.41512217734426016,0.01512217734426013,NA,NA,NA,NA,NA,NA,NA,NA,NA,NA,NA,5,NA,NA,-0.7,-0.7678736534777167,-0.06787365347771679,0.15,0.12011843542484583,-0.02988156457515416,1,1.0595341412628887,0.05953414126288869,5,4.814253187283262,-0.18574681271673832,1.5,1.757949127896102,0.2579491278961019,0.8,0.7402569024151087,-0.05974309758489138,39.26204223185687,39.262042231857095,-2.2737367544323206e-13,NA,NA,NA,NA,NA,NA,NA,NA,NA,NA,NA,NA,NA,NA,NA,NA,NA,NA,NA,NA,NA,NA,NA,NA,NA,NA,NA,NA,NA,NA,NA,NA,NA,NA,NA,NA,NA,NA,NA,NA,NA,NA,NA,NA,NA,NA,NA,NA,NA,NA,NA,NA,NA,NA,NA,NA,NA,NA,NA,NA,NA,NA,NA,NA,NA,NA,NA,NA,NA,NA,NA,NA,NA,NA,NA,NA,NA,NA,NA,NA,NA,NA,NA,NA,NA,NA,NA,NA,NA,NA,NA,NA,NA,NA,NA,NA,NA,NA,NA,NA,NA,NA,true,TRUE,TRUE,3470.6162073703354,3509.8782496021922,3470.7615151402647,39.26204223185687,39.26204223185687,7.999999999999954,FALSE,99.568,NA,NA,NA
symmetric_heavy_tails,symmetric heavy tails,HT,CN,29,1000,429,0.429,NA,TRUE,TRUE,TRUE,0,NA,-1725.6093377195589,3471.2186754391178,3520.296228228939,3471.4411223551947,10,542.491,NA,3453.2186754391178,3458.1264307181,1.000000000000017,NA,HeckmanEM,NA,raw_AIC_BIC_implied_logLik,finite_logLik_no_explicit_code,3,2.389342380675522,-0.6106576193244782,0.4,0.4174860465312854,0.01748604653128538,NA,NA,NA,NA,NA,NA,NA,NA,NA,NA,NA,5,NA,NA,-0.7,-0.9238106019077096,-0.22381060190770963,0.15,0.145115866696258,-0.00488413330374198,1,1.2750639612579997,0.2750639612579997,5,4.810089408043551,-0.18991059195644944,1.5,1.7524573571574331,0.2524573571574331,0.8,0.7426164780417887,-0.05738352195821139,49.07755278982131,49.07755278982137,-5.684341886080802e-14,NA,NA,NA,NA,NA,NA,NA,NA,NA,NA,NA,NA,NA,NA,NA,NA,NA,NA,NA,NA,NA,NA,NA,NA,NA,NA,NA,NA,NA,NA,NA,NA,NA,NA,NA,NA,NA,NA,NA,NA,NA,NA,NA,NA,NA,NA,NA,NA,NA,NA,NA,NA,NA,NA,NA,NA,NA,NA,NA,NA,NA,NA,NA,NA,NA,NA,NA,NA,NA,NA,NA,NA,NA,NA,NA,NA,NA,NA,NA,NA,NA,NA,NA,NA,NA,NA,NA,NA,NA,NA,NA,NA,NA,NA,NA,NA,NA,NA,NA,NA,NA,NA,true,TRUE,TRUE,3471.2186754391178,3520.296228228939,3471.4411223551947,49.07755278982131,49.07755278982131,9.999999999999988,FALSE,542.491,NA,NA,NA
symmetric_heavy_tails,symmetric heavy tails,HT,ESN,29,1000,429,0.429,NA,TRUE,TRUE,TRUE,0,CONVERGENCE: REL_REDUCTION_OF_F <= FACTR*EPSMCH,-1736.4900752600397,3494.9801505200794,3548.965458588883,3495.2473569978124,11,15752.029000000002,NA,NA,NA,NA,8,stage2,1736.49940694173;1737.38294037426;1736.4958601113;1737.33903257665;1736.49128960828;1736.56638175836;1736.74005484696;1736.49007673302;1736.49549044647;1736.51539190869;1736.49026680892;1736.49056651344;1736.50326746776;1738.56700818818,proposed_likelihood,stage2,3,3.785764083612805,0.785764083612805,0.4,0.24932905505705563,-0.1506709449429444,NA,1.4925821305300957,NA,NA,-0.8925144308584163,NA,NA,-0.5455910149946065,NA,NA,-0.5455910149946065,5,NA,NA,-0.7,-1.2645394350209014,-0.5645394350209014,0.15,0.08504983717944087,-0.06495016282055913,1,0.7732209310469046,-0.2267790689530954,5,5.357332116498271,0.357332116498271,1.5,1.6210859305697816,0.12108593056978156,0.8,0.7800671865862637,-0.01993281341373631,53.98530806880353,53.985308068803505,2.842170943040401e-14,NA,NA,NA,NA,NA,NA,NA,NA,NA,NA,NA,NA,NA,NA,NA,NA,NA,NA,NA,NA,NA,NA,NA,NA,NA,NA,NA,NA,NA,NA,NA,NA,NA,NA,NA,NA,NA,NA,NA,NA,NA,NA,NA,NA,NA,NA,NA,NA,NA,NA,NA,NA,NA,NA,NA,NA,NA,NA,NA,NA,NA,NA,NA,NA,NA,NA,NA,NA,NA,NA,NA,NA,NA,NA,NA,NA,NA,NA,NA,NA,NA,NA,NA,NA,NA,NA,NA,NA,NA,NA,NA,NA,NA,NA,NA,NA,NA,NA,NA,NA,NA,NA,true,TRUE,TRUE,3494.9801505200794,3548.965458588883,3495.2473569978124,53.98530806880353,53.98530806880353,11.000000000000005,FALSE,15752.029000000002,TRUE,FALSE,FALSE
symmetric_heavy_tails,symmetric heavy tails,HT,EST,29,1000,429,0.429,NA,TRUE,TRUE,TRUE,0,CONVERGENCE: REL_REDUCTION_OF_F <= FACTR*EPSMCH,-1725.5886277527436,3475.177255505487,3534.070318853273,3475.4933649279797,12,19124.514,NA,NA,NA,NA,22,stage2,1725.59054006885;1e+12;1e+12;1725.59514107132;1e+12;1e+12;1725.59018203869;1e+12;1e+12;1725.5892695589;1e+12;1e+12;1725.58878349999;1e+12;1e+12;1725.58892875556;1e+12;1e+12;1725.59262510555;1e+12;1e+12;1725.5886426145;1e+12;1e+12;1725.58875663065;1e+12;1e+12;1725.59129113454;1e+12;1e+12;1725.58942797031;1e+12;1e+12;1725.59381680176;1e+12;1e+12;1725.58960211265;1e+12;1e+12;1725.58971813366;1e+12;1e+12,proposed_likelihood,stage2,3,2.6367529692685037,-0.36324703073149633,0.4,0.41710015147740664,0.01710015147740662,NA,1.4925821305300957,NA,NA,-0.40074696582269953,NA,NA,0.365159006429932,NA,NA,0.365159006429932,5,4,-1,-0.7,-1.2408335788478768,-0.5408335788478769,0.15,0.10491576372286916,-0.04508423627713083,1,0.9180991794261336,-0.0819008205738665,5,4.498441577490913,-0.5015584225090874,1.5,1.7743086409665187,0.27430864096651875,0.8,0.7381098790936499,-0.06189012090635015,58.893063347785755,58.89306334778564,1.1368683772161603e-13,NA,NA,NA,NA,NA,NA,NA,NA,NA,NA,NA,NA,NA,NA,NA,NA,NA,NA,NA,NA,NA,NA,NA,NA,NA,NA,NA,NA,NA,NA,NA,NA,NA,NA,NA,NA,NA,NA,NA,NA,NA,NA,NA,NA,NA,NA,NA,NA,NA,NA,NA,NA,NA,NA,NA,NA,NA,NA,NA,NA,NA,NA,NA,NA,NA,NA,NA,NA,NA,NA,NA,NA,NA,NA,NA,NA,NA,NA,NA,NA,NA,NA,NA,NA,NA,NA,NA,NA,NA,NA,NA,NA,NA,NA,NA,NA,NA,NA,NA,NA,NA,NA,true,TRUE,TRUE,3475.177255505487,3534.070318853273,3475.4933649279797,58.893063347785755,58.893063347785755,12.000000000000023,FALSE,19124.514,TRUE,FALSE,FALSE
symmetric_heavy_tails,symmetric heavy tails,HT,NH,30,1000,408,0.408,NA,TRUE,TRUE,TRUE,0,NA,-1659.3263458915894,3334.652691783179,3373.9147340150357,3334.797999553108,8,76.128,NA,3320.652691783179,3325.560447062161,1.000000000000017,NA,HeckmanEM,NA,raw_AIC_BIC_implied_logLik,finite_logLik_no_explicit_code,3,3.864937258236767,0.8649372582367669,0.4,0.561009801931122,0.16100980193112202,NA,NA,NA,NA,NA,NA,NA,NA,NA,NA,NA,5,NA,NA,-0.7,-0.684471695299013,0.01552830470098698,0.15,0.14763664868781737,-0.00236335131218262,1,0.8955721532255004,-0.10442784677449957,5,4.308842599977802,-0.691157400022198,1.5,1.5883641827771025,0.08836418277710245,0.8,0.8049572163874679,0.00495721638746782,39.26204223185687,39.262042231857095,-2.2737367544323206e-13,NA,NA,NA,NA,NA,NA,NA,NA,NA,NA,NA,NA,NA,NA,NA,NA,NA,NA,NA,NA,NA,NA,NA,NA,NA,NA,NA,NA,NA,NA,NA,NA,NA,NA,NA,NA,NA,NA,NA,NA,NA,NA,NA,NA,NA,NA,NA,NA,NA,NA,NA,NA,NA,NA,NA,NA,NA,NA,NA,NA,NA,NA,NA,NA,NA,NA,NA,NA,NA,NA,NA,NA,NA,NA,NA,NA,NA,NA,NA,NA,NA,NA,NA,NA,NA,NA,NA,NA,NA,NA,NA,NA,NA,NA,NA,NA,NA,NA,NA,NA,NA,NA,true,TRUE,TRUE,3334.652691783179,3373.9147340150357,3334.797999553108,39.26204223185687,39.26204223185687,7.999999999999954,FALSE,76.128,NA,NA,NA
symmetric_heavy_tails,symmetric heavy tails,HT,HT,30,1000,408,0.408,NA,TRUE,TRUE,TRUE,0,NA,-1641.8751559333386,3299.7503118666773,3339.012354098534,3299.8956196366066,8,146.27300000000002,NA,3285.7503118666773,3290.6580671456595,1.000000000000017,NA,HeckmanEM,NA,raw_AIC_BIC_implied_logLik,finite_logLik_no_explicit_code,3,2.6954892067662803,-0.30451079323371966,0.4,0.4418145312641536,0.04181453126415357,NA,NA,NA,NA,NA,NA,NA,NA,NA,NA,NA,5,NA,NA,-0.7,-0.7820606532718274,-0.08206065327182743,0.15,0.17383184135281407,0.02383184135281407,1,1.0256065561578909,0.02560655615789087,5,5.0457677876442935,0.04576778764429345,1.5,1.595209575756304,0.09520957575630408,0.8,0.7019710126648235,-0.09802898733517652,39.26204223185687,39.262042231857095,-2.2737367544323206e-13,NA,NA,NA,NA,NA,NA,NA,NA,NA,NA,NA,NA,NA,NA,NA,NA,NA,NA,NA,NA,NA,NA,NA,NA,NA,NA,NA,NA,NA,NA,NA,NA,NA,NA,NA,NA,NA,NA,NA,NA,NA,NA,NA,NA,NA,NA,NA,NA,NA,NA,NA,NA,NA,NA,NA,NA,NA,NA,NA,NA,NA,NA,NA,NA,NA,NA,NA,NA,NA,NA,NA,NA,NA,NA,NA,NA,NA,NA,NA,NA,NA,NA,NA,NA,NA,NA,NA,NA,NA,NA,NA,NA,NA,NA,NA,NA,NA,NA,NA,NA,NA,NA,true,TRUE,TRUE,3299.7503118666773,3339.012354098534,3299.8956196366066,39.26204223185687,39.26204223185687,7.999999999999954,FALSE,146.27300000000002,NA,NA,NA
symmetric_heavy_tails,symmetric heavy tails,HT,CN,30,1000,408,0.408,NA,TRUE,TRUE,TRUE,0,NA,-1640.2309013884988,3300.4618027769975,3349.539355566819,3300.6842496930744,10,566.6890000000001,NA,3282.4618027769975,3287.3695580559797,1.000000000000017,NA,HeckmanEM,NA,raw_AIC_BIC_implied_logLik,finite_logLik_no_explicit_code,3,1.874092550048552,-1.125907449951448,0.4,0.4283822005620025,0.02838220056200247,NA,NA,NA,NA,NA,NA,NA,NA,NA,NA,NA,5,NA,NA,-0.7,-1.071456862466983,-0.37145686246698295,0.15,0.24028962267385773,0.09028962267385772,1,1.4106986032545934,0.4106986032545934,5,5.1694362126396305,0.1694362126396305,1.5,1.6202788392643654,0.12027883926436544,0.8,0.6908856061891095,-0.1091143938108905,49.07755278982131,49.07755278982137,-5.684341886080802e-14,NA,NA,NA,NA,NA,NA,NA,NA,NA,NA,NA,NA,NA,NA,NA,NA,NA,NA,NA,NA,NA,NA,NA,NA,NA,NA,NA,NA,NA,NA,NA,NA,NA,NA,NA,NA,NA,NA,NA,NA,NA,NA,NA,NA,NA,NA,NA,NA,NA,NA,NA,NA,NA,NA,NA,NA,NA,NA,NA,NA,NA,NA,NA,NA,NA,NA,NA,NA,NA,NA,NA,NA,NA,NA,NA,NA,NA,NA,NA,NA,NA,NA,NA,NA,NA,NA,NA,NA,NA,NA,NA,NA,NA,NA,NA,NA,NA,NA,NA,NA,NA,NA,true,TRUE,TRUE,3300.4618027769975,3349.539355566819,3300.6842496930744,49.07755278982131,49.07755278982131,9.999999999999988,FALSE,566.6890000000001,NA,NA,NA
symmetric_heavy_tails,symmetric heavy tails,HT,ESN,30,1000,408,0.408,NA,TRUE,TRUE,TRUE,0,CONVERGENCE: REL_REDUCTION_OF_F <= FACTR*EPSMCH,-1658.9200681076334,3339.8401362152667,3393.8254442840703,3340.1073426929997,11,15286.448,NA,NA,NA,NA,11,stage2,1659.32638064873;1659.32680237304;1659.32496994337;1659.3322395425;1659.00472931851;1659.32762347683;1659.33061024897;1658.94138021802;1659.02132020351;1659.32637833095;1658.92838460706;1659.32636200046;1659.32640197499;1659.32634572155,proposed_likelihood,stage2,3,3.964717178758961,0.9647171787589608,0.4,0.43195295322942906,0.03195295322942904,NA,1.4925821305300957,NA,NA,-0.9705838809564916,NA,NA,-1.355415773836789,NA,NA,-1.355415773836789,5,NA,NA,-0.7,-1.4384885632375437,-0.7384885632375435,0.15,0.11253047852422544,-0.03746952147577456,1,0.6892177363895466,-0.31078226361045336,5,4.5972850583456175,-0.4027149416543825,1.5,1.5918627330684965,0.09186273306849646,0.8,0.796709187245343,-0.00329081275465703,53.98530806880353,53.985308068803505,2.842170943040401e-14,NA,NA,NA,NA,NA,NA,NA,NA,NA,NA,NA,NA,NA,NA,NA,NA,NA,NA,NA,NA,NA,NA,NA,NA,NA,NA,NA,NA,NA,NA,NA,NA,NA,NA,NA,NA,NA,NA,NA,NA,NA,NA,NA,NA,NA,NA,NA,NA,NA,NA,NA,NA,NA,NA,NA,NA,NA,NA,NA,NA,NA,NA,NA,NA,NA,NA,NA,NA,NA,NA,NA,NA,NA,NA,NA,NA,NA,NA,NA,NA,NA,NA,NA,NA,NA,NA,NA,NA,NA,NA,NA,NA,NA,NA,NA,NA,NA,NA,NA,NA,NA,NA,true,TRUE,TRUE,3339.8401362152667,3393.8254442840703,3340.1073426929997,53.98530806880353,53.98530806880353,11.000000000000005,FALSE,15286.448,TRUE,FALSE,FALSE
symmetric_heavy_tails,symmetric heavy tails,HT,EST,30,1000,408,0.408,NA,TRUE,TRUE,TRUE,0,CONVERGENCE: REL_REDUCTION_OF_F <= FACTR*EPSMCH,-1641.7101166973705,3307.4202333947405,3366.3132967425263,3307.736342817233,12,19413.840000000004,NA,NA,NA,NA,31,stage2,1641.7131674659;1e+12;1e+12;1641.71377552839;1e+12;1e+12;1641.71044996883;1e+12;1e+12;1641.72587411631;1e+12;1e+12;1641.72186975023;1e+12;1e+12;1641.71092269725;1e+12;1e+12;1641.71637503187;1e+12;1e+12;1641.72877064426;1e+12;1e+12;1641.71533917431;1e+12;1e+12;1641.71183878009;1e+12;1e+12;1641.71019246216;1e+12;1e+12;1641.71086884099;1e+12;1e+12;1641.7111581917;1e+12;1e+12;1641.71101651275;1e+12;1e+12,proposed_likelihood,stage2,3,2.1496413834098895,-0.8503586165901105,0.4,0.49255748121660065,0.09255748121660062,NA,-0.33426750763628915,NA,NA,-0.07197583979395258,NA,NA,-1.4401408517225875,NA,NA,-1.4401408517225875,5,4,-1,-0.7,-0.29744006931878164,0.4025599306812183,0.15,0.21719795982546428,0.06719795982546428,1,1.2780220053088092,0.27802200530880916,5,5.981508193444655,0.9815081934446548,1.5,1.5917670020816177,0.0917670020816177,0.8,0.6967985668152572,-0.10320143318474284,58.893063347785755,58.89306334778564,1.1368683772161603e-13,NA,NA,NA,NA,NA,NA,NA,NA,NA,NA,NA,NA,NA,NA,NA,NA,NA,NA,NA,NA,NA,NA,NA,NA,NA,NA,NA,NA,NA,NA,NA,NA,NA,NA,NA,NA,NA,NA,NA,NA,NA,NA,NA,NA,NA,NA,NA,NA,NA,NA,NA,NA,NA,NA,NA,NA,NA,NA,NA,NA,NA,NA,NA,NA,NA,NA,NA,NA,NA,NA,NA,NA,NA,NA,NA,NA,NA,NA,NA,NA,NA,NA,NA,NA,NA,NA,NA,NA,NA,NA,NA,NA,NA,NA,NA,NA,NA,NA,NA,NA,NA,NA,true,TRUE,TRUE,3307.420233394741,3366.3132967425267,3307.7363428172334,58.893063347785755,58.893063347785755,12.000000000000023,FALSE,19413.840000000004,FALSE,FALSE,TRUE
symmetric_heavy_tails,symmetric heavy tails,HT,NH,31,1000,446,0.446,NA,TRUE,TRUE,TRUE,0,NA,-1807.687619959375,3631.37523991875,3670.637282150607,3631.520547688679,8,178.572,NA,3617.37523991875,3622.282995197733,1.000000000000017,NA,HeckmanEM,NA,raw_AIC_BIC_implied_logLik,finite_logLik_no_explicit_code,3,4.048527816628773,1.0485278166287726,0.4,0.5312762386980658,0.13127623869806582,NA,NA,NA,NA,NA,NA,NA,NA,NA,NA,NA,5,NA,NA,-0.7,-0.6119306764741137,0.08806932352588626,0.15,0.11738134348800448,-0.03261865651199551,1,0.9504333481439602,-0.04956665185603981,5,4.698433066100015,-0.3015669338999851,1.5,1.2961860520387145,-0.2038139479612855,0.8,0.6502611564801114,-0.14973884351988864,39.26204223185732,39.262042231857095,2.2737367544323206e-13,NA,NA,NA,NA,NA,NA,NA,NA,NA,NA,NA,NA,NA,NA,NA,NA,NA,NA,NA,NA,NA,NA,NA,NA,NA,NA,NA,NA,NA,NA,NA,NA,NA,NA,NA,NA,NA,NA,NA,NA,NA,NA,NA,NA,NA,NA,NA,NA,NA,NA,NA,NA,NA,NA,NA,NA,NA,NA,NA,NA,NA,NA,NA,NA,NA,NA,NA,NA,NA,NA,NA,NA,NA,NA,NA,NA,NA,NA,NA,NA,NA,NA,NA,NA,NA,NA,NA,NA,NA,NA,NA,NA,NA,NA,NA,NA,NA,NA,NA,NA,NA,NA,true,TRUE,TRUE,3631.37523991875,3670.6372821506075,3631.5205476886795,39.26204223185687,39.26204223185732,7.999999999999954,FALSE,178.572,NA,NA,NA
symmetric_heavy_tails,symmetric heavy tails,HT,HT,31,1000,446,0.446,NA,TRUE,TRUE,TRUE,0,NA,-1784.4628006063672,3584.9256012127344,3624.1876434445912,3585.0709089826637,8,151.55700000000002,NA,3570.9256012127344,3575.8333564917166,1.000000000000017,NA,HeckmanEM,NA,raw_AIC_BIC_implied_logLik,finite_logLik_no_explicit_code,3,3.099886913712844,0.09988691371284376,0.4,0.48282877385800366,0.08282877385800363,NA,NA,NA,NA,NA,NA,NA,NA,NA,NA,NA,5,NA,NA,-0.7,-0.6753747967549988,0.02462520324500117,0.15,0.12605862344488764,-0.02394137655511236,1,1.0520872677379691,0.05208726773796912,5,5.0567079858536825,0.05670798585368253,1.5,1.2567111171314844,-0.2432888828685156,0.8,0.6057183393641281,-0.19428166063587193,39.26204223185687,39.262042231857095,-2.2737367544323206e-13,NA,NA,NA,NA,NA,NA,NA,NA,NA,NA,NA,NA,NA,NA,NA,NA,NA,NA,NA,NA,NA,NA,NA,NA,NA,NA,NA,NA,NA,NA,NA,NA,NA,NA,NA,NA,NA,NA,NA,NA,NA,NA,NA,NA,NA,NA,NA,NA,NA,NA,NA,NA,NA,NA,NA,NA,NA,NA,NA,NA,NA,NA,NA,NA,NA,NA,NA,NA,NA,NA,NA,NA,NA,NA,NA,NA,NA,NA,NA,NA,NA,NA,NA,NA,NA,NA,NA,NA,NA,NA,NA,NA,NA,NA,NA,NA,NA,NA,NA,NA,NA,NA,true,TRUE,TRUE,3584.9256012127344,3624.1876434445912,3585.0709089826637,39.26204223185687,39.26204223185687,7.999999999999954,FALSE,151.55700000000002,NA,NA,NA
symmetric_heavy_tails,symmetric heavy tails,HT,CN,31,1000,446,0.446,NA,TRUE,TRUE,TRUE,0,NA,-1782.9326626148982,3585.8653252297963,3634.9428780196176,3586.0877721458733,10,261.46099999999996,NA,3567.8653252297963,3572.7730805087785,1.000000000000017,NA,HeckmanEM,NA,raw_AIC_BIC_implied_logLik,finite_logLik_no_explicit_code,3,3.1580536520182108,0.15805365201821076,0.4,0.451132376679056,0.05113237667905596,NA,NA,NA,NA,NA,NA,NA,NA,NA,NA,NA,5,NA,NA,-0.7,-0.6757181596589084,0.0242818403410916,0.15,0.12697637271821968,-0.02302362728178031,1,1.0521089276842486,0.05210892768424857,5,5.171898505391477,0.17189850539147675,1.5,1.2679677049646472,-0.23203229503535283,0.8,0.6111163503460388,-0.1888836496539612,49.07755278982131,49.07755278982137,-5.684341886080802e-14,NA,NA,NA,NA,NA,NA,NA,NA,NA,NA,NA,NA,NA,NA,NA,NA,NA,NA,NA,NA,NA,NA,NA,NA,NA,NA,NA,NA,NA,NA,NA,NA,NA,NA,NA,NA,NA,NA,NA,NA,NA,NA,NA,NA,NA,NA,NA,NA,NA,NA,NA,NA,NA,NA,NA,NA,NA,NA,NA,NA,NA,NA,NA,NA,NA,NA,NA,NA,NA,NA,NA,NA,NA,NA,NA,NA,NA,NA,NA,NA,NA,NA,NA,NA,NA,NA,NA,NA,NA,NA,NA,NA,NA,NA,NA,NA,NA,NA,NA,NA,NA,NA,true,TRUE,TRUE,3585.8653252297963,3634.9428780196176,3586.0877721458733,49.07755278982131,49.07755278982131,9.999999999999988,FALSE,261.46099999999996,NA,NA,NA
symmetric_heavy_tails,symmetric heavy tails,HT,ESN,31,1000,446,0.446,NA,TRUE,TRUE,TRUE,0,CONVERGENCE: REL_REDUCTION_OF_F <= FACTR*EPSMCH,-1798.362698503703,3618.725397007406,3672.7107050762097,3618.992603485139,11,17974.757,NA,NA,NA,NA,6,stage2,1807.68859475682;1807.69116796042;1807.68772537023;1799.68434471523;1806.95909416377;1799.52076611545;1807.6880735617;1806.94111039666;1806.9641938236;1798.74994313269;1806.9491230231;1807.68821940972;1807.68875983387;1807.68761943748,proposed_likelihood,stage2,3,5.516050922914584,2.516050922914584,0.4,0.36359498433824594,-0.03640501566175408,NA,0.35858391718394167,NA,NA,1.4925821305300957,NA,NA,-1.492558046114873,NA,NA,-1.492558046114873,5,NA,NA,-0.7,-0.8962932724321321,-0.19629327243213213,0.15,0.11938196739515852,-0.03061803260484147,1,0.9750949232322504,-0.02490507676774966,5,-0.8898965515919559,-5.889896551591956,1.5,1.3169802419914007,-0.1830197580085993,0.8,0.6107473954236459,-0.18925260457635415,53.98530806880353,53.985308068803505,2.842170943040401e-14,NA,NA,NA,NA,NA,NA,NA,NA,NA,NA,NA,NA,NA,NA,NA,NA,NA,NA,NA,NA,NA,NA,NA,NA,NA,NA,NA,NA,NA,NA,NA,NA,NA,NA,NA,NA,NA,NA,NA,NA,NA,NA,NA,NA,NA,NA,NA,NA,NA,NA,NA,NA,NA,NA,NA,NA,NA,NA,NA,NA,NA,NA,NA,NA,NA,NA,NA,NA,NA,NA,NA,NA,NA,NA,NA,NA,NA,NA,NA,NA,NA,NA,NA,NA,NA,NA,NA,NA,NA,NA,NA,NA,NA,NA,NA,NA,NA,NA,NA,NA,NA,NA,true,TRUE,TRUE,3618.725397007406,3672.7107050762097,3618.992603485139,53.98530806880353,53.98530806880353,11.000000000000005,FALSE,17974.757,FALSE,TRUE,TRUE
symmetric_heavy_tails,symmetric heavy tails,HT,EST,31,1000,446,0.446,NA,TRUE,TRUE,TRUE,0,CONVERGENCE: REL_REDUCTION_OF_F <= FACTR*EPSMCH,-1784.4872395480274,3592.974479096055,3651.8675424438406,3593.2905885185473,12,20046.204,NA,NA,NA,NA,10,stage2,1784.58631973111;1e+12;1e+12;1784.48876322138;1e+12;1e+12;1784.53135715904;1e+12;1e+12;1784.48807521601;1e+12;1e+12;1784.56772952638;1e+12;1e+12;1784.48983186041;1e+12;1e+12;1784.59065155384;1e+12;1e+12;1784.5109538362;1e+12;1e+12;1784.63223662966;1e+12;1e+12;1784.48755244208;1e+12;1e+12;1784.50058633351;1e+12;1e+12;1784.49456237621;1e+12;1e+12;1784.6014200772;1e+12;1e+12;1784.50217034603;1e+12;1e+12,proposed_likelihood,stage2,3,3.3754691565986947,0.37546915659869473,0.4,0.5503385268908971,0.1503385268908971,NA,-1.0629151248100404,NA,NA,0.03770219520766187,NA,NA,1.4925821305300957,NA,NA,1.4925821305300957,5,4,-1,-0.7,-0.3660645219558522,0.33393547804414775,0.15,0.10934192781896032,-0.04065807218103967,1,0.9310605814555836,-0.06893941854441632,5,5.382846150062124,0.3828461500621243,1.5,1.262016252867805,-0.23798374713219503,0.8,0.6077628153901434,-0.19223718460985664,58.893063347785755,58.89306334778564,1.1368683772161603e-13,NA,NA,NA,NA,NA,NA,NA,NA,NA,NA,NA,NA,NA,NA,NA,NA,NA,NA,NA,NA,NA,NA,NA,NA,NA,NA,NA,NA,NA,NA,NA,NA,NA,NA,NA,NA,NA,NA,NA,NA,NA,NA,NA,NA,NA,NA,NA,NA,NA,NA,NA,NA,NA,NA,NA,NA,NA,NA,NA,NA,NA,NA,NA,NA,NA,NA,NA,NA,NA,NA,NA,NA,NA,NA,NA,NA,NA,NA,NA,NA,NA,NA,NA,NA,NA,NA,NA,NA,NA,NA,NA,NA,NA,NA,NA,NA,NA,NA,NA,NA,NA,NA,true,TRUE,TRUE,3592.974479096055,3651.8675424438406,3593.2905885185473,58.893063347785755,58.893063347785755,12.000000000000023,FALSE,20046.204,FALSE,FALSE,TRUE
symmetric_heavy_tails,symmetric heavy tails,HT,NH,32,1000,427,0.427,NA,TRUE,TRUE,TRUE,0,NA,-1748.2388674335837,3512.4777348671673,3551.7397770990246,3512.6230426370967,8,59.348,NA,3498.4777348671673,3503.3854901461496,1.000000000000017,NA,HeckmanEM,NA,raw_AIC_BIC_implied_logLik,finite_logLik_no_explicit_code,3,3.881067279568837,0.8810672795688372,0.4,0.32162652924436796,-0.07837347075563206,NA,NA,NA,NA,NA,NA,NA,NA,NA,NA,NA,5,NA,NA,-0.7,-0.6810549497464579,0.01894505025354209,0.15,0.14241196450217525,-0.00758803549782474,1,0.9532359665963748,-0.04676403340362534,5,5.699586118190328,0.6995861181903278,1.5,1.433679927866394,-0.06632007213360591,0.8,0.49950417623646,-0.30049582376354006,39.26204223185732,39.262042231857095,2.2737367544323206e-13,NA,NA,NA,NA,NA,NA,NA,NA,NA,NA,NA,NA,NA,NA,NA,NA,NA,NA,NA,NA,NA,NA,NA,NA,NA,NA,NA,NA,NA,NA,NA,NA,NA,NA,NA,NA,NA,NA,NA,NA,NA,NA,NA,NA,NA,NA,NA,NA,NA,NA,NA,NA,NA,NA,NA,NA,NA,NA,NA,NA,NA,NA,NA,NA,NA,NA,NA,NA,NA,NA,NA,NA,NA,NA,NA,NA,NA,NA,NA,NA,NA,NA,NA,NA,NA,NA,NA,NA,NA,NA,NA,NA,NA,NA,NA,NA,NA,NA,NA,NA,NA,NA,true,TRUE,TRUE,3512.4777348671673,3551.7397770990246,3512.6230426370967,39.26204223185732,39.26204223185732,8.000000000000046,FALSE,59.348,NA,NA,NA
symmetric_heavy_tails,symmetric heavy tails,HT,HT,32,1000,427,0.427,NA,TRUE,TRUE,TRUE,0,NA,-1727.2037384500666,3470.407476900133,3509.6695191319905,3470.5527846700625,8,51.857,NA,3456.407476900133,3461.3152321791154,1.000000000000017,NA,HeckmanEM,NA,raw_AIC_BIC_implied_logLik,finite_logLik_no_explicit_code,3,2.9890140269596968,-0.01098597304030324,0.4,0.3793655651201669,-0.02063443487983313,NA,NA,NA,NA,NA,NA,NA,NA,NA,NA,NA,5,NA,NA,-0.7,-0.7729709476868886,-0.07297094768688861,0.15,0.16077068985013948,0.01077068985013948,1,1.064886759910379,0.06488675991037907,5,5.351401006132684,0.35140100613268377,1.5,1.468052969515106,-0.03194703048489389,0.8,0.6014955500891321,-0.1985044499108679,39.26204223185732,39.262042231857095,2.2737367544323206e-13,NA,NA,NA,NA,NA,NA,NA,NA,NA,NA,NA,NA,NA,NA,NA,NA,NA,NA,NA,NA,NA,NA,NA,NA,NA,NA,NA,NA,NA,NA,NA,NA,NA,NA,NA,NA,NA,NA,NA,NA,NA,NA,NA,NA,NA,NA,NA,NA,NA,NA,NA,NA,NA,NA,NA,NA,NA,NA,NA,NA,NA,NA,NA,NA,NA,NA,NA,NA,NA,NA,NA,NA,NA,NA,NA,NA,NA,NA,NA,NA,NA,NA,NA,NA,NA,NA,NA,NA,NA,NA,NA,NA,NA,NA,NA,NA,NA,NA,NA,NA,NA,NA,true,TRUE,TRUE,3470.407476900133,3509.6695191319905,3470.5527846700625,39.26204223185732,39.26204223185732,8.000000000000046,FALSE,51.857,NA,NA,NA
symmetric_heavy_tails,symmetric heavy tails,HT,CN,32,1000,427,0.427,NA,TRUE,TRUE,TRUE,0,NA,-1729.3764594935722,3478.7529189871443,3527.8304717769656,3478.9753659032212,10,543.01,NA,3460.7529189871443,3465.6606742661265,1.000000000000017,NA,HeckmanEM,NA,raw_AIC_BIC_implied_logLik,finite_logLik_no_explicit_code,3,2.9166244962323944,-0.08337550376760561,0.4,0.36886347770667743,-0.03113652229332258,NA,NA,NA,NA,NA,NA,NA,NA,NA,NA,NA,5,NA,NA,-0.7,-0.8047500048699046,-0.1047500048699046,0.15,0.16641384925816197,0.01641384925816197,1,1.1144701792189622,0.1144701792189622,5,5.326566471421511,0.3265664714215113,1.5,1.443482656190703,-0.05651734380929696,0.8,0.6166724627358189,-0.18332753726418116,49.07755278982131,49.07755278982137,-5.684341886080802e-14,NA,NA,NA,NA,NA,NA,NA,NA,NA,NA,NA,NA,NA,NA,NA,NA,NA,NA,NA,NA,NA,NA,NA,NA,NA,NA,NA,NA,NA,NA,NA,NA,NA,NA,NA,NA,NA,NA,NA,NA,NA,NA,NA,NA,NA,NA,NA,NA,NA,NA,NA,NA,NA,NA,NA,NA,NA,NA,NA,NA,NA,NA,NA,NA,NA,NA,NA,NA,NA,NA,NA,NA,NA,NA,NA,NA,NA,NA,NA,NA,NA,NA,NA,NA,NA,NA,NA,NA,NA,NA,NA,NA,NA,NA,NA,NA,NA,NA,NA,NA,NA,NA,true,TRUE,TRUE,3478.7529189871443,3527.8304717769656,3478.9753659032212,49.07755278982131,49.07755278982131,9.999999999999988,FALSE,543.01,NA,NA,NA
symmetric_heavy_tails,symmetric heavy tails,HT,ESN,32,1000,427,0.427,NA,TRUE,TRUE,TRUE,0,CONVERGENCE: REL_REDUCTION_OF_F <= FACTR*EPSMCH,-1741.7579714653075,3505.515942930615,3559.5012509994185,3505.783149408348,11,16062.888000000004,NA,NA,NA,NA,10,stage2,1746.24833911951;1748.23896536046;1746.23039224619;1747.27611473744;1746.22706827494;1748.23896814345;1746.76180397966;1746.23206773347;1746.22761112692;1741.80256595903;1746.23339577762;1747.16720712892;1746.23883168188;1748.23886716043,proposed_likelihood,stage2,3,5.237071033063978,2.2370710330639776,0.4,0.5876913737777242,0.18769137377772416,NA,1.4925821305300957,NA,NA,1.0861487860604946,NA,NA,-1.4925821305300957,NA,NA,-1.4925821305300957,5,NA,NA,-0.7,-1.4530096026623511,-0.7530096026623512,0.15,0.1133507660943954,-0.03664923390560458,1,0.7588166218691847,-0.24118337813081525,5,0.19473139687377275,-4.805268603126227,1.5,1.509126999251164,0.009126999251164,0.8,0.5483625541318002,-0.2516374458681998,53.98530806880353,53.985308068803505,2.842170943040401e-14,NA,NA,NA,NA,NA,NA,NA,NA,NA,NA,NA,NA,NA,NA,NA,NA,NA,NA,NA,NA,NA,NA,NA,NA,NA,NA,NA,NA,NA,NA,NA,NA,NA,NA,NA,NA,NA,NA,NA,NA,NA,NA,NA,NA,NA,NA,NA,NA,NA,NA,NA,NA,NA,NA,NA,NA,NA,NA,NA,NA,NA,NA,NA,NA,NA,NA,NA,NA,NA,NA,NA,NA,NA,NA,NA,NA,NA,NA,NA,NA,NA,NA,NA,NA,NA,NA,NA,NA,NA,NA,NA,NA,NA,NA,NA,NA,NA,NA,NA,NA,NA,NA,true,TRUE,TRUE,3505.515942930615,3559.5012509994185,3505.783149408348,53.98530806880353,53.98530806880353,11.000000000000005,FALSE,16062.888000000004,TRUE,FALSE,TRUE
symmetric_heavy_tails,symmetric heavy tails,HT,EST,32,1000,427,0.427,NA,TRUE,TRUE,TRUE,0,CONVERGENCE: REL_REDUCTION_OF_F <= FACTR*EPSMCH,-1725.2421525164011,3474.4843050328027,3533.3773683805885,3474.800414455295,12,19087.000000000004,NA,NA,NA,NA,31,stage2,1725.38973157212;1e+12;1e+12;1725.43379276211;1e+12;1e+12;1725.24876806868;1e+12;1e+12;1725.41862210977;1e+12;1e+12;1725.24532075201;1e+12;1e+12;1725.25458722072;1e+12;1e+12;1725.2683665643;1e+12;1e+12;1725.24318592065;1e+12;1e+12;1725.24910639643;1e+12;1e+12;1725.34522136886;1e+12;1e+12;1725.24215308678;1e+12;1e+12;1725.24640027365;1e+12;1e+12;1725.43008007869;1e+12;1e+12;1725.24852916481;1e+12;1e+12,proposed_likelihood,stage2,3,2.6971907805762663,-0.30280921942373373,0.4,0.40425503057128176,0.00425503057128173,NA,1.4925821305300957,NA,NA,-0.19775395095352064,NA,NA,0.07270908188660644,NA,NA,0.07270908188660644,5,4,-1,-0.7,-1.3267967494728443,-0.6267967494728446,0.15,0.13668704252563604,-0.01331295747436395,1,0.8925283182939177,-0.10747168170608234,5,4.788512777775843,-0.21148722222415728,1.5,1.480265072754456,-0.01973492724554404,0.8,0.6199203125128707,-0.18007968748712933,58.893063347785755,58.89306334778564,1.1368683772161603e-13,NA,NA,NA,NA,NA,NA,NA,NA,NA,NA,NA,NA,NA,NA,NA,NA,NA,NA,NA,NA,NA,NA,NA,NA,NA,NA,NA,NA,NA,NA,NA,NA,NA,NA,NA,NA,NA,NA,NA,NA,NA,NA,NA,NA,NA,NA,NA,NA,NA,NA,NA,NA,NA,NA,NA,NA,NA,NA,NA,NA,NA,NA,NA,NA,NA,NA,NA,NA,NA,NA,NA,NA,NA,NA,NA,NA,NA,NA,NA,NA,NA,NA,NA,NA,NA,NA,NA,NA,NA,NA,NA,NA,NA,NA,NA,NA,NA,NA,NA,NA,NA,NA,true,TRUE,TRUE,3474.4843050328022,3533.377368380588,3474.8004144552947,58.893063347785755,58.893063347785755,12.000000000000023,FALSE,19087.000000000004,TRUE,FALSE,FALSE
symmetric_heavy_tails,symmetric heavy tails,HT,NH,33,1000,449,0.449,NA,TRUE,TRUE,TRUE,0,NA,-1819.0582832274088,3654.1165664548175,3693.378608686675,3654.261874224747,8,62.439,NA,3640.1165664548175,3645.0243217338,1.000000000000017,NA,HeckmanEM,NA,raw_AIC_BIC_implied_logLik,finite_logLik_no_explicit_code,3,3.873386668762857,0.8733866687628571,0.4,0.3472801190708932,-0.05271988092910684,NA,NA,NA,NA,NA,NA,NA,NA,NA,NA,NA,5,NA,NA,-0.7,-0.6486292077339298,0.05137079226607011,0.15,0.13119637542689375,-0.01880362457310622,1,0.9198509207542406,-0.08014907924575942,5,4.804923318353887,-0.1950766816461131,1.5,1.4254138598282275,-0.07458614017177245,0.8,0.9278319934520866,0.1278319934520865,39.26204223185732,39.262042231857095,2.2737367544323206e-13,NA,NA,NA,NA,NA,NA,NA,NA,NA,NA,NA,NA,NA,NA,NA,NA,NA,NA,NA,NA,NA,NA,NA,NA,NA,NA,NA,NA,NA,NA,NA,NA,NA,NA,NA,NA,NA,NA,NA,NA,NA,NA,NA,NA,NA,NA,NA,NA,NA,NA,NA,NA,NA,NA,NA,NA,NA,NA,NA,NA,NA,NA,NA,NA,NA,NA,NA,NA,NA,NA,NA,NA,NA,NA,NA,NA,NA,NA,NA,NA,NA,NA,NA,NA,NA,NA,NA,NA,NA,NA,NA,NA,NA,NA,NA,NA,NA,NA,NA,NA,NA,NA,true,TRUE,TRUE,3654.1165664548175,3693.378608686675,3654.261874224747,39.26204223185732,39.26204223185732,8.000000000000046,FALSE,62.439,NA,NA,NA
symmetric_heavy_tails,symmetric heavy tails,HT,HT,33,1000,449,0.449,NA,TRUE,TRUE,TRUE,0,NA,-1792.9252538942226,3601.850507788445,3641.1125500203025,3601.9958155583745,8,102.592,NA,3587.850507788445,3592.7582630674274,1.000000000000017,NA,HeckmanEM,NA,raw_AIC_BIC_implied_logLik,finite_logLik_no_explicit_code,3,2.9364387783204173,-0.06356122167958267,0.4,0.39625982748885075,-0.00374017251114927,NA,NA,NA,NA,NA,NA,NA,NA,NA,NA,NA,5,NA,NA,-0.7,-0.7107619363583785,-0.01076193635837852,0.15,0.15343434674541542,0.00343434674541542,1,1.00127190440494,0.00127190440494007,5,5.201416047719888,0.20141604771988764,1.5,1.3865349809109353,-0.1134650190890647,0.8,0.7728361212392268,-0.02716387876077319,39.26204223185732,39.262042231857095,2.2737367544323206e-13,NA,NA,NA,NA,NA,NA,NA,NA,NA,NA,NA,NA,NA,NA,NA,NA,NA,NA,NA,NA,NA,NA,NA,NA,NA,NA,NA,NA,NA,NA,NA,NA,NA,NA,NA,NA,NA,NA,NA,NA,NA,NA,NA,NA,NA,NA,NA,NA,NA,NA,NA,NA,NA,NA,NA,NA,NA,NA,NA,NA,NA,NA,NA,NA,NA,NA,NA,NA,NA,NA,NA,NA,NA,NA,NA,NA,NA,NA,NA,NA,NA,NA,NA,NA,NA,NA,NA,NA,NA,NA,NA,NA,NA,NA,NA,NA,NA,NA,NA,NA,NA,NA,true,TRUE,TRUE,3601.850507788445,3641.1125500203025,3601.9958155583745,39.26204223185732,39.26204223185732,8.000000000000046,FALSE,102.592,NA,NA,NA
symmetric_heavy_tails,symmetric heavy tails,HT,CN,33,1000,449,0.449,NA,TRUE,TRUE,TRUE,0,NA,-1790.1248096618376,3600.2496193236752,3649.327172113497,3600.472066239752,10,245.159,NA,3582.2496193236752,3587.1573746026575,1.000000000000017,NA,HeckmanEM,NA,raw_AIC_BIC_implied_logLik,finite_logLik_no_explicit_code,3,3.005001521076492,0.00500152107649221,0.4,0.41888818180214393,0.01888818180214391,NA,NA,NA,NA,NA,NA,NA,NA,NA,NA,NA,5,NA,NA,-0.7,-0.7085736059876615,-0.00857360598766154,0.15,0.15230255139767387,0.00230255139767388,1,0.9982383782071088,-0.00176162179289129,5,5.098885580164421,0.09888558016442062,1.5,1.4157894581222223,-0.08421054187777766,0.8,0.7890919001701505,-0.01090809982984952,49.07755278982131,49.07755278982137,-5.684341886080802e-14,NA,NA,NA,NA,NA,NA,NA,NA,NA,NA,NA,NA,NA,NA,NA,NA,NA,NA,NA,NA,NA,NA,NA,NA,NA,NA,NA,NA,NA,NA,NA,NA,NA,NA,NA,NA,NA,NA,NA,NA,NA,NA,NA,NA,NA,NA,NA,NA,NA,NA,NA,NA,NA,NA,NA,NA,NA,NA,NA,NA,NA,NA,NA,NA,NA,NA,NA,NA,NA,NA,NA,NA,NA,NA,NA,NA,NA,NA,NA,NA,NA,NA,NA,NA,NA,NA,NA,NA,NA,NA,NA,NA,NA,NA,NA,NA,NA,NA,NA,NA,NA,NA,true,TRUE,TRUE,3600.2496193236752,3649.3271721134965,3600.472066239752,49.077552789821766,49.07755278982131,10.000000000000082,FALSE,245.159,NA,NA,NA
symmetric_heavy_tails,symmetric heavy tails,HT,ESN,33,1000,449,0.449,NA,TRUE,TRUE,TRUE,0,CONVERGENCE: REL_REDUCTION_OF_F <= FACTR*EPSMCH,-1813.5508930861492,3649.1017861722985,3703.087094241102,3649.368992650031,11,17883.105000000003,NA,NA,NA,NA,12,stage2,1813.56542159129;1813.57397634202;1813.62649078845;1819.05821817556;1813.57858299426;1814.23044030326;1818.86827539547;1813.55152288282;1813.56510048832;1816.03505537717;1813.66139149677;1813.55098752251;1813.57788934212;1819.05828284098,proposed_likelihood,stage2,3,4.672986386476832,1.6729863864768315,0.4,0.20709915647185817,-0.19290084352814185,NA,1.0279061018875628,NA,NA,-1.4925821305300957,NA,NA,-1.4925821305300957,NA,NA,-1.4925821305300957,5,NA,NA,-0.7,-1.2098246574224534,-0.5098246574224534,0.15,0.1170274884373444,-0.03297251156265558,1,0.7980237436601841,-0.20197625633981584,5,7.848241372573637,2.8482413725736366,1.5,1.4507271544625238,-0.04927284553747624,0.8,0.8926808232855823,0.09268082328558223,53.98530806880353,53.985308068803505,2.842170943040401e-14,NA,NA,NA,NA,NA,NA,NA,NA,NA,NA,NA,NA,NA,NA,NA,NA,NA,NA,NA,NA,NA,NA,NA,NA,NA,NA,NA,NA,NA,NA,NA,NA,NA,NA,NA,NA,NA,NA,NA,NA,NA,NA,NA,NA,NA,NA,NA,NA,NA,NA,NA,NA,NA,NA,NA,NA,NA,NA,NA,NA,NA,NA,NA,NA,NA,NA,NA,NA,NA,NA,NA,NA,NA,NA,NA,NA,NA,NA,NA,NA,NA,NA,NA,NA,NA,NA,NA,NA,NA,NA,NA,NA,NA,NA,NA,NA,NA,NA,NA,NA,NA,NA,true,TRUE,TRUE,3649.1017861722985,3703.087094241102,3649.3689926500315,53.98530806880353,53.98530806880353,11.000000000000005,FALSE,17883.105000000003,FALSE,TRUE,TRUE
symmetric_heavy_tails,symmetric heavy tails,HT,EST,33,1000,449,0.449,NA,TRUE,TRUE,TRUE,0,CONVERGENCE: REL_REDUCTION_OF_F <= FACTR*EPSMCH,-1790.2116561774376,3604.423312354875,3663.316375702661,3604.739421777368,12,16083.196000000004,NA,NA,NA,NA,16,stage2,1790.21172761793;1e+12;1e+12;1790.21490919853;1e+12;1e+12;1790.21166998757;1e+12;1e+12;1790.21187201941;1e+12;1e+12;1790.21182265147;1e+12;1e+12;1790.21165786076;1e+12;1e+12;1790.2118821212;1e+12;1e+12;1790.21167669081;1e+12;1e+12;1790.21167304816;1e+12;1e+12;1790.21394251199;1e+12;1e+12;1790.21322915716;1e+12;1e+12;1790.21174295715;1e+12;1e+12;1790.21209047739;1e+12;1e+12;1790.21187592363;1e+12;1e+12,proposed_likelihood,stage2,3,3.6885728265504345,0.6885728265504345,0.4,0.5963003404571464,0.1963003404571464,NA,-0.4561229310974484,NA,NA,-0.8057561709049814,NA,NA,0.8700807453869674,NA,NA,0.8700807453869674,5,4,-1,-0.7,-0.49914516820442584,0.20085483179557412,0.15,0.14434183165463846,-0.00565816834536153,1,0.9315434640713828,-0.06845653592861711,5,5.901619751902057,0.9016197519020572,1.5,1.4447318114292491,-0.05526818857075066,0.8,0.7722947770123115,-0.02770522298768851,58.893063347785755,58.89306334778564,1.1368683772161603e-13,NA,NA,NA,NA,NA,NA,NA,NA,NA,NA,NA,NA,NA,NA,NA,NA,NA,NA,NA,NA,NA,NA,NA,NA,NA,NA,NA,NA,NA,NA,NA,NA,NA,NA,NA,NA,NA,NA,NA,NA,NA,NA,NA,NA,NA,NA,NA,NA,NA,NA,NA,NA,NA,NA,NA,NA,NA,NA,NA,NA,NA,NA,NA,NA,NA,NA,NA,NA,NA,NA,NA,NA,NA,NA,NA,NA,NA,NA,NA,NA,NA,NA,NA,NA,NA,NA,NA,NA,NA,NA,NA,NA,NA,NA,NA,NA,NA,NA,NA,NA,NA,NA,true,TRUE,TRUE,3604.423312354875,3663.316375702661,3604.7394217773676,58.893063347785755,58.893063347785755,12.000000000000023,FALSE,16083.196000000004,FALSE,FALSE,FALSE
symmetric_heavy_tails,symmetric heavy tails,HT,NH,34,1000,454,0.454,NA,TRUE,TRUE,TRUE,0,NA,-1799.8671033838966,3615.7342067677937,3654.9962489996506,3615.8795145377226,8,95.92,NA,3601.7342067677932,3606.641962046775,1.000000000000017,NA,HeckmanEM,NA,raw_AIC_BIC_implied_logLik,finite_logLik_no_explicit_code,3,3.7397968135049697,0.7397968135049697,0.4,0.48661235944467046,0.08661235944467044,NA,NA,NA,NA,NA,NA,NA,NA,NA,NA,NA,5,NA,NA,-0.7,-0.6187451203977425,0.08125487960225741,0.15,0.14227294903364765,-0.00772705096635234,1,0.8954229246439533,-0.10457707535604666,5,4.612829600854136,-0.38717039914586415,1.5,1.497735844734679,-0.00226415526532108,0.8,0.7888381598005618,-0.01116184019943822,39.26204223185732,39.262042231857095,2.2737367544323206e-13,NA,NA,NA,NA,NA,NA,NA,NA,NA,NA,NA,NA,NA,NA,NA,NA,NA,NA,NA,NA,NA,NA,NA,NA,NA,NA,NA,NA,NA,NA,NA,NA,NA,NA,NA,NA,NA,NA,NA,NA,NA,NA,NA,NA,NA,NA,NA,NA,NA,NA,NA,NA,NA,NA,NA,NA,NA,NA,NA,NA,NA,NA,NA,NA,NA,NA,NA,NA,NA,NA,NA,NA,NA,NA,NA,NA,NA,NA,NA,NA,NA,NA,NA,NA,NA,NA,NA,NA,NA,NA,NA,NA,NA,NA,NA,NA,NA,NA,NA,NA,NA,NA,true,TRUE,TRUE,3615.7342067677932,3654.9962489996506,3615.8795145377226,39.26204223185687,39.26204223185732,7.999999999999954,FALSE,95.92,NA,NA,NA
symmetric_heavy_tails,symmetric heavy tails,HT,HT,34,1000,454,0.454,NA,TRUE,TRUE,TRUE,0,NA,-1792.008149695136,3600.016299390272,3639.278341622129,3600.161607160201,8,103.299,NA,3586.016299390272,3590.924054669254,1.000000000000017,NA,HeckmanEM,NA,raw_AIC_BIC_implied_logLik,finite_logLik_no_explicit_code,3,3.1016125502946945,0.10161255029469451,0.4,0.3947950505914659,-0.00520494940853411,NA,NA,NA,NA,NA,NA,NA,NA,NA,NA,NA,5,NA,NA,-0.7,-0.660464279573648,0.039535720426352,0.15,0.15419162614169257,0.00419162614169257,1,0.957222921840223,-0.04277707815977705,5,4.858937944675528,-0.1410620553244719,1.5,1.4105356900939527,-0.08946430990604726,0.8,0.8236613533922658,0.02366135339226571,39.26204223185732,39.262042231857095,2.2737367544323206e-13,NA,NA,NA,NA,NA,NA,NA,NA,NA,NA,NA,NA,NA,NA,NA,NA,NA,NA,NA,NA,NA,NA,NA,NA,NA,NA,NA,NA,NA,NA,NA,NA,NA,NA,NA,NA,NA,NA,NA,NA,NA,NA,NA,NA,NA,NA,NA,NA,NA,NA,NA,NA,NA,NA,NA,NA,NA,NA,NA,NA,NA,NA,NA,NA,NA,NA,NA,NA,NA,NA,NA,NA,NA,NA,NA,NA,NA,NA,NA,NA,NA,NA,NA,NA,NA,NA,NA,NA,NA,NA,NA,NA,NA,NA,NA,NA,NA,NA,NA,NA,NA,NA,true,TRUE,TRUE,3600.016299390272,3639.278341622129,3600.161607160201,39.26204223185732,39.26204223185732,8.000000000000046,FALSE,103.299,NA,NA,NA
symmetric_heavy_tails,symmetric heavy tails,HT,CN,34,1000,454,0.454,NA,TRUE,TRUE,TRUE,0,NA,-1791.464384283888,3602.928768567776,3652.006321357597,3603.151215483853,10,524.798,NA,3584.928768567776,3589.836523846758,1.000000000000017,NA,HeckmanEM,NA,raw_AIC_BIC_implied_logLik,finite_logLik_no_explicit_code,3,2.801735480154457,-0.19826451984554305,0.4,0.3746722728489866,-0.02532772715101344,NA,NA,NA,NA,NA,NA,NA,NA,NA,NA,NA,5,NA,NA,-0.7,-0.7242241798222181,-0.02422417982221814,0.15,0.16872002314716228,0.01872002314716228,1,1.0480369468881876,0.0480369468881876,5,4.927052176301006,-0.07294782369899444,1.5,1.4164797092581969,-0.08352029074180334,0.8,0.8190162007357946,0.01901620073579457,49.07755278982131,49.07755278982137,-5.684341886080802e-14,NA,NA,NA,NA,NA,NA,NA,NA,NA,NA,NA,NA,NA,NA,NA,NA,NA,NA,NA,NA,NA,NA,NA,NA,NA,NA,NA,NA,NA,NA,NA,NA,NA,NA,NA,NA,NA,NA,NA,NA,NA,NA,NA,NA,NA,NA,NA,NA,NA,NA,NA,NA,NA,NA,NA,NA,NA,NA,NA,NA,NA,NA,NA,NA,NA,NA,NA,NA,NA,NA,NA,NA,NA,NA,NA,NA,NA,NA,NA,NA,NA,NA,NA,NA,NA,NA,NA,NA,NA,NA,NA,NA,NA,NA,NA,NA,NA,NA,NA,NA,NA,NA,true,TRUE,TRUE,3602.928768567776,3652.0063213575972,3603.151215483853,49.07755278982086,49.07755278982131,9.999999999999895,FALSE,524.798,NA,NA,NA
symmetric_heavy_tails,symmetric heavy tails,HT,ESN,34,1000,454,0.454,NA,TRUE,TRUE,TRUE,0,CONVERGENCE: REL_REDUCTION_OF_F <= FACTR*EPSMCH,-1797.2996607026091,3616.5993214052182,3670.5846294740218,3616.8665278829512,11,18661.002,NA,NA,NA,NA,6,stage2,1799.74642408533;1799.71973774778;1799.76335621585;1797.64811403028;1799.83044443216;1797.3906176552;1797.83780818205;1799.86723221415;1799.86885758427;1797.40359308937;1799.86745807679;1799.72733100577;1799.74745245174;1799.86710287101,proposed_likelihood,stage2,3,4.935285530755732,1.935285530755732,0.4,-0.19518820417369023,-0.5951882041736902,NA,-1.4919189929749528,NA,NA,1.4925821305300957,NA,NA,-1.4420887707627323,NA,NA,-1.4420887707627323,5,NA,NA,-0.7,0.25717846156298724,0.9571784615629872,0.15,0.11991548402505012,-0.03008451597494986,1,0.7514983756990689,-0.24850162430093117,5,0.6477947843540968,-4.3522052156459035,1.5,1.4620510987616884,-0.03794890123831163,0.8,0.797657212198567,-0.00234278780143304,53.98530806880353,53.985308068803505,2.842170943040401e-14,NA,NA,NA,NA,NA,NA,NA,NA,NA,NA,NA,NA,NA,NA,NA,NA,NA,NA,NA,NA,NA,NA,NA,NA,NA,NA,NA,NA,NA,NA,NA,NA,NA,NA,NA,NA,NA,NA,NA,NA,NA,NA,NA,NA,NA,NA,NA,NA,NA,NA,NA,NA,NA,NA,NA,NA,NA,NA,NA,NA,NA,NA,NA,NA,NA,NA,NA,NA,NA,NA,NA,NA,NA,NA,NA,NA,NA,NA,NA,NA,NA,NA,NA,NA,NA,NA,NA,NA,NA,NA,NA,NA,NA,NA,NA,NA,NA,NA,NA,NA,NA,NA,true,TRUE,TRUE,3616.5993214052182,3670.5846294740218,3616.8665278829512,53.98530806880353,53.98530806880353,11.000000000000005,FALSE,18661.002,TRUE,TRUE,TRUE
symmetric_heavy_tails,symmetric heavy tails,HT,EST,34,1000,454,0.454,NA,TRUE,TRUE,TRUE,0,CONVERGENCE: REL_REDUCTION_OF_F <= FACTR*EPSMCH,-1792.2227173544125,3608.445434708825,3667.33849805661,3608.761544131318,12,20099.394999999997,NA,NA,NA,NA,19,stage2,1792.25353756811;1e+12;1e+12;1792.23142553999;1e+12;1e+12;1792.23305182906;1e+12;1e+12;1792.22411936634;1e+12;1e+12;1792.23299888587;1e+12;1e+12;1792.23674440171;1e+12;1e+12;1792.22386012453;1e+12;1e+12;1792.23614230273;1e+12;1e+12;1792.25518683545;1e+12;1e+12;1792.23397181167;1e+12;1e+12;1792.23110886696;1e+12;1e+12;1792.22545432068;1e+12;1e+12;1792.22694213998;1e+12;1e+12;1792.22371145395;1e+12;1e+12,proposed_likelihood,stage2,3,3.1341284172304418,0.13412841723044178,0.4,0.33971631526737417,-0.06028368473262585,NA,-1.4925821305300957,NA,NA,0.29721333986526216,NA,NA,1.480780713171374,NA,NA,1.480780713171374,5,4,-1,-0.7,-0.242041042907604,0.457958957092396,0.15,0.1333021127770914,-0.0166978872229086,1,0.8138568599745847,-0.18614314002541532,5,5.136550067446612,0.13655006744661158,1.5,1.387757883310573,-0.11224211668942696,0.8,0.8255050907820135,0.02550509078201346,58.893063347785755,58.89306334778564,1.1368683772161603e-13,NA,NA,NA,NA,NA,NA,NA,NA,NA,NA,NA,NA,NA,NA,NA,NA,NA,NA,NA,NA,NA,NA,NA,NA,NA,NA,NA,NA,NA,NA,NA,NA,NA,NA,NA,NA,NA,NA,NA,NA,NA,NA,NA,NA,NA,NA,NA,NA,NA,NA,NA,NA,NA,NA,NA,NA,NA,NA,NA,NA,NA,NA,NA,NA,NA,NA,NA,NA,NA,NA,NA,NA,NA,NA,NA,NA,NA,NA,NA,NA,NA,NA,NA,NA,NA,NA,NA,NA,NA,NA,NA,NA,NA,NA,NA,NA,NA,NA,NA,NA,NA,NA,true,TRUE,TRUE,3608.445434708825,3667.3384980566107,3608.7615441313174,58.8930633477853,58.893063347785755,11.99999999999993,FALSE,20099.394999999997,TRUE,FALSE,TRUE
symmetric_heavy_tails,symmetric heavy tails,HT,NH,35,1000,446,0.446,NA,TRUE,TRUE,TRUE,0,NA,-1794.4004421894913,3604.8008843789826,3644.06292661084,3604.946192148912,8,52.2,NA,3590.8008843789826,3595.708639657965,1.000000000000017,NA,HeckmanEM,NA,raw_AIC_BIC_implied_logLik,finite_logLik_no_explicit_code,3,3.723872367253871,0.7238723672538709,0.4,0.24739552063221393,-0.1526044793677861,NA,NA,NA,NA,NA,NA,NA,NA,NA,NA,NA,5,NA,NA,-0.7,-0.600560260756371,0.09943973924362892,0.15,0.16012040217754006,0.01012040217754006,1,0.8172906560431905,-0.1827093439568095,5,5.013247266789785,0.01324726678978471,1.5,1.528189047506305,0.02818904750630468,0.8,0.855518181960486,0.05551818196048597,39.26204223185732,39.262042231857095,2.2737367544323206e-13,NA,NA,NA,NA,NA,NA,NA,NA,NA,NA,NA,NA,NA,NA,NA,NA,NA,NA,NA,NA,NA,NA,NA,NA,NA,NA,NA,NA,NA,NA,NA,NA,NA,NA,NA,NA,NA,NA,NA,NA,NA,NA,NA,NA,NA,NA,NA,NA,NA,NA,NA,NA,NA,NA,NA,NA,NA,NA,NA,NA,NA,NA,NA,NA,NA,NA,NA,NA,NA,NA,NA,NA,NA,NA,NA,NA,NA,NA,NA,NA,NA,NA,NA,NA,NA,NA,NA,NA,NA,NA,NA,NA,NA,NA,NA,NA,NA,NA,NA,NA,NA,NA,true,TRUE,TRUE,3604.8008843789826,3644.06292661084,3604.946192148912,39.26204223185732,39.26204223185732,8.000000000000046,FALSE,52.2,NA,NA,NA
symmetric_heavy_tails,symmetric heavy tails,HT,HT,35,1000,446,0.446,NA,TRUE,TRUE,TRUE,0,NA,-1786.5756956104449,3589.1513912208898,3628.413433452747,3589.296698990819,8,93.721,NA,3575.1513912208898,3580.059146499872,1.000000000000017,NA,HeckmanEM,NA,raw_AIC_BIC_implied_logLik,finite_logLik_no_explicit_code,3,3.0316697540392585,0.03166975403925853,0.4,0.2135466947452068,-0.1864533052547932,NA,NA,NA,NA,NA,NA,NA,NA,NA,NA,NA,5,NA,NA,-0.7,-0.643073725395513,0.05692627460448696,0.15,0.17459268912925416,0.02459268912925416,1,0.8748318445017624,-0.12516815549823757,5,5.3090089387010195,0.30900893870101953,1.5,1.462914074153228,-0.03708592584677195,0.8,0.7833158893197113,-0.01668411068028874,39.26204223185732,39.262042231857095,2.2737367544323206e-13,NA,NA,NA,NA,NA,NA,NA,NA,NA,NA,NA,NA,NA,NA,NA,NA,NA,NA,NA,NA,NA,NA,NA,NA,NA,NA,NA,NA,NA,NA,NA,NA,NA,NA,NA,NA,NA,NA,NA,NA,NA,NA,NA,NA,NA,NA,NA,NA,NA,NA,NA,NA,NA,NA,NA,NA,NA,NA,NA,NA,NA,NA,NA,NA,NA,NA,NA,NA,NA,NA,NA,NA,NA,NA,NA,NA,NA,NA,NA,NA,NA,NA,NA,NA,NA,NA,NA,NA,NA,NA,NA,NA,NA,NA,NA,NA,NA,NA,NA,NA,NA,NA,true,TRUE,TRUE,3589.1513912208898,3628.413433452747,3589.296698990819,39.26204223185732,39.26204223185732,8.000000000000046,FALSE,93.721,NA,NA,NA
symmetric_heavy_tails,symmetric heavy tails,HT,CN,35,1000,446,0.446,NA,TRUE,TRUE,TRUE,0,NA,-1783.6245808440067,3587.2491616880134,3636.3267144778342,3587.4716086040903,10,535.409,NA,3569.2491616880134,3574.1569169669956,1.000000000000017,NA,HeckmanEM,NA,raw_AIC_BIC_implied_logLik,finite_logLik_no_explicit_code,3,1.8928698391003176,-1.1071301608996826,0.4,0.2225964933188908,-0.1774035066811092,NA,NA,NA,NA,NA,NA,NA,NA,NA,NA,NA,5,NA,NA,-0.7,-0.9818218358412774,-0.2818218358412774,0.15,0.27251566931695964,0.12251566931695965,1,1.3345376670095963,0.33453766700959653,5,5.349402241915746,0.34940224191574565,1.5,1.460265855259407,-0.039734144740593,0.8,0.7552469056245367,-0.04475309437546337,49.07755278982131,49.07755278982137,-5.684341886080802e-14,NA,NA,NA,NA,NA,NA,NA,NA,NA,NA,NA,NA,NA,NA,NA,NA,NA,NA,NA,NA,NA,NA,NA,NA,NA,NA,NA,NA,NA,NA,NA,NA,NA,NA,NA,NA,NA,NA,NA,NA,NA,NA,NA,NA,NA,NA,NA,NA,NA,NA,NA,NA,NA,NA,NA,NA,NA,NA,NA,NA,NA,NA,NA,NA,NA,NA,NA,NA,NA,NA,NA,NA,NA,NA,NA,NA,NA,NA,NA,NA,NA,NA,NA,NA,NA,NA,NA,NA,NA,NA,NA,NA,NA,NA,NA,NA,NA,NA,NA,NA,NA,NA,true,TRUE,TRUE,3587.2491616880134,3636.3267144778347,3587.4716086040903,49.07755278982086,49.07755278982131,9.999999999999895,FALSE,535.409,NA,NA,NA
symmetric_heavy_tails,symmetric heavy tails,HT,ESN,35,1000,446,0.446,NA,TRUE,TRUE,TRUE,0,CONVERGENCE: REL_REDUCTION_OF_F <= FACTR*EPSMCH,-1793.5755462529733,3609.1510925059465,3663.13640057475,3609.418298983679,11,20785.008,NA,NA,NA,NA,12,stage2,1793.72984165876;1793.83579072625;1794.18007211904;1793.91093561251;1794.1862747931;1793.82814179955;1793.85850242131;1794.22136459002;1794.18609043448;1793.86771821999;1794.21414106134;1793.78334729616;1794.39845502965;1794.40044145305,proposed_likelihood,stage2,3,5.614178383635509,2.614178383635509,0.4,0.6266656802322905,0.2266656802322905,NA,-1.4925821305300957,NA,NA,-0.8662812577470895,NA,NA,-1.4925821305300957,NA,NA,-1.4925821305300957,5,NA,NA,-0.7,0.5332590495415959,1.2332590495415958,0.15,0.11979231172380551,-0.03020768827619448,1,0.6100418973442651,-0.38995810265573494,5,10.907634317324955,5.907634317324957,1.5,1.507831742001669,0.00783174200166891,0.8,0.8326515121846565,0.03265151218465645,53.98530806880353,53.985308068803505,2.842170943040401e-14,NA,NA,NA,NA,NA,NA,NA,NA,NA,NA,NA,NA,NA,NA,NA,NA,NA,NA,NA,NA,NA,NA,NA,NA,NA,NA,NA,NA,NA,NA,NA,NA,NA,NA,NA,NA,NA,NA,NA,NA,NA,NA,NA,NA,NA,NA,NA,NA,NA,NA,NA,NA,NA,NA,NA,NA,NA,NA,NA,NA,NA,NA,NA,NA,NA,NA,NA,NA,NA,NA,NA,NA,NA,NA,NA,NA,NA,NA,NA,NA,NA,NA,NA,NA,NA,NA,NA,NA,NA,NA,NA,NA,NA,NA,NA,NA,NA,NA,NA,NA,NA,NA,true,TRUE,TRUE,3609.1510925059465,3663.13640057475,3609.4182989836795,53.98530806880353,53.98530806880353,11.000000000000005,FALSE,20785.008,TRUE,FALSE,TRUE
symmetric_heavy_tails,symmetric heavy tails,HT,EST,35,1000,446,0.446,NA,TRUE,TRUE,TRUE,0,CONVERGENCE: REL_REDUCTION_OF_F <= FACTR*EPSMCH,-1786.5458111032865,3597.091622206573,3655.9846855543583,3597.4077316290654,12,20091.513999999996,NA,NA,NA,NA,34,stage2,1786.55029898276;1e+12;1e+12;1786.54611164766;1e+12;1e+12;1786.54830832157;1e+12;1e+12;1786.55613648006;1e+12;1e+12;1786.54783597047;1e+12;1e+12;1786.55688050624;1e+12;1e+12;1786.55145545276;1e+12;1e+12;1786.55282856641;1e+12;1e+12;1786.73234689472;1e+12;1e+12;1786.54597823322;1e+12;1e+12;1786.54951087645;1e+12;1e+12;1786.54582906487;1e+12;1e+12;1786.56030781748;1e+12;1e+12;1786.54607319507;1e+12;1e+12,proposed_likelihood,stage2,3,3.2018136845806184,0.20181368458061844,0.4,0.317458040051084,-0.082541959948916,NA,-0.9660224496552264,NA,NA,-0.1444691248853649,NA,NA,1.4925821305300957,NA,NA,1.4925821305300957,5,4,-1,-0.7,-0.3693858157047985,0.33061418429520145,0.15,0.15706078228101553,0.00706078228101553,1,0.7914110583700393,-0.20858894162996067,5,5.536363474776478,0.5363634747764783,1.5,1.438326530829644,-0.06167346917035599,0.8,0.7672853343784676,-0.03271466562153247,58.893063347785755,58.89306334778564,1.1368683772161603e-13,NA,NA,NA,NA,NA,NA,NA,NA,NA,NA,NA,NA,NA,NA,NA,NA,NA,NA,NA,NA,NA,NA,NA,NA,NA,NA,NA,NA,NA,NA,NA,NA,NA,NA,NA,NA,NA,NA,NA,NA,NA,NA,NA,NA,NA,NA,NA,NA,NA,NA,NA,NA,NA,NA,NA,NA,NA,NA,NA,NA,NA,NA,NA,NA,NA,NA,NA,NA,NA,NA,NA,NA,NA,NA,NA,NA,NA,NA,NA,NA,NA,NA,NA,NA,NA,NA,NA,NA,NA,NA,NA,NA,NA,NA,NA,NA,NA,NA,NA,NA,NA,NA,true,TRUE,TRUE,3597.091622206573,3655.9846855543587,3597.4077316290654,58.8930633477853,58.893063347785755,11.99999999999993,FALSE,20091.513999999996,FALSE,FALSE,TRUE
symmetric_heavy_tails,symmetric heavy tails,HT,NH,36,1000,456,0.456,NA,TRUE,TRUE,TRUE,0,NA,-1832.34860190998,3680.69720381996,3719.959246051817,3680.842511589889,8,155.25,NA,3666.69720381996,3671.604959098942,1.000000000000017,NA,HeckmanEM,NA,raw_AIC_BIC_implied_logLik,finite_logLik_no_explicit_code,3,4.073136537404813,1.073136537404813,0.4,0.5651030985109448,0.1651030985109447,NA,NA,NA,NA,NA,NA,NA,NA,NA,NA,NA,5,NA,NA,-0.7,-0.5299068300443054,0.17009316995569457,0.15,0.14398816467762823,-0.00601183532237176,1,0.8276137131555061,-0.17238628684449386,5,4.836526269438101,-0.16347373056189873,1.5,1.4806940077505435,-0.0193059922494565,0.8,0.731764853885925,-0.068235146114075,39.26204223185732,39.262042231857095,-2.2737367544323206e-13,NA,NA,NA,NA,NA,NA,NA,NA,NA,NA,NA,NA,NA,NA,NA,NA,NA,NA,NA,NA,NA,NA,NA,NA,NA,NA,NA,NA,NA,NA,NA,NA,NA,NA,NA,NA,NA,NA,NA,NA,NA,NA,NA,NA,NA,NA,NA,NA,NA,NA,NA,NA,NA,NA,NA,NA,NA,NA,NA,NA,NA,NA,NA,NA,NA,NA,NA,NA,NA,NA,NA,NA,NA,NA,NA,NA,NA,NA,NA,NA,NA,NA,NA,NA,NA,NA,NA,NA,NA,NA,NA,NA,NA,NA,NA,NA,NA,NA,NA,NA,NA,NA,true,TRUE,TRUE,3680.69720381996,3719.959246051817,3680.8425115898895,39.26204223185687,39.26204223185687,7.999999999999954,FALSE,155.25,NA,NA,NA
symmetric_heavy_tails,symmetric heavy tails,HT,HT,36,1000,456,0.456,NA,TRUE,TRUE,TRUE,0,NA,-1798.0522457288862,3612.104491457773,3651.3665336896297,3612.2497992277017,8,103.704,NA,3598.1044914577724,3603.0122467367546,1.000000000000017,NA,HeckmanEM,NA,raw_AIC_BIC_implied_logLik,finite_logLik_no_explicit_code,3,2.9708270921383315,-0.02917290786166848,0.4,0.46036992807728033,0.06036992807728031,NA,NA,NA,NA,NA,NA,NA,NA,NA,NA,NA,5,NA,NA,-0.7,-0.6238409503850058,0.0761590496149942,0.15,0.1663524516632102,0.0163524516632102,1,0.969520894588746,-0.03047910541125409,5,5.123536598769924,0.12353659876992396,1.5,1.4902231592835729,-0.00977684071642714,0.8,0.8133905344141937,0.01339053441419368,39.26204223185687,39.262042231857095,-2.2737367544323206e-13,NA,NA,NA,NA,NA,NA,NA,NA,NA,NA,NA,NA,NA,NA,NA,NA,NA,NA,NA,NA,NA,NA,NA,NA,NA,NA,NA,NA,NA,NA,NA,NA,NA,NA,NA,NA,NA,NA,NA,NA,NA,NA,NA,NA,NA,NA,NA,NA,NA,NA,NA,NA,NA,NA,NA,NA,NA,NA,NA,NA,NA,NA,NA,NA,NA,NA,NA,NA,NA,NA,NA,NA,NA,NA,NA,NA,NA,NA,NA,NA,NA,NA,NA,NA,NA,NA,NA,NA,NA,NA,NA,NA,NA,NA,NA,NA,NA,NA,NA,NA,NA,NA,true,TRUE,TRUE,3612.1044914577724,3651.3665336896293,3612.2497992277017,39.26204223185687,39.26204223185687,7.999999999999954,FALSE,103.704,NA,NA,NA
symmetric_heavy_tails,symmetric heavy tails,HT,CN,36,1000,456,0.456,NA,TRUE,TRUE,TRUE,0,NA,-1797.082167647003,3614.164335294006,3663.2418880838272,3614.386782210083,10,192.139,NA,3596.164335294006,3601.072090572988,1.000000000000017,NA,HeckmanEM,NA,raw_AIC_BIC_implied_logLik,finite_logLik_no_explicit_code,3,3.2321910389495994,0.23219103894959936,0.4,0.4592379958075896,0.05923799580758959,NA,NA,NA,NA,NA,NA,NA,NA,NA,NA,NA,5,NA,NA,-0.7,-0.587985063836917,0.112014936163083,0.15,0.15850889746666452,0.00850889746666452,1,0.9197274159885211,-0.08027258401147885,5,5.13498904946715,0.1349890494671504,1.5,1.4956430506242535,-0.00435694937574648,0.8,0.791169197972018,-0.00883080202798203,49.07755278982131,49.07755278982137,-5.684341886080802e-14,NA,NA,NA,NA,NA,NA,NA,NA,NA,NA,NA,NA,NA,NA,NA,NA,NA,NA,NA,NA,NA,NA,NA,NA,NA,NA,NA,NA,NA,NA,NA,NA,NA,NA,NA,NA,NA,NA,NA,NA,NA,NA,NA,NA,NA,NA,NA,NA,NA,NA,NA,NA,NA,NA,NA,NA,NA,NA,NA,NA,NA,NA,NA,NA,NA,NA,NA,NA,NA,NA,NA,NA,NA,NA,NA,NA,NA,NA,NA,NA,NA,NA,NA,NA,NA,NA,NA,NA,NA,NA,NA,NA,NA,NA,NA,NA,NA,NA,NA,NA,NA,NA,true,TRUE,TRUE,3614.164335294006,3663.2418880838272,3614.386782210083,49.07755278982131,49.07755278982131,9.999999999999988,FALSE,192.139,NA,NA,NA
symmetric_heavy_tails,symmetric heavy tails,HT,ESN,36,1000,456,0.456,NA,TRUE,TRUE,TRUE,0,CONVERGENCE: REL_REDUCTION_OF_F <= FACTR*EPSMCH,-1816.6698474642003,3655.3396949284006,3709.325002997204,3655.6069014061336,11,17493.798000000003,NA,NA,NA,NA,10,stage2,1830.14110821404;1832.35211976878;1830.18554253735;1832.32177060568;1830.13275483271;1816.97357321136;1832.34696837143;1830.13753782555;1830.15564173855;1816.89620179093;1830.13516823327;1832.34841881628;1832.34667776094;1832.34860148606,proposed_likelihood,stage2,3,5.599701597386424,2.5997015973864244,0.4,0.5497019420038814,0.14970194200388143,NA,1.0664398877572785,NA,NA,1.4925821305300957,NA,NA,-1.4925821305300957,NA,NA,-1.4925821305300957,5,NA,NA,-0.7,-1.162933623055387,-0.4629336230553871,0.15,0.1343736543189468,-0.0156263456810532,1,0.791882844433784,-0.208117155566216,5,-0.777575310318287,-5.777575310318287,1.5,1.535950513829513,0.03595051382951309,0.8,0.7364080383307116,-0.06359196166928849,53.98530806880353,53.985308068803505,2.842170943040401e-14,NA,NA,NA,NA,NA,NA,NA,NA,NA,NA,NA,NA,NA,NA,NA,NA,NA,NA,NA,NA,NA,NA,NA,NA,NA,NA,NA,NA,NA,NA,NA,NA,NA,NA,NA,NA,NA,NA,NA,NA,NA,NA,NA,NA,NA,NA,NA,NA,NA,NA,NA,NA,NA,NA,NA,NA,NA,NA,NA,NA,NA,NA,NA,NA,NA,NA,NA,NA,NA,NA,NA,NA,NA,NA,NA,NA,NA,NA,NA,NA,NA,NA,NA,NA,NA,NA,NA,NA,NA,NA,NA,NA,NA,NA,NA,NA,NA,NA,NA,NA,NA,NA,true,TRUE,TRUE,3655.3396949284006,3709.325002997204,3655.6069014061336,53.98530806880353,53.98530806880353,11.000000000000005,FALSE,17493.798000000003,FALSE,TRUE,TRUE
symmetric_heavy_tails,symmetric heavy tails,HT,EST,36,1000,456,0.456,NA,TRUE,TRUE,TRUE,0,CONVERGENCE: REL_REDUCTION_OF_F <= FACTR*EPSMCH,-1797.3942108727178,3618.788421745436,3677.6814850932215,3619.104531167928,12,19449.802,NA,NA,NA,NA,31,stage2,1797.40713961912;1e+12;1e+12;1797.42670164244;1e+12;1e+12;1797.42210529978;1e+12;1e+12;1797.43224849801;1e+12;1e+12;1797.41729720271;1e+12;1e+12;1797.41753315937;1e+12;1e+12;1797.40582127665;1e+12;1e+12;1797.39946297469;1e+12;1e+12;1797.41732553654;1e+12;1e+12;1797.40353614814;1e+12;1e+12;1797.39421336553;1e+12;1e+12;1797.39809554349;1e+12;1e+12;1797.41159974112;1e+12;1e+12;1797.40039912455;1e+12;1e+12,proposed_likelihood,stage2,3,2.843424846271824,-0.1565751537281761,0.4,0.4650656627338922,0.0650656627338922,NA,1.4925821305300957,NA,NA,0.281675667169959,NA,NA,1.4915041620714722,NA,NA,1.4915041620714722,5,4,-1,-0.7,-0.872832084934057,-0.172832084934057,0.15,0.14617989041665744,-0.00382010958334255,1,0.8681073701877194,-0.13189262981228056,5,4.752131632332769,-0.2478683676672313,1.5,1.4874565588625055,-0.01254344113749428,0.8,0.8203408356861578,0.02034083568615774,58.893063347785755,58.89306334778564,1.1368683772161603e-13,NA,NA,NA,NA,NA,NA,NA,NA,NA,NA,NA,NA,NA,NA,NA,NA,NA,NA,NA,NA,NA,NA,NA,NA,NA,NA,NA,NA,NA,NA,NA,NA,NA,NA,NA,NA,NA,NA,NA,NA,NA,NA,NA,NA,NA,NA,NA,NA,NA,NA,NA,NA,NA,NA,NA,NA,NA,NA,NA,NA,NA,NA,NA,NA,NA,NA,NA,NA,NA,NA,NA,NA,NA,NA,NA,NA,NA,NA,NA,NA,NA,NA,NA,NA,NA,NA,NA,NA,NA,NA,NA,NA,NA,NA,NA,NA,NA,NA,NA,NA,NA,NA,true,TRUE,TRUE,3618.7884217454357,3677.6814850932215,3619.104531167928,58.8930633477853,58.893063347785755,11.99999999999993,FALSE,19449.802,TRUE,FALSE,TRUE
symmetric_heavy_tails,symmetric heavy tails,HT,NH,37,1000,455,0.455,NA,TRUE,TRUE,TRUE,0,NA,-1826.531546294676,3669.063092589352,3708.325134821209,3669.2084003592818,8,64.006,NA,3655.063092589352,3659.970847868334,1.000000000000017,NA,HeckmanEM,NA,raw_AIC_BIC_implied_logLik,finite_logLik_no_explicit_code,3,3.688786393503529,0.6887863935035292,0.4,0.3095057779632274,-0.0904942220367726,NA,NA,NA,NA,NA,NA,NA,NA,NA,NA,NA,5,NA,NA,-0.7,-0.4899247540093634,0.21007524599063657,0.15,0.1488832571090056,-0.00111674289099439,1,0.7243700311403938,-0.2756299688596062,5,4.760460354699513,-0.23953964530048744,1.5,1.1687214930375145,-0.3312785069624855,0.8,0.8896728243724016,0.08967282437240154,39.26204223185687,39.262042231857095,-2.2737367544323206e-13,NA,NA,NA,NA,NA,NA,NA,NA,NA,NA,NA,NA,NA,NA,NA,NA,NA,NA,NA,NA,NA,NA,NA,NA,NA,NA,NA,NA,NA,NA,NA,NA,NA,NA,NA,NA,NA,NA,NA,NA,NA,NA,NA,NA,NA,NA,NA,NA,NA,NA,NA,NA,NA,NA,NA,NA,NA,NA,NA,NA,NA,NA,NA,NA,NA,NA,NA,NA,NA,NA,NA,NA,NA,NA,NA,NA,NA,NA,NA,NA,NA,NA,NA,NA,NA,NA,NA,NA,NA,NA,NA,NA,NA,NA,NA,NA,NA,NA,NA,NA,NA,NA,true,TRUE,TRUE,3669.063092589352,3708.325134821209,3669.2084003592813,39.26204223185687,39.26204223185687,7.999999999999954,FALSE,64.006,NA,NA,NA
symmetric_heavy_tails,symmetric heavy tails,HT,HT,37,1000,455,0.455,NA,TRUE,TRUE,TRUE,0,NA,-1823.396673025913,3662.793346051826,3702.055388283683,3662.938653821755,8,139.21800000000002,NA,3648.793346051826,3653.701101330808,1.000000000000017,NA,HeckmanEM,NA,raw_AIC_BIC_implied_logLik,finite_logLik_no_explicit_code,3,3.3804853007460083,0.3804853007460083,0.4,0.3777784937903929,-0.02222150620960711,NA,NA,NA,NA,NA,NA,NA,NA,NA,NA,NA,5,NA,NA,-0.7,-0.5035505069988131,0.1964494930011869,0.15,0.1539701990819438,0.00397019908194379,1,0.7438382914648108,-0.25616170853518916,5,4.530420147420258,-0.46957985257974233,1.5,1.1822863424612269,-0.31771365753877334,0.8,0.8988947739627325,0.0988947739627325,39.26204223185687,39.262042231857095,-2.2737367544323206e-13,NA,NA,NA,NA,NA,NA,NA,NA,NA,NA,NA,NA,NA,NA,NA,NA,NA,NA,NA,NA,NA,NA,NA,NA,NA,NA,NA,NA,NA,NA,NA,NA,NA,NA,NA,NA,NA,NA,NA,NA,NA,NA,NA,NA,NA,NA,NA,NA,NA,NA,NA,NA,NA,NA,NA,NA,NA,NA,NA,NA,NA,NA,NA,NA,NA,NA,NA,NA,NA,NA,NA,NA,NA,NA,NA,NA,NA,NA,NA,NA,NA,NA,NA,NA,NA,NA,NA,NA,NA,NA,NA,NA,NA,NA,NA,NA,NA,NA,NA,NA,NA,NA,true,TRUE,TRUE,3662.793346051826,3702.055388283683,3662.9386538217555,39.26204223185687,39.26204223185687,7.999999999999954,FALSE,139.21800000000002,NA,NA,NA
symmetric_heavy_tails,symmetric heavy tails,HT,CN,37,1000,455,0.455,NA,TRUE,TRUE,TRUE,0,NA,-1822.986886093702,3665.973772187404,3715.0513249772257,3666.196219103481,10,524.581,NA,3647.973772187404,3652.881527466386,1.000000000000017,NA,HeckmanEM,NA,raw_AIC_BIC_implied_logLik,finite_logLik_no_explicit_code,3,3.126811316417433,0.12681131641743315,0.4,0.3755013623650936,-0.02449863763490639,NA,NA,NA,NA,NA,NA,NA,NA,NA,NA,NA,5,NA,NA,-0.7,-0.5429646870476572,0.15703531295234274,0.15,0.16570731088140042,0.01570731088140042,1,0.8021627762055369,-0.1978372237944631,5,4.530902231410804,-0.4690977685891964,1.5,1.1804286603466256,-0.31957133965337436,0.8,0.9006477546752341,0.100647754675234,49.07755278982131,49.07755278982137,-5.684341886080802e-14,NA,NA,NA,NA,NA,NA,NA,NA,NA,NA,NA,NA,NA,NA,NA,NA,NA,NA,NA,NA,NA,NA,NA,NA,NA,NA,NA,NA,NA,NA,NA,NA,NA,NA,NA,NA,NA,NA,NA,NA,NA,NA,NA,NA,NA,NA,NA,NA,NA,NA,NA,NA,NA,NA,NA,NA,NA,NA,NA,NA,NA,NA,NA,NA,NA,NA,NA,NA,NA,NA,NA,NA,NA,NA,NA,NA,NA,NA,NA,NA,NA,NA,NA,NA,NA,NA,NA,NA,NA,NA,NA,NA,NA,NA,NA,NA,NA,NA,NA,NA,NA,NA,true,TRUE,TRUE,3665.973772187404,3715.0513249772252,3666.196219103481,49.077552789821766,49.07755278982131,10.000000000000082,FALSE,524.581,NA,NA,NA
symmetric_heavy_tails,symmetric heavy tails,HT,ESN,37,1000,455,0.455,NA,TRUE,TRUE,TRUE,0,CONVERGENCE: REL_REDUCTION_OF_F <= FACTR*EPSMCH,-1824.333907915144,3670.667815830288,3724.653123899092,3670.9350223080214,11,18604.152,NA,NA,NA,NA,10,stage2,1826.53159377352;1826.53131162462;1826.53170940463;1824.95141776597;1826.53160131407;1824.83982657874;1825.01454720911;1826.50841857021;1826.53172848613;1824.66482956048;1826.32575988294;1826.53160797955;1826.53168785551;1826.53154568001,proposed_likelihood,stage2,3,5.225345538436614,2.2253455384366143,0.4,0.3798240779106147,-0.02017592208938534,NA,0.5266725964445228,NA,NA,1.3340560043719605,NA,NA,-1.4925821305300957,NA,NA,-1.4925821305300957,5,NA,NA,-0.7,-0.8982431193343409,-0.1982431193343409,0.15,0.1435824308830096,-0.0064175691169904,1,0.7015971647636713,-0.2984028352363287,5,-1.1681111554722077,-6.168111155472207,1.5,1.1366027069371247,-0.36339729306287527,0.8,0.8847840361542502,0.08478403615425012,53.98530806880353,53.985308068803505,2.842170943040401e-14,NA,NA,NA,NA,NA,NA,NA,NA,NA,NA,NA,NA,NA,NA,NA,NA,NA,NA,NA,NA,NA,NA,NA,NA,NA,NA,NA,NA,NA,NA,NA,NA,NA,NA,NA,NA,NA,NA,NA,NA,NA,NA,NA,NA,NA,NA,NA,NA,NA,NA,NA,NA,NA,NA,NA,NA,NA,NA,NA,NA,NA,NA,NA,NA,NA,NA,NA,NA,NA,NA,NA,NA,NA,NA,NA,NA,NA,NA,NA,NA,NA,NA,NA,NA,NA,NA,NA,NA,NA,NA,NA,NA,NA,NA,NA,NA,NA,NA,NA,NA,NA,NA,true,TRUE,TRUE,3670.667815830288,3724.6531238990915,3670.935022308021,53.98530806880399,53.98530806880353,11.000000000000098,FALSE,18604.152,FALSE,FALSE,TRUE
symmetric_heavy_tails,symmetric heavy tails,HT,EST,37,1000,455,0.455,NA,TRUE,TRUE,TRUE,0,CONVERGENCE: REL_REDUCTION_OF_F <= FACTR*EPSMCH,-1826.9463081750023,3677.892616350005,3736.785679697791,3678.2087257724975,12,19833.67,NA,NA,NA,NA,10,stage2,1826.96443821015;1e+12;1e+12;1826.9600413893;1e+12;1e+12;1826.95124338654;1e+12;1e+12;1826.94631511652;1e+12;1e+12;1826.94873384091;1e+12;1e+12;1826.94725009293;1e+12;1e+12;1826.96089151744;1e+12;1e+12;1826.97385008854;1e+12;1e+12;1826.95082439336;1e+12;1e+12;1826.95197338166;1e+12;1e+12;1826.97353497364;1e+12;1e+12;1826.94664072819;1e+12;1e+12;1826.96295650667;1e+12;1e+12;1826.95106431142;1e+12;1e+12,proposed_likelihood,stage2,3,3.2961676390968453,0.2961676390968453,0.4,0.309692841066416,-0.09030715893358404,NA,-1.4925821305300957,NA,NA,0.40717067801247897,NA,NA,1.4912492083100617,NA,NA,1.4912492083100617,5,4,-1,-0.7,-0.11938367831356356,0.5806163216864364,0.15,0.13466583209963748,-0.01533416790036251,1,0.6395357267277627,-0.3604642732722373,5,4.636795892089305,-0.36320410791069513,1.5,1.1938061982773276,-0.3061938017226724,0.8,0.9069458525122844,0.1069458525122844,58.893063347785755,58.89306334778564,1.1368683772161603e-13,NA,NA,NA,NA,NA,NA,NA,NA,NA,NA,NA,NA,NA,NA,NA,NA,NA,NA,NA,NA,NA,NA,NA,NA,NA,NA,NA,NA,NA,NA,NA,NA,NA,NA,NA,NA,NA,NA,NA,NA,NA,NA,NA,NA,NA,NA,NA,NA,NA,NA,NA,NA,NA,NA,NA,NA,NA,NA,NA,NA,NA,NA,NA,NA,NA,NA,NA,NA,NA,NA,NA,NA,NA,NA,NA,NA,NA,NA,NA,NA,NA,NA,NA,NA,NA,NA,NA,NA,NA,NA,NA,NA,NA,NA,NA,NA,NA,NA,NA,NA,NA,NA,true,TRUE,TRUE,3677.8926163500046,3736.7856796977903,3678.208725772497,58.893063347785755,58.893063347785755,12.000000000000023,FALSE,19833.67,TRUE,FALSE,TRUE
symmetric_heavy_tails,symmetric heavy tails,HT,NH,38,1000,431,0.431,NA,TRUE,TRUE,TRUE,0,NA,-1800.0938454498066,3616.187690899613,3655.4497331314706,3616.3329986695426,8,101.21,NA,3602.1876908996132,3607.095446178595,1.000000000000017,NA,HeckmanEM,NA,raw_AIC_BIC_implied_logLik,finite_logLik_no_explicit_code,3,4.409206255711888,1.4092062557118883,0.4,0.6610634789064292,0.2610634789064292,NA,NA,NA,NA,NA,NA,NA,NA,NA,NA,NA,5,NA,NA,-0.7,-0.5700823979459271,0.12991760205407288,0.15,0.11043477531370624,-0.03956522468629377,1,0.7033295696937376,-0.2966704303062624,5,3.988357288452179,-1.0116427115478208,1.5,1.6082761978745983,0.1082761978745983,0.8,0.7592435785223256,-0.04075642147767444,39.26204223185732,39.262042231857095,2.2737367544323206e-13,NA,NA,NA,NA,NA,NA,NA,NA,NA,NA,NA,NA,NA,NA,NA,NA,NA,NA,NA,NA,NA,NA,NA,NA,NA,NA,NA,NA,NA,NA,NA,NA,NA,NA,NA,NA,NA,NA,NA,NA,NA,NA,NA,NA,NA,NA,NA,NA,NA,NA,NA,NA,NA,NA,NA,NA,NA,NA,NA,NA,NA,NA,NA,NA,NA,NA,NA,NA,NA,NA,NA,NA,NA,NA,NA,NA,NA,NA,NA,NA,NA,NA,NA,NA,NA,NA,NA,NA,NA,NA,NA,NA,NA,NA,NA,NA,NA,NA,NA,NA,NA,NA,true,TRUE,TRUE,3616.1876908996132,3655.4497331314706,3616.3329986695426,39.26204223185778,39.26204223185732,8.000000000000139,FALSE,101.21,NA,NA,NA
symmetric_heavy_tails,symmetric heavy tails,HT,HT,38,1000,431,0.431,NA,TRUE,TRUE,TRUE,0,NA,-1790.8842838476496,3597.768567695299,3637.030609927157,3597.913875465229,8,175.62900000000002,NA,3583.768567695299,3588.6763229742814,1.000000000000017,NA,HeckmanEM,NA,raw_AIC_BIC_implied_logLik,finite_logLik_no_explicit_code,3,3.451372696109452,0.451372696109452,0.4,0.5968727562174204,0.1968727562174204,NA,NA,NA,NA,NA,NA,NA,NA,NA,NA,NA,5,NA,NA,-0.7,-0.6255575634685078,0.07444243653149218,0.15,0.12136140969310888,-0.02863859030689111,1,0.7766216583046582,-0.22337834169534176,5,4.414029884971025,-0.5859701150289753,1.5,1.6536727325419749,0.1536727325419747,0.8,0.7858905562836922,-0.01410944371630784,39.26204223185732,39.262042231857095,2.2737367544323206e-13,NA,NA,NA,NA,NA,NA,NA,NA,NA,NA,NA,NA,NA,NA,NA,NA,NA,NA,NA,NA,NA,NA,NA,NA,NA,NA,NA,NA,NA,NA,NA,NA,NA,NA,NA,NA,NA,NA,NA,NA,NA,NA,NA,NA,NA,NA,NA,NA,NA,NA,NA,NA,NA,NA,NA,NA,NA,NA,NA,NA,NA,NA,NA,NA,NA,NA,NA,NA,NA,NA,NA,NA,NA,NA,NA,NA,NA,NA,NA,NA,NA,NA,NA,NA,NA,NA,NA,NA,NA,NA,NA,NA,NA,NA,NA,NA,NA,NA,NA,NA,NA,NA,true,TRUE,TRUE,3597.768567695299,3637.0306099271565,3597.9138754652286,39.26204223185778,39.26204223185732,8.000000000000139,FALSE,175.62900000000002,NA,NA,NA
symmetric_heavy_tails,symmetric heavy tails,HT,CN,38,1000,431,0.431,NA,TRUE,TRUE,TRUE,0,NA,-1789.4167042471563,3598.8334084943126,3647.910961284134,3599.0558554103895,10,533.8710000000001,NA,3580.8334084943126,3585.741163773295,1.000000000000017,NA,HeckmanEM,NA,raw_AIC_BIC_implied_logLik,finite_logLik_no_explicit_code,3,2.692118009973876,-0.3078819900261238,0.4,0.5734905538710883,0.17349055387108825,NA,NA,NA,NA,NA,NA,NA,NA,NA,NA,NA,5,NA,NA,-0.7,-0.7730469007892153,-0.07304690078921539,0.15,0.15160705764762275,0.00160705764762275,1,0.9592354337038476,-0.04076456629615233,5,4.473032612859543,-0.5269673871404574,1.5,1.6520714008101414,0.15207140081014137,0.8,0.8022482183782933,0.00224821837829325,49.07755278982131,49.07755278982137,-5.684341886080802e-14,NA,NA,NA,NA,NA,NA,NA,NA,NA,NA,NA,NA,NA,NA,NA,NA,NA,NA,NA,NA,NA,NA,NA,NA,NA,NA,NA,NA,NA,NA,NA,NA,NA,NA,NA,NA,NA,NA,NA,NA,NA,NA,NA,NA,NA,NA,NA,NA,NA,NA,NA,NA,NA,NA,NA,NA,NA,NA,NA,NA,NA,NA,NA,NA,NA,NA,NA,NA,NA,NA,NA,NA,NA,NA,NA,NA,NA,NA,NA,NA,NA,NA,NA,NA,NA,NA,NA,NA,NA,NA,NA,NA,NA,NA,NA,NA,NA,NA,NA,NA,NA,NA,true,TRUE,TRUE,3598.8334084943126,3647.910961284134,3599.0558554103895,49.07755278982131,49.07755278982131,9.999999999999988,FALSE,533.8710000000001,NA,NA,NA
symmetric_heavy_tails,symmetric heavy tails,HT,ESN,38,1000,431,0.431,NA,TRUE,TRUE,TRUE,0,CONVERGENCE: REL_REDUCTION_OF_F <= FACTR*EPSMCH,-1797.5072307927333,3617.0144615854665,3670.99976965427,3617.281668063199,11,15568.217,NA,NA,NA,NA,13,stage2,1797.50760324521;1797.50936359422;1797.50735789445;1800.09133664718;1797.51186851901;1800.09655636083;1797.78318002681;1797.51024112511;1797.51065778383;1800.09845063314;1797.52802875957;1797.5087507461;1797.50723128397;1800.09384513843,proposed_likelihood,stage2,3,4.654962983410572,1.654962983410572,0.4,0.5000989475683157,0.10009894756831572,NA,1.427332640029999,NA,NA,-1.4925821305300957,NA,NA,-1.480406333443751,NA,NA,-1.480406333443751,5,NA,NA,-0.7,-1.2424204402419408,-0.5424204402419408,0.15,0.09141348581496654,-0.05858651418503345,1,0.5798175746226214,-0.4201824253773786,5,5.027733975054426,0.02773397505442609,1.5,1.6257567329021003,0.12575673290210054,0.8,0.7630055991895717,-0.03699440081042837,53.98530806880353,53.985308068803505,2.842170943040401e-14,NA,NA,NA,NA,NA,NA,NA,NA,NA,NA,NA,NA,NA,NA,NA,NA,NA,NA,NA,NA,NA,NA,NA,NA,NA,NA,NA,NA,NA,NA,NA,NA,NA,NA,NA,NA,NA,NA,NA,NA,NA,NA,NA,NA,NA,NA,NA,NA,NA,NA,NA,NA,NA,NA,NA,NA,NA,NA,NA,NA,NA,NA,NA,NA,NA,NA,NA,NA,NA,NA,NA,NA,NA,NA,NA,NA,NA,NA,NA,NA,NA,NA,NA,NA,NA,NA,NA,NA,NA,NA,NA,NA,NA,NA,NA,NA,NA,NA,NA,NA,NA,NA,true,TRUE,TRUE,3617.0144615854665,3670.99976965427,3617.2816680631995,53.98530806880353,53.98530806880353,11.000000000000005,FALSE,15568.217,TRUE,TRUE,TRUE
symmetric_heavy_tails,symmetric heavy tails,HT,EST,38,1000,431,0.431,NA,TRUE,TRUE,TRUE,0,CONVERGENCE: REL_REDUCTION_OF_F <= FACTR*EPSMCH,-1790.8142432207708,3605.6284864415416,3664.5215497893273,3605.944595864034,12,20892.339999999997,NA,NA,NA,NA,1,stage2,1790.81867573157;1e+12;1e+12;1790.83784333412;1e+12;1e+12;1790.83497935378;1e+12;1e+12;1790.82854722116;1e+12;1e+12;1790.90500172968;1e+12;1e+12;1790.84530395687;1e+12;1e+12;1790.86337810292;1e+12;1e+12;1790.85956512172;1e+12;1e+12;1790.88889718836;1e+12;1e+12;1790.85698350706;1e+12;1e+12;1790.8407198825;1e+12;1e+12;1790.86867530066;1e+12;1e+12;1790.98683023147;1e+12;1e+12;1790.82312103395;1e+12;1e+12,proposed_likelihood,stage2,3,3.7004993753655073,0.7004993753655073,0.4,0.6614150371506137,0.26141503715061365,NA,-0.06516631652703962,NA,NA,-0.7469520693371035,NA,NA,1.4925821305300957,NA,NA,1.4925821305300957,5,4,-1,-0.7,-0.5997199472419434,0.10028005275805651,0.15,0.1199066131218966,-0.03009338687810341,1,0.7608873761720618,-0.2391126238279382,5,4.627367575504865,-0.37263242449513534,1.5,1.6660571443508356,0.16605714435083563,0.8,0.7821431873984261,-0.0178568126015739,58.893063347785755,58.89306334778564,1.1368683772161603e-13,NA,NA,NA,NA,NA,NA,NA,NA,NA,NA,NA,NA,NA,NA,NA,NA,NA,NA,NA,NA,NA,NA,NA,NA,NA,NA,NA,NA,NA,NA,NA,NA,NA,NA,NA,NA,NA,NA,NA,NA,NA,NA,NA,NA,NA,NA,NA,NA,NA,NA,NA,NA,NA,NA,NA,NA,NA,NA,NA,NA,NA,NA,NA,NA,NA,NA,NA,NA,NA,NA,NA,NA,NA,NA,NA,NA,NA,NA,NA,NA,NA,NA,NA,NA,NA,NA,NA,NA,NA,NA,NA,NA,NA,NA,NA,NA,NA,NA,NA,NA,NA,NA,true,TRUE,TRUE,3605.6284864415416,3664.5215497893273,3605.944595864034,58.893063347785755,58.893063347785755,12.000000000000023,FALSE,20892.339999999997,FALSE,FALSE,TRUE
symmetric_heavy_tails,symmetric heavy tails,HT,NH,39,1000,465,0.465,NA,TRUE,TRUE,TRUE,0,NA,-1850.6751995793277,3717.350399158655,3756.612441390512,3717.495706928584,8,63.723000000000006,NA,3703.350399158655,3708.258154437637,1.000000000000017,NA,HeckmanEM,NA,raw_AIC_BIC_implied_logLik,finite_logLik_no_explicit_code,3,3.912782483049016,0.912782483049016,0.4,0.4331794449802104,0.03317944498021036,NA,NA,NA,NA,NA,NA,NA,NA,NA,NA,NA,5,NA,NA,-0.7,-0.6468366844849864,0.05316331551501352,0.15,0.13650520786290268,-0.01349479213709731,1,1.0365635286492514,0.03656352864925139,5,4.714511933391197,-0.2854880666088029,1.5,1.4687411760403966,-0.03125882395960344,0.8,0.8537160736310606,0.05371607363106057,39.26204223185687,39.262042231857095,2.2737367544323206e-13,NA,NA,NA,NA,NA,NA,NA,NA,NA,NA,NA,NA,NA,NA,NA,NA,NA,NA,NA,NA,NA,NA,NA,NA,NA,NA,NA,NA,NA,NA,NA,NA,NA,NA,NA,NA,NA,NA,NA,NA,NA,NA,NA,NA,NA,NA,NA,NA,NA,NA,NA,NA,NA,NA,NA,NA,NA,NA,NA,NA,NA,NA,NA,NA,NA,NA,NA,NA,NA,NA,NA,NA,NA,NA,NA,NA,NA,NA,NA,NA,NA,NA,NA,NA,NA,NA,NA,NA,NA,NA,NA,NA,NA,NA,NA,NA,NA,NA,NA,NA,NA,NA,true,TRUE,TRUE,3717.3503991586554,3756.6124413905127,3717.4957069285847,39.26204223185687,39.26204223185732,7.999999999999954,FALSE,63.723000000000006,NA,NA,NA
symmetric_heavy_tails,symmetric heavy tails,HT,HT,39,1000,465,0.465,NA,TRUE,TRUE,TRUE,0,NA,-1843.9147677231592,3703.8295354463185,3743.091577678176,3703.974843216248,8,99.78300000000002,NA,3689.8295354463185,3694.7372907253007,1.000000000000017,NA,HeckmanEM,NA,raw_AIC_BIC_implied_logLik,finite_logLik_no_explicit_code,3,3.34737487662577,0.34737487662577005,0.4,0.4350815261252829,0.03508152612528281,NA,NA,NA,NA,NA,NA,NA,NA,NA,NA,NA,5,NA,NA,-0.7,-0.6768548695435668,0.02314513045643318,0.15,0.14646828005084095,-0.00353171994915904,1,1.0854035276615916,0.08540352766159165,5,4.7843383402839095,-0.21566165971609053,1.5,1.4768697916766511,-0.02313020832334866,0.8,0.8420186451647992,0.04201864516479914,39.26204223185732,39.262042231857095,2.2737367544323206e-13,NA,NA,NA,NA,NA,NA,NA,NA,NA,NA,NA,NA,NA,NA,NA,NA,NA,NA,NA,NA,NA,NA,NA,NA,NA,NA,NA,NA,NA,NA,NA,NA,NA,NA,NA,NA,NA,NA,NA,NA,NA,NA,NA,NA,NA,NA,NA,NA,NA,NA,NA,NA,NA,NA,NA,NA,NA,NA,NA,NA,NA,NA,NA,NA,NA,NA,NA,NA,NA,NA,NA,NA,NA,NA,NA,NA,NA,NA,NA,NA,NA,NA,NA,NA,NA,NA,NA,NA,NA,NA,NA,NA,NA,NA,NA,NA,NA,NA,NA,NA,NA,NA,true,TRUE,TRUE,3703.8295354463185,3743.091577678176,3703.974843216248,39.26204223185732,39.26204223185732,8.000000000000046,FALSE,99.78300000000002,NA,NA,NA
symmetric_heavy_tails,symmetric heavy tails,HT,CN,39,1000,465,0.465,NA,TRUE,TRUE,TRUE,0,NA,-1843.00815505874,3706.01631011748,3755.093862907301,3706.238757033557,10,514.755,NA,3688.01631011748,3692.924065396462,1.000000000000017,NA,HeckmanEM,NA,raw_AIC_BIC_implied_logLik,finite_logLik_no_explicit_code,3,2.8840295006585825,-0.11597049934141744,0.4,0.4379002219825972,0.03790022198259718,NA,NA,NA,NA,NA,NA,NA,NA,NA,NA,NA,5,NA,NA,-0.7,-0.7745450671046721,-0.07454506710467212,0.15,0.16806799189046276,0.01806799189046276,1,1.242643559499956,0.24264355949995609,5,4.768109349395527,-0.23189065060447336,1.5,1.4818594504536384,-0.01814054954636157,0.8,0.8467539210431516,0.04675392104315157,49.07755278982131,49.07755278982137,-5.684341886080802e-14,NA,NA,NA,NA,NA,NA,NA,NA,NA,NA,NA,NA,NA,NA,NA,NA,NA,NA,NA,NA,NA,NA,NA,NA,NA,NA,NA,NA,NA,NA,NA,NA,NA,NA,NA,NA,NA,NA,NA,NA,NA,NA,NA,NA,NA,NA,NA,NA,NA,NA,NA,NA,NA,NA,NA,NA,NA,NA,NA,NA,NA,NA,NA,NA,NA,NA,NA,NA,NA,NA,NA,NA,NA,NA,NA,NA,NA,NA,NA,NA,NA,NA,NA,NA,NA,NA,NA,NA,NA,NA,NA,NA,NA,NA,NA,NA,NA,NA,NA,NA,NA,NA,true,TRUE,TRUE,3706.01631011748,3755.093862907301,3706.238757033557,49.07755278982131,49.07755278982131,9.999999999999988,FALSE,514.755,NA,NA,NA
symmetric_heavy_tails,symmetric heavy tails,HT,ESN,39,1000,465,0.465,NA,TRUE,TRUE,TRUE,0,CONVERGENCE: REL_REDUCTION_OF_F <= FACTR*EPSMCH,-1849.814687364961,3721.629374729922,3775.6146827987254,3721.896581207655,11,16738.55,NA,NA,NA,NA,4,stage2,1850.55676963929;1850.67438388499;1850.49891178923;1849.81468841467;1850.5488348214;1849.82257314136;1849.87501779714;1850.49732499013;1850.50115342443;1849.81532289135;1850.55197233166;1850.59693224557;1850.53194256956;1850.67519919492,proposed_likelihood,stage2,3,4.023566807782159,1.0235668077821591,0.4,0.4702044791928863,0.0702044791928863,NA,-1.4925821305300957,NA,NA,0.1364314736725005,NA,NA,1.2062089945992909,NA,NA,1.2062089945992909,5,NA,NA,-0.7,-0.2058956813299491,0.4941043186700509,0.15,0.1121921277134101,-0.0378078722865899,1,0.8506890392848496,-0.14931096071515038,5,5.278822788992455,0.2788227889924553,1.5,1.4695417836191669,-0.03045821638083334,0.8,0.8534379285198352,0.0534379285198352,53.98530806880353,53.985308068803505,2.842170943040401e-14,NA,NA,NA,NA,NA,NA,NA,NA,NA,NA,NA,NA,NA,NA,NA,NA,NA,NA,NA,NA,NA,NA,NA,NA,NA,NA,NA,NA,NA,NA,NA,NA,NA,NA,NA,NA,NA,NA,NA,NA,NA,NA,NA,NA,NA,NA,NA,NA,NA,NA,NA,NA,NA,NA,NA,NA,NA,NA,NA,NA,NA,NA,NA,NA,NA,NA,NA,NA,NA,NA,NA,NA,NA,NA,NA,NA,NA,NA,NA,NA,NA,NA,NA,NA,NA,NA,NA,NA,NA,NA,NA,NA,NA,NA,NA,NA,NA,NA,NA,NA,NA,NA,true,TRUE,TRUE,3721.629374729922,3775.6146827987254,3721.896581207655,53.98530806880353,53.98530806880353,11.000000000000005,FALSE,16738.55,TRUE,FALSE,FALSE
symmetric_heavy_tails,symmetric heavy tails,HT,EST,39,1000,465,0.465,NA,TRUE,TRUE,TRUE,0,CONVERGENCE: REL_REDUCTION_OF_F <= FACTR*EPSMCH,-1843.2842499363228,3710.5684998726456,3769.4615632204313,3710.884609295138,12,17073.153000000002,NA,NA,NA,NA,19,stage2,1843.28430908662;1e+12;1e+12;1843.28856023866;1e+12;1e+12;1843.28523495628;1e+12;1e+12;1843.28555970858;1e+12;1e+12;1843.28681471156;1e+12;1e+12;1843.28649682237;1e+12;1e+12;1843.28425146658;1e+12;1e+12;1843.28436952464;1e+12;1e+12;1843.29122878674;1e+12;1e+12;1843.28466218055;1e+12;1e+12;1843.29304520667;1e+12;1e+12;1843.28772613225;1e+12;1e+12;1843.28430558223;1e+12;1e+12;1843.2845016308;1e+12;1e+12,proposed_likelihood,stage2,3,3.626578529816011,0.6265785298160109,0.4,0.5456540746990571,0.1456540746990571,NA,-1.4925821305300957,NA,NA,0.04584088552529267,NA,NA,1.245694407415643,NA,NA,1.245694407415643,5,4,-1,-0.7,-0.2027518734157792,0.4972481265842208,0.15,0.12346531372448886,-0.02653468627551113,1,0.9215085331417168,-0.07849146685828312,5,5.3736547668266,0.3736547668265997,1.5,1.4790569113684011,-0.02094308863159866,0.8,0.8463976802320952,0.04639768023209512,58.893063347785755,58.89306334778564,1.1368683772161603e-13,NA,NA,NA,NA,NA,NA,NA,NA,NA,NA,NA,NA,NA,NA,NA,NA,NA,NA,NA,NA,NA,NA,NA,NA,NA,NA,NA,NA,NA,NA,NA,NA,NA,NA,NA,NA,NA,NA,NA,NA,NA,NA,NA,NA,NA,NA,NA,NA,NA,NA,NA,NA,NA,NA,NA,NA,NA,NA,NA,NA,NA,NA,NA,NA,NA,NA,NA,NA,NA,NA,NA,NA,NA,NA,NA,NA,NA,NA,NA,NA,NA,NA,NA,NA,NA,NA,NA,NA,NA,NA,NA,NA,NA,NA,NA,NA,NA,NA,NA,NA,NA,NA,true,TRUE,TRUE,3710.5684998726456,3769.4615632204313,3710.884609295138,58.893063347785755,58.893063347785755,12.000000000000023,FALSE,17073.153000000002,TRUE,FALSE,FALSE
symmetric_heavy_tails,symmetric heavy tails,HT,NH,40,1000,433,0.433,NA,TRUE,TRUE,TRUE,0,NA,-1787.33556905871,3590.67113811742,3629.933180349277,3590.8164458873493,8,110.027,NA,3576.67113811742,3581.5788933964022,1.000000000000017,NA,HeckmanEM,NA,raw_AIC_BIC_implied_logLik,finite_logLik_no_explicit_code,3,3.8992761884997433,0.8992761884997433,0.4,0.3211201144049981,-0.07887988559500192,NA,NA,NA,NA,NA,NA,NA,NA,NA,NA,NA,5,NA,NA,-0.7,-0.6054320606182971,0.09456793938170284,0.15,0.1375535530202477,-0.0124464469797523,1,0.8415255211480908,-0.15847447885190924,5,4.815541851091466,-0.18445814890853376,1.5,1.6323643420602505,0.13236434206025027,0.8,0.9506658719156306,0.15066587191563052,39.26204223185687,39.262042231857095,-2.2737367544323206e-13,NA,NA,NA,NA,NA,NA,NA,NA,NA,NA,NA,NA,NA,NA,NA,NA,NA,NA,NA,NA,NA,NA,NA,NA,NA,NA,NA,NA,NA,NA,NA,NA,NA,NA,NA,NA,NA,NA,NA,NA,NA,NA,NA,NA,NA,NA,NA,NA,NA,NA,NA,NA,NA,NA,NA,NA,NA,NA,NA,NA,NA,NA,NA,NA,NA,NA,NA,NA,NA,NA,NA,NA,NA,NA,NA,NA,NA,NA,NA,NA,NA,NA,NA,NA,NA,NA,NA,NA,NA,NA,NA,NA,NA,NA,NA,NA,NA,NA,NA,NA,NA,NA,true,TRUE,TRUE,3590.67113811742,3629.933180349277,3590.8164458873493,39.26204223185687,39.26204223185687,7.999999999999954,FALSE,110.027,NA,NA,NA
symmetric_heavy_tails,symmetric heavy tails,HT,HT,40,1000,433,0.433,NA,TRUE,TRUE,TRUE,0,NA,-1772.3695053114252,3560.7390106228504,3600.0010528547073,3560.8843183927797,8,127.867,NA,3546.7390106228504,3551.6467659018326,1.000000000000017,NA,HeckmanEM,NA,raw_AIC_BIC_implied_logLik,finite_logLik_no_explicit_code,3,2.964063696508686,-0.03593630349131382,0.4,0.37067062610153834,-0.02932937389846168,NA,NA,NA,NA,NA,NA,NA,NA,NA,NA,NA,5,NA,NA,-0.7,-0.660962038428806,0.03903796157119399,0.15,0.1485461077913317,-0.00145389220866828,1,0.9233396291967636,-0.07666037080323651,5,4.753317369377412,-0.24668263062258777,1.5,1.623197112898039,0.12319711289803892,0.8,0.9316709030246484,0.13167090302464823,39.26204223185687,39.262042231857095,-2.2737367544323206e-13,NA,NA,NA,NA,NA,NA,NA,NA,NA,NA,NA,NA,NA,NA,NA,NA,NA,NA,NA,NA,NA,NA,NA,NA,NA,NA,NA,NA,NA,NA,NA,NA,NA,NA,NA,NA,NA,NA,NA,NA,NA,NA,NA,NA,NA,NA,NA,NA,NA,NA,NA,NA,NA,NA,NA,NA,NA,NA,NA,NA,NA,NA,NA,NA,NA,NA,NA,NA,NA,NA,NA,NA,NA,NA,NA,NA,NA,NA,NA,NA,NA,NA,NA,NA,NA,NA,NA,NA,NA,NA,NA,NA,NA,NA,NA,NA,NA,NA,NA,NA,NA,NA,true,TRUE,TRUE,3560.7390106228504,3600.0010528547073,3560.8843183927797,39.26204223185687,39.26204223185687,7.999999999999954,FALSE,127.867,NA,NA,NA
symmetric_heavy_tails,symmetric heavy tails,HT,CN,40,1000,433,0.433,NA,TRUE,TRUE,TRUE,0,NA,-1769.2162930674851,3558.4325861349703,3607.510138924792,3558.655033051047,10,474.91,NA,3540.4325861349703,3545.3403414139525,1.000000000000017,NA,HeckmanEM,NA,raw_AIC_BIC_implied_logLik,finite_logLik_no_explicit_code,3,2.3218241990187702,-0.6781758009812298,0.4,0.35546802315849974,-0.04453197684150029,NA,NA,NA,NA,NA,NA,NA,NA,NA,NA,NA,5,NA,NA,-0.7,-0.8139092301222628,-0.11390923012226284,0.15,0.1823128185978094,0.0323128185978094,1,1.1393221057552634,0.13932210575526338,5,4.855829172415048,-0.1441708275849516,1.5,1.6037044215160603,0.1037044215160603,0.8,0.9130917793928656,0.11309177939286565,49.07755278982131,49.07755278982137,-5.684341886080802e-14,NA,NA,NA,NA,NA,NA,NA,NA,NA,NA,NA,NA,NA,NA,NA,NA,NA,NA,NA,NA,NA,NA,NA,NA,NA,NA,NA,NA,NA,NA,NA,NA,NA,NA,NA,NA,NA,NA,NA,NA,NA,NA,NA,NA,NA,NA,NA,NA,NA,NA,NA,NA,NA,NA,NA,NA,NA,NA,NA,NA,NA,NA,NA,NA,NA,NA,NA,NA,NA,NA,NA,NA,NA,NA,NA,NA,NA,NA,NA,NA,NA,NA,NA,NA,NA,NA,NA,NA,NA,NA,NA,NA,NA,NA,NA,NA,NA,NA,NA,NA,NA,NA,true,TRUE,TRUE,3558.4325861349703,3607.5101389247916,3558.655033051047,49.077552789821766,49.07755278982131,10.000000000000082,FALSE,474.91,NA,NA,NA
symmetric_heavy_tails,symmetric heavy tails,HT,ESN,40,1000,433,0.433,NA,TRUE,TRUE,TRUE,0,CONVERGENCE: REL_REDUCTION_OF_F <= FACTR*EPSMCH,-1782.6691746039194,3587.3383492078387,3641.3236572766423,3587.6055556855717,11,16864.233,NA,NA,NA,NA,6,stage2,1787.33576287773;1787.33504705874;1787.20035827384;1782.93641829265;1787.33631784663;1782.81504865703;1782.97161416892;1787.33557164974;1787.33560931415;1782.85509845749;1785.76777419525;1783.49846123022;1787.27067741266;1787.33556830061,proposed_likelihood,stage2,3,5.513133599872536,2.5131335998725364,0.4,0.13529903686722855,-0.26470096313277147,NA,-0.1199748795866596,NA,NA,1.4925821305300957,NA,NA,-1.4799881030944193,NA,NA,-1.4799881030944193,5,NA,NA,-0.7,-0.5158686394482489,0.18413136055175103,0.15,0.1385499949947763,-0.01145000500522369,1,0.8448014890747167,-0.15519851092528325,5,-1.2007970348894088,-6.200797034889408,1.5,1.6500651164676452,0.1500651164676452,0.8,0.9682804034634516,0.16828040346345163,53.98530806880353,53.985308068803505,2.842170943040401e-14,NA,NA,NA,NA,NA,NA,NA,NA,NA,NA,NA,NA,NA,NA,NA,NA,NA,NA,NA,NA,NA,NA,NA,NA,NA,NA,NA,NA,NA,NA,NA,NA,NA,NA,NA,NA,NA,NA,NA,NA,NA,NA,NA,NA,NA,NA,NA,NA,NA,NA,NA,NA,NA,NA,NA,NA,NA,NA,NA,NA,NA,NA,NA,NA,NA,NA,NA,NA,NA,NA,NA,NA,NA,NA,NA,NA,NA,NA,NA,NA,NA,NA,NA,NA,NA,NA,NA,NA,NA,NA,NA,NA,NA,NA,NA,NA,NA,NA,NA,NA,NA,NA,true,TRUE,TRUE,3587.3383492078387,3641.3236572766423,3587.6055556855717,53.98530806880353,53.98530806880353,11.000000000000005,FALSE,16864.233,FALSE,TRUE,TRUE
symmetric_heavy_tails,symmetric heavy tails,HT,EST,40,1000,433,0.433,NA,TRUE,TRUE,TRUE,0,CONVERGENCE: REL_REDUCTION_OF_F <= FACTR*EPSMCH,-1772.1122274262111,3568.2244548524222,3627.117518200208,3568.5405642749147,12,13121.958,NA,NA,NA,NA,28,stage2,1772.1211257762;1e+12;1e+12;1772.11801417745;1e+12;1e+12;1772.12177329676;1e+12;1e+12;1772.11642390031;1e+12;1e+12;1772.12841514228;1e+12;1e+12;1772.115755201;1e+12;1e+12;1772.11941799521;1e+12;1e+12;1772.11905597871;1e+12;1e+12;1772.13011151688;1e+12;1e+12;1772.1122313141;1e+12;1e+12;1772.11584303921;1e+12;1e+12;1772.11588127096;1e+12;1e+12;1772.12557409533;1e+12;1e+12;1772.11615354645;1e+12;1e+12,proposed_likelihood,stage2,3,3.1504905056402395,0.15049050564023947,0.4,0.2927425329893494,-0.10725746701065064,NA,-0.8072024338805365,NA,NA,0.24483540833119852,NA,NA,0.9815542495629872,NA,NA,0.9815542495629872,5,4,-1,-0.7,-0.32209428421387887,0.3779057157861211,0.15,0.13264461036160172,-0.01735538963839827,1,0.8147904617970454,-0.1852095382029546,5,4.8796903517506225,-0.12030964824937752,1.5,1.6196018826752352,0.1196018826752352,0.8,0.9331297605800348,0.1331297605800349,58.893063347785755,58.89306334778564,1.1368683772161603e-13,NA,NA,NA,NA,NA,NA,NA,NA,NA,NA,NA,NA,NA,NA,NA,NA,NA,NA,NA,NA,NA,NA,NA,NA,NA,NA,NA,NA,NA,NA,NA,NA,NA,NA,NA,NA,NA,NA,NA,NA,NA,NA,NA,NA,NA,NA,NA,NA,NA,NA,NA,NA,NA,NA,NA,NA,NA,NA,NA,NA,NA,NA,NA,NA,NA,NA,NA,NA,NA,NA,NA,NA,NA,NA,NA,NA,NA,NA,NA,NA,NA,NA,NA,NA,NA,NA,NA,NA,NA,NA,NA,NA,NA,NA,NA,NA,NA,NA,NA,NA,NA,NA,true,TRUE,TRUE,3568.2244548524222,3627.117518200208,3568.5405642749147,58.893063347785755,58.893063347785755,12.000000000000023,FALSE,13121.958,FALSE,FALSE,FALSE
symmetric_heavy_tails,symmetric heavy tails,HT,NH,41,1000,459,0.459,NA,TRUE,TRUE,TRUE,0,NA,-1858.0021818689863,3732.004363737973,3771.26640596983,3732.1496715079024,8,110.035,NA,3718.004363737973,3722.9121190169553,1.000000000000017,NA,HeckmanEM,NA,raw_AIC_BIC_implied_logLik,finite_logLik_no_explicit_code,3,4.247233643165323,1.2472336431653233,0.4,0.6452677329889636,0.2452677329889635,NA,NA,NA,NA,NA,NA,NA,NA,NA,NA,NA,5,NA,NA,-0.7,-0.5400826983917252,0.15991730160827478,0.15,0.1260404050693407,-0.0239595949306593,1,0.7920105436633184,-0.20798945633668164,5,4.359246804455335,-0.640753195544665,1.5,1.3937747762187782,-0.1062252237812218,0.8,0.7817405194921172,-0.01825948050788284,39.26204223185687,39.262042231857095,2.2737367544323206e-13,NA,NA,NA,NA,NA,NA,NA,NA,NA,NA,NA,NA,NA,NA,NA,NA,NA,NA,NA,NA,NA,NA,NA,NA,NA,NA,NA,NA,NA,NA,NA,NA,NA,NA,NA,NA,NA,NA,NA,NA,NA,NA,NA,NA,NA,NA,NA,NA,NA,NA,NA,NA,NA,NA,NA,NA,NA,NA,NA,NA,NA,NA,NA,NA,NA,NA,NA,NA,NA,NA,NA,NA,NA,NA,NA,NA,NA,NA,NA,NA,NA,NA,NA,NA,NA,NA,NA,NA,NA,NA,NA,NA,NA,NA,NA,NA,NA,NA,NA,NA,NA,NA,true,TRUE,TRUE,3732.0043637379727,3771.26640596983,3732.149671507902,39.26204223185687,39.26204223185732,7.999999999999954,FALSE,110.035,NA,NA,NA
symmetric_heavy_tails,symmetric heavy tails,HT,HT,41,1000,459,0.459,NA,TRUE,TRUE,TRUE,0,NA,-1835.1064354875184,3686.2128709750377,3725.4749132068946,3686.3581787449666,8,110.30100000000002,NA,3672.2128709750377,3677.120626254019,1.000000000000017,NA,HeckmanEM,NA,raw_AIC_BIC_implied_logLik,finite_logLik_no_explicit_code,3,2.9196417320397625,-0.08035826796023748,0.4,0.4575577859183838,0.05755778591838378,NA,NA,NA,NA,NA,NA,NA,NA,NA,NA,NA,5,NA,NA,-0.7,-0.6329624090444752,0.06703759095552475,0.15,0.15122398222766362,0.00122398222766362,1,0.9321076806120908,-0.06789231938790907,5,5.077899890797401,0.07789989079740067,1.5,1.4506318949976924,-0.04936810500230759,0.8,0.8189970975501025,0.01899709755010248,39.26204223185732,39.262042231857095,-2.2737367544323206e-13,NA,NA,NA,NA,NA,NA,NA,NA,NA,NA,NA,NA,NA,NA,NA,NA,NA,NA,NA,NA,NA,NA,NA,NA,NA,NA,NA,NA,NA,NA,NA,NA,NA,NA,NA,NA,NA,NA,NA,NA,NA,NA,NA,NA,NA,NA,NA,NA,NA,NA,NA,NA,NA,NA,NA,NA,NA,NA,NA,NA,NA,NA,NA,NA,NA,NA,NA,NA,NA,NA,NA,NA,NA,NA,NA,NA,NA,NA,NA,NA,NA,NA,NA,NA,NA,NA,NA,NA,NA,NA,NA,NA,NA,NA,NA,NA,NA,NA,NA,NA,NA,NA,true,TRUE,TRUE,3686.212870975037,3725.4749132068937,3686.358178744966,39.26204223185687,39.26204223185687,7.999999999999954,FALSE,110.30100000000002,NA,NA,NA
symmetric_heavy_tails,symmetric heavy tails,HT,CN,41,1000,459,0.459,NA,TRUE,TRUE,TRUE,0,NA,-1835.738472706912,3691.476945413824,3740.5544982036454,3691.699392329901,10,510.215,NA,3673.476945413824,3678.3847006928063,1.000000000000017,NA,HeckmanEM,NA,raw_AIC_BIC_implied_logLik,finite_logLik_no_explicit_code,3,2.3320092543000857,-0.6679907456999143,0.4,0.4668953953612745,0.06689539536127442,NA,NA,NA,NA,NA,NA,NA,NA,NA,NA,NA,5,NA,NA,-0.7,-0.7758884306795564,-0.07588843067955642,0.15,0.1869528207776345,0.03695282077763451,1,1.1464135484180924,0.1464135484180924,5,5.082043123703977,0.08204312370397737,1.5,1.448494063020661,-0.05150593697933892,0.8,0.8154799852694988,0.01547998526949878,49.07755278982131,49.07755278982137,-5.684341886080802e-14,NA,NA,NA,NA,NA,NA,NA,NA,NA,NA,NA,NA,NA,NA,NA,NA,NA,NA,NA,NA,NA,NA,NA,NA,NA,NA,NA,NA,NA,NA,NA,NA,NA,NA,NA,NA,NA,NA,NA,NA,NA,NA,NA,NA,NA,NA,NA,NA,NA,NA,NA,NA,NA,NA,NA,NA,NA,NA,NA,NA,NA,NA,NA,NA,NA,NA,NA,NA,NA,NA,NA,NA,NA,NA,NA,NA,NA,NA,NA,NA,NA,NA,NA,NA,NA,NA,NA,NA,NA,NA,NA,NA,NA,NA,NA,NA,NA,NA,NA,NA,NA,NA,true,TRUE,TRUE,3691.476945413824,3740.5544982036454,3691.699392329901,49.07755278982131,49.07755278982131,9.999999999999988,FALSE,510.215,NA,NA,NA
symmetric_heavy_tails,symmetric heavy tails,HT,ESN,41,1000,459,0.459,NA,TRUE,TRUE,TRUE,0,CONVERGENCE: REL_REDUCTION_OF_F <= FACTR*EPSMCH,-1850.844962211729,3723.689924423458,3777.675232492261,3723.9571309011903,11,18060.99,NA,NA,NA,NA,10,stage2,1856.53931357246;1858.00240608451;1856.52722633925;1858.01056947888;1856.52298781953;1858.00467220745;1858.01650562383;1856.52750246746;1856.51352157687;1853.21836151248;1856.40900588897;1856.5847124633;1856.55709389292;1858.00218144515,proposed_likelihood,stage2,3,5.75071041559321,2.7507104155932103,0.4,0.7460180912310258,0.3460180912310258,NA,1.48901600024067,NA,NA,1.0136717293687012,NA,NA,-1.4925821305300957,NA,NA,-1.4925821305300957,5,NA,NA,-0.7,-1.3633641526562563,-0.6633641526562564,0.15,0.10071864002099472,-0.04928135997900526,1,0.6333494385904599,-0.3666505614095401,5,-1.5382989127057798,-6.53829891270578,1.5,1.4391767612993074,-0.06082323870069262,0.8,0.7779246977201436,-0.02207530227985643,53.98530806880353,53.985308068803505,2.842170943040401e-14,NA,NA,NA,NA,NA,NA,NA,NA,NA,NA,NA,NA,NA,NA,NA,NA,NA,NA,NA,NA,NA,NA,NA,NA,NA,NA,NA,NA,NA,NA,NA,NA,NA,NA,NA,NA,NA,NA,NA,NA,NA,NA,NA,NA,NA,NA,NA,NA,NA,NA,NA,NA,NA,NA,NA,NA,NA,NA,NA,NA,NA,NA,NA,NA,NA,NA,NA,NA,NA,NA,NA,NA,NA,NA,NA,NA,NA,NA,NA,NA,NA,NA,NA,NA,NA,NA,NA,NA,NA,NA,NA,NA,NA,NA,NA,NA,NA,NA,NA,NA,NA,NA,true,TRUE,TRUE,3723.689924423458,3777.6752324922613,3723.957130901191,53.98530806880308,53.98530806880353,10.999999999999913,FALSE,18060.99,TRUE,FALSE,TRUE
symmetric_heavy_tails,symmetric heavy tails,HT,EST,41,1000,459,0.459,NA,TRUE,TRUE,TRUE,0,CONVERGENCE: REL_REDUCTION_OF_F <= FACTR*EPSMCH,-1835.0173472334675,3694.034694466935,3752.9277578147207,3694.3508038894274,12,16023.933999999996,NA,NA,NA,NA,34,stage2,1835.02274975552;1e+12;1e+12;1835.027749162;1e+12;1e+12;1835.02171312275;1e+12;1e+12;1835.02473665548;1e+12;1e+12;1835.02791173574;1e+12;1e+12;1835.04361298457;1e+12;1e+12;1835.02358240426;1e+12;1e+12;1835.0310612315;1e+12;1e+12;1835.01966011139;1e+12;1e+12;1835.0985542891;1e+12;1e+12;1835.03860912031;1e+12;1e+12;1835.02132626519;1e+12;1e+12;1835.02155924241;1e+12;1e+12;1835.02640297356;1e+12;1e+12,proposed_likelihood,stage2,3,2.3967011088817123,-0.6032988911182877,0.4,0.44183277573396673,0.04183277573396671,NA,-0.5452832196353267,NA,NA,0.1206810804684717,NA,NA,-1.3750918946525812,NA,NA,-1.3750918946525812,5,4,-1,-0.7,0.20857569960648645,0.9085756996064864,0.15,0.17406624230296894,0.02406624230296894,1,1.0674741235838712,0.06747412358387117,5,5.664651924695862,0.6646519246958622,1.5,1.44560417176131,-0.05439582823869005,0.8,0.8170973373024862,0.01709733730248619,58.893063347785755,58.89306334778564,1.1368683772161603e-13,NA,NA,NA,NA,NA,NA,NA,NA,NA,NA,NA,NA,NA,NA,NA,NA,NA,NA,NA,NA,NA,NA,NA,NA,NA,NA,NA,NA,NA,NA,NA,NA,NA,NA,NA,NA,NA,NA,NA,NA,NA,NA,NA,NA,NA,NA,NA,NA,NA,NA,NA,NA,NA,NA,NA,NA,NA,NA,NA,NA,NA,NA,NA,NA,NA,NA,NA,NA,NA,NA,NA,NA,NA,NA,NA,NA,NA,NA,NA,NA,NA,NA,NA,NA,NA,NA,NA,NA,NA,NA,NA,NA,NA,NA,NA,NA,NA,NA,NA,NA,NA,NA,true,TRUE,TRUE,3694.034694466935,3752.9277578147207,3694.3508038894274,58.893063347785755,58.893063347785755,12.000000000000023,FALSE,16023.933999999996,FALSE,FALSE,FALSE
symmetric_heavy_tails,symmetric heavy tails,HT,NH,42,1000,444,0.444,NA,TRUE,TRUE,TRUE,0,NA,-1793.9014172319737,3603.802834463947,3643.064876695804,3603.948142233876,8,60.822,NA,3589.802834463947,3594.710589742929,1.000000000000017,NA,HeckmanEM,NA,raw_AIC_BIC_implied_logLik,finite_logLik_no_explicit_code,3,3.842868319487921,0.8428683194879212,0.4,0.3927974013504889,-0.00720259864951111,NA,NA,NA,NA,NA,NA,NA,NA,NA,NA,NA,5,NA,NA,-0.7,-0.6592110293056983,0.04078897069430165,0.15,0.11939958212194414,-0.03060041787805585,1,0.9875324540214806,-0.0124675459785194,5,4.993344473948611,-0.00665552605138941,1.5,1.5968782618854689,0.09687826188546866,0.8,0.8255629996687952,0.02556299966879516,39.26204223185687,39.262042231857095,2.2737367544323206e-13,NA,NA,NA,NA,NA,NA,NA,NA,NA,NA,NA,NA,NA,NA,NA,NA,NA,NA,NA,NA,NA,NA,NA,NA,NA,NA,NA,NA,NA,NA,NA,NA,NA,NA,NA,NA,NA,NA,NA,NA,NA,NA,NA,NA,NA,NA,NA,NA,NA,NA,NA,NA,NA,NA,NA,NA,NA,NA,NA,NA,NA,NA,NA,NA,NA,NA,NA,NA,NA,NA,NA,NA,NA,NA,NA,NA,NA,NA,NA,NA,NA,NA,NA,NA,NA,NA,NA,NA,NA,NA,NA,NA,NA,NA,NA,NA,NA,NA,NA,NA,NA,NA,true,TRUE,TRUE,3603.8028344639474,3643.0648766958047,3603.9481422338768,39.26204223185687,39.26204223185732,7.999999999999954,FALSE,60.822,NA,NA,NA
symmetric_heavy_tails,symmetric heavy tails,HT,HT,42,1000,444,0.444,NA,TRUE,TRUE,TRUE,0,NA,-1781.914476774481,3579.828953548962,3619.090995780819,3579.9742613188914,8,114.94800000000002,NA,3565.828953548962,3570.7367088279443,1.000000000000017,NA,HeckmanEM,NA,raw_AIC_BIC_implied_logLik,finite_logLik_no_explicit_code,3,3.0886608559176896,0.08866085591768957,0.4,0.44589324530237534,0.04589324530237532,NA,NA,NA,NA,NA,NA,NA,NA,NA,NA,NA,5,NA,NA,-0.7,-0.7063470208710559,-0.00634702087105598,0.15,0.1281831395114228,-0.0218168604885772,1,1.0586899232585771,0.05868992325857714,5,4.815208748993953,-0.18479125100604676,1.5,1.50254083725155,0.00254083725154985,0.8,0.8672146370037594,0.0672146370037594,39.26204223185687,39.262042231857095,-2.2737367544323206e-13,NA,NA,NA,NA,NA,NA,NA,NA,NA,NA,NA,NA,NA,NA,NA,NA,NA,NA,NA,NA,NA,NA,NA,NA,NA,NA,NA,NA,NA,NA,NA,NA,NA,NA,NA,NA,NA,NA,NA,NA,NA,NA,NA,NA,NA,NA,NA,NA,NA,NA,NA,NA,NA,NA,NA,NA,NA,NA,NA,NA,NA,NA,NA,NA,NA,NA,NA,NA,NA,NA,NA,NA,NA,NA,NA,NA,NA,NA,NA,NA,NA,NA,NA,NA,NA,NA,NA,NA,NA,NA,NA,NA,NA,NA,NA,NA,NA,NA,NA,NA,NA,NA,true,TRUE,TRUE,3579.828953548962,3619.090995780819,3579.9742613188914,39.26204223185687,39.26204223185687,7.999999999999954,FALSE,114.94800000000002,NA,NA,NA
symmetric_heavy_tails,symmetric heavy tails,HT,CN,42,1000,444,0.444,NA,TRUE,TRUE,TRUE,0,NA,-1781.2694189220415,3582.538837844083,3631.616390633904,3582.76128476016,10,536.072,NA,3564.538837844083,3569.446593123065,1.000000000000017,NA,HeckmanEM,NA,raw_AIC_BIC_implied_logLik,finite_logLik_no_explicit_code,3,2.44125096498386,-0.5587490350161399,0.4,0.4441069958033668,0.04410699580336674,NA,NA,NA,NA,NA,NA,NA,NA,NA,NA,NA,5,NA,NA,-0.7,-0.8720583863607738,-0.17205838636077386,0.15,0.158678437550547,0.008678437550547,1,1.3089888852094769,0.30898888520947687,5,4.7876036898795205,-0.21239631012047955,1.5,1.4740699107774,-0.02593008922259998,0.8,0.8796747985864206,0.07967479858642057,49.07755278982131,49.07755278982137,-5.684341886080802e-14,NA,NA,NA,NA,NA,NA,NA,NA,NA,NA,NA,NA,NA,NA,NA,NA,NA,NA,NA,NA,NA,NA,NA,NA,NA,NA,NA,NA,NA,NA,NA,NA,NA,NA,NA,NA,NA,NA,NA,NA,NA,NA,NA,NA,NA,NA,NA,NA,NA,NA,NA,NA,NA,NA,NA,NA,NA,NA,NA,NA,NA,NA,NA,NA,NA,NA,NA,NA,NA,NA,NA,NA,NA,NA,NA,NA,NA,NA,NA,NA,NA,NA,NA,NA,NA,NA,NA,NA,NA,NA,NA,NA,NA,NA,NA,NA,NA,NA,NA,NA,NA,NA,true,TRUE,TRUE,3582.538837844083,3631.6163906339043,3582.76128476016,49.07755278982086,49.07755278982131,9.999999999999895,FALSE,536.072,NA,NA,NA
symmetric_heavy_tails,symmetric heavy tails,HT,ESN,42,1000,444,0.444,NA,TRUE,TRUE,TRUE,0,CONVERGENCE: REL_REDUCTION_OF_F <= FACTR*EPSMCH,-1793.58868757941,3609.17737515882,3663.1626832276233,3609.444581636553,11,14215.912,NA,NA,NA,NA,9,stage2,1793.88910183322;1793.90115781897;1793.60680025967;1793.89474632036;1793.59636840004;1793.88965033449;1793.89790978166;1793.60827331916;1793.58868830027;1793.84245505369;1793.62259051028;1793.90152318478;1793.62904144613;1793.90141663897,proposed_likelihood,stage2,3,3.955464631922217,0.9554646319222168,0.4,0.25824776586767606,-0.14175223413232396,NA,1.4908627744811225,NA,NA,-0.758514762877302,NA,NA,-1.4641054299224208,NA,NA,-1.4641054299224208,5,NA,NA,-0.7,-1.4898404759719563,-0.7898404759719564,0.15,0.08667583826736164,-0.06332416173263836,1,0.7286834362187499,-0.27131656378125013,5,5.604442281229076,0.6044422812290762,1.5,1.5897881285228124,0.08978812852281237,0.8,0.8245309991289541,0.02453099912895406,53.98530806880353,53.985308068803505,2.842170943040401e-14,NA,NA,NA,NA,NA,NA,NA,NA,NA,NA,NA,NA,NA,NA,NA,NA,NA,NA,NA,NA,NA,NA,NA,NA,NA,NA,NA,NA,NA,NA,NA,NA,NA,NA,NA,NA,NA,NA,NA,NA,NA,NA,NA,NA,NA,NA,NA,NA,NA,NA,NA,NA,NA,NA,NA,NA,NA,NA,NA,NA,NA,NA,NA,NA,NA,NA,NA,NA,NA,NA,NA,NA,NA,NA,NA,NA,NA,NA,NA,NA,NA,NA,NA,NA,NA,NA,NA,NA,NA,NA,NA,NA,NA,NA,NA,NA,NA,NA,NA,NA,NA,NA,true,TRUE,TRUE,3609.17737515882,3663.1626832276233,3609.444581636553,53.98530806880353,53.98530806880353,11.000000000000005,FALSE,14215.912,TRUE,FALSE,TRUE
symmetric_heavy_tails,symmetric heavy tails,HT,EST,42,1000,444,0.444,NA,TRUE,TRUE,TRUE,0,CONVERGENCE: REL_REDUCTION_OF_F <= FACTR*EPSMCH,-1781.9150522926343,3587.830104585269,3646.723167933055,3588.1462140077615,12,20604.125,NA,NA,NA,NA,28,stage2,1781.93753407205;1e+12;1e+12;1781.9447025125;1e+12;1e+12;1781.93654035564;1e+12;1e+12;1781.92232495359;1e+12;1e+12;1782.03182164695;1e+12;1e+12;1781.91934496799;1e+12;1e+12;1781.94905465144;1e+12;1e+12;1781.9313779329;1e+12;1e+12;1782.42392506897;1e+12;1e+12;1781.91505408468;1e+12;1e+12;1781.96960437447;1e+12;1e+12;1781.9272777319;1e+12;1e+12;1781.96066632751;1e+12;1e+12;1781.91995455537;1e+12;1e+12,proposed_likelihood,stage2,3,3.212224888687109,0.2122248886871092,0.4,0.4071896170906248,0.00718961709062482,NA,-1.0756747414836152,NA,NA,0.23851094332743025,NA,NA,1.4925821305300957,NA,NA,1.4925821305300957,5,4,-1,-0.7,-0.390757511995995,0.30924248800400495,0.15,0.11492602126855309,-0.03507397873144691,1,0.938126946201272,-0.06187305379872809,5,5.059609692146088,0.05960969214608802,1.5,1.49717702035308,-0.00282297964692013,0.8,0.8699583937188662,0.06995839371886614,58.893063347785755,58.89306334778564,1.1368683772161603e-13,NA,NA,NA,NA,NA,NA,NA,NA,NA,NA,NA,NA,NA,NA,NA,NA,NA,NA,NA,NA,NA,NA,NA,NA,NA,NA,NA,NA,NA,NA,NA,NA,NA,NA,NA,NA,NA,NA,NA,NA,NA,NA,NA,NA,NA,NA,NA,NA,NA,NA,NA,NA,NA,NA,NA,NA,NA,NA,NA,NA,NA,NA,NA,NA,NA,NA,NA,NA,NA,NA,NA,NA,NA,NA,NA,NA,NA,NA,NA,NA,NA,NA,NA,NA,NA,NA,NA,NA,NA,NA,NA,NA,NA,NA,NA,NA,NA,NA,NA,NA,NA,NA,true,TRUE,TRUE,3587.8301045852686,3646.7231679330544,3588.146214007761,58.893063347785755,58.893063347785755,12.000000000000023,FALSE,20604.125,FALSE,FALSE,TRUE
symmetric_heavy_tails,symmetric heavy tails,HT,NH,43,1000,445,0.445,NA,TRUE,TRUE,TRUE,0,NA,-1774.7368417687503,3565.473683537501,3604.7357257693584,3565.6189913074304,8,77.10400000000001,NA,3551.473683537501,3556.3814388164833,1.000000000000017,NA,HeckmanEM,NA,raw_AIC_BIC_implied_logLik,finite_logLik_no_explicit_code,3,3.9799214587168064,0.9799214587168064,0.4,0.45084205506312375,0.05084205506312372,NA,NA,NA,NA,NA,NA,NA,NA,NA,NA,NA,5,NA,NA,-0.7,-0.6685176240776913,0.03148237592230862,0.15,0.15830497890556494,0.00830497890556494,1,1.0199403750124427,0.01994037501244272,5,5.049888920790271,0.04988892079027085,1.5,1.5966423354368282,0.0966423354368282,0.8,0.8218727801085397,0.02187278010853965,39.26204223185732,39.262042231857095,-2.2737367544323206e-13,NA,NA,NA,NA,NA,NA,NA,NA,NA,NA,NA,NA,NA,NA,NA,NA,NA,NA,NA,NA,NA,NA,NA,NA,NA,NA,NA,NA,NA,NA,NA,NA,NA,NA,NA,NA,NA,NA,NA,NA,NA,NA,NA,NA,NA,NA,NA,NA,NA,NA,NA,NA,NA,NA,NA,NA,NA,NA,NA,NA,NA,NA,NA,NA,NA,NA,NA,NA,NA,NA,NA,NA,NA,NA,NA,NA,NA,NA,NA,NA,NA,NA,NA,NA,NA,NA,NA,NA,NA,NA,NA,NA,NA,NA,NA,NA,NA,NA,NA,NA,NA,NA,true,TRUE,TRUE,3565.4736835375006,3604.7357257693575,3565.61899130743,39.26204223185732,39.26204223185687,8.000000000000046,FALSE,77.10400000000001,NA,NA,NA
symmetric_heavy_tails,symmetric heavy tails,HT,HT,43,1000,445,0.445,NA,TRUE,TRUE,TRUE,0,NA,-1752.736302869766,3521.472605739532,3560.7346479713888,3521.6179135094612,8,81.89399999999999,NA,3507.472605739532,3512.380361018514,1.000000000000017,NA,HeckmanEM,NA,raw_AIC_BIC_implied_logLik,finite_logLik_no_explicit_code,3,3.068219883968833,0.06821988396883283,0.4,0.4498871099546933,0.04988710995469325,NA,NA,NA,NA,NA,NA,NA,NA,NA,NA,NA,5,NA,NA,-0.7,-0.7452873473501082,-0.0452873473501082,0.15,0.18155840870531975,0.03155840870531976,1,1.1360733522411486,0.13607335224114858,5,5.187215568732124,0.18721556873212375,1.5,1.619787938426844,0.1197879384268441,0.8,0.7876759117390083,-0.01232408826099173,39.26204223185687,39.262042231857095,-2.2737367544323206e-13,NA,NA,NA,NA,NA,NA,NA,NA,NA,NA,NA,NA,NA,NA,NA,NA,NA,NA,NA,NA,NA,NA,NA,NA,NA,NA,NA,NA,NA,NA,NA,NA,NA,NA,NA,NA,NA,NA,NA,NA,NA,NA,NA,NA,NA,NA,NA,NA,NA,NA,NA,NA,NA,NA,NA,NA,NA,NA,NA,NA,NA,NA,NA,NA,NA,NA,NA,NA,NA,NA,NA,NA,NA,NA,NA,NA,NA,NA,NA,NA,NA,NA,NA,NA,NA,NA,NA,NA,NA,NA,NA,NA,NA,NA,NA,NA,NA,NA,NA,NA,NA,NA,true,TRUE,TRUE,3521.472605739532,3560.7346479713888,3521.6179135094612,39.26204223185687,39.26204223185687,7.999999999999954,FALSE,81.89399999999999,NA,NA,NA
symmetric_heavy_tails,symmetric heavy tails,HT,CN,43,1000,445,0.445,NA,TRUE,TRUE,TRUE,0,NA,-1753.396497129083,3526.792994258166,3575.870547047987,3527.015441174243,10,430.296,NA,3508.792994258166,3513.700749537148,1.000000000000017,NA,HeckmanEM,NA,raw_AIC_BIC_implied_logLik,finite_logLik_no_explicit_code,3,3.0429366959091193,0.0429366959091193,0.4,0.4489730954056095,0.04897309540560946,NA,NA,NA,NA,NA,NA,NA,NA,NA,NA,NA,5,NA,NA,-0.7,-0.7600005079799323,-0.06000050797993239,0.15,0.18363388019031893,0.03363388019031893,1,1.1575268327800765,0.1575268327800765,5,5.110428695344839,0.11042869534483923,1.5,1.6459450754990113,0.14594507549901126,0.8,0.8241570479335731,0.02415704793357309,49.07755278982131,49.07755278982137,-5.684341886080802e-14,NA,NA,NA,NA,NA,NA,NA,NA,NA,NA,NA,NA,NA,NA,NA,NA,NA,NA,NA,NA,NA,NA,NA,NA,NA,NA,NA,NA,NA,NA,NA,NA,NA,NA,NA,NA,NA,NA,NA,NA,NA,NA,NA,NA,NA,NA,NA,NA,NA,NA,NA,NA,NA,NA,NA,NA,NA,NA,NA,NA,NA,NA,NA,NA,NA,NA,NA,NA,NA,NA,NA,NA,NA,NA,NA,NA,NA,NA,NA,NA,NA,NA,NA,NA,NA,NA,NA,NA,NA,NA,NA,NA,NA,NA,NA,NA,NA,NA,NA,NA,NA,NA,true,TRUE,TRUE,3526.792994258166,3575.870547047987,3527.015441174243,49.07755278982131,49.07755278982131,9.999999999999988,FALSE,430.296,NA,NA,NA
symmetric_heavy_tails,symmetric heavy tails,HT,ESN,43,1000,445,0.445,NA,TRUE,TRUE,TRUE,0,CONVERGENCE: REL_REDUCTION_OF_F <= FACTR*EPSMCH,-1773.7282076136507,3569.4564152273015,3623.441723296105,3569.7236217050345,11,15229.872,NA,NA,NA,NA,8,stage2,1774.73681759116;1774.73398899554;1774.31390609201;1774.52477281765;1773.76387665957;1774.51460458651;1774.50154396009;1773.72822370691;1773.73012653245;1774.59904191252;1773.73124430221;1774.73668569918;1774.7367584612;1774.73684128321,proposed_likelihood,stage2,3,4.20342217950972,1.2034221795097195,0.4,0.3506522959736865,-0.0493477040263135,NA,1.4925821305300957,NA,NA,-1.10378828348893,NA,NA,-1.0543110178861983,NA,NA,-1.0543110178861983,5,NA,NA,-0.7,-1.3192355616011466,-0.6192355616011467,0.15,0.12384971811758752,-0.02615028188241246,1,0.7950793833409201,-0.2049206166590799,5,5.6882265593020565,0.6882265593020565,1.5,1.5964771085541627,0.0964771085541627,0.8,0.8231902280748364,0.02319022807483639,53.98530806880353,53.985308068803505,2.842170943040401e-14,NA,NA,NA,NA,NA,NA,NA,NA,NA,NA,NA,NA,NA,NA,NA,NA,NA,NA,NA,NA,NA,NA,NA,NA,NA,NA,NA,NA,NA,NA,NA,NA,NA,NA,NA,NA,NA,NA,NA,NA,NA,NA,NA,NA,NA,NA,NA,NA,NA,NA,NA,NA,NA,NA,NA,NA,NA,NA,NA,NA,NA,NA,NA,NA,NA,NA,NA,NA,NA,NA,NA,NA,NA,NA,NA,NA,NA,NA,NA,NA,NA,NA,NA,NA,NA,NA,NA,NA,NA,NA,NA,NA,NA,NA,NA,NA,NA,NA,NA,NA,NA,NA,true,TRUE,TRUE,3569.4564152273015,3623.441723296105,3569.7236217050345,53.98530806880353,53.98530806880353,11.000000000000005,FALSE,15229.872,TRUE,FALSE,FALSE
symmetric_heavy_tails,symmetric heavy tails,HT,EST,43,1000,445,0.445,NA,TRUE,TRUE,TRUE,0,CONVERGENCE: REL_REDUCTION_OF_F <= FACTR*EPSMCH,-1752.7569030387924,3529.513806077585,3588.4068694253706,3529.8299155000773,12,20172.768,NA,NA,NA,NA,40,stage2,1752.76560926153;1e+12;1e+12;1752.75760321362;1e+12;1e+12;1752.76625353442;1e+12;1e+12;1752.75876189865;1e+12;1e+12;1752.77303645966;1e+12;1e+12;1752.75845978306;1e+12;1e+12;1752.77333615879;1e+12;1e+12;1752.76857051326;1e+12;1e+12;1752.9238186619;1e+12;1e+12;1752.76433355641;1e+12;1e+12;1752.76557253707;1e+12;1e+12;1752.76018977329;1e+12;1e+12;1752.76194364144;1e+12;1e+12;1752.75740061744;1e+12;1e+12,proposed_likelihood,stage2,3,3.177903891858316,0.1779038918583158,0.4,0.4518791556369652,0.05187915563696516,NA,-0.5775593688092199,NA,NA,0.09035535466317934,NA,NA,1.4271911073467574,NA,NA,1.4271911073467574,5,4,-1,-0.7,-0.5695154033914703,0.13048459660852962,0.15,0.17219150890046997,0.02219150890046997,1,1.075641485778037,0.07564148577803698,5,5.340425279471395,0.3404252794713951,1.5,1.6224778676785787,0.12247786767857873,0.8,0.783248220465156,-0.01675177953484408,58.893063347785755,58.89306334778564,1.1368683772161603e-13,NA,NA,NA,NA,NA,NA,NA,NA,NA,NA,NA,NA,NA,NA,NA,NA,NA,NA,NA,NA,NA,NA,NA,NA,NA,NA,NA,NA,NA,NA,NA,NA,NA,NA,NA,NA,NA,NA,NA,NA,NA,NA,NA,NA,NA,NA,NA,NA,NA,NA,NA,NA,NA,NA,NA,NA,NA,NA,NA,NA,NA,NA,NA,NA,NA,NA,NA,NA,NA,NA,NA,NA,NA,NA,NA,NA,NA,NA,NA,NA,NA,NA,NA,NA,NA,NA,NA,NA,NA,NA,NA,NA,NA,NA,NA,NA,NA,NA,NA,NA,NA,NA,true,TRUE,TRUE,3529.513806077585,3588.4068694253706,3529.8299155000773,58.893063347785755,58.893063347785755,12.000000000000023,FALSE,20172.768,FALSE,FALSE,TRUE
symmetric_heavy_tails,symmetric heavy tails,HT,NH,44,1000,445,0.445,NA,TRUE,TRUE,TRUE,0,NA,-1769.6386560058163,3555.2773120116326,3594.5393542434895,3555.422619781562,8,72.52,NA,3541.2773120116326,3546.185067290615,1.000000000000017,NA,HeckmanEM,NA,raw_AIC_BIC_implied_logLik,finite_logLik_no_explicit_code,3,3.7608566699875015,0.7608566699875015,0.4,0.5390880181149649,0.13908801811496485,NA,NA,NA,NA,NA,NA,NA,NA,NA,NA,NA,5,NA,NA,-0.7,-0.6404552508389488,0.05954474916105112,0.15,0.11203655321454188,-0.03796344678545811,1,0.959093053715852,-0.04090694628414815,5,4.177285573698338,-0.8227144263016619,1.5,1.3081003228575627,-0.19189967714243727,0.8,0.9211005558871967,0.1211005558871967,39.26204223185687,39.262042231857095,-2.2737367544323206e-13,NA,NA,NA,NA,NA,NA,NA,NA,NA,NA,NA,NA,NA,NA,NA,NA,NA,NA,NA,NA,NA,NA,NA,NA,NA,NA,NA,NA,NA,NA,NA,NA,NA,NA,NA,NA,NA,NA,NA,NA,NA,NA,NA,NA,NA,NA,NA,NA,NA,NA,NA,NA,NA,NA,NA,NA,NA,NA,NA,NA,NA,NA,NA,NA,NA,NA,NA,NA,NA,NA,NA,NA,NA,NA,NA,NA,NA,NA,NA,NA,NA,NA,NA,NA,NA,NA,NA,NA,NA,NA,NA,NA,NA,NA,NA,NA,NA,NA,NA,NA,NA,NA,true,TRUE,TRUE,3555.2773120116326,3594.5393542434895,3555.422619781562,39.26204223185687,39.26204223185687,7.999999999999954,FALSE,72.52,NA,NA,NA
symmetric_heavy_tails,symmetric heavy tails,HT,HT,44,1000,445,0.445,NA,TRUE,TRUE,TRUE,0,NA,-1754.2893280291908,3524.5786560583815,3563.840698290239,3524.723963828311,8,121.943,NA,3510.5786560583815,3515.4864113373637,1.000000000000017,NA,HeckmanEM,NA,raw_AIC_BIC_implied_logLik,finite_logLik_no_explicit_code,3,2.9498473042226885,-0.05015269577731152,0.4,0.5495355736737227,0.14953557367372272,NA,NA,NA,NA,NA,NA,NA,NA,NA,NA,NA,5,NA,NA,-0.7,-0.6869815860451801,0.01301841395481984,0.15,0.12413811463544867,-0.0258618853645513,1,1.0286514544540333,0.02865145445403327,5,4.209158082216292,-0.790841917783708,1.5,1.3058903398455413,-0.1941096601544587,0.8,0.9485385598364576,0.1485385598364577,39.26204223185732,39.262042231857095,2.2737367544323206e-13,NA,NA,NA,NA,NA,NA,NA,NA,NA,NA,NA,NA,NA,NA,NA,NA,NA,NA,NA,NA,NA,NA,NA,NA,NA,NA,NA,NA,NA,NA,NA,NA,NA,NA,NA,NA,NA,NA,NA,NA,NA,NA,NA,NA,NA,NA,NA,NA,NA,NA,NA,NA,NA,NA,NA,NA,NA,NA,NA,NA,NA,NA,NA,NA,NA,NA,NA,NA,NA,NA,NA,NA,NA,NA,NA,NA,NA,NA,NA,NA,NA,NA,NA,NA,NA,NA,NA,NA,NA,NA,NA,NA,NA,NA,NA,NA,NA,NA,NA,NA,NA,NA,true,TRUE,TRUE,3524.5786560583815,3563.840698290239,3524.723963828311,39.26204223185732,39.26204223185732,8.000000000000046,FALSE,121.943,NA,NA,NA
symmetric_heavy_tails,symmetric heavy tails,HT,CN,44,1000,445,0.445,NA,TRUE,TRUE,TRUE,0,NA,-1755.0487956493398,3530.0975912986796,3579.175144088501,3530.320038214757,10,526.349,NA,3512.0975912986796,3517.005346577662,1.000000000000017,NA,HeckmanEM,NA,raw_AIC_BIC_implied_logLik,finite_logLik_no_explicit_code,3,2.6432439914353205,-0.3567560085646795,0.4,0.5231097187841468,0.12310971878414678,NA,NA,NA,NA,NA,NA,NA,NA,NA,NA,NA,5,NA,NA,-0.7,-0.7675477522830729,-0.06754775228307297,0.15,0.13812171203685716,-0.01187828796314283,1,1.150603736041724,0.15060373604172406,5,4.226353572120821,-0.7736464278791786,1.5,1.2854625368515704,-0.2145374631484296,0.8,0.967762499772456,0.16776249977245594,49.07755278982131,49.07755278982137,-5.684341886080802e-14,NA,NA,NA,NA,NA,NA,NA,NA,NA,NA,NA,NA,NA,NA,NA,NA,NA,NA,NA,NA,NA,NA,NA,NA,NA,NA,NA,NA,NA,NA,NA,NA,NA,NA,NA,NA,NA,NA,NA,NA,NA,NA,NA,NA,NA,NA,NA,NA,NA,NA,NA,NA,NA,NA,NA,NA,NA,NA,NA,NA,NA,NA,NA,NA,NA,NA,NA,NA,NA,NA,NA,NA,NA,NA,NA,NA,NA,NA,NA,NA,NA,NA,NA,NA,NA,NA,NA,NA,NA,NA,NA,NA,NA,NA,NA,NA,NA,NA,NA,NA,NA,NA,true,TRUE,TRUE,3530.0975912986796,3579.175144088501,3530.3200382147566,49.07755278982131,49.07755278982131,9.999999999999988,FALSE,526.349,NA,NA,NA
symmetric_heavy_tails,symmetric heavy tails,HT,ESN,44,1000,445,0.445,NA,TRUE,TRUE,TRUE,0,CONVERGENCE: REL_REDUCTION_OF_F <= FACTR*EPSMCH,-1768.033990432361,3558.067980864722,3612.0532889335254,3558.335187342455,11,18538.107000000004,NA,NA,NA,NA,13,stage2,1768.12458918603;1768.13169584706;1768.12842417917;1768.15472118835;1768.12200384257;1768.20042944814;1768.14957364383;1768.14002858961;1768.13916254443;1769.63874637241;1768.1417104847;1768.14469089438;1768.11136351174;1769.63865575938,proposed_likelihood,stage2,3,4.5170135510699625,1.5170135510699625,0.4,0.40070661477280795,7.066147728079231e-4,NA,0.45686740014701466,NA,NA,-1.2938988549292785,NA,NA,-1.4925821305300957,NA,NA,-1.4925821305300957,5,NA,NA,-0.7,-0.9910009726707364,-0.29100097267073644,0.15,0.10648333174124236,-0.04351666825875765,1,0.9089223073808652,-0.09107769261913468,5,7.669717169984314,2.669717169984314,1.5,1.3020736722099446,-0.19792632779005537,0.8,0.9160335996004956,0.11603359960049564,53.98530806880353,53.985308068803505,2.842170943040401e-14,NA,NA,NA,NA,NA,NA,NA,NA,NA,NA,NA,NA,NA,NA,NA,NA,NA,NA,NA,NA,NA,NA,NA,NA,NA,NA,NA,NA,NA,NA,NA,NA,NA,NA,NA,NA,NA,NA,NA,NA,NA,NA,NA,NA,NA,NA,NA,NA,NA,NA,NA,NA,NA,NA,NA,NA,NA,NA,NA,NA,NA,NA,NA,NA,NA,NA,NA,NA,NA,NA,NA,NA,NA,NA,NA,NA,NA,NA,NA,NA,NA,NA,NA,NA,NA,NA,NA,NA,NA,NA,NA,NA,NA,NA,NA,NA,NA,NA,NA,NA,NA,NA,true,TRUE,TRUE,3558.067980864722,3612.0532889335254,3558.335187342455,53.98530806880353,53.98530806880353,11.000000000000005,FALSE,18538.107000000004,FALSE,FALSE,TRUE
symmetric_heavy_tails,symmetric heavy tails,HT,EST,44,1000,445,0.445,NA,TRUE,TRUE,TRUE,0,CONVERGENCE: REL_REDUCTION_OF_F <= FACTR*EPSMCH,-1754.446345074942,3532.892690149884,3591.7857534976697,3533.2087995723764,12,20095.076000000005,NA,NA,NA,NA,28,stage2,1754.47482691926;1e+12;1e+12;1754.47911864974;1e+12;1e+12;1754.55544960296;1e+12;1e+12;1754.44895635569;1e+12;1e+12;1754.52309940806;1e+12;1e+12;1754.4476081531;1e+12;1e+12;1754.50895714394;1e+12;1e+12;1754.50591388256;1e+12;1e+12;1754.74632811365;1e+12;1e+12;1754.44855792757;1e+12;1e+12;1754.45195580462;1e+12;1e+12;1754.45445189933;1e+12;1e+12;1754.48988989782;1e+12;1e+12;1754.47387940455;1e+12;1e+12,proposed_likelihood,stage2,3,3.0613132671788827,0.06131326717888275,0.4,0.5656146582750062,0.1656146582750062,NA,-0.6002773420328829,NA,NA,0.09478625306671914,NA,NA,1.488225199023782,NA,NA,1.488225199023782,5,4,-1,-0.7,-0.518415299133592,0.181584700866408,0.15,0.11699341857488478,-0.03300658142511521,1,0.9707076097966292,-0.02929239020337093,5,4.355923770081263,-0.6440762299187366,1.5,1.2967095587313129,-0.20329044126868712,0.8,0.9516073747493192,0.15160737474931918,58.893063347785755,58.89306334778564,1.1368683772161603e-13,NA,NA,NA,NA,NA,NA,NA,NA,NA,NA,NA,NA,NA,NA,NA,NA,NA,NA,NA,NA,NA,NA,NA,NA,NA,NA,NA,NA,NA,NA,NA,NA,NA,NA,NA,NA,NA,NA,NA,NA,NA,NA,NA,NA,NA,NA,NA,NA,NA,NA,NA,NA,NA,NA,NA,NA,NA,NA,NA,NA,NA,NA,NA,NA,NA,NA,NA,NA,NA,NA,NA,NA,NA,NA,NA,NA,NA,NA,NA,NA,NA,NA,NA,NA,NA,NA,NA,NA,NA,NA,NA,NA,NA,NA,NA,NA,NA,NA,NA,NA,NA,NA,true,TRUE,TRUE,3532.892690149884,3591.7857534976697,3533.2087995723764,58.893063347785755,58.893063347785755,12.000000000000023,FALSE,20095.076000000005,FALSE,FALSE,TRUE
symmetric_heavy_tails,symmetric heavy tails,HT,NH,45,1000,429,0.429,NA,TRUE,TRUE,TRUE,0,NA,-1763.1183960318638,3542.2367920637275,3581.498834295585,3542.382099833657,8,137.88000000000002,NA,3528.2367920637275,3533.1445473427098,1.000000000000017,NA,HeckmanEM,NA,raw_AIC_BIC_implied_logLik,finite_logLik_no_explicit_code,3,4.123652368945294,1.1236523689452935,0.4,0.4736314987149263,0.0736314987149263,NA,NA,NA,NA,NA,NA,NA,NA,NA,NA,NA,5,NA,NA,-0.7,-0.7184287289304814,-0.01842872893048142,0.15,0.12024007155399472,-0.02975992844600526,1,0.9860143478064148,-0.01398565219358516,5,4.912828278839366,-0.08717172116063399,1.5,1.0416977728980914,-0.4583022271019086,0.8,0.737122251412834,-0.062877748587166,39.26204223185732,39.262042231857095,2.2737367544323206e-13,NA,NA,NA,NA,NA,NA,NA,NA,NA,NA,NA,NA,NA,NA,NA,NA,NA,NA,NA,NA,NA,NA,NA,NA,NA,NA,NA,NA,NA,NA,NA,NA,NA,NA,NA,NA,NA,NA,NA,NA,NA,NA,NA,NA,NA,NA,NA,NA,NA,NA,NA,NA,NA,NA,NA,NA,NA,NA,NA,NA,NA,NA,NA,NA,NA,NA,NA,NA,NA,NA,NA,NA,NA,NA,NA,NA,NA,NA,NA,NA,NA,NA,NA,NA,NA,NA,NA,NA,NA,NA,NA,NA,NA,NA,NA,NA,NA,NA,NA,NA,NA,NA,true,TRUE,TRUE,3542.2367920637275,3581.498834295585,3542.382099833657,39.26204223185732,39.26204223185732,8.000000000000046,FALSE,137.88000000000002,NA,NA,NA
symmetric_heavy_tails,symmetric heavy tails,HT,HT,45,1000,429,0.429,NA,TRUE,TRUE,TRUE,0,NA,-1746.904303005596,3509.808606011192,3549.0706482430487,3509.953913781121,8,140.973,NA,3495.808606011192,3500.716361290174,1.000000000000017,NA,HeckmanEM,NA,raw_AIC_BIC_implied_logLik,finite_logLik_no_explicit_code,3,3.2548782601508695,0.25487826015086945,0.4,0.48467283754493234,0.08467283754493232,NA,NA,NA,NA,NA,NA,NA,NA,NA,NA,NA,5,NA,NA,-0.7,-0.7759303809169444,-0.07593038091694448,0.15,0.1333190538493995,-0.0166809461506005,1,1.0642357526726691,0.06423575267266934,5,4.877394473393468,-0.1226055266065318,1.5,1.1189970403801133,-0.3810029596198867,0.8,0.7704244473654965,-0.02957555263450351,39.26204223185687,39.262042231857095,-2.2737367544323206e-13,NA,NA,NA,NA,NA,NA,NA,NA,NA,NA,NA,NA,NA,NA,NA,NA,NA,NA,NA,NA,NA,NA,NA,NA,NA,NA,NA,NA,NA,NA,NA,NA,NA,NA,NA,NA,NA,NA,NA,NA,NA,NA,NA,NA,NA,NA,NA,NA,NA,NA,NA,NA,NA,NA,NA,NA,NA,NA,NA,NA,NA,NA,NA,NA,NA,NA,NA,NA,NA,NA,NA,NA,NA,NA,NA,NA,NA,NA,NA,NA,NA,NA,NA,NA,NA,NA,NA,NA,NA,NA,NA,NA,NA,NA,NA,NA,NA,NA,NA,NA,NA,NA,true,TRUE,TRUE,3509.808606011192,3549.0706482430487,3509.953913781121,39.26204223185687,39.26204223185687,7.999999999999954,FALSE,140.973,NA,NA,NA
symmetric_heavy_tails,symmetric heavy tails,HT,CN,45,1000,429,0.429,NA,TRUE,TRUE,TRUE,0,NA,-1747.186454533095,3514.37290906619,3563.4504618560113,3514.595355982267,10,547.54,NA,3496.37290906619,3501.2806643451722,1.000000000000017,NA,HeckmanEM,NA,raw_AIC_BIC_implied_logLik,finite_logLik_no_explicit_code,3,3.1650993061220483,0.16509930612204826,0.4,0.4690811634473436,0.06908116344734361,NA,NA,NA,NA,NA,NA,NA,NA,NA,NA,NA,5,NA,NA,-0.7,-0.8104902235786844,-0.11049022357868445,0.15,0.1384515979561112,-0.01154840204388879,1,1.1112372475071195,0.11123724750711972,5,4.952850638521692,-0.04714936147830784,1.5,1.1244211525156844,-0.3755788474843156,0.8,0.7526149240359324,-0.0473850759640676,49.07755278982131,49.07755278982137,-5.684341886080802e-14,NA,NA,NA,NA,NA,NA,NA,NA,NA,NA,NA,NA,NA,NA,NA,NA,NA,NA,NA,NA,NA,NA,NA,NA,NA,NA,NA,NA,NA,NA,NA,NA,NA,NA,NA,NA,NA,NA,NA,NA,NA,NA,NA,NA,NA,NA,NA,NA,NA,NA,NA,NA,NA,NA,NA,NA,NA,NA,NA,NA,NA,NA,NA,NA,NA,NA,NA,NA,NA,NA,NA,NA,NA,NA,NA,NA,NA,NA,NA,NA,NA,NA,NA,NA,NA,NA,NA,NA,NA,NA,NA,NA,NA,NA,NA,NA,NA,NA,NA,NA,NA,NA,true,TRUE,TRUE,3514.37290906619,3563.4504618560113,3514.595355982267,49.07755278982131,49.07755278982131,9.999999999999988,FALSE,547.54,NA,NA,NA
symmetric_heavy_tails,symmetric heavy tails,HT,ESN,45,1000,429,0.429,NA,TRUE,TRUE,TRUE,0,CONVERGENCE: REL_REDUCTION_OF_F <= FACTR*EPSMCH,-1762.9101576982944,3547.8203153965887,3601.8056234653923,3548.0875218743217,11,15623.892,NA,NA,NA,NA,11,stage2,1763.11709466551;1763.10450769587;1763.11865423848;1762.96286571677;1763.11847699951;1762.9659815729;1763.02910809748;1763.11852905586;1763.1185823722;1762.96557383388;1762.9642390107;1763.11703524827;1763.12143311044;1763.11839548643,proposed_likelihood,stage2,3,4.334380067029507,1.3343800670295067,0.4,0.4106490934452107,0.0106490934452107,NA,1.4583168634048729,NA,NA,-0.9700526128362554,NA,NA,-1.3236577990154372,NA,NA,-1.3236577990154372,5,NA,NA,-0.7,-1.443305609487145,-0.7433056094871451,0.15,0.09070946746378548,-0.05929053253621451,1,0.7478154935037661,-0.2521845064962339,5,5.06690223507653,0.06690223507652959,1.5,1.059857761875136,-0.44014223812486386,0.8,0.7462799769088695,-0.05372002309113055,53.98530806880353,53.985308068803505,2.842170943040401e-14,NA,NA,NA,NA,NA,NA,NA,NA,NA,NA,NA,NA,NA,NA,NA,NA,NA,NA,NA,NA,NA,NA,NA,NA,NA,NA,NA,NA,NA,NA,NA,NA,NA,NA,NA,NA,NA,NA,NA,NA,NA,NA,NA,NA,NA,NA,NA,NA,NA,NA,NA,NA,NA,NA,NA,NA,NA,NA,NA,NA,NA,NA,NA,NA,NA,NA,NA,NA,NA,NA,NA,NA,NA,NA,NA,NA,NA,NA,NA,NA,NA,NA,NA,NA,NA,NA,NA,NA,NA,NA,NA,NA,NA,NA,NA,NA,NA,NA,NA,NA,NA,NA,true,TRUE,TRUE,3547.8203153965887,3601.8056234653923,3548.0875218743217,53.98530806880353,53.98530806880353,11.000000000000005,FALSE,15623.892,TRUE,FALSE,FALSE
symmetric_heavy_tails,symmetric heavy tails,HT,EST,45,1000,429,0.429,NA,TRUE,TRUE,TRUE,0,CONVERGENCE: REL_REDUCTION_OF_F <= FACTR*EPSMCH,-1746.2629160034296,3516.525832006859,3575.418895354645,3516.8419414293517,12,20509.869,NA,NA,NA,NA,10,stage2,1746.30219563113;1e+12;1e+12;1746.2816085217;1e+12;1e+12;1746.35174304425;1e+12;1e+12;1746.26435573583;1e+12;1e+12;1746.34161207699;1e+12;1e+12;1746.26516934184;1e+12;1e+12;1746.27362919103;1e+12;1e+12;1746.28904767593;1e+12;1e+12;1746.47592878462;1e+12;1e+12;1746.26645166285;1e+12;1e+12;1746.28216852276;1e+12;1e+12;1746.26973197972;1e+12;1e+12;1746.37441353235;1e+12;1e+12;1746.26777723736;1e+12;1e+12,proposed_likelihood,stage2,3,3.4620378279079262,0.46203782790792625,0.4,0.4535996594606316,0.05359965946063161,NA,-1.490254310614711,NA,NA,0.2620984559427223,NA,NA,1.3842246032687533,NA,NA,1.3842246032687533,5,4,-1,-0.7,-0.3015785381089656,0.39842146189103433,0.15,0.11028920531327356,-0.03971079468672645,1,0.8752233805632339,-0.1247766194367661,5,5.35626085271771,0.3562608527177096,1.5,1.1163905517199375,-0.3836094482800625,0.8,0.7707515603246299,-0.02924843967537016,58.893063347785755,58.89306334778564,1.1368683772161603e-13,NA,NA,NA,NA,NA,NA,NA,NA,NA,NA,NA,NA,NA,NA,NA,NA,NA,NA,NA,NA,NA,NA,NA,NA,NA,NA,NA,NA,NA,NA,NA,NA,NA,NA,NA,NA,NA,NA,NA,NA,NA,NA,NA,NA,NA,NA,NA,NA,NA,NA,NA,NA,NA,NA,NA,NA,NA,NA,NA,NA,NA,NA,NA,NA,NA,NA,NA,NA,NA,NA,NA,NA,NA,NA,NA,NA,NA,NA,NA,NA,NA,NA,NA,NA,NA,NA,NA,NA,NA,NA,NA,NA,NA,NA,NA,NA,NA,NA,NA,NA,NA,NA,true,TRUE,TRUE,3516.525832006859,3575.418895354645,3516.8419414293517,58.893063347785755,58.893063347785755,12.000000000000023,FALSE,20509.869,TRUE,FALSE,FALSE
symmetric_heavy_tails,symmetric heavy tails,HT,NH,46,1000,450,0.45,NA,TRUE,TRUE,TRUE,0,NA,-1888.6256825293929,3793.2513650587857,3832.513407290643,3793.396672828715,8,92.024,NA,3779.2513650587857,3784.159120337768,1.000000000000017,NA,HeckmanEM,NA,raw_AIC_BIC_implied_logLik,finite_logLik_no_explicit_code,3,4.690381036170736,1.690381036170736,0.4,0.4746127388428348,0.07461273884283476,NA,NA,NA,NA,NA,NA,NA,NA,NA,NA,NA,5,NA,NA,-0.7,-0.5795583339680825,0.12044166603191742,0.15,0.13813220537600976,-0.01186779462399023,1,0.913318655689544,-0.08668134431045593,5,4.176540054183024,-0.8234599458169756,1.5,1.3173479766024117,-0.18265202339758835,0.8,1.0559513527717426,0.2559513527717425,39.26204223185732,39.262042231857095,2.2737367544323206e-13,NA,NA,NA,NA,NA,NA,NA,NA,NA,NA,NA,NA,NA,NA,NA,NA,NA,NA,NA,NA,NA,NA,NA,NA,NA,NA,NA,NA,NA,NA,NA,NA,NA,NA,NA,NA,NA,NA,NA,NA,NA,NA,NA,NA,NA,NA,NA,NA,NA,NA,NA,NA,NA,NA,NA,NA,NA,NA,NA,NA,NA,NA,NA,NA,NA,NA,NA,NA,NA,NA,NA,NA,NA,NA,NA,NA,NA,NA,NA,NA,NA,NA,NA,NA,NA,NA,NA,NA,NA,NA,NA,NA,NA,NA,NA,NA,NA,NA,NA,NA,NA,NA,true,TRUE,TRUE,3793.2513650587857,3832.513407290643,3793.396672828715,39.26204223185732,39.26204223185732,8.000000000000046,FALSE,92.024,NA,NA,NA
symmetric_heavy_tails,symmetric heavy tails,HT,HT,46,1000,450,0.45,NA,TRUE,TRUE,TRUE,0,NA,-1827.6828288396575,3671.365657679315,3710.627699911173,3671.510965449245,8,100.73900000000002,NA,3657.365657679315,3662.2734129582977,1.000000000000017,NA,HeckmanEM,NA,raw_AIC_BIC_implied_logLik,finite_logLik_no_explicit_code,3,3.0372962764836826,0.03729627648368261,0.4,0.33353766617480923,-0.06646233382519079,NA,NA,NA,NA,NA,NA,NA,NA,NA,NA,NA,5,NA,NA,-0.7,-0.6783036529718958,0.02169634702810419,0.15,0.15662767719425252,0.00662767719425252,1,1.067779575421919,0.06777957542191904,5,4.836210907691649,-0.1637890923083507,1.5,1.254877473290515,-0.24512252670948495,0.8,1.042341373035451,0.2423413730354509,39.26204223185687,39.262042231857095,2.2737367544323206e-13,NA,NA,NA,NA,NA,NA,NA,NA,NA,NA,NA,NA,NA,NA,NA,NA,NA,NA,NA,NA,NA,NA,NA,NA,NA,NA,NA,NA,NA,NA,NA,NA,NA,NA,NA,NA,NA,NA,NA,NA,NA,NA,NA,NA,NA,NA,NA,NA,NA,NA,NA,NA,NA,NA,NA,NA,NA,NA,NA,NA,NA,NA,NA,NA,NA,NA,NA,NA,NA,NA,NA,NA,NA,NA,NA,NA,NA,NA,NA,NA,NA,NA,NA,NA,NA,NA,NA,NA,NA,NA,NA,NA,NA,NA,NA,NA,NA,NA,NA,NA,NA,NA,true,TRUE,TRUE,3671.365657679315,3710.6276999111724,3671.5109654492444,39.26204223185778,39.26204223185732,8.000000000000139,FALSE,100.73900000000002,NA,NA,NA
symmetric_heavy_tails,symmetric heavy tails,HT,CN,46,1000,450,0.45,NA,TRUE,TRUE,TRUE,0,NA,-1828.7472797704552,3677.4945595409104,3726.572112330732,3677.7170064569873,10,176.031,NA,3659.4945595409104,3664.4023148198926,1.000000000000017,NA,HeckmanEM,NA,raw_AIC_BIC_implied_logLik,finite_logLik_no_explicit_code,3,3.466479250461182,0.4664792504611821,0.4,0.3463087171335874,-0.05369128286641261,NA,NA,NA,NA,NA,NA,NA,NA,NA,NA,NA,5,NA,NA,-0.7,-0.6304419866079176,0.06955801339208234,0.15,0.14731355609000354,-0.00268644390999645,1,0.9959514174818476,-0.00404858251815232,5,4.652349701246726,-0.34765029875327436,1.5,1.2635921307627276,-0.2364078692372724,0.8,1.0897397097584614,0.2897397097584613,49.07755278982131,49.07755278982137,-5.684341886080802e-14,NA,NA,NA,NA,NA,NA,NA,NA,NA,NA,NA,NA,NA,NA,NA,NA,NA,NA,NA,NA,NA,NA,NA,NA,NA,NA,NA,NA,NA,NA,NA,NA,NA,NA,NA,NA,NA,NA,NA,NA,NA,NA,NA,NA,NA,NA,NA,NA,NA,NA,NA,NA,NA,NA,NA,NA,NA,NA,NA,NA,NA,NA,NA,NA,NA,NA,NA,NA,NA,NA,NA,NA,NA,NA,NA,NA,NA,NA,NA,NA,NA,NA,NA,NA,NA,NA,NA,NA,NA,NA,NA,NA,NA,NA,NA,NA,NA,NA,NA,NA,NA,NA,true,TRUE,TRUE,3677.4945595409104,3726.5721123307317,3677.7170064569873,49.077552789821766,49.07755278982131,10.000000000000082,FALSE,176.031,NA,NA,NA
symmetric_heavy_tails,symmetric heavy tails,HT,ESN,46,1000,450,0.45,NA,TRUE,TRUE,TRUE,0,CONVERGENCE: REL_REDUCTION_OF_F <= FACTR*EPSMCH,-1872.759446827716,3767.518893655432,3821.504201724236,3767.7861001331657,11,19189.356,NA,NA,NA,NA,6,stage2,1885.39904464617;1888.62583821651;1885.40409981966;1887.28977071022;1885.39987787474;1874.62205055415;1888.62661327164;1885.42401981189;1885.41031149832;1872.80061151324;1885.45163657034;1885.42568024392;1885.41085840236;1888.62568209685,proposed_likelihood,stage2,3,6.41897650006174,3.4189765000617403,0.4,0.3742666196835366,-0.02573338031646349,NA,0.5582560576845885,NA,NA,1.4925821305300957,NA,NA,-1.4925821305300957,NA,NA,-1.4925821305300957,5,NA,NA,-0.7,-0.9824224807430172,-0.28242248074301723,0.15,0.13706904253707772,-0.01293095746292227,1,0.9203692744498964,-0.07963072555010364,5,-2.4095911428772476,-7.409591142877248,1.5,1.3404967670566077,-0.1595032329433923,0.8,1.0625430433669447,0.2625430433669447,53.98530806880353,53.985308068803505,2.842170943040401e-14,NA,NA,NA,NA,NA,NA,NA,NA,NA,NA,NA,NA,NA,NA,NA,NA,NA,NA,NA,NA,NA,NA,NA,NA,NA,NA,NA,NA,NA,NA,NA,NA,NA,NA,NA,NA,NA,NA,NA,NA,NA,NA,NA,NA,NA,NA,NA,NA,NA,NA,NA,NA,NA,NA,NA,NA,NA,NA,NA,NA,NA,NA,NA,NA,NA,NA,NA,NA,NA,NA,NA,NA,NA,NA,NA,NA,NA,NA,NA,NA,NA,NA,NA,NA,NA,NA,NA,NA,NA,NA,NA,NA,NA,NA,NA,NA,NA,NA,NA,NA,NA,NA,true,TRUE,TRUE,3767.518893655432,3821.5042017242354,3767.786100133165,53.98530806880399,53.98530806880353,11.000000000000098,FALSE,19189.356,FALSE,TRUE,TRUE
symmetric_heavy_tails,symmetric heavy tails,HT,EST,46,1000,450,0.45,NA,TRUE,TRUE,TRUE,0,CONVERGENCE: REL_REDUCTION_OF_F <= FACTR*EPSMCH,-1826.868878697222,3677.737757394444,3736.63082074223,3678.053866816937,12,20277.682,NA,NA,NA,NA,40,stage2,1826.94391746174;1e+12;1e+12;1827.26364014605;1e+12;1e+12;1826.98982290579;1e+12;1e+12;1827.00699881214;1e+12;1e+12;1826.87302434789;1e+12;1e+12;1826.90472083477;1e+12;1e+12;1827.50471607471;1e+12;1e+12;1826.8792835883;1e+12;1e+12;1826.8903768826;1e+12;1e+12;1826.87769127115;1e+12;1e+12;1826.88266097167;1e+12;1e+12;1826.8949672122;1e+12;1e+12;1827.03476062265;1e+12;1e+12;1826.86898067183;1e+12;1e+12,proposed_likelihood,stage2,3,2.973261623503952,-0.02673837649604804,0.4,0.33606669927937577,-0.06393330072062425,NA,1.4925821305300957,NA,NA,-0.2268989768098994,NA,NA,1.4925821305300957,NA,NA,1.4925821305300957,5,4,-1,-0.7,-0.901013796326368,-0.20101379632636815,0.15,0.13270840239417853,-0.01729159760582146,1,0.9164218725923392,-0.08357812740766091,5,4.644860158441996,-0.35513984155800404,1.5,1.2517690273878503,-0.2482309726121497,0.8,1.0448218439825678,0.2448218439825678,58.893063347785755,58.89306334778564,1.1368683772161603e-13,NA,NA,NA,NA,NA,NA,NA,NA,NA,NA,NA,NA,NA,NA,NA,NA,NA,NA,NA,NA,NA,NA,NA,NA,NA,NA,NA,NA,NA,NA,NA,NA,NA,NA,NA,NA,NA,NA,NA,NA,NA,NA,NA,NA,NA,NA,NA,NA,NA,NA,NA,NA,NA,NA,NA,NA,NA,NA,NA,NA,NA,NA,NA,NA,NA,NA,NA,NA,NA,NA,NA,NA,NA,NA,NA,NA,NA,NA,NA,NA,NA,NA,NA,NA,NA,NA,NA,NA,NA,NA,NA,NA,NA,NA,NA,NA,NA,NA,NA,NA,NA,NA,true,TRUE,TRUE,3677.737757394444,3736.63082074223,3678.0538668169365,58.893063347785755,58.893063347785755,12.000000000000023,FALSE,20277.682,TRUE,FALSE,TRUE
symmetric_heavy_tails,symmetric heavy tails,HT,NH,47,1000,441,0.441,NA,TRUE,TRUE,TRUE,0,NA,-1804.307057625899,3624.614115251798,3663.8761574836553,3624.7594230217273,8,133.448,NA,3610.614115251798,3615.52187053078,1.000000000000017,NA,HeckmanEM,NA,raw_AIC_BIC_implied_logLik,finite_logLik_no_explicit_code,3,4.004774668264475,1.0047746682644751,0.4,0.5512536900373735,0.15125369003737343,NA,NA,NA,NA,NA,NA,NA,NA,NA,NA,NA,5,NA,NA,-0.7,-0.5500131380281074,0.1499868619718926,0.15,0.12509029563204294,-0.02490970436795706,1,0.7189611270996235,-0.28103887290037655,5,4.178915161736827,-0.8210848382631726,1.5,1.6823731281580483,0.1823731281580483,0.8,0.6978505742582112,-0.10214942574178888,39.26204223185732,39.262042231857095,2.2737367544323206e-13,NA,NA,NA,NA,NA,NA,NA,NA,NA,NA,NA,NA,NA,NA,NA,NA,NA,NA,NA,NA,NA,NA,NA,NA,NA,NA,NA,NA,NA,NA,NA,NA,NA,NA,NA,NA,NA,NA,NA,NA,NA,NA,NA,NA,NA,NA,NA,NA,NA,NA,NA,NA,NA,NA,NA,NA,NA,NA,NA,NA,NA,NA,NA,NA,NA,NA,NA,NA,NA,NA,NA,NA,NA,NA,NA,NA,NA,NA,NA,NA,NA,NA,NA,NA,NA,NA,NA,NA,NA,NA,NA,NA,NA,NA,NA,NA,NA,NA,NA,NA,NA,NA,true,TRUE,TRUE,3624.614115251798,3663.8761574836553,3624.7594230217273,39.26204223185732,39.26204223185732,8.000000000000046,FALSE,133.448,NA,NA,NA
symmetric_heavy_tails,symmetric heavy tails,HT,HT,47,1000,441,0.441,NA,TRUE,TRUE,TRUE,0,NA,-1780.4700108188115,3576.940021637623,3616.20206386948,3577.0853294075528,8,129.061,NA,3562.940021637623,3567.8477769166057,1.000000000000017,NA,HeckmanEM,NA,raw_AIC_BIC_implied_logLik,finite_logLik_no_explicit_code,3,2.821650565405192,-0.178349434594808,0.4,0.38654257495261946,-0.01345742504738056,NA,NA,NA,NA,NA,NA,NA,NA,NA,NA,NA,5,NA,NA,-0.7,-0.6330544270036185,0.06694557299638149,0.15,0.14913911599043142,-8.608840095685744e-4,1,0.8252406801274966,-0.17475931987250337,5,4.684460919259467,-0.3155390807405327,1.5,1.6392213326455265,0.13922133264552627,0.8,0.7609375217273879,-0.03906247827261211,39.26204223185687,39.262042231857095,2.2737367544323206e-13,NA,NA,NA,NA,NA,NA,NA,NA,NA,NA,NA,NA,NA,NA,NA,NA,NA,NA,NA,NA,NA,NA,NA,NA,NA,NA,NA,NA,NA,NA,NA,NA,NA,NA,NA,NA,NA,NA,NA,NA,NA,NA,NA,NA,NA,NA,NA,NA,NA,NA,NA,NA,NA,NA,NA,NA,NA,NA,NA,NA,NA,NA,NA,NA,NA,NA,NA,NA,NA,NA,NA,NA,NA,NA,NA,NA,NA,NA,NA,NA,NA,NA,NA,NA,NA,NA,NA,NA,NA,NA,NA,NA,NA,NA,NA,NA,NA,NA,NA,NA,NA,NA,true,TRUE,TRUE,3576.940021637623,3616.2020638694803,3577.0853294075523,39.26204223185687,39.26204223185732,7.999999999999954,FALSE,129.061,NA,NA,NA
symmetric_heavy_tails,symmetric heavy tails,HT,CN,47,1000,441,0.441,NA,TRUE,TRUE,TRUE,0,NA,-1782.7179609917118,3585.4359219834237,3634.513474773245,3585.6583688995006,10,541.7250000000001,NA,3567.4359219834237,3572.343677262406,1.000000000000017,NA,HeckmanEM,NA,raw_AIC_BIC_implied_logLik,finite_logLik_no_explicit_code,3,2.626402727188561,-0.37359727281143895,0.4,0.3741585588821247,-0.02584144111787534,NA,NA,NA,NA,NA,NA,NA,NA,NA,NA,NA,5,NA,NA,-0.7,-0.691947572119571,0.00805242788042892,0.15,0.16350043274194773,0.01350043274194773,1,0.9011505192533936,-0.09884948074660647,5,4.720876794190706,-0.2791232058092943,1.5,1.6174197780674624,0.1174197780674624,0.8,0.7667104762136779,-0.0332895237863221,49.07755278982131,49.07755278982137,-5.684341886080802e-14,NA,NA,NA,NA,NA,NA,NA,NA,NA,NA,NA,NA,NA,NA,NA,NA,NA,NA,NA,NA,NA,NA,NA,NA,NA,NA,NA,NA,NA,NA,NA,NA,NA,NA,NA,NA,NA,NA,NA,NA,NA,NA,NA,NA,NA,NA,NA,NA,NA,NA,NA,NA,NA,NA,NA,NA,NA,NA,NA,NA,NA,NA,NA,NA,NA,NA,NA,NA,NA,NA,NA,NA,NA,NA,NA,NA,NA,NA,NA,NA,NA,NA,NA,NA,NA,NA,NA,NA,NA,NA,NA,NA,NA,NA,NA,NA,NA,NA,NA,NA,NA,NA,true,TRUE,TRUE,3585.4359219834237,3634.513474773245,3585.6583688995006,49.07755278982131,49.07755278982131,9.999999999999988,FALSE,541.7250000000001,NA,NA,NA
symmetric_heavy_tails,symmetric heavy tails,HT,ESN,47,1000,441,0.441,NA,TRUE,TRUE,TRUE,0,CONVERGENCE: REL_REDUCTION_OF_F <= FACTR*EPSMCH,-1794.958997974646,3611.917995949292,3665.9033040180952,3612.1852024270247,11,20677.851,NA,NA,NA,NA,6,stage2,1804.30775683418;1804.3128441308;1803.09247922885;1804.30485234963;1802.99936294173;1798.65736867111;1804.31163497411;1803.10521338742;1803.0005531695;1796.2182518189;1803.0062395589;1804.30777130426;1804.30762551571;1804.30705721665,proposed_likelihood,stage2,3,5.516434864048564,2.5164348640485636,0.4,0.5350557025909569,0.1350557025909569,NA,0.963357338333543,NA,NA,1.4644843620359045,NA,NA,-1.4925821305300957,NA,NA,-1.4925821305300957,5,NA,NA,-0.7,-1.1401365689522152,-0.4401365689522152,0.15,0.1197390778645683,-0.03026092213543169,1,0.6736311464957428,-0.32636885350425715,5,-1.4957402059106988,-6.495740205910699,1.5,1.7158042324053169,0.21580423240531688,0.8,0.7376671460810664,-0.06233285391893362,53.98530806880353,53.985308068803505,2.842170943040401e-14,NA,NA,NA,NA,NA,NA,NA,NA,NA,NA,NA,NA,NA,NA,NA,NA,NA,NA,NA,NA,NA,NA,NA,NA,NA,NA,NA,NA,NA,NA,NA,NA,NA,NA,NA,NA,NA,NA,NA,NA,NA,NA,NA,NA,NA,NA,NA,NA,NA,NA,NA,NA,NA,NA,NA,NA,NA,NA,NA,NA,NA,NA,NA,NA,NA,NA,NA,NA,NA,NA,NA,NA,NA,NA,NA,NA,NA,NA,NA,NA,NA,NA,NA,NA,NA,NA,NA,NA,NA,NA,NA,NA,NA,NA,NA,NA,NA,NA,NA,NA,NA,NA,true,TRUE,TRUE,3611.917995949292,3665.9033040180957,3612.185202427025,53.98530806880308,53.98530806880353,10.999999999999913,FALSE,20677.851,FALSE,TRUE,TRUE
symmetric_heavy_tails,symmetric heavy tails,HT,EST,47,1000,441,0.441,NA,TRUE,TRUE,TRUE,0,CONVERGENCE: REL_REDUCTION_OF_F <= FACTR*EPSMCH,-1780.1156607436733,3584.2313214873466,3643.124384835132,3584.547430909839,12,18761.548,NA,NA,NA,NA,40,stage2,1780.13695847533;1e+12;1e+12;1780.27611541596;1e+12;1e+12;1780.27492485989;1e+12;1e+12;1780.14252525142;1e+12;1e+12;1780.12028190931;1e+12;1e+12;1780.11819316153;1e+12;1e+12;1780.28898334196;1e+12;1e+12;1780.1161327889;1e+12;1e+12;1780.34598195547;1e+12;1e+12;1780.1158214366;1e+12;1e+12;1780.11883448703;1e+12;1e+12;1780.11693102467;1e+12;1e+12;1780.3935568271;1e+12;1e+12;1780.11566256161;1e+12;1e+12,proposed_likelihood,stage2,3,2.8151729909392564,-0.18482700906074356,0.4,0.33209144905288634,-0.06790855094711368,NA,0.5125514089640942,NA,NA,0.36589487274838106,NA,NA,1.2273922695183574,NA,NA,1.2273922695183574,5,4,-1,-0.7,-0.7434051235612993,-0.04340512356129933,0.15,0.1431122633823665,-0.0068877366176335,1,0.7878918292254758,-0.21210817077452415,5,4.526966826792925,-0.4730331732070754,1.5,1.655315114277218,0.155315114277218,0.8,0.761264224265656,-0.03873577573434406,58.893063347785755,58.89306334778564,1.1368683772161603e-13,NA,NA,NA,NA,NA,NA,NA,NA,NA,NA,NA,NA,NA,NA,NA,NA,NA,NA,NA,NA,NA,NA,NA,NA,NA,NA,NA,NA,NA,NA,NA,NA,NA,NA,NA,NA,NA,NA,NA,NA,NA,NA,NA,NA,NA,NA,NA,NA,NA,NA,NA,NA,NA,NA,NA,NA,NA,NA,NA,NA,NA,NA,NA,NA,NA,NA,NA,NA,NA,NA,NA,NA,NA,NA,NA,NA,NA,NA,NA,NA,NA,NA,NA,NA,NA,NA,NA,NA,NA,NA,NA,NA,NA,NA,NA,NA,NA,NA,NA,NA,NA,NA,true,TRUE,TRUE,3584.2313214873466,3643.1243848351323,3584.547430909839,58.8930633477853,58.893063347785755,11.99999999999993,FALSE,18761.548,FALSE,FALSE,FALSE
symmetric_heavy_tails,symmetric heavy tails,HT,NH,48,1000,425,0.425,NA,TRUE,TRUE,TRUE,0,NA,-1730.9543954720996,3477.908790944199,3517.1708331760565,3478.0540987141285,8,59.318,NA,3463.908790944199,3468.8165462231814,1.000000000000017,NA,HeckmanEM,NA,raw_AIC_BIC_implied_logLik,finite_logLik_no_explicit_code,3,3.854841144707897,0.8548411447078972,0.4,0.2957495504928978,-0.10425044950710222,NA,NA,NA,NA,NA,NA,NA,NA,NA,NA,NA,5,NA,NA,-0.7,-0.7869453380055982,-0.08694533800559823,0.15,0.14192110929786986,-0.00807889070213013,1,1.1000321605105292,0.1000321605105292,5,4.64200572246543,-0.35799427753457014,1.5,1.2991112764893005,-0.20088872351069953,0.8,0.8642483780918154,0.06424837809181538,39.26204223185732,39.262042231857095,2.2737367544323206e-13,NA,NA,NA,NA,NA,NA,NA,NA,NA,NA,NA,NA,NA,NA,NA,NA,NA,NA,NA,NA,NA,NA,NA,NA,NA,NA,NA,NA,NA,NA,NA,NA,NA,NA,NA,NA,NA,NA,NA,NA,NA,NA,NA,NA,NA,NA,NA,NA,NA,NA,NA,NA,NA,NA,NA,NA,NA,NA,NA,NA,NA,NA,NA,NA,NA,NA,NA,NA,NA,NA,NA,NA,NA,NA,NA,NA,NA,NA,NA,NA,NA,NA,NA,NA,NA,NA,NA,NA,NA,NA,NA,NA,NA,NA,NA,NA,NA,NA,NA,NA,NA,NA,true,TRUE,TRUE,3477.908790944199,3517.1708331760565,3478.0540987141285,39.26204223185732,39.26204223185732,8.000000000000046,FALSE,59.318,NA,NA,NA
symmetric_heavy_tails,symmetric heavy tails,HT,HT,48,1000,425,0.425,NA,TRUE,TRUE,TRUE,0,NA,-1694.631089603699,3405.262179207398,3444.5242214392547,3405.4074869773267,8,111.233,NA,3391.262179207398,3396.1699344863796,1.000000000000017,NA,HeckmanEM,NA,raw_AIC_BIC_implied_logLik,finite_logLik_no_explicit_code,3,2.6371129893415004,-0.3628870106584996,0.4,0.2681387916469081,-0.1318612083530919,NA,NA,NA,NA,NA,NA,NA,NA,NA,NA,NA,5,NA,NA,-0.7,-0.8724102206782858,-0.17241022067828582,0.15,0.16742746679963036,0.01742746679963036,1,1.2219495240613245,0.2219495240613243,5,4.917973662187962,-0.08202633781203783,1.5,1.2213299987349775,-0.2786700012650225,0.8,0.8404036856826417,0.04040368568264163,39.26204223185732,39.262042231857095,-2.2737367544323206e-13,NA,NA,NA,NA,NA,NA,NA,NA,NA,NA,NA,NA,NA,NA,NA,NA,NA,NA,NA,NA,NA,NA,NA,NA,NA,NA,NA,NA,NA,NA,NA,NA,NA,NA,NA,NA,NA,NA,NA,NA,NA,NA,NA,NA,NA,NA,NA,NA,NA,NA,NA,NA,NA,NA,NA,NA,NA,NA,NA,NA,NA,NA,NA,NA,NA,NA,NA,NA,NA,NA,NA,NA,NA,NA,NA,NA,NA,NA,NA,NA,NA,NA,NA,NA,NA,NA,NA,NA,NA,NA,NA,NA,NA,NA,NA,NA,NA,NA,NA,NA,NA,NA,true,TRUE,TRUE,3405.262179207398,3444.5242214392547,3405.407486977327,39.26204223185687,39.26204223185687,7.999999999999954,FALSE,111.233,NA,NA,NA
symmetric_heavy_tails,symmetric heavy tails,HT,CN,48,1000,425,0.425,NA,TRUE,TRUE,TRUE,0,NA,-1696.7015475594465,3413.403095118893,3462.480647908714,3413.62554203497,10,258.222,NA,3395.403095118893,3400.310850397875,1.000000000000017,NA,HeckmanEM,NA,raw_AIC_BIC_implied_logLik,finite_logLik_no_explicit_code,3,2.786935193797207,-0.2130648062027931,0.4,0.2509595123298123,-0.14904048767018774,NA,NA,NA,NA,NA,NA,NA,NA,NA,NA,NA,5,NA,NA,-0.7,-0.8611021057242235,-0.16110210572422357,0.15,0.1607535646327792,0.01075356463277921,1,1.2052647286032152,0.2052647286032152,5,4.836205217888168,-0.1637947821118324,1.5,1.253477488855793,-0.2465225111442073,0.8,0.8918992306283829,0.0918992306283829,49.07755278982131,49.07755278982137,-5.684341886080802e-14,NA,NA,NA,NA,NA,NA,NA,NA,NA,NA,NA,NA,NA,NA,NA,NA,NA,NA,NA,NA,NA,NA,NA,NA,NA,NA,NA,NA,NA,NA,NA,NA,NA,NA,NA,NA,NA,NA,NA,NA,NA,NA,NA,NA,NA,NA,NA,NA,NA,NA,NA,NA,NA,NA,NA,NA,NA,NA,NA,NA,NA,NA,NA,NA,NA,NA,NA,NA,NA,NA,NA,NA,NA,NA,NA,NA,NA,NA,NA,NA,NA,NA,NA,NA,NA,NA,NA,NA,NA,NA,NA,NA,NA,NA,NA,NA,NA,NA,NA,NA,NA,NA,true,TRUE,TRUE,3413.403095118893,3462.480647908714,3413.62554203497,49.07755278982131,49.07755278982131,9.999999999999988,FALSE,258.222,NA,NA,NA
symmetric_heavy_tails,symmetric heavy tails,HT,ESN,48,1000,425,0.425,NA,TRUE,TRUE,TRUE,0,CONVERGENCE: REL_REDUCTION_OF_F <= FACTR*EPSMCH,-1724.9843650475073,3471.9687300950145,3525.954038163818,3472.2359365727475,11,17015.434,NA,NA,NA,NA,6,stage2,1725.00162015184;1724.98924681417;1724.98626360981;1729.94999263982;1725.00263483535;1724.98443597266;1729.94854517824;1725.00440770187;1724.99402227076;1729.9486004921;1725.02044362467;1724.99712734433;1725.00829523285;1730.95439509327,proposed_likelihood,stage2,3,5.419073359341815,2.419073359341815,0.4,0.2800701629605947,-0.1199298370394053,NA,0.02757910219688244,NA,NA,-1.4560969057781097,NA,NA,-1.4892134397055954,NA,NA,-1.4892134397055954,5,NA,NA,-0.7,-0.8016224420756637,-0.10162244207566372,0.15,0.14064353886561837,-0.00935646113438162,1,1.0896635335938425,0.08966353359384227,5,10.190784806170967,5.190784806170969,1.5,1.2443992593281603,-0.2556007406718397,0.8,0.9002503377537241,0.10025033775372404,53.98530806880353,53.985308068803505,2.842170943040401e-14,NA,NA,NA,NA,NA,NA,NA,NA,NA,NA,NA,NA,NA,NA,NA,NA,NA,NA,NA,NA,NA,NA,NA,NA,NA,NA,NA,NA,NA,NA,NA,NA,NA,NA,NA,NA,NA,NA,NA,NA,NA,NA,NA,NA,NA,NA,NA,NA,NA,NA,NA,NA,NA,NA,NA,NA,NA,NA,NA,NA,NA,NA,NA,NA,NA,NA,NA,NA,NA,NA,NA,NA,NA,NA,NA,NA,NA,NA,NA,NA,NA,NA,NA,NA,NA,NA,NA,NA,NA,NA,NA,NA,NA,NA,NA,NA,NA,NA,NA,NA,NA,NA,true,TRUE,TRUE,3471.9687300950145,3525.954038163818,3472.2359365727475,53.98530806880353,53.98530806880353,11.000000000000005,FALSE,17015.434,FALSE,TRUE,TRUE
symmetric_heavy_tails,symmetric heavy tails,HT,EST,48,1000,425,0.425,NA,TRUE,TRUE,TRUE,0,CONVERGENCE: REL_REDUCTION_OF_F <= FACTR*EPSMCH,-1692.756514996889,3409.5130299937787,3468.4060933415644,3409.829139416271,12,19035.449,NA,NA,NA,NA,16,stage2,1692.76769572258;1e+12;1e+12;1692.76341112942;1e+12;1e+12;1692.76487373997;1e+12;1e+12;1692.77168809703;1e+12;1e+12;1692.7626609702;1e+12;1e+12;1692.75989776607;1e+12;1e+12;1692.76343948068;1e+12;1e+12;1692.77770932759;1e+12;1e+12;1692.76062247769;1e+12;1e+12;1692.75833874362;1e+12;1e+12;1692.76995725778;1e+12;1e+12;1692.77076636302;1e+12;1e+12;1692.76844508771;1e+12;1e+12;1692.76335009845;1e+12;1e+12,proposed_likelihood,stage2,3,2.63356895748338,-0.3664310425166199,0.4,0.35992152735414773,-0.04007847264585229,NA,-1.4925821305300957,NA,NA,0.08029407652053294,NA,NA,-1.4552702828535882,NA,NA,-1.4552702828535882,5,4,-1,-0.7,0.6006123608277283,1.3006123608277282,0.15,0.13258318922640305,-0.01741681077359694,1,0.9558963119779504,-0.04410368802204956,5,5.840054903144521,0.8400549031445212,1.5,1.2282341031873782,-0.27176589681262175,0.8,0.8651014886222061,0.0651014886222061,58.893063347785755,58.89306334778564,1.1368683772161603e-13,NA,NA,NA,NA,NA,NA,NA,NA,NA,NA,NA,NA,NA,NA,NA,NA,NA,NA,NA,NA,NA,NA,NA,NA,NA,NA,NA,NA,NA,NA,NA,NA,NA,NA,NA,NA,NA,NA,NA,NA,NA,NA,NA,NA,NA,NA,NA,NA,NA,NA,NA,NA,NA,NA,NA,NA,NA,NA,NA,NA,NA,NA,NA,NA,NA,NA,NA,NA,NA,NA,NA,NA,NA,NA,NA,NA,NA,NA,NA,NA,NA,NA,NA,NA,NA,NA,NA,NA,NA,NA,NA,NA,NA,NA,NA,NA,NA,NA,NA,NA,NA,NA,true,TRUE,TRUE,3409.513029993778,3468.406093341564,3409.8291394162707,58.893063347785755,58.893063347785755,12.000000000000023,FALSE,19035.449,TRUE,FALSE,TRUE
symmetric_heavy_tails,symmetric heavy tails,HT,NH,49,1000,419,0.419,NA,TRUE,TRUE,TRUE,0,NA,-1749.6485749180215,3515.297149836043,3554.5591920679008,3515.442457605973,8,192.577,NA,3501.297149836043,3506.2049051150257,1.000000000000017,NA,HeckmanEM,NA,raw_AIC_BIC_implied_logLik,finite_logLik_no_explicit_code,3,4.367125241467945,1.367125241467945,0.4,0.651097160189424,0.25109716018942396,NA,NA,NA,NA,NA,NA,NA,NA,NA,NA,NA,5,NA,NA,-0.7,-0.647609268372074,0.05239073162792596,0.15,0.10447236591187356,-0.04552763408812642,1,0.8373695571902219,-0.16263044280977812,5,3.951086339818711,-1.0489136601812885,1.5,1.519898748877262,0.01989874887726195,0.8,0.726650376833608,-0.07334962316639204,39.26204223185732,39.262042231857095,-2.2737367544323206e-13,NA,NA,NA,NA,NA,NA,NA,NA,NA,NA,NA,NA,NA,NA,NA,NA,NA,NA,NA,NA,NA,NA,NA,NA,NA,NA,NA,NA,NA,NA,NA,NA,NA,NA,NA,NA,NA,NA,NA,NA,NA,NA,NA,NA,NA,NA,NA,NA,NA,NA,NA,NA,NA,NA,NA,NA,NA,NA,NA,NA,NA,NA,NA,NA,NA,NA,NA,NA,NA,NA,NA,NA,NA,NA,NA,NA,NA,NA,NA,NA,NA,NA,NA,NA,NA,NA,NA,NA,NA,NA,NA,NA,NA,NA,NA,NA,NA,NA,NA,NA,NA,NA,true,TRUE,TRUE,3515.297149836043,3554.5591920679,3515.4424576059723,39.26204223185778,39.26204223185687,8.000000000000139,FALSE,192.577,NA,NA,NA
symmetric_heavy_tails,symmetric heavy tails,HT,HT,49,1000,419,0.419,NA,TRUE,TRUE,TRUE,0,NA,-1720.1156383153586,3456.2312766307173,3495.4933188625746,3456.3765844006466,8,124.36,NA,3442.2312766307173,3447.1390319096995,1.000000000000017,NA,HeckmanEM,NA,raw_AIC_BIC_implied_logLik,finite_logLik_no_explicit_code,3,2.9535722655325096,-0.04642773446749038,0.4,0.44839839377458784,0.04839839377458782,NA,NA,NA,NA,NA,NA,NA,NA,NA,NA,NA,5,NA,NA,-0.7,-0.7537583242773075,-0.05375832427730753,0.15,0.12415329915219012,-0.02584670084780987,1,0.9813608918387516,-0.01863910816124825,5,4.768176992854891,-0.23182300714510884,1.5,1.4407240045308467,-0.0592759954691533,0.8,0.7852291176658062,-0.01477088233419388,39.26204223185732,39.262042231857095,2.2737367544323206e-13,NA,NA,NA,NA,NA,NA,NA,NA,NA,NA,NA,NA,NA,NA,NA,NA,NA,NA,NA,NA,NA,NA,NA,NA,NA,NA,NA,NA,NA,NA,NA,NA,NA,NA,NA,NA,NA,NA,NA,NA,NA,NA,NA,NA,NA,NA,NA,NA,NA,NA,NA,NA,NA,NA,NA,NA,NA,NA,NA,NA,NA,NA,NA,NA,NA,NA,NA,NA,NA,NA,NA,NA,NA,NA,NA,NA,NA,NA,NA,NA,NA,NA,NA,NA,NA,NA,NA,NA,NA,NA,NA,NA,NA,NA,NA,NA,NA,NA,NA,NA,NA,NA,true,TRUE,TRUE,3456.2312766307173,3495.4933188625746,3456.3765844006466,39.26204223185732,39.26204223185732,8.000000000000046,FALSE,124.36,NA,NA,NA
symmetric_heavy_tails,symmetric heavy tails,HT,CN,49,1000,419,0.419,NA,TRUE,TRUE,TRUE,0,NA,-1724.13836302742,3468.27672605484,3517.354278844661,3468.499172970917,10,417.027,NA,3450.27672605484,3455.184481333822,1.000000000000017,NA,HeckmanEM,NA,raw_AIC_BIC_implied_logLik,finite_logLik_no_explicit_code,3,3.268128329876591,0.26812832987659085,0.4,0.4673621234226149,0.06736212342261483,NA,NA,NA,NA,NA,NA,NA,NA,NA,NA,NA,5,NA,NA,-0.7,-0.7327869145083682,-0.03278691450836824,0.15,0.1213499398042318,-0.02865006019576818,1,0.9586205703448438,-0.04137942965515617,5,4.740855391039453,-0.2591446089605469,1.5,1.4488390371840356,-0.05116096281596438,0.8,0.7562496402128216,-0.04375035978717845,49.07755278982131,49.07755278982137,-5.684341886080802e-14,NA,NA,NA,NA,NA,NA,NA,NA,NA,NA,NA,NA,NA,NA,NA,NA,NA,NA,NA,NA,NA,NA,NA,NA,NA,NA,NA,NA,NA,NA,NA,NA,NA,NA,NA,NA,NA,NA,NA,NA,NA,NA,NA,NA,NA,NA,NA,NA,NA,NA,NA,NA,NA,NA,NA,NA,NA,NA,NA,NA,NA,NA,NA,NA,NA,NA,NA,NA,NA,NA,NA,NA,NA,NA,NA,NA,NA,NA,NA,NA,NA,NA,NA,NA,NA,NA,NA,NA,NA,NA,NA,NA,NA,NA,NA,NA,NA,NA,NA,NA,NA,NA,true,TRUE,TRUE,3468.27672605484,3517.354278844661,3468.499172970917,49.07755278982131,49.07755278982131,9.999999999999988,FALSE,417.027,NA,NA,NA
symmetric_heavy_tails,symmetric heavy tails,HT,ESN,49,1000,419,0.419,NA,TRUE,TRUE,TRUE,0,CONVERGENCE: REL_REDUCTION_OF_F <= FACTR*EPSMCH,-1736.266663569994,3494.5333271399877,3548.5186352087912,3494.8005336177207,11,18106.788,NA,NA,NA,NA,10,stage2,1749.64910752847;1749.65529295477;1748.74910111559;1749.65235610176;1748.62701838925;1739.70130992293;1749.65747765384;1748.64671021879;1748.64272703969;1736.38372508174;1748.65304878595;1749.65126803457;1749.65084919205;1749.64857452831,proposed_likelihood,stage2,3,5.79161711251112,2.79161711251112,0.4,0.569919988812155,0.16991998881215498,NA,1.0453832738885689,NA,NA,1.4925821305300957,NA,NA,-1.4925821305300957,NA,NA,-1.4925821305300957,5,NA,NA,-0.7,-1.269144860622915,-0.569144860622915,0.15,0.102566075565016,-0.04743392443498398,1,0.810665340876719,-0.18933465912328096,5,-1.6227086545751328,-6.622708654575133,1.5,1.519948844771387,0.01994884477138692,0.8,0.7766053189282504,-0.02339468107174969,53.98530806880353,53.985308068803505,2.842170943040401e-14,NA,NA,NA,NA,NA,NA,NA,NA,NA,NA,NA,NA,NA,NA,NA,NA,NA,NA,NA,NA,NA,NA,NA,NA,NA,NA,NA,NA,NA,NA,NA,NA,NA,NA,NA,NA,NA,NA,NA,NA,NA,NA,NA,NA,NA,NA,NA,NA,NA,NA,NA,NA,NA,NA,NA,NA,NA,NA,NA,NA,NA,NA,NA,NA,NA,NA,NA,NA,NA,NA,NA,NA,NA,NA,NA,NA,NA,NA,NA,NA,NA,NA,NA,NA,NA,NA,NA,NA,NA,NA,NA,NA,NA,NA,NA,NA,NA,NA,NA,NA,NA,NA,true,TRUE,TRUE,3494.533327139988,3548.5186352087917,3494.800533617721,53.98530806880353,53.98530806880353,11.000000000000005,FALSE,18106.788,FALSE,TRUE,TRUE
symmetric_heavy_tails,symmetric heavy tails,HT,EST,49,1000,419,0.419,NA,TRUE,TRUE,TRUE,0,CONVERGENCE: REL_REDUCTION_OF_F <= FACTR*EPSMCH,-1719.2462502806095,3462.4925005612195,3521.385563909005,3462.808609983712,12,19335.373000000003,NA,NA,NA,NA,22,stage2,1719.71667506456;1e+12;1e+12;1719.65242992518;1e+12;1e+12;1719.25087027565;1e+12;1e+12;1719.25192085616;1e+12;1e+12;1719.27768067063;1e+12;1e+12;1719.25452719072;1e+12;1e+12;1720.13139530928;1e+12;1e+12;1719.24670026543;1e+12;1e+12;1720.38631185733;1e+12;1e+12;1719.24774373233;1e+12;1e+12;1719.24684696453;1e+12;1e+12;1719.316404893;1e+12;1e+12;1719.78758023133;1e+12;1e+12;1719.26142842338;1e+12;1e+12,proposed_likelihood,stage2,3,2.8576464300151585,-0.1423535699848415,0.4,0.42161877491834415,0.02161877491834413,NA,1.4925821305300957,NA,NA,0.6240356186392398,NA,NA,1.4834844179997153,NA,NA,1.4834844179997153,5,4,-1,-0.7,-0.9885934888506628,-0.2885934888506627,0.15,0.11189916645432645,-0.03810083354567355,1,0.8780937031754518,-0.12190629682454825,5,4.4455126516908825,-0.5544873483091175,1.5,1.4441959403329745,-0.05580405966702551,0.8,0.7901961979418441,-0.00980380205815589,58.893063347785755,58.89306334778564,1.1368683772161603e-13,NA,NA,NA,NA,NA,NA,NA,NA,NA,NA,NA,NA,NA,NA,NA,NA,NA,NA,NA,NA,NA,NA,NA,NA,NA,NA,NA,NA,NA,NA,NA,NA,NA,NA,NA,NA,NA,NA,NA,NA,NA,NA,NA,NA,NA,NA,NA,NA,NA,NA,NA,NA,NA,NA,NA,NA,NA,NA,NA,NA,NA,NA,NA,NA,NA,NA,NA,NA,NA,NA,NA,NA,NA,NA,NA,NA,NA,NA,NA,NA,NA,NA,NA,NA,NA,NA,NA,NA,NA,NA,NA,NA,NA,NA,NA,NA,NA,NA,NA,NA,NA,NA,true,TRUE,TRUE,3462.492500561219,3521.3855639090048,3462.8086099837114,58.893063347785755,58.893063347785755,12.000000000000023,FALSE,19335.373000000003,TRUE,FALSE,TRUE
symmetric_heavy_tails,symmetric heavy tails,HT,NH,50,1000,439,0.439,NA,TRUE,TRUE,TRUE,0,NA,-1749.6364467819135,3515.272893563827,3554.534935795684,3515.4182013337563,8,58.355999999999995,NA,3501.272893563827,3506.180648842809,1.000000000000017,NA,HeckmanEM,NA,raw_AIC_BIC_implied_logLik,finite_logLik_no_explicit_code,3,3.81639445704828,0.8163944570482804,0.4,0.5356037492896306,0.1356037492896306,NA,NA,NA,NA,NA,NA,NA,NA,NA,NA,NA,5,NA,NA,-0.7,-0.6977994586727113,0.00220054132728864,0.15,0.14462141488975658,-0.00537858511024341,1,0.9919984025414054,-0.00800159745859463,5,4.673396488825874,-0.32660351117412567,1.5,1.448663436046296,-0.051336563953704,0.8,0.7517360950387753,-0.04826390496122479,39.26204223185687,39.262042231857095,-2.2737367544323206e-13,NA,NA,NA,NA,NA,NA,NA,NA,NA,NA,NA,NA,NA,NA,NA,NA,NA,NA,NA,NA,NA,NA,NA,NA,NA,NA,NA,NA,NA,NA,NA,NA,NA,NA,NA,NA,NA,NA,NA,NA,NA,NA,NA,NA,NA,NA,NA,NA,NA,NA,NA,NA,NA,NA,NA,NA,NA,NA,NA,NA,NA,NA,NA,NA,NA,NA,NA,NA,NA,NA,NA,NA,NA,NA,NA,NA,NA,NA,NA,NA,NA,NA,NA,NA,NA,NA,NA,NA,NA,NA,NA,NA,NA,NA,NA,NA,NA,NA,NA,NA,NA,NA,true,TRUE,TRUE,3515.272893563827,3554.534935795684,3515.4182013337563,39.26204223185687,39.26204223185687,7.999999999999954,FALSE,58.355999999999995,NA,NA,NA
symmetric_heavy_tails,symmetric heavy tails,HT,HT,50,1000,439,0.439,NA,TRUE,TRUE,TRUE,0,NA,-1741.927830439612,3499.855660879224,3539.117703111081,3500.0009686491535,8,112.353,NA,3485.855660879224,3490.7634161582064,1.000000000000017,NA,HeckmanEM,NA,raw_AIC_BIC_implied_logLik,finite_logLik_no_explicit_code,3,3.133552490110445,0.13355249011044457,0.4,0.49721413087321353,0.09721413087321353,NA,NA,NA,NA,NA,NA,NA,NA,NA,NA,NA,5,NA,NA,-0.7,-0.7620000142372362,-0.06200001423723622,0.15,0.1602302762699846,0.0102302762699846,1,1.080673605554417,0.08067360555441705,5,5.002817135593134,0.00281713559313434,1.5,1.350749905715055,-0.14925009428494507,0.8,0.6926052333310435,-0.10739476666895652,39.26204223185687,39.262042231857095,-2.2737367544323206e-13,NA,NA,NA,NA,NA,NA,NA,NA,NA,NA,NA,NA,NA,NA,NA,NA,NA,NA,NA,NA,NA,NA,NA,NA,NA,NA,NA,NA,NA,NA,NA,NA,NA,NA,NA,NA,NA,NA,NA,NA,NA,NA,NA,NA,NA,NA,NA,NA,NA,NA,NA,NA,NA,NA,NA,NA,NA,NA,NA,NA,NA,NA,NA,NA,NA,NA,NA,NA,NA,NA,NA,NA,NA,NA,NA,NA,NA,NA,NA,NA,NA,NA,NA,NA,NA,NA,NA,NA,NA,NA,NA,NA,NA,NA,NA,NA,NA,NA,NA,NA,NA,NA,true,TRUE,TRUE,3499.855660879224,3539.117703111081,3500.0009686491535,39.26204223185687,39.26204223185687,7.999999999999954,FALSE,112.353,NA,NA,NA
symmetric_heavy_tails,symmetric heavy tails,HT,CN,50,1000,439,0.439,NA,TRUE,TRUE,TRUE,0,NA,-1740.6185596570615,3501.237119314123,3550.3146721039443,3501.4595662302,10,523.408,NA,3483.237119314123,3488.144874593105,1.000000000000017,NA,HeckmanEM,NA,raw_AIC_BIC_implied_logLik,finite_logLik_no_explicit_code,3,2.4196180680481425,-0.5803819319518575,0.4,0.48113255563704543,0.08113255563704541,NA,NA,NA,NA,NA,NA,NA,NA,NA,NA,NA,5,NA,NA,-0.7,-0.9630193153661568,-0.26301931536615675,0.15,0.20314331819368128,0.05314331819368129,1,1.3658905197414195,0.3658905197414198,5,5.104721419690675,0.10472141969067472,1.5,1.3219703312696267,-0.1780296687303733,0.8,0.67194542203879,-0.12805457796121,49.07755278982131,49.07755278982137,-5.684341886080802e-14,NA,NA,NA,NA,NA,NA,NA,NA,NA,NA,NA,NA,NA,NA,NA,NA,NA,NA,NA,NA,NA,NA,NA,NA,NA,NA,NA,NA,NA,NA,NA,NA,NA,NA,NA,NA,NA,NA,NA,NA,NA,NA,NA,NA,NA,NA,NA,NA,NA,NA,NA,NA,NA,NA,NA,NA,NA,NA,NA,NA,NA,NA,NA,NA,NA,NA,NA,NA,NA,NA,NA,NA,NA,NA,NA,NA,NA,NA,NA,NA,NA,NA,NA,NA,NA,NA,NA,NA,NA,NA,NA,NA,NA,NA,NA,NA,NA,NA,NA,NA,NA,NA,true,TRUE,TRUE,3501.237119314123,3550.3146721039443,3501.4595662302,49.07755278982131,49.07755278982131,9.999999999999988,FALSE,523.408,NA,NA,NA
symmetric_heavy_tails,symmetric heavy tails,HT,ESN,50,1000,439,0.439,NA,TRUE,TRUE,TRUE,0,CONVERGENCE: REL_REDUCTION_OF_F <= FACTR*EPSMCH,-1748.5737891731762,3519.1475783463525,3573.132886415156,3519.4147848240855,11,16398.241,NA,NA,NA,NA,12,stage2,1748.57540160597;1748.75319677268;1748.585727289;1749.64235988819;1748.58529165475;1749.63672860594;1749.63978021888;1748.59265686966;1748.58738443405;1749.63658937337;1748.60101221324;1748.58464512833;1748.59649372653;1749.63644650937,proposed_likelihood,stage2,3,4.085054768389678,1.0850547683896776,0.4,0.3355970922611153,-0.06440290773888474,NA,1.49257575405376,NA,NA,-1.3539458844724568,NA,NA,-1.4089928400825753,NA,NA,-1.4089928400825753,5,NA,NA,-0.7,-1.3753487114865035,-0.6753487114865036,0.15,0.11604816736331391,-0.03395183263668606,1,0.8019249843241578,-0.19807501567584215,5,6.0417713807044375,1.0417713807044375,1.5,1.4483670445093455,-0.0516329554906545,0.8,0.7494868257791512,-0.05051317422084889,53.98530806880353,53.985308068803505,2.842170943040401e-14,NA,NA,NA,NA,NA,NA,NA,NA,NA,NA,NA,NA,NA,NA,NA,NA,NA,NA,NA,NA,NA,NA,NA,NA,NA,NA,NA,NA,NA,NA,NA,NA,NA,NA,NA,NA,NA,NA,NA,NA,NA,NA,NA,NA,NA,NA,NA,NA,NA,NA,NA,NA,NA,NA,NA,NA,NA,NA,NA,NA,NA,NA,NA,NA,NA,NA,NA,NA,NA,NA,NA,NA,NA,NA,NA,NA,NA,NA,NA,NA,NA,NA,NA,NA,NA,NA,NA,NA,NA,NA,NA,NA,NA,NA,NA,NA,NA,NA,NA,NA,NA,NA,true,TRUE,TRUE,3519.1475783463525,3573.132886415156,3519.4147848240855,53.98530806880353,53.98530806880353,11.000000000000005,FALSE,16398.241,TRUE,FALSE,FALSE
symmetric_heavy_tails,symmetric heavy tails,HT,EST,50,1000,439,0.439,NA,TRUE,TRUE,TRUE,0,CONVERGENCE: REL_REDUCTION_OF_F <= FACTR*EPSMCH,-1742.71314891547,3509.42629783094,3568.3193611787256,3509.742407253432,12,19741.941,NA,NA,NA,NA,1,stage2,1742.71315114278;1e+12;1e+12;1742.71321276139;1e+12;1e+12;1742.74396656526;1e+12;1e+12;1742.72814508406;1e+12;1e+12;1742.71427466774;1e+12;1e+12;1742.75048159131;1e+12;1e+12;1742.71452010789;1e+12;1e+12;1742.72746977595;1e+12;1e+12;1742.7314485534;1e+12;1e+12;1742.73193143531;1e+12;1e+12;1742.73088336822;1e+12;1e+12;1742.71507598029;1e+12;1e+12;1742.76153157534;1e+12;1e+12;1742.74000388364;1e+12;1e+12,proposed_likelihood,stage2,3,3.185086663889967,0.18508666388996708,0.4,0.5487554872865402,0.1487554872865402,NA,-0.12488697367245072,NA,NA,-0.4665313915293294,NA,NA,1.4925821305300957,NA,NA,1.4925821305300957,5,4,-1,-0.7,-0.7334003989816371,-0.03340039898163716,0.15,0.16039592251657608,0.01039592251657609,1,1.0810472289196271,0.08104722891962712,5,5.233650385463939,0.2336503854639389,1.5,1.3314050105736377,-0.16859498942636253,0.8,0.6759354207743079,-0.12406457922569214,58.893063347785755,58.89306334778564,1.1368683772161603e-13,NA,NA,NA,NA,NA,NA,NA,NA,NA,NA,NA,NA,NA,NA,NA,NA,NA,NA,NA,NA,NA,NA,NA,NA,NA,NA,NA,NA,NA,NA,NA,NA,NA,NA,NA,NA,NA,NA,NA,NA,NA,NA,NA,NA,NA,NA,NA,NA,NA,NA,NA,NA,NA,NA,NA,NA,NA,NA,NA,NA,NA,NA,NA,NA,NA,NA,NA,NA,NA,NA,NA,NA,NA,NA,NA,NA,NA,NA,NA,NA,NA,NA,NA,NA,NA,NA,NA,NA,NA,NA,NA,NA,NA,NA,NA,NA,NA,NA,NA,NA,NA,NA,true,TRUE,TRUE,3509.42629783094,3568.3193611787256,3509.7424072534322,58.893063347785755,58.893063347785755,12.000000000000023,FALSE,19741.941,FALSE,FALSE,TRUE
