scenario,scenario_label,dgp_family,fit_family,rep,n,n_selected,selection_rate,hidden_acceptance_rate,success,finite_fit,regular_convergence,convergence,message,logLik,AIC,BIC,AICc,k_params,seconds,em_iterations,raw_package_AIC,raw_package_BIC,k_package_implied,start_id,stage,all_stage1_values,criteria_source,conv_source,sigmaY_true,sigmaY_hat,sigmaY_bias,rho_true,rho_hat,rho_bias,etaS_true,etaS_hat,etaS_bias,etaY_true,etaY_hat,etaY_bias,tau_bar_true,tau_bar_hat,tau_bar_bias,alpha_legacy_true,alpha_legacy_hat,nu_true,nu_hat,nu_bias,betaSel_1_true,betaSel_1_hat,betaSel_1_bias,betaSel_2_true,betaSel_2_hat,betaSel_2_bias,betaSel_3_true,betaSel_3_hat,betaSel_3_bias,betaOut_1_true,betaOut_1_hat,betaOut_1_bias,betaOut_2_true,betaOut_2_hat,betaOut_2_bias,betaOut_3_true,betaOut_3_hat,betaOut_3_bias,BIC_minus_AIC,expected_BIC_minus_AIC,IC_gap_error,betaSel_4_true,betaSel_5_true,betaSel_6_true,betaSel_7_true,betaSel_8_true,betaSel_9_true,betaSel_10_true,betaSel_11_true,betaSel_12_true,betaSel_13_true,betaSel_14_true,betaSel_15_true,betaSel_16_true,betaSel_17_true,betaSel_18_true,betaSel_19_true,betaSel_20_true,betaSel_4_hat,betaSel_5_hat,betaSel_6_hat,betaSel_7_hat,betaSel_8_hat,betaSel_9_hat,betaSel_10_hat,betaSel_11_hat,betaSel_12_hat,betaSel_13_hat,betaSel_14_hat,betaSel_15_hat,betaSel_16_hat,betaSel_17_hat,betaSel_18_hat,betaSel_19_hat,betaSel_20_hat,betaSel_4_bias,betaSel_5_bias,betaSel_6_bias,betaSel_7_bias,betaSel_8_bias,betaSel_9_bias,betaSel_10_bias,betaSel_11_bias,betaSel_12_bias,betaSel_13_bias,betaSel_14_bias,betaSel_15_bias,betaSel_16_bias,betaSel_17_bias,betaSel_18_bias,betaSel_19_bias,betaSel_20_bias,betaOut_4_true,betaOut_5_true,betaOut_6_true,betaOut_7_true,betaOut_8_true,betaOut_9_true,betaOut_10_true,betaOut_11_true,betaOut_12_true,betaOut_13_true,betaOut_14_true,betaOut_15_true,betaOut_16_true,betaOut_17_true,betaOut_18_true,betaOut_19_true,betaOut_20_true,betaOut_4_hat,betaOut_5_hat,betaOut_6_hat,betaOut_7_hat,betaOut_8_hat,betaOut_9_hat,betaOut_10_hat,betaOut_11_hat,betaOut_12_hat,betaOut_13_hat,betaOut_14_hat,betaOut_15_hat,betaOut_16_hat,betaOut_17_hat,betaOut_18_hat,betaOut_19_hat,betaOut_20_hat,betaOut_4_bias,betaOut_5_bias,betaOut_6_bias,betaOut_7_bias,betaOut_8_bias,betaOut_9_bias,betaOut_10_bias,betaOut_11_bias,betaOut_12_bias,betaOut_13_bias,betaOut_14_bias,betaOut_15_bias,betaOut_16_bias,betaOut_17_bias,betaOut_18_bias,betaOut_19_bias,betaOut_20_bias,success_chr,success_bool,converged_regular,AIC_correct,BIC_correct,AICc_correct,raw_BIC_minus_AIC,corrected_BIC_minus_AIC,k_implied_by_raw_BIC,raw_ic_has_wrong_k,seconds_correct,etaS_near_boundary,etaY_near_boundary,tau_near_boundary
contaminated_normal,contaminated normal,CN,NH,1,1000,434,0.434,NA,TRUE,TRUE,TRUE,0,NA,-1849.7143331279087,3715.4286662558175,3754.690708487675,3715.573974025747,8,98.79,NA,3701.4286662558175,3706.3364215348,1.000000000000017,NA,HeckmanEM,NA,raw_AIC_BIC_implied_logLik,finite_logLik_no_explicit_code,3,5.092561113192965,2.092561113192965,0.4,0.5977599025523201,0.19775990255232012,NA,NA,NA,NA,NA,NA,NA,NA,NA,NA,NA,NA,NA,NA,-0.7,-0.6495065060267017,0.05049349397329827,0.15,0.13494627852793312,-0.01505372147206687,1,0.9140219353256508,-0.0859780646743491,5,3.7755093519101535,-1.2244906480898463,1.5,1.3332692810170392,-0.16673071898296077,0.8,0.9793164406026604,0.17931644060266028,39.26204223185732,39.262042231857095,2.2737367544323206e-13,NA,NA,NA,NA,NA,NA,NA,NA,NA,NA,NA,NA,NA,NA,NA,NA,NA,NA,NA,NA,NA,NA,NA,NA,NA,NA,NA,NA,NA,NA,NA,NA,NA,NA,NA,NA,NA,NA,NA,NA,NA,NA,NA,NA,NA,NA,NA,NA,NA,NA,NA,NA,NA,NA,NA,NA,NA,NA,NA,NA,NA,NA,NA,NA,NA,NA,NA,NA,NA,NA,NA,NA,NA,NA,NA,NA,NA,NA,NA,NA,NA,NA,NA,NA,NA,NA,NA,NA,NA,NA,NA,NA,NA,NA,NA,NA,NA,NA,NA,NA,NA,NA,true,TRUE,TRUE,3715.4286662558175,3754.690708487675,3715.573974025747,39.26204223185732,39.26204223185732,8.000000000000046,FALSE,98.79,NA,NA,NA
contaminated_normal,contaminated normal,CN,HT,1,1000,434,0.434,NA,TRUE,TRUE,TRUE,0,NA,-1769.3794033375018,3554.7588066750036,3594.020848906861,3554.904114444933,8,116.209,NA,3540.7588066750036,3545.666561953986,1.000000000000017,NA,HeckmanEM,NA,raw_AIC_BIC_implied_logLik,finite_logLik_no_explicit_code,3,2.880292489035349,-0.11970751096465104,0.4,0.4817630396782777,0.0817630396782777,NA,NA,NA,NA,NA,NA,NA,NA,NA,NA,NA,NA,NA,NA,-0.7,-0.7734332070614313,-0.0734332070614313,0.15,0.17183488955191442,0.02183488955191442,1,1.0908223624710849,0.09082236247108488,5,5.0433650643164825,0.04336506431648246,1.5,1.5312647553809968,0.03126475538099682,0.8,0.8203830224830921,0.02038302248309209,39.26204223185732,39.262042231857095,2.2737367544323206e-13,NA,NA,NA,NA,NA,NA,NA,NA,NA,NA,NA,NA,NA,NA,NA,NA,NA,NA,NA,NA,NA,NA,NA,NA,NA,NA,NA,NA,NA,NA,NA,NA,NA,NA,NA,NA,NA,NA,NA,NA,NA,NA,NA,NA,NA,NA,NA,NA,NA,NA,NA,NA,NA,NA,NA,NA,NA,NA,NA,NA,NA,NA,NA,NA,NA,NA,NA,NA,NA,NA,NA,NA,NA,NA,NA,NA,NA,NA,NA,NA,NA,NA,NA,NA,NA,NA,NA,NA,NA,NA,NA,NA,NA,NA,NA,NA,NA,NA,NA,NA,NA,NA,true,TRUE,TRUE,3554.7588066750036,3594.020848906861,3554.904114444933,39.26204223185732,39.26204223185732,8.000000000000046,FALSE,116.209,NA,NA,NA
contaminated_normal,contaminated normal,CN,CN,1,1000,434,0.434,NA,TRUE,TRUE,TRUE,0,NA,-1756.0020202567189,3532.0040405134378,3581.081593303259,3532.2264874295147,10,177.91100000000003,NA,3514.0040405134378,3518.91179579242,1.000000000000017,NA,HeckmanEM,NA,raw_AIC_BIC_implied_logLik,finite_logLik_no_explicit_code,3,3.211293042571033,0.21129304257103287,0.4,0.5124456338493638,0.1124456338493638,NA,NA,NA,NA,NA,NA,NA,NA,NA,NA,NA,NA,NA,NA,-0.7,-0.7344714567179377,-0.03447145671793772,0.15,0.1576045425197541,0.00760454251975409,1,1.0404834098569633,0.0404834098569633,5,4.952481159131507,-0.04751884086849323,1.5,1.5886018695614323,0.08860186956143234,0.8,0.8121271181202498,0.0121271181202498,49.07755278982131,49.07755278982137,-5.684341886080802e-14,NA,NA,NA,NA,NA,NA,NA,NA,NA,NA,NA,NA,NA,NA,NA,NA,NA,NA,NA,NA,NA,NA,NA,NA,NA,NA,NA,NA,NA,NA,NA,NA,NA,NA,NA,NA,NA,NA,NA,NA,NA,NA,NA,NA,NA,NA,NA,NA,NA,NA,NA,NA,NA,NA,NA,NA,NA,NA,NA,NA,NA,NA,NA,NA,NA,NA,NA,NA,NA,NA,NA,NA,NA,NA,NA,NA,NA,NA,NA,NA,NA,NA,NA,NA,NA,NA,NA,NA,NA,NA,NA,NA,NA,NA,NA,NA,NA,NA,NA,NA,NA,NA,true,TRUE,TRUE,3532.0040405134378,3581.081593303259,3532.2264874295147,49.07755278982131,49.07755278982131,9.999999999999988,FALSE,177.91100000000003,NA,NA,NA
contaminated_normal,contaminated normal,CN,ESN,1,1000,434,0.434,NA,TRUE,TRUE,TRUE,0,CONVERGENCE: REL_REDUCTION_OF_F <= FACTR*EPSMCH,-1832.3672489999817,3686.734497999963,3740.7198060687665,3687.001704477696,11,17418.518,NA,NA,NA,NA,10,stage2,1842.91619144223;1842.92242647457;1842.9206956214;1849.71442620197;1842.92585657618;1849.57260081695;1849.72684555328;1842.9456166152;1842.9337859776;1832.38298826367;1842.91374960484;1842.93191215723;1842.92425069243;1849.71433292903,proposed_likelihood,stage2,3,6.750633867920915,3.7506338679209152,0.4,0.4487064894339387,0.04870648943393868,NA,0.6756755873118345,NA,NA,1.4925821305300957,NA,NA,-1.4925821305300957,NA,NA,-1.4925821305300957,NA,NA,NA,-0.7,-1.1166965535932891,-0.4166965535932892,0.15,0.13956439909952925,-0.01043560090047074,1,0.9156927108145424,-0.0843072891854576,5,-2.6432167509194864,-7.643216750919486,1.5,1.4137765743796238,-0.08622342562037622,0.8,0.9182202222131868,0.11822022221318684,53.98530806880353,53.985308068803505,2.842170943040401e-14,NA,NA,NA,NA,NA,NA,NA,NA,NA,NA,NA,NA,NA,NA,NA,NA,NA,NA,NA,NA,NA,NA,NA,NA,NA,NA,NA,NA,NA,NA,NA,NA,NA,NA,NA,NA,NA,NA,NA,NA,NA,NA,NA,NA,NA,NA,NA,NA,NA,NA,NA,NA,NA,NA,NA,NA,NA,NA,NA,NA,NA,NA,NA,NA,NA,NA,NA,NA,NA,NA,NA,NA,NA,NA,NA,NA,NA,NA,NA,NA,NA,NA,NA,NA,NA,NA,NA,NA,NA,NA,NA,NA,NA,NA,NA,NA,NA,NA,NA,NA,NA,NA,true,TRUE,TRUE,3686.7344979999634,3740.719806068767,3687.0017044776964,53.98530806880353,53.98530806880353,11.000000000000005,FALSE,17418.518,FALSE,TRUE,TRUE
contaminated_normal,contaminated normal,CN,EST,1,1000,434,0.434,NA,TRUE,TRUE,TRUE,0,CONVERGENCE: REL_REDUCTION_OF_F <= FACTR*EPSMCH,-1769.0141103749218,3562.0282207498435,3620.9212840976297,3562.344330172336,12,19783.917,NA,NA,NA,NA,4,stage2,1769.02038786851;1e+12;1e+12;1769.01648584159;1e+12;1e+12;1769.01965803347;1e+12;1e+12;1769.01952350878;1e+12;1e+12;1769.01923800738;1e+12;1e+12;1769.02093731162;1e+12;1e+12;1769.01987160699;1e+12;1e+12;1769.01642428027;1e+12;1e+12;1769.02039967776;1e+12;1e+12;1769.04031171474;1e+12;1e+12;1769.03641828866;1e+12;1e+12;1769.0302451387;1e+12;1e+12;1769.0192148432;1e+12;1e+12;1769.02570172641;1e+12;1e+12,proposed_likelihood,stage2,3,2.572789652719102,-0.4272103472808979,0.4,0.508556452408036,0.10855645240803602,NA,0.19901078264531247,NA,NA,-0.6476820687059799,NA,NA,-1.4925821305300957,NA,NA,-1.4925821305300957,NA,4,NA,-0.7,-1.2725217270399298,-0.5725217270399299,0.15,0.2072415477770252,0.05724154777702522,1,1.3239323504369178,0.3239323504369178,5,6.660057047118388,1.6600570471183884,1.5,1.517325291939339,0.01732529193933896,0.8,0.8250210646317879,0.02502106463178788,58.893063347785755,58.89306334778564,1.1368683772161603e-13,NA,NA,NA,NA,NA,NA,NA,NA,NA,NA,NA,NA,NA,NA,NA,NA,NA,NA,NA,NA,NA,NA,NA,NA,NA,NA,NA,NA,NA,NA,NA,NA,NA,NA,NA,NA,NA,NA,NA,NA,NA,NA,NA,NA,NA,NA,NA,NA,NA,NA,NA,NA,NA,NA,NA,NA,NA,NA,NA,NA,NA,NA,NA,NA,NA,NA,NA,NA,NA,NA,NA,NA,NA,NA,NA,NA,NA,NA,NA,NA,NA,NA,NA,NA,NA,NA,NA,NA,NA,NA,NA,NA,NA,NA,NA,NA,NA,NA,NA,NA,NA,NA,true,TRUE,TRUE,3562.0282207498435,3620.9212840976293,3562.344330172336,58.89306334778621,58.893063347785755,12.000000000000115,FALSE,19783.917,FALSE,FALSE,TRUE
contaminated_normal,contaminated normal,CN,NH,2,1000,443,0.443,NA,TRUE,TRUE,TRUE,0,NA,-1847.8394281393705,3711.678856278741,3750.9408985105974,3711.82416404867,8,119.378,NA,3697.678856278741,3702.586611557723,1.000000000000017,NA,HeckmanEM,NA,raw_AIC_BIC_implied_logLik,finite_logLik_no_explicit_code,3,5.287093586920932,2.287093586920932,0.4,0.803057845008267,0.403057845008267,NA,NA,NA,NA,NA,NA,NA,NA,NA,NA,NA,NA,NA,NA,-0.7,-0.5419171150311867,0.1580828849688133,0.15,0.1330720811334544,-0.0169279188665456,1,0.7879865534046776,-0.2120134465953224,5,3.131535917237698,-1.8684640827623016,1.5,1.3538290490768177,-0.14617095092318233,0.8,0.8951308818325437,0.0951308818325437,39.26204223185687,39.262042231857095,2.2737367544323206e-13,NA,NA,NA,NA,NA,NA,NA,NA,NA,NA,NA,NA,NA,NA,NA,NA,NA,NA,NA,NA,NA,NA,NA,NA,NA,NA,NA,NA,NA,NA,NA,NA,NA,NA,NA,NA,NA,NA,NA,NA,NA,NA,NA,NA,NA,NA,NA,NA,NA,NA,NA,NA,NA,NA,NA,NA,NA,NA,NA,NA,NA,NA,NA,NA,NA,NA,NA,NA,NA,NA,NA,NA,NA,NA,NA,NA,NA,NA,NA,NA,NA,NA,NA,NA,NA,NA,NA,NA,NA,NA,NA,NA,NA,NA,NA,NA,NA,NA,NA,NA,NA,NA,true,TRUE,TRUE,3711.678856278741,3750.9408985105983,3711.8241640486704,39.26204223185641,39.26204223185732,7.9999999999998614,FALSE,119.378,NA,NA,NA
contaminated_normal,contaminated normal,CN,HT,2,1000,443,0.443,NA,TRUE,TRUE,TRUE,0,NA,-1759.9198373006932,3535.8396746013864,3575.1017168332437,3535.9849823713157,8,96.151,NA,3521.8396746013864,3526.7474298803686,1.000000000000017,NA,HeckmanEM,NA,raw_AIC_BIC_implied_logLik,finite_logLik_no_explicit_code,3,2.6824284810017125,-0.3175715189982875,0.4,0.4732197189633927,0.07321971896339269,NA,NA,NA,NA,NA,NA,NA,NA,NA,NA,NA,NA,NA,NA,-0.7,-0.746217622682293,-0.04621762268229301,0.15,0.19532022865482243,0.04532022865482243,1,1.119481701062617,0.11948170106261702,5,4.844315320843065,-0.15568467915693507,1.5,1.497611567807176,-0.00238843219282403,0.8,0.9061861263249626,0.1061861263249626,39.26204223185732,39.262042231857095,2.2737367544323206e-13,NA,NA,NA,NA,NA,NA,NA,NA,NA,NA,NA,NA,NA,NA,NA,NA,NA,NA,NA,NA,NA,NA,NA,NA,NA,NA,NA,NA,NA,NA,NA,NA,NA,NA,NA,NA,NA,NA,NA,NA,NA,NA,NA,NA,NA,NA,NA,NA,NA,NA,NA,NA,NA,NA,NA,NA,NA,NA,NA,NA,NA,NA,NA,NA,NA,NA,NA,NA,NA,NA,NA,NA,NA,NA,NA,NA,NA,NA,NA,NA,NA,NA,NA,NA,NA,NA,NA,NA,NA,NA,NA,NA,NA,NA,NA,NA,NA,NA,NA,NA,NA,NA,true,TRUE,TRUE,3535.8396746013864,3575.1017168332437,3535.9849823713157,39.26204223185732,39.26204223185732,8.000000000000046,FALSE,96.151,NA,NA,NA
contaminated_normal,contaminated normal,CN,CN,2,1000,443,0.443,NA,TRUE,TRUE,TRUE,0,NA,-1751.9936917521643,3523.9873835043286,3573.06493629415,3524.2098304204055,10,179.59100000000004,NA,3505.9873835043286,3510.895138783311,1.000000000000017,NA,HeckmanEM,NA,raw_AIC_BIC_implied_logLik,finite_logLik_no_explicit_code,3,2.9959908362562224,-0.00400916374377757,0.4,0.4347768630661621,0.03477686306616207,NA,NA,NA,NA,NA,NA,NA,NA,NA,NA,NA,NA,NA,NA,-0.7,-0.6824006237421374,0.01759937625786256,0.15,0.17772746751009474,0.02772746751009475,1,1.0232592211285836,0.02325922112858358,5,4.868065866337994,-0.13193413366200613,1.5,1.4743550788295263,-0.02564492117047367,0.8,0.9261040757006836,0.1261040757006835,49.07755278982131,49.07755278982137,-5.684341886080802e-14,NA,NA,NA,NA,NA,NA,NA,NA,NA,NA,NA,NA,NA,NA,NA,NA,NA,NA,NA,NA,NA,NA,NA,NA,NA,NA,NA,NA,NA,NA,NA,NA,NA,NA,NA,NA,NA,NA,NA,NA,NA,NA,NA,NA,NA,NA,NA,NA,NA,NA,NA,NA,NA,NA,NA,NA,NA,NA,NA,NA,NA,NA,NA,NA,NA,NA,NA,NA,NA,NA,NA,NA,NA,NA,NA,NA,NA,NA,NA,NA,NA,NA,NA,NA,NA,NA,NA,NA,NA,NA,NA,NA,NA,NA,NA,NA,NA,NA,NA,NA,NA,NA,true,TRUE,TRUE,3523.9873835043286,3573.06493629415,3524.2098304204055,49.07755278982131,49.07755278982131,9.999999999999988,FALSE,179.59100000000004,NA,NA,NA
contaminated_normal,contaminated normal,CN,ESN,2,1000,443,0.443,NA,TRUE,TRUE,TRUE,0,CONVERGENCE: REL_REDUCTION_OF_F <= FACTR*EPSMCH,-1817.681801361008,3657.363602722016,3711.34891079082,3657.63080919975,11,18421.07,NA,NA,NA,NA,10,stage2,1843.31853955444;1843.35027673716;1843.30333685952;1843.70052069957;1843.30005567869;1817.71444483053;1843.32964191086;1843.31355789261;1843.31692190085;1817.75676449631;1843.34612392505;1843.31012882243;1843.3270184688;1847.83942799278,proposed_likelihood,stage2,3,6.511597988605441,3.511597988605441,0.4,0.6708693382564295,0.27086933825642945,NA,1.3607839500276993,NA,NA,1.4925821305300957,NA,NA,-1.4925821305300957,NA,NA,-1.4925821305300957,NA,NA,NA,-0.7,-1.2822440389073602,-0.5822440389073602,0.15,0.13957516236238351,-0.01042483763761648,1,0.8024269760609278,-0.19757302393907217,5,-2.421091376899534,-7.421091376899534,1.5,1.33680926398726,-0.16319073601274003,0.8,0.9216503644481332,0.12165036444813326,53.98530806880353,53.985308068803505,2.842170943040401e-14,NA,NA,NA,NA,NA,NA,NA,NA,NA,NA,NA,NA,NA,NA,NA,NA,NA,NA,NA,NA,NA,NA,NA,NA,NA,NA,NA,NA,NA,NA,NA,NA,NA,NA,NA,NA,NA,NA,NA,NA,NA,NA,NA,NA,NA,NA,NA,NA,NA,NA,NA,NA,NA,NA,NA,NA,NA,NA,NA,NA,NA,NA,NA,NA,NA,NA,NA,NA,NA,NA,NA,NA,NA,NA,NA,NA,NA,NA,NA,NA,NA,NA,NA,NA,NA,NA,NA,NA,NA,NA,NA,NA,NA,NA,NA,NA,NA,NA,NA,NA,NA,NA,true,TRUE,TRUE,3657.363602722016,3711.3489107908194,3657.630809199749,53.98530806880399,53.98530806880353,11.000000000000098,FALSE,18421.07,FALSE,TRUE,TRUE
contaminated_normal,contaminated normal,CN,EST,2,1000,443,0.443,NA,TRUE,TRUE,TRUE,0,CONVERGENCE: REL_REDUCTION_OF_F <= FACTR*EPSMCH,-1759.135215314913,3542.270430629826,3601.163493977612,3542.5865400523185,12,18846.582,NA,NA,NA,NA,16,stage2,1759.20660651797;1e+12;1e+12;1759.20280119731;1e+12;1e+12;1759.20317425146;1e+12;1e+12;1759.20869403091;1e+12;1e+12;1759.20547067271;1e+12;1e+12;1759.16210581981;1e+12;1e+12;1759.20255628272;1e+12;1e+12;1759.21140470187;1e+12;1e+12;1759.20362984089;1e+12;1e+12;1759.13560421396;1e+12;1e+12;1759.20956904322;1e+12;1e+12;1759.21316529675;1e+12;1e+12;1759.20316352462;1e+12;1e+12;1759.22430449053;1e+12;1e+12,proposed_likelihood,stage2,3,2.985480881553065,-0.01451911844693487,0.4,0.3897262611278789,-0.01027373887212113,NA,0.6233634122054321,NA,NA,0.8681841611327489,NA,NA,1.4925821305300957,NA,NA,1.4925821305300957,NA,4,NA,-0.7,-0.8346484160379797,-0.13464841603797972,0.15,0.1824977778251251,0.03249777782512514,1,1.0319591613787449,0.03195916137874466,5,4.46925017016671,-0.5307498298332902,1.5,1.504173802011742,0.00417380201174188,0.8,0.911882498636609,0.11188249863660892,58.893063347785755,58.89306334778564,1.1368683772161603e-13,NA,NA,NA,NA,NA,NA,NA,NA,NA,NA,NA,NA,NA,NA,NA,NA,NA,NA,NA,NA,NA,NA,NA,NA,NA,NA,NA,NA,NA,NA,NA,NA,NA,NA,NA,NA,NA,NA,NA,NA,NA,NA,NA,NA,NA,NA,NA,NA,NA,NA,NA,NA,NA,NA,NA,NA,NA,NA,NA,NA,NA,NA,NA,NA,NA,NA,NA,NA,NA,NA,NA,NA,NA,NA,NA,NA,NA,NA,NA,NA,NA,NA,NA,NA,NA,NA,NA,NA,NA,NA,NA,NA,NA,NA,NA,NA,NA,NA,NA,NA,NA,NA,true,TRUE,TRUE,3542.270430629826,3601.163493977612,3542.5865400523185,58.893063347785755,58.893063347785755,12.000000000000023,FALSE,18846.582,FALSE,FALSE,TRUE
contaminated_normal,contaminated normal,CN,NH,3,1000,445,0.445,NA,TRUE,TRUE,TRUE,0,NA,-1846.8789177362623,3709.757835472525,3749.0198777043825,3709.9031432424545,8,15.332999999999998,NA,3695.757835472525,3700.6655907515074,1.000000000000017,NA,HeckmanEM,NA,raw_AIC_BIC_implied_logLik,finite_logLik_no_explicit_code,3,4.198630589840239,1.1986305898402394,0.4,0.11842571006447924,-0.2815742899355208,NA,NA,NA,NA,NA,NA,NA,NA,NA,NA,NA,NA,NA,NA,-0.7,-0.6511146678548299,0.0488853321451701,0.15,0.14764663848073578,-0.00235336151926421,1,0.9518303766653772,-0.04816962333462271,5,5.786524021243161,0.786524021243161,1.5,1.5372127157179805,0.03721271571798046,0.8,0.9146756295808828,0.11467562958088262,39.26204223185732,39.262042231857095,-2.2737367544323206e-13,NA,NA,NA,NA,NA,NA,NA,NA,NA,NA,NA,NA,NA,NA,NA,NA,NA,NA,NA,NA,NA,NA,NA,NA,NA,NA,NA,NA,NA,NA,NA,NA,NA,NA,NA,NA,NA,NA,NA,NA,NA,NA,NA,NA,NA,NA,NA,NA,NA,NA,NA,NA,NA,NA,NA,NA,NA,NA,NA,NA,NA,NA,NA,NA,NA,NA,NA,NA,NA,NA,NA,NA,NA,NA,NA,NA,NA,NA,NA,NA,NA,NA,NA,NA,NA,NA,NA,NA,NA,NA,NA,NA,NA,NA,NA,NA,NA,NA,NA,NA,NA,NA,true,TRUE,TRUE,3709.7578354725247,3749.0198777043815,3709.903143242454,39.26204223185732,39.26204223185687,8.000000000000046,FALSE,15.332999999999998,NA,NA,NA
contaminated_normal,contaminated normal,CN,HT,3,1000,445,0.445,NA,TRUE,TRUE,TRUE,0,NA,-1779.143681076521,3574.287362153042,3613.5494043848994,3574.4326699229714,8,112.963,NA,3560.287362153042,3565.1951174320243,1.000000000000017,NA,HeckmanEM,NA,raw_AIC_BIC_implied_logLik,finite_logLik_no_explicit_code,3,2.6592606881069702,-0.34073931189302975,0.4,0.2645992884960024,-0.13540071150399763,NA,NA,NA,NA,NA,NA,NA,NA,NA,NA,NA,NA,NA,NA,-0.7,-0.7178579839844079,-0.01785798398440796,0.15,0.16770262660955268,0.01770262660955268,1,1.0495556848988747,0.04955568489887474,5,5.249412404238044,0.2494124042380443,1.5,1.6201186081662429,0.12011860816624288,0.8,0.9345081134869504,0.13450811348695024,39.26204223185732,39.262042231857095,2.2737367544323206e-13,NA,NA,NA,NA,NA,NA,NA,NA,NA,NA,NA,NA,NA,NA,NA,NA,NA,NA,NA,NA,NA,NA,NA,NA,NA,NA,NA,NA,NA,NA,NA,NA,NA,NA,NA,NA,NA,NA,NA,NA,NA,NA,NA,NA,NA,NA,NA,NA,NA,NA,NA,NA,NA,NA,NA,NA,NA,NA,NA,NA,NA,NA,NA,NA,NA,NA,NA,NA,NA,NA,NA,NA,NA,NA,NA,NA,NA,NA,NA,NA,NA,NA,NA,NA,NA,NA,NA,NA,NA,NA,NA,NA,NA,NA,NA,NA,NA,NA,NA,NA,NA,NA,true,TRUE,TRUE,3574.287362153042,3613.5494043848994,3574.4326699229714,39.26204223185732,39.26204223185732,8.000000000000046,FALSE,112.963,NA,NA,NA
contaminated_normal,contaminated normal,CN,CN,3,1000,445,0.445,NA,TRUE,TRUE,TRUE,0,NA,-1773.174918033112,3566.349836066224,3615.427388856045,3566.5722829823007,10,191.21,NA,3548.349836066224,3553.257591345206,1.000000000000017,NA,HeckmanEM,NA,raw_AIC_BIC_implied_logLik,finite_logLik_no_explicit_code,3,2.8479506988359686,-0.15204930116403137,0.4,0.2356440067804098,-0.1643559932195902,NA,NA,NA,NA,NA,NA,NA,NA,NA,NA,NA,NA,NA,NA,-0.7,-0.6953534944130656,0.00464650558693435,0.15,0.15936220910667462,0.00936220910667462,1,1.0179892016518337,0.01798920165183348,5,5.329678521753312,0.329678521753312,1.5,1.6198663837503895,0.11986638375038972,0.8,0.9400592648874782,0.1400592648874781,49.07755278982131,49.07755278982137,-5.684341886080802e-14,NA,NA,NA,NA,NA,NA,NA,NA,NA,NA,NA,NA,NA,NA,NA,NA,NA,NA,NA,NA,NA,NA,NA,NA,NA,NA,NA,NA,NA,NA,NA,NA,NA,NA,NA,NA,NA,NA,NA,NA,NA,NA,NA,NA,NA,NA,NA,NA,NA,NA,NA,NA,NA,NA,NA,NA,NA,NA,NA,NA,NA,NA,NA,NA,NA,NA,NA,NA,NA,NA,NA,NA,NA,NA,NA,NA,NA,NA,NA,NA,NA,NA,NA,NA,NA,NA,NA,NA,NA,NA,NA,NA,NA,NA,NA,NA,NA,NA,NA,NA,NA,NA,true,TRUE,TRUE,3566.349836066224,3615.427388856045,3566.5722829823007,49.07755278982131,49.07755278982131,9.999999999999988,FALSE,191.21,NA,NA,NA
contaminated_normal,contaminated normal,CN,ESN,3,1000,445,0.445,NA,TRUE,TRUE,TRUE,0,CONVERGENCE: REL_REDUCTION_OF_F <= FACTR*EPSMCH,-1824.351870639444,3670.703741278888,3724.689049347692,3670.970947756621,11,14829.828,NA,NA,NA,NA,6,stage2,1846.87900975843;1825.95619825662;1846.87943209888;1846.74828038107;1834.20778182722;1824.35257723145;1846.75007761157;1825.68580196117;1846.87903066823;1824.39681777883;1846.67419069267;1846.87893160635;1846.87894242937;1846.87891723994,proposed_likelihood,stage2,3,5.831358771398419,2.8313587713984187,0.4,0.22508075111339848,-0.17491924888660154,NA,0.4424293383002843,NA,NA,1.4925821305300957,NA,NA,-1.4925821305300957,NA,NA,-1.4925821305300957,NA,NA,NA,-0.7,-0.96459591536222,-0.26459591536222016,0.15,0.14459689654040955,-0.00540310345959044,1,0.932307202917466,-0.06769279708253406,5,-0.8208737185600623,-5.820873718560062,1.5,1.5515726611524905,0.05157266115249026,0.8,0.9055495396212386,0.1055495396212386,53.98530806880353,53.985308068803505,2.842170943040401e-14,NA,NA,NA,NA,NA,NA,NA,NA,NA,NA,NA,NA,NA,NA,NA,NA,NA,NA,NA,NA,NA,NA,NA,NA,NA,NA,NA,NA,NA,NA,NA,NA,NA,NA,NA,NA,NA,NA,NA,NA,NA,NA,NA,NA,NA,NA,NA,NA,NA,NA,NA,NA,NA,NA,NA,NA,NA,NA,NA,NA,NA,NA,NA,NA,NA,NA,NA,NA,NA,NA,NA,NA,NA,NA,NA,NA,NA,NA,NA,NA,NA,NA,NA,NA,NA,NA,NA,NA,NA,NA,NA,NA,NA,NA,NA,NA,NA,NA,NA,NA,NA,NA,true,TRUE,TRUE,3670.703741278888,3724.6890493476917,3670.970947756621,53.98530806880399,53.98530806880353,11.000000000000098,FALSE,14829.828,FALSE,TRUE,TRUE
contaminated_normal,contaminated normal,CN,EST,3,1000,445,0.445,NA,TRUE,TRUE,TRUE,0,CONVERGENCE: REL_REDUCTION_OF_F <= FACTR*EPSMCH,-1777.4012125254865,3578.802425050973,3637.6954883987582,3579.1185344734654,12,18580.617,NA,NA,NA,NA,4,stage2,1777.40273207574;1e+12;1e+12;1777.40121399848;1e+12;1e+12;1777.40477693714;1e+12;1e+12;1777.40734007474;1e+12;1e+12;1777.40892090687;1e+12;1e+12;1777.41121674843;1e+12;1e+12;1777.40346042636;1e+12;1e+12;1777.4382427673;1e+12;1e+12;1777.40517998708;1e+12;1e+12;1777.4121436074;1e+12;1e+12;1777.42775200912;1e+12;1e+12;1777.40130925741;1e+12;1e+12;1777.4012518219;1e+12;1e+12;1777.4015102277;1e+12;1e+12,proposed_likelihood,stage2,3,2.7730508088942716,-0.2269491911057284,0.4,-0.17908846204692774,-0.5790884620469278,NA,-0.7742900185497703,NA,NA,0.7103300539341474,NA,NA,-1.3771352486432185,NA,NA,-1.3771352486432185,NA,4,NA,-0.7,0.16464417924592817,0.8646441792459281,0.15,0.17350542027264176,0.02350542027264177,1,1.0892938631622753,0.08929386316227528,5,2.964980577052746,-2.035019422947254,1.5,1.6486819191623754,0.1486819191623754,0.8,0.945619239612516,0.1456192396125161,58.893063347785755,58.89306334778564,1.1368683772161603e-13,NA,NA,NA,NA,NA,NA,NA,NA,NA,NA,NA,NA,NA,NA,NA,NA,NA,NA,NA,NA,NA,NA,NA,NA,NA,NA,NA,NA,NA,NA,NA,NA,NA,NA,NA,NA,NA,NA,NA,NA,NA,NA,NA,NA,NA,NA,NA,NA,NA,NA,NA,NA,NA,NA,NA,NA,NA,NA,NA,NA,NA,NA,NA,NA,NA,NA,NA,NA,NA,NA,NA,NA,NA,NA,NA,NA,NA,NA,NA,NA,NA,NA,NA,NA,NA,NA,NA,NA,NA,NA,NA,NA,NA,NA,NA,NA,NA,NA,NA,NA,NA,NA,true,TRUE,TRUE,3578.802425050973,3637.6954883987587,3579.1185344734654,58.8930633477853,58.893063347785755,11.99999999999993,FALSE,18580.617,FALSE,FALSE,FALSE
contaminated_normal,contaminated normal,CN,NH,4,1000,473,0.473,NA,TRUE,TRUE,TRUE,0,NA,-1999.2724329100483,4014.5448658200967,4053.8069080519535,4014.690173590026,8,69.251,NA,4000.5448658200967,4005.452621099079,1.000000000000017,NA,HeckmanEM,NA,raw_AIC_BIC_implied_logLik,finite_logLik_no_explicit_code,3,4.979983876067968,1.979983876067968,0.4,0.4595533566846673,0.05955335668466727,NA,NA,NA,NA,NA,NA,NA,NA,NA,NA,NA,NA,NA,NA,-0.7,-0.5053447814657908,0.1946552185342092,0.15,0.1250204113893812,-0.0249795886106188,1,0.8196201255754249,-0.18037987442457515,5,4.047529265328717,-0.9524707346712828,1.5,1.185818984997404,-0.3141810150025959,0.8,0.960049466523922,0.16004946652392182,39.26204223185687,39.262042231857095,-2.2737367544323206e-13,NA,NA,NA,NA,NA,NA,NA,NA,NA,NA,NA,NA,NA,NA,NA,NA,NA,NA,NA,NA,NA,NA,NA,NA,NA,NA,NA,NA,NA,NA,NA,NA,NA,NA,NA,NA,NA,NA,NA,NA,NA,NA,NA,NA,NA,NA,NA,NA,NA,NA,NA,NA,NA,NA,NA,NA,NA,NA,NA,NA,NA,NA,NA,NA,NA,NA,NA,NA,NA,NA,NA,NA,NA,NA,NA,NA,NA,NA,NA,NA,NA,NA,NA,NA,NA,NA,NA,NA,NA,NA,NA,NA,NA,NA,NA,NA,NA,NA,NA,NA,NA,NA,true,TRUE,TRUE,4014.5448658200967,4053.8069080519535,4014.690173590026,39.26204223185687,39.26204223185687,7.999999999999954,FALSE,69.251,NA,NA,NA
contaminated_normal,contaminated normal,CN,HT,4,1000,473,0.473,NA,TRUE,TRUE,TRUE,0,NA,-1901.979245986713,3819.958491973426,3859.220534205283,3820.103799743355,8,113.074,NA,3805.958491973426,3810.866247252408,1.000000000000017,NA,HeckmanEM,NA,raw_AIC_BIC_implied_logLik,finite_logLik_no_explicit_code,3,2.864270563678067,-0.1357294363219328,0.4,0.4402393466853761,0.0402393466853761,NA,NA,NA,NA,NA,NA,NA,NA,NA,NA,NA,NA,NA,NA,-0.7,-0.5904202415753781,0.10957975842462186,0.15,0.14823561734820953,-0.00176438265179046,1,0.9702059177364476,-0.0297940822635524,5,4.58737900318827,-0.4126209968117296,1.5,1.3994773854740734,-0.1005226145259266,0.8,0.9587712668570584,0.15877126685705845,39.26204223185687,39.262042231857095,-2.2737367544323206e-13,NA,NA,NA,NA,NA,NA,NA,NA,NA,NA,NA,NA,NA,NA,NA,NA,NA,NA,NA,NA,NA,NA,NA,NA,NA,NA,NA,NA,NA,NA,NA,NA,NA,NA,NA,NA,NA,NA,NA,NA,NA,NA,NA,NA,NA,NA,NA,NA,NA,NA,NA,NA,NA,NA,NA,NA,NA,NA,NA,NA,NA,NA,NA,NA,NA,NA,NA,NA,NA,NA,NA,NA,NA,NA,NA,NA,NA,NA,NA,NA,NA,NA,NA,NA,NA,NA,NA,NA,NA,NA,NA,NA,NA,NA,NA,NA,NA,NA,NA,NA,NA,NA,true,TRUE,TRUE,3819.958491973426,3859.220534205283,3820.1037997433555,39.26204223185687,39.26204223185687,7.999999999999954,FALSE,113.074,NA,NA,NA
contaminated_normal,contaminated normal,CN,CN,4,1000,473,0.473,NA,TRUE,TRUE,TRUE,0,NA,-1892.9757347732589,3805.9514695465177,3855.029022336339,3806.173916462594,10,183.27,NA,3787.9514695465177,3792.8592248255,1.000000000000017,NA,HeckmanEM,NA,raw_AIC_BIC_implied_logLik,finite_logLik_no_explicit_code,3,3.2112311164841287,0.21123111648412873,0.4,0.4842840079306686,0.08428400793066865,NA,NA,NA,NA,NA,NA,NA,NA,NA,NA,NA,NA,NA,NA,-0.7,-0.5702097762084073,0.12979022379159266,0.15,0.1393454518654399,-0.01065454813456009,1,0.9292293155489566,-0.0707706844510434,5,4.509770811121071,-0.49022918887892875,1.5,1.3332707827373116,-0.1667292172626884,0.8,0.9378029038869208,0.13780290388692085,49.07755278982131,49.07755278982137,-5.684341886080802e-14,NA,NA,NA,NA,NA,NA,NA,NA,NA,NA,NA,NA,NA,NA,NA,NA,NA,NA,NA,NA,NA,NA,NA,NA,NA,NA,NA,NA,NA,NA,NA,NA,NA,NA,NA,NA,NA,NA,NA,NA,NA,NA,NA,NA,NA,NA,NA,NA,NA,NA,NA,NA,NA,NA,NA,NA,NA,NA,NA,NA,NA,NA,NA,NA,NA,NA,NA,NA,NA,NA,NA,NA,NA,NA,NA,NA,NA,NA,NA,NA,NA,NA,NA,NA,NA,NA,NA,NA,NA,NA,NA,NA,NA,NA,NA,NA,NA,NA,NA,NA,NA,NA,true,TRUE,TRUE,3805.9514695465177,3855.029022336339,3806.1739164625947,49.07755278982131,49.07755278982131,9.999999999999988,FALSE,183.27,NA,NA,NA
contaminated_normal,contaminated normal,CN,ESN,4,1000,473,0.473,NA,TRUE,TRUE,TRUE,0,CONVERGENCE: REL_REDUCTION_OF_F <= FACTR*EPSMCH,-1988.8713787211343,3999.7427574422686,4053.728065511072,4000.0099639200016,11,17926.395,NA,NA,NA,NA,2,stage2,1988.87778072045;1988.87138150706;1988.89214634495;1996.08743003346;1988.87198482318;1999.27619898068;1999.2763093515;1988.88131772068;1988.87337852246;1989.76140459284;1988.917026634;1988.87412625659;1988.87639967622;1999.27243269504,proposed_likelihood,stage2,3,5.676314993470647,2.6763149934706467,0.4,0.419928711122446,0.01992871112244598,NA,1.094278000965361,NA,NA,-1.4925821305300957,NA,NA,-1.4925821305300957,NA,NA,-1.4925821305300957,NA,NA,NA,-0.7,-1.0857418664387408,-0.38574186643874087,0.15,0.10051539158403332,-0.04948460841596668,1,0.6633149791676662,-0.33668502083233376,5,6.056632749758327,1.056632749758327,1.5,1.2141046396185906,-0.2858953603814094,0.8,0.9742155607647132,0.17421556076471312,53.98530806880353,53.985308068803505,2.842170943040401e-14,NA,NA,NA,NA,NA,NA,NA,NA,NA,NA,NA,NA,NA,NA,NA,NA,NA,NA,NA,NA,NA,NA,NA,NA,NA,NA,NA,NA,NA,NA,NA,NA,NA,NA,NA,NA,NA,NA,NA,NA,NA,NA,NA,NA,NA,NA,NA,NA,NA,NA,NA,NA,NA,NA,NA,NA,NA,NA,NA,NA,NA,NA,NA,NA,NA,NA,NA,NA,NA,NA,NA,NA,NA,NA,NA,NA,NA,NA,NA,NA,NA,NA,NA,NA,NA,NA,NA,NA,NA,NA,NA,NA,NA,NA,NA,NA,NA,NA,NA,NA,NA,NA,true,TRUE,TRUE,3999.7427574422686,4053.728065511072,4000.0099639200016,53.98530806880353,53.98530806880353,11.000000000000005,FALSE,17926.395,FALSE,TRUE,TRUE
contaminated_normal,contaminated normal,CN,EST,4,1000,473,0.473,NA,TRUE,TRUE,TRUE,0,CONVERGENCE: REL_REDUCTION_OF_F <= FACTR*EPSMCH,-1901.8197509807735,3827.639501961547,3886.532565309333,3827.95561138404,12,19686.011,NA,NA,NA,NA,34,stage2,1901.82837925286;1e+12;1e+12;1901.8232398669;1e+12;1e+12;1901.82702843269;1e+12;1e+12;1901.85561549885;1e+12;1e+12;1901.83503732166;1e+12;1e+12;1901.87860448915;1e+12;1e+12;1901.82075697448;1e+12;1e+12;1901.82728432101;1e+12;1e+12;1901.82723040437;1e+12;1e+12;1901.83681606288;1e+12;1e+12;1901.85058151264;1e+12;1e+12;1901.82002414309;1e+12;1e+12;1901.83671409523;1e+12;1e+12;1901.83297398409;1e+12;1e+12,proposed_likelihood,stage2,3,2.693226583459132,-0.30677341654086776,0.4,0.5649923955878973,0.16499239558789724,NA,-0.2091350884178091,NA,NA,-0.5028383739216272,NA,NA,-1.4925821305300957,NA,NA,-1.4925821305300957,NA,4,NA,-0.7,-0.3437465094356176,0.3562534905643824,0.15,0.1806987410496212,0.03069874104962119,1,1.1877661172305607,0.1877661172305607,5,6.866901200160218,1.8669012001602177,1.5,1.37967001937964,-0.12032998062035992,0.8,0.9560566821252282,0.15605668212522816,58.893063347785755,58.89306334778564,1.1368683772161603e-13,NA,NA,NA,NA,NA,NA,NA,NA,NA,NA,NA,NA,NA,NA,NA,NA,NA,NA,NA,NA,NA,NA,NA,NA,NA,NA,NA,NA,NA,NA,NA,NA,NA,NA,NA,NA,NA,NA,NA,NA,NA,NA,NA,NA,NA,NA,NA,NA,NA,NA,NA,NA,NA,NA,NA,NA,NA,NA,NA,NA,NA,NA,NA,NA,NA,NA,NA,NA,NA,NA,NA,NA,NA,NA,NA,NA,NA,NA,NA,NA,NA,NA,NA,NA,NA,NA,NA,NA,NA,NA,NA,NA,NA,NA,NA,NA,NA,NA,NA,NA,NA,NA,true,TRUE,TRUE,3827.639501961547,3886.5325653093328,3827.9556113840395,58.89306334778621,58.893063347785755,12.000000000000115,FALSE,19686.011,FALSE,FALSE,TRUE
contaminated_normal,contaminated normal,CN,NH,5,1000,463,0.463,NA,TRUE,TRUE,TRUE,0,NA,-1901.0123083641336,3818.024616728267,3857.286658960125,3818.169924498197,8,83.91,NA,3804.024616728267,3808.93237200725,1.000000000000017,NA,HeckmanEM,NA,raw_AIC_BIC_implied_logLik,finite_logLik_no_explicit_code,3,4.1345492254695015,1.1345492254695015,0.4,0.18830419962646697,-0.21169580037353308,NA,NA,NA,NA,NA,NA,NA,NA,NA,NA,NA,NA,NA,NA,-0.7,-0.5368117430041813,0.16318825699581865,0.15,0.15124126810597832,0.00124126810597832,1,0.8025870380446787,-0.19741296195532132,5,5.431962089534305,0.4319620895343048,1.5,1.566742181097154,0.06674218109715402,0.8,0.9320985974651668,0.13209859746516672,39.26204223185732,39.262042231857095,2.2737367544323206e-13,NA,NA,NA,NA,NA,NA,NA,NA,NA,NA,NA,NA,NA,NA,NA,NA,NA,NA,NA,NA,NA,NA,NA,NA,NA,NA,NA,NA,NA,NA,NA,NA,NA,NA,NA,NA,NA,NA,NA,NA,NA,NA,NA,NA,NA,NA,NA,NA,NA,NA,NA,NA,NA,NA,NA,NA,NA,NA,NA,NA,NA,NA,NA,NA,NA,NA,NA,NA,NA,NA,NA,NA,NA,NA,NA,NA,NA,NA,NA,NA,NA,NA,NA,NA,NA,NA,NA,NA,NA,NA,NA,NA,NA,NA,NA,NA,NA,NA,NA,NA,NA,NA,true,TRUE,TRUE,3818.024616728267,3857.2866589601244,3818.1699244981965,39.26204223185778,39.26204223185732,8.000000000000139,FALSE,83.91,NA,NA,NA
contaminated_normal,contaminated normal,CN,HT,5,1000,463,0.463,NA,TRUE,TRUE,TRUE,0,NA,-1834.135905350563,3684.271810701126,3723.533852932983,3684.4171184710553,8,109.93600000000002,NA,3670.271810701126,3675.179565980108,1.000000000000017,NA,HeckmanEM,NA,raw_AIC_BIC_implied_logLik,finite_logLik_no_explicit_code,3,2.7101467623724123,-0.28985323762758775,0.4,0.38622903324521407,-0.01377096675478595,NA,NA,NA,NA,NA,NA,NA,NA,NA,NA,NA,NA,NA,NA,-0.7,-0.6021599838371976,0.09784001616280236,0.15,0.16939968595614624,0.01939968595614624,1,0.8879137317549906,-0.11208626824500945,5,5.130894202208219,0.13089420220821868,1.5,1.479761133180703,-0.02023886681929698,0.8,0.818834061093213,0.01883406109321295,39.26204223185687,39.262042231857095,-2.2737367544323206e-13,NA,NA,NA,NA,NA,NA,NA,NA,NA,NA,NA,NA,NA,NA,NA,NA,NA,NA,NA,NA,NA,NA,NA,NA,NA,NA,NA,NA,NA,NA,NA,NA,NA,NA,NA,NA,NA,NA,NA,NA,NA,NA,NA,NA,NA,NA,NA,NA,NA,NA,NA,NA,NA,NA,NA,NA,NA,NA,NA,NA,NA,NA,NA,NA,NA,NA,NA,NA,NA,NA,NA,NA,NA,NA,NA,NA,NA,NA,NA,NA,NA,NA,NA,NA,NA,NA,NA,NA,NA,NA,NA,NA,NA,NA,NA,NA,NA,NA,NA,NA,NA,NA,true,TRUE,TRUE,3684.271810701126,3723.533852932983,3684.4171184710553,39.26204223185687,39.26204223185687,7.999999999999954,FALSE,109.93600000000002,NA,NA,NA
contaminated_normal,contaminated normal,CN,CN,5,1000,463,0.463,NA,TRUE,TRUE,TRUE,0,NA,-1829.6131249221023,3679.2262498442046,3728.303802634026,3679.4486967602816,10,185.472,NA,3661.2262498442046,3666.134005123187,1.000000000000017,NA,HeckmanEM,NA,raw_AIC_BIC_implied_logLik,finite_logLik_no_explicit_code,3,3.0026172323675784,0.00261723236757838,0.4,0.3853877543093197,-0.01461224569068031,NA,NA,NA,NA,NA,NA,NA,NA,NA,NA,NA,NA,NA,NA,-0.7,-0.5665563969954157,0.13344360300458424,0.15,0.16075325373488708,0.01075325373488708,1,0.8439162047268585,-0.1560837952731415,5,5.135065647319855,0.1350656473198546,1.5,1.4897096130933265,-0.01029038690667349,0.8,0.8067377314406511,0.00673773144065104,49.07755278982131,49.07755278982137,-5.684341886080802e-14,NA,NA,NA,NA,NA,NA,NA,NA,NA,NA,NA,NA,NA,NA,NA,NA,NA,NA,NA,NA,NA,NA,NA,NA,NA,NA,NA,NA,NA,NA,NA,NA,NA,NA,NA,NA,NA,NA,NA,NA,NA,NA,NA,NA,NA,NA,NA,NA,NA,NA,NA,NA,NA,NA,NA,NA,NA,NA,NA,NA,NA,NA,NA,NA,NA,NA,NA,NA,NA,NA,NA,NA,NA,NA,NA,NA,NA,NA,NA,NA,NA,NA,NA,NA,NA,NA,NA,NA,NA,NA,NA,NA,NA,NA,NA,NA,NA,NA,NA,NA,NA,NA,true,TRUE,TRUE,3679.2262498442046,3728.303802634026,3679.4486967602816,49.07755278982131,49.07755278982131,9.999999999999988,FALSE,185.472,NA,NA,NA
contaminated_normal,contaminated normal,CN,ESN,5,1000,463,0.463,NA,TRUE,TRUE,TRUE,0,CONVERGENCE: REL_REDUCTION_OF_F <= FACTR*EPSMCH,-1876.3008904864048,3774.601780972809,3828.5870890416127,3774.868987450542,11,16513.042,NA,NA,NA,NA,6,stage2,1901.01255311626;1876.34102761789;1876.69449841379;1878.50927517446;1897.60087993949;1876.3555404847;1897.86936125657;1897.61500225054;1897.61277296725;1876.3793279251;1897.59675023534;1901.01274467059;1901.01260295611;1901.01230730878,proposed_likelihood,stage2,3,5.779737768360422,2.7797377683604223,0.4,0.36586034847675136,-0.03413965152324866,NA,0.7070600169150003,NA,NA,1.4925821305300957,NA,NA,-1.4925821305300957,NA,NA,-1.4925821305300957,NA,NA,NA,-0.7,-0.9976985949270012,-0.29769859492700135,0.15,0.14342609953219074,-0.00657390046780925,1,0.7592733287139306,-0.2407266712860694,5,-1.0707098159665869,-6.070709815966587,1.5,1.5612217266408104,0.06122172664081038,0.8,0.8910224526889021,0.09102245268890208,53.98530806880353,53.985308068803505,2.842170943040401e-14,NA,NA,NA,NA,NA,NA,NA,NA,NA,NA,NA,NA,NA,NA,NA,NA,NA,NA,NA,NA,NA,NA,NA,NA,NA,NA,NA,NA,NA,NA,NA,NA,NA,NA,NA,NA,NA,NA,NA,NA,NA,NA,NA,NA,NA,NA,NA,NA,NA,NA,NA,NA,NA,NA,NA,NA,NA,NA,NA,NA,NA,NA,NA,NA,NA,NA,NA,NA,NA,NA,NA,NA,NA,NA,NA,NA,NA,NA,NA,NA,NA,NA,NA,NA,NA,NA,NA,NA,NA,NA,NA,NA,NA,NA,NA,NA,NA,NA,NA,NA,NA,NA,true,TRUE,TRUE,3774.6017809728096,3828.587089041613,3774.8689874505426,53.98530806880353,53.98530806880353,11.000000000000005,FALSE,16513.042,FALSE,TRUE,TRUE
contaminated_normal,contaminated normal,CN,EST,5,1000,463,0.463,NA,TRUE,TRUE,TRUE,0,CONVERGENCE: REL_REDUCTION_OF_F <= FACTR*EPSMCH,-1832.2364144271296,3688.472828854259,3747.365892202045,3688.788938276751,12,19605.241,NA,NA,NA,NA,22,stage2,1832.42336579184;1e+12;1e+12;1832.41377200867;1e+12;1e+12;1832.24650609587;1e+12;1e+12;1832.25979292934;1e+12;1e+12;1832.23694499276;1e+12;1e+12;1832.23875323607;1e+12;1e+12;1832.42576638069;1e+12;1e+12;1832.23691379464;1e+12;1e+12;1832.24598406488;1e+12;1e+12;1832.24653758805;1e+12;1e+12;1832.23747399682;1e+12;1e+12;1832.23851812317;1e+12;1e+12;1832.28107360729;1e+12;1e+12;1832.2367581704;1e+12;1e+12,proposed_likelihood,stage2,3,2.674449115651655,-0.32555088434834456,0.4,0.43669223648691297,0.03669223648691294,NA,1.4925821305300957,NA,NA,0.03283849650386261,NA,NA,0.333196216650794,NA,NA,0.333196216650794,NA,4,NA,-0.7,-1.081410148845416,-0.381410148845416,0.15,0.13369775600743386,-0.01630224399256613,1,0.7166322241695992,-0.28336777583040085,5,4.442370855494306,-0.557629144505694,1.5,1.4771220385069732,-0.02287796149302679,0.8,0.8226003400829184,0.02260034008291833,58.893063347785755,58.89306334778564,1.1368683772161603e-13,NA,NA,NA,NA,NA,NA,NA,NA,NA,NA,NA,NA,NA,NA,NA,NA,NA,NA,NA,NA,NA,NA,NA,NA,NA,NA,NA,NA,NA,NA,NA,NA,NA,NA,NA,NA,NA,NA,NA,NA,NA,NA,NA,NA,NA,NA,NA,NA,NA,NA,NA,NA,NA,NA,NA,NA,NA,NA,NA,NA,NA,NA,NA,NA,NA,NA,NA,NA,NA,NA,NA,NA,NA,NA,NA,NA,NA,NA,NA,NA,NA,NA,NA,NA,NA,NA,NA,NA,NA,NA,NA,NA,NA,NA,NA,NA,NA,NA,NA,NA,NA,NA,true,TRUE,TRUE,3688.472828854259,3747.365892202045,3688.7889382767517,58.893063347785755,58.893063347785755,12.000000000000023,FALSE,19605.241,TRUE,FALSE,FALSE
contaminated_normal,contaminated normal,CN,NH,6,1000,428,0.428,NA,TRUE,TRUE,TRUE,0,NA,-1811.5114782172495,3639.022956434499,3678.284998666357,3639.168264204429,8,126.259,NA,3625.022956434499,3629.9307117134817,1.000000000000017,NA,HeckmanEM,NA,raw_AIC_BIC_implied_logLik,finite_logLik_no_explicit_code,3,4.855839668698583,1.8558396686985832,0.4,0.5770365609783894,0.17703656097838938,NA,NA,NA,NA,NA,NA,NA,NA,NA,NA,NA,NA,NA,NA,-0.7,-0.6739005101206446,0.02609948987935539,0.15,0.1296323777970683,-0.0203676222029317,1,0.9880933847320408,-0.01190661526795922,5,3.717691766695465,-1.2823082333045348,1.5,1.69452520061343,0.19452520061342993,0.8,0.9130768542127256,0.11307685421272552,39.26204223185732,39.262042231857095,-2.2737367544323206e-13,NA,NA,NA,NA,NA,NA,NA,NA,NA,NA,NA,NA,NA,NA,NA,NA,NA,NA,NA,NA,NA,NA,NA,NA,NA,NA,NA,NA,NA,NA,NA,NA,NA,NA,NA,NA,NA,NA,NA,NA,NA,NA,NA,NA,NA,NA,NA,NA,NA,NA,NA,NA,NA,NA,NA,NA,NA,NA,NA,NA,NA,NA,NA,NA,NA,NA,NA,NA,NA,NA,NA,NA,NA,NA,NA,NA,NA,NA,NA,NA,NA,NA,NA,NA,NA,NA,NA,NA,NA,NA,NA,NA,NA,NA,NA,NA,NA,NA,NA,NA,NA,NA,true,TRUE,TRUE,3639.022956434499,3678.284998666356,3639.1682642044284,39.26204223185778,39.26204223185687,8.000000000000139,FALSE,126.259,NA,NA,NA
contaminated_normal,contaminated normal,CN,HT,6,1000,428,0.428,NA,TRUE,TRUE,TRUE,0,NA,-1703.8454772087011,3423.6909544174023,3462.952996649259,3423.8362621873316,8,97.533,NA,3409.6909544174023,3414.5987096963845,1.000000000000017,NA,HeckmanEM,NA,raw_AIC_BIC_implied_logLik,finite_logLik_no_explicit_code,3,2.446355309558222,-0.5536446904417782,0.4,0.3922139416347804,-0.00778605836521961,NA,NA,NA,NA,NA,NA,NA,NA,NA,NA,NA,NA,NA,NA,-0.7,-0.8216219381331358,-0.12162193813313582,0.15,0.16785149417940157,0.01785149417940157,1,1.2175244821720983,0.21752448217209852,5,5.1378574627884905,0.13785746278849054,1.5,1.488420114126614,-0.01157988587338598,0.8,0.7648023522757329,-0.03519764772426714,39.26204223185687,39.262042231857095,-2.2737367544323206e-13,NA,NA,NA,NA,NA,NA,NA,NA,NA,NA,NA,NA,NA,NA,NA,NA,NA,NA,NA,NA,NA,NA,NA,NA,NA,NA,NA,NA,NA,NA,NA,NA,NA,NA,NA,NA,NA,NA,NA,NA,NA,NA,NA,NA,NA,NA,NA,NA,NA,NA,NA,NA,NA,NA,NA,NA,NA,NA,NA,NA,NA,NA,NA,NA,NA,NA,NA,NA,NA,NA,NA,NA,NA,NA,NA,NA,NA,NA,NA,NA,NA,NA,NA,NA,NA,NA,NA,NA,NA,NA,NA,NA,NA,NA,NA,NA,NA,NA,NA,NA,NA,NA,true,TRUE,TRUE,3423.6909544174023,3462.952996649259,3423.8362621873316,39.26204223185687,39.26204223185687,7.999999999999954,FALSE,97.533,NA,NA,NA
contaminated_normal,contaminated normal,CN,CN,6,1000,428,0.428,NA,TRUE,TRUE,TRUE,0,NA,-1686.1218163067877,3392.2436326135753,3441.3211854033966,3392.466079529652,10,128.63799999999998,NA,3374.2436326135753,3379.1513878925575,1.000000000000017,NA,HeckmanEM,NA,raw_AIC_BIC_implied_logLik,finite_logLik_no_explicit_code,3,2.6940640410415453,-0.3059359589584547,0.4,0.4397429028934205,0.03974290289342047,NA,NA,NA,NA,NA,NA,NA,NA,NA,NA,NA,NA,NA,NA,-0.7,-0.7762575360393611,-0.07625753603936114,0.15,0.15712613392691338,0.00712613392691338,1,1.1470220696359794,0.1470220696359794,5,4.975468831702121,-0.02453116829787927,1.5,1.515075318773371,0.01507531877337098,0.8,0.7938976347082616,-0.00610236529173846,49.07755278982131,49.07755278982137,-5.684341886080802e-14,NA,NA,NA,NA,NA,NA,NA,NA,NA,NA,NA,NA,NA,NA,NA,NA,NA,NA,NA,NA,NA,NA,NA,NA,NA,NA,NA,NA,NA,NA,NA,NA,NA,NA,NA,NA,NA,NA,NA,NA,NA,NA,NA,NA,NA,NA,NA,NA,NA,NA,NA,NA,NA,NA,NA,NA,NA,NA,NA,NA,NA,NA,NA,NA,NA,NA,NA,NA,NA,NA,NA,NA,NA,NA,NA,NA,NA,NA,NA,NA,NA,NA,NA,NA,NA,NA,NA,NA,NA,NA,NA,NA,NA,NA,NA,NA,NA,NA,NA,NA,NA,NA,true,TRUE,TRUE,3392.2436326135753,3441.3211854033966,3392.4660795296522,49.07755278982131,49.07755278982131,9.999999999999988,FALSE,128.63799999999998,NA,NA,NA
contaminated_normal,contaminated normal,CN,ESN,6,1000,428,0.428,NA,TRUE,TRUE,TRUE,0,CONVERGENCE: REL_REDUCTION_OF_F <= FACTR*EPSMCH,-1794.1580663764976,3610.316132752995,3664.301440821798,3610.583339230728,11,17372.494000000002,NA,NA,NA,NA,6,stage2,1804.00652300896;1804.0098097666;1804.00989773867;1811.517407567;1804.00206190006;1794.23729786222;1811.51588409557;1804.00287448203;1804.00952394064;1797.11046947499;1804.00875165326;1804.01567653074;1804.0161492986;1811.51147800297,proposed_likelihood,stage2,3,6.354308369764599,3.354308369764599,0.4,0.3256168659155464,-0.07438313408445363,NA,0.3407158179687768,NA,NA,1.4925821305300957,NA,NA,-1.4925821305300957,NA,NA,-1.4925821305300957,NA,NA,NA,-0.7,-0.9540818475834486,-0.25408184758344865,0.15,0.1380163176920857,-0.0119836823079143,1,1.0340950167827576,0.03409501678275761,5,-2.403372383715308,-7.403372383715308,1.5,1.7272553912809618,0.22725539128096184,0.8,0.9256312318165404,0.12563123181654023,53.98530806880353,53.985308068803505,2.842170943040401e-14,NA,NA,NA,NA,NA,NA,NA,NA,NA,NA,NA,NA,NA,NA,NA,NA,NA,NA,NA,NA,NA,NA,NA,NA,NA,NA,NA,NA,NA,NA,NA,NA,NA,NA,NA,NA,NA,NA,NA,NA,NA,NA,NA,NA,NA,NA,NA,NA,NA,NA,NA,NA,NA,NA,NA,NA,NA,NA,NA,NA,NA,NA,NA,NA,NA,NA,NA,NA,NA,NA,NA,NA,NA,NA,NA,NA,NA,NA,NA,NA,NA,NA,NA,NA,NA,NA,NA,NA,NA,NA,NA,NA,NA,NA,NA,NA,NA,NA,NA,NA,NA,NA,true,TRUE,TRUE,3610.316132752995,3664.3014408217987,3610.583339230728,53.98530806880308,53.98530806880353,10.999999999999913,FALSE,17372.494000000002,FALSE,TRUE,TRUE
contaminated_normal,contaminated normal,CN,EST,6,1000,428,0.428,NA,TRUE,TRUE,TRUE,0,CONVERGENCE: REL_REDUCTION_OF_F <= FACTR*EPSMCH,-1705.5930981506583,3435.186196301317,3494.079259649103,3435.5023057238095,12,18436.326,NA,NA,NA,NA,13,stage2,1705.6005457596;1e+12;1e+12;1705.59486110007;1e+12;1e+12;1705.59817985213;1e+12;1e+12;1705.59379690318;1e+12;1e+12;1705.59309833348;1e+12;1e+12;1705.59595600294;1e+12;1e+12;1705.60882740868;1e+12;1e+12;1705.59483789645;1e+12;1e+12;1705.59310751171;1e+12;1e+12;1705.59438769828;1e+12;1e+12;1705.61706050242;1e+12;1e+12;1705.59387997049;1e+12;1e+12;1705.60160608893;1e+12;1e+12;1705.60546249663;1e+12;1e+12,proposed_likelihood,stage2,3,1.951931967132968,-1.0480680328670322,0.4,0.4218611538138202,0.0218611538138202,NA,-0.03724483349797659,NA,NA,-0.09430077733036472,NA,NA,-1.4925821305300957,NA,NA,-1.4925821305300957,NA,4,NA,-0.7,-0.989054802612053,-0.2890548026120531,0.15,0.21729359107396817,0.06729359107396815,1,1.5832671520901818,0.5832671520901818,5,5.4816023864431,0.4816023864431002,1.5,1.5000051709123958,5.170912395824345e-6,0.8,0.7729461579933561,-0.02705384200664395,58.893063347785755,58.89306334778564,1.1368683772161603e-13,NA,NA,NA,NA,NA,NA,NA,NA,NA,NA,NA,NA,NA,NA,NA,NA,NA,NA,NA,NA,NA,NA,NA,NA,NA,NA,NA,NA,NA,NA,NA,NA,NA,NA,NA,NA,NA,NA,NA,NA,NA,NA,NA,NA,NA,NA,NA,NA,NA,NA,NA,NA,NA,NA,NA,NA,NA,NA,NA,NA,NA,NA,NA,NA,NA,NA,NA,NA,NA,NA,NA,NA,NA,NA,NA,NA,NA,NA,NA,NA,NA,NA,NA,NA,NA,NA,NA,NA,NA,NA,NA,NA,NA,NA,NA,NA,NA,NA,NA,NA,NA,NA,true,TRUE,TRUE,3435.1861963013166,3494.0792596491024,3435.502305723809,58.893063347785755,58.893063347785755,12.000000000000023,FALSE,18436.326,FALSE,FALSE,TRUE
contaminated_normal,contaminated normal,CN,NH,7,1000,469,0.469,NA,TRUE,TRUE,TRUE,0,NA,-1932.7311202875444,3881.462240575089,3920.7242828069457,3881.607548345018,8,49.591,NA,3867.462240575089,3872.369995854071,1.000000000000017,NA,HeckmanEM,NA,raw_AIC_BIC_implied_logLik,finite_logLik_no_explicit_code,3,4.506362144419084,1.506362144419084,0.4,0.31370630669002714,-0.08629369330997289,NA,NA,NA,NA,NA,NA,NA,NA,NA,NA,NA,NA,NA,NA,-0.7,-0.6428489985539922,0.05715100144600771,0.15,0.13105190426995034,-0.01894809573004965,1,1.0818684191813448,0.0818684191813448,5,5.032122004870039,0.0321220048700388,1.5,1.5111339832242623,0.01113398322426251,0.8,0.7500710196972639,-0.04992898030273618,39.26204223185687,39.262042231857095,-2.2737367544323206e-13,NA,NA,NA,NA,NA,NA,NA,NA,NA,NA,NA,NA,NA,NA,NA,NA,NA,NA,NA,NA,NA,NA,NA,NA,NA,NA,NA,NA,NA,NA,NA,NA,NA,NA,NA,NA,NA,NA,NA,NA,NA,NA,NA,NA,NA,NA,NA,NA,NA,NA,NA,NA,NA,NA,NA,NA,NA,NA,NA,NA,NA,NA,NA,NA,NA,NA,NA,NA,NA,NA,NA,NA,NA,NA,NA,NA,NA,NA,NA,NA,NA,NA,NA,NA,NA,NA,NA,NA,NA,NA,NA,NA,NA,NA,NA,NA,NA,NA,NA,NA,NA,NA,true,TRUE,TRUE,3881.462240575089,3920.7242828069457,3881.607548345018,39.26204223185687,39.26204223185687,7.999999999999954,FALSE,49.591,NA,NA,NA
contaminated_normal,contaminated normal,CN,HT,7,1000,469,0.469,NA,TRUE,TRUE,TRUE,0,NA,-1845.1298838766727,3706.2597677533454,3745.5218099852023,3706.4050755232743,8,94.128,NA,3692.2597677533454,3697.167523032328,1.000000000000017,NA,HeckmanEM,NA,raw_AIC_BIC_implied_logLik,finite_logLik_no_explicit_code,3,2.7692504217502742,-0.23074957824972575,0.4,0.32691826703861576,-0.07308173296138426,NA,NA,NA,NA,NA,NA,NA,NA,NA,NA,NA,NA,NA,NA,-0.7,-0.7069171703201007,-0.00691717032010075,0.15,0.14394804040996095,-0.00605195959003904,1,1.1937836673206232,0.19378366732062324,5,5.108011770208963,0.10801177020896267,1.5,1.3602596691269226,-0.13974033087307736,0.8,0.8005741582443162,5.741582443161697e-4,39.26204223185732,39.262042231857095,2.2737367544323206e-13,NA,NA,NA,NA,NA,NA,NA,NA,NA,NA,NA,NA,NA,NA,NA,NA,NA,NA,NA,NA,NA,NA,NA,NA,NA,NA,NA,NA,NA,NA,NA,NA,NA,NA,NA,NA,NA,NA,NA,NA,NA,NA,NA,NA,NA,NA,NA,NA,NA,NA,NA,NA,NA,NA,NA,NA,NA,NA,NA,NA,NA,NA,NA,NA,NA,NA,NA,NA,NA,NA,NA,NA,NA,NA,NA,NA,NA,NA,NA,NA,NA,NA,NA,NA,NA,NA,NA,NA,NA,NA,NA,NA,NA,NA,NA,NA,NA,NA,NA,NA,NA,NA,true,TRUE,TRUE,3706.2597677533454,3745.5218099852027,3706.4050755232747,39.26204223185687,39.26204223185732,7.999999999999954,FALSE,94.128,NA,NA,NA
contaminated_normal,contaminated normal,CN,CN,7,1000,469,0.469,NA,TRUE,TRUE,TRUE,0,NA,-1833.231255755461,3686.462511510922,3735.5400643007433,3686.684958426999,10,172.91200000000003,NA,3668.462511510922,3673.370266789904,1.000000000000017,NA,HeckmanEM,NA,raw_AIC_BIC_implied_logLik,finite_logLik_no_explicit_code,3,3.023622401686975,0.02362240168697482,0.4,0.2453936550569016,-0.15460634494309844,NA,NA,NA,NA,NA,NA,NA,NA,NA,NA,NA,NA,NA,NA,-0.7,-0.6734206931762905,0.02657930682370946,0.15,0.13713514151851672,-0.01286485848148327,1,1.134309462396208,0.134309462396208,5,5.360383938412872,0.3603839384128724,1.5,1.3566844912955396,-0.1433155087044604,0.8,0.7813013613519856,-0.01869863864801446,49.07755278982131,49.07755278982137,-5.684341886080802e-14,NA,NA,NA,NA,NA,NA,NA,NA,NA,NA,NA,NA,NA,NA,NA,NA,NA,NA,NA,NA,NA,NA,NA,NA,NA,NA,NA,NA,NA,NA,NA,NA,NA,NA,NA,NA,NA,NA,NA,NA,NA,NA,NA,NA,NA,NA,NA,NA,NA,NA,NA,NA,NA,NA,NA,NA,NA,NA,NA,NA,NA,NA,NA,NA,NA,NA,NA,NA,NA,NA,NA,NA,NA,NA,NA,NA,NA,NA,NA,NA,NA,NA,NA,NA,NA,NA,NA,NA,NA,NA,NA,NA,NA,NA,NA,NA,NA,NA,NA,NA,NA,NA,true,TRUE,TRUE,3686.462511510922,3735.5400643007433,3686.684958426999,49.07755278982131,49.07755278982131,9.999999999999988,FALSE,172.91200000000003,NA,NA,NA
contaminated_normal,contaminated normal,CN,ESN,7,1000,469,0.469,NA,TRUE,TRUE,TRUE,0,CONVERGENCE: REL_REDUCTION_OF_F <= FACTR*EPSMCH,-1922.6429892497656,3867.285978499531,3921.2712865683343,3867.553184977264,11,16397.871,NA,NA,NA,NA,5,stage2,1922.64449482158;1922.64355793086;1922.64310749168;1932.60888029725;1922.64298966312;1922.66430383926;1932.71414121297;1922.65318327593;1922.64299909865;1932.54345339882;1922.65127792802;1922.6429951667;1922.64520781763;1932.73111992293,proposed_likelihood,stage2,3,5.935127470530608,2.935127470530608,0.4,0.3434660040024487,-0.05653399599755132,NA,0.34471540234492726,NA,NA,-1.4925821305300957,NA,NA,-1.4925821305300957,NA,NA,-1.4925821305300957,NA,NA,NA,-0.7,-0.857224475224836,-0.15722447522483607,0.15,0.12065481892066485,-0.02934518107933514,1,1.0051590219989737,0.00515902199897366,5,9.80125001595862,4.801250015958621,1.5,1.528201829109143,0.02820182910914304,0.8,0.7661651599540631,-0.03383484004593695,53.98530806880353,53.985308068803505,2.842170943040401e-14,NA,NA,NA,NA,NA,NA,NA,NA,NA,NA,NA,NA,NA,NA,NA,NA,NA,NA,NA,NA,NA,NA,NA,NA,NA,NA,NA,NA,NA,NA,NA,NA,NA,NA,NA,NA,NA,NA,NA,NA,NA,NA,NA,NA,NA,NA,NA,NA,NA,NA,NA,NA,NA,NA,NA,NA,NA,NA,NA,NA,NA,NA,NA,NA,NA,NA,NA,NA,NA,NA,NA,NA,NA,NA,NA,NA,NA,NA,NA,NA,NA,NA,NA,NA,NA,NA,NA,NA,NA,NA,NA,NA,NA,NA,NA,NA,NA,NA,NA,NA,NA,NA,true,TRUE,TRUE,3867.285978499531,3921.2712865683347,3867.553184977264,53.98530806880308,53.98530806880353,10.999999999999913,FALSE,16397.871,FALSE,TRUE,TRUE
contaminated_normal,contaminated normal,CN,EST,7,1000,469,0.469,NA,TRUE,TRUE,TRUE,0,CONVERGENCE: REL_REDUCTION_OF_F <= FACTR*EPSMCH,-1844.9847993775293,3713.9695987550585,3772.862662102844,3714.285708177551,12,15352.517,NA,NA,NA,NA,40,stage2,1844.98629785838;1e+12;1e+12;1844.98508488585;1e+12;1e+12;1844.98747925133;1e+12;1e+12;1844.9867082018;1e+12;1e+12;1844.98684964736;1e+12;1e+12;1844.98705241461;1e+12;1e+12;1844.98605798423;1e+12;1e+12;1844.98538209949;1e+12;1e+12;1844.99969420913;1e+12;1e+12;1844.98895833727;1e+12;1e+12;1844.99007817231;1e+12;1e+12;1844.98486768605;1e+12;1e+12;1844.99124352996;1e+12;1e+12;1844.98480071567;1e+12;1e+12,proposed_likelihood,stage2,3,2.879805709665914,-0.12019429033408537,0.4,0.28662709324621105,-0.11337290675378896,NA,-0.680505553526317,NA,NA,0.15068225028211585,NA,NA,-0.21496115247920927,NA,NA,-0.21496115247920927,NA,4,NA,-0.7,-0.07812427717054551,0.6218757228294545,0.15,0.13058961337004518,-0.01941038662995481,1,1.0825312202291084,0.08253122022910842,5,5.28533087473887,0.28533087473886987,1.5,1.3726534863218696,-0.12734651367813044,0.8,0.795228271618537,-0.004771728381463,58.893063347785755,58.89306334778564,1.1368683772161603e-13,NA,NA,NA,NA,NA,NA,NA,NA,NA,NA,NA,NA,NA,NA,NA,NA,NA,NA,NA,NA,NA,NA,NA,NA,NA,NA,NA,NA,NA,NA,NA,NA,NA,NA,NA,NA,NA,NA,NA,NA,NA,NA,NA,NA,NA,NA,NA,NA,NA,NA,NA,NA,NA,NA,NA,NA,NA,NA,NA,NA,NA,NA,NA,NA,NA,NA,NA,NA,NA,NA,NA,NA,NA,NA,NA,NA,NA,NA,NA,NA,NA,NA,NA,NA,NA,NA,NA,NA,NA,NA,NA,NA,NA,NA,NA,NA,NA,NA,NA,NA,NA,NA,true,TRUE,TRUE,3713.9695987550585,3772.8626621028443,3714.285708177551,58.8930633477853,58.893063347785755,11.99999999999993,FALSE,15352.517,FALSE,FALSE,FALSE
contaminated_normal,contaminated normal,CN,NH,8,1000,439,0.439,NA,TRUE,TRUE,TRUE,0,NA,-1831.1057036546977,3678.2114073093953,3717.473449541252,3678.3567150793247,8,53.506,NA,3664.2114073093953,3669.1191625883775,1.000000000000017,NA,HeckmanEM,NA,raw_AIC_BIC_implied_logLik,finite_logLik_no_explicit_code,3,4.144914545724243,1.144914545724243,0.4,0.2037537565203384,-0.1962462434796616,NA,NA,NA,NA,NA,NA,NA,NA,NA,NA,NA,NA,NA,NA,-0.7,-0.6284272742675981,0.07157272573240181,0.15,0.1332316261619307,-0.01676837383806928,1,0.9305155687796192,-0.06948443122038084,5,5.260853154489401,0.26085315448940083,1.5,1.4534463760438183,-0.04655362395618145,0.8,0.9706159545741444,0.17061595457414425,39.26204223185687,39.262042231857095,-2.2737367544323206e-13,NA,NA,NA,NA,NA,NA,NA,NA,NA,NA,NA,NA,NA,NA,NA,NA,NA,NA,NA,NA,NA,NA,NA,NA,NA,NA,NA,NA,NA,NA,NA,NA,NA,NA,NA,NA,NA,NA,NA,NA,NA,NA,NA,NA,NA,NA,NA,NA,NA,NA,NA,NA,NA,NA,NA,NA,NA,NA,NA,NA,NA,NA,NA,NA,NA,NA,NA,NA,NA,NA,NA,NA,NA,NA,NA,NA,NA,NA,NA,NA,NA,NA,NA,NA,NA,NA,NA,NA,NA,NA,NA,NA,NA,NA,NA,NA,NA,NA,NA,NA,NA,NA,true,TRUE,TRUE,3678.2114073093953,3717.473449541252,3678.3567150793247,39.26204223185687,39.26204223185687,7.999999999999954,FALSE,53.506,NA,NA,NA
contaminated_normal,contaminated normal,CN,HT,8,1000,439,0.439,NA,TRUE,TRUE,TRUE,0,NA,-1759.2259370354152,3534.4518740708304,3573.7139163026877,3534.5971818407597,8,77.76500000000001,NA,3520.4518740708304,3525.3596293498126,1.000000000000017,NA,HeckmanEM,NA,raw_AIC_BIC_implied_logLik,finite_logLik_no_explicit_code,3,2.4574686637646423,-0.5425313362353577,0.4,0.2520536873344173,-0.14794631266558272,NA,NA,NA,NA,NA,NA,NA,NA,NA,NA,NA,NA,NA,NA,-0.7,-0.7217820647175528,-0.02178206471755284,0.15,0.1547731850598858,0.0047731850598858,1,1.0752217864114533,0.07522178641145327,5,5.2858739896066576,0.28587398960665755,1.5,1.5232002941031937,0.02320029410319346,0.8,0.9726222002202056,0.17262220022020558,39.26204223185732,39.262042231857095,2.2737367544323206e-13,NA,NA,NA,NA,NA,NA,NA,NA,NA,NA,NA,NA,NA,NA,NA,NA,NA,NA,NA,NA,NA,NA,NA,NA,NA,NA,NA,NA,NA,NA,NA,NA,NA,NA,NA,NA,NA,NA,NA,NA,NA,NA,NA,NA,NA,NA,NA,NA,NA,NA,NA,NA,NA,NA,NA,NA,NA,NA,NA,NA,NA,NA,NA,NA,NA,NA,NA,NA,NA,NA,NA,NA,NA,NA,NA,NA,NA,NA,NA,NA,NA,NA,NA,NA,NA,NA,NA,NA,NA,NA,NA,NA,NA,NA,NA,NA,NA,NA,NA,NA,NA,NA,true,TRUE,TRUE,3534.4518740708304,3573.7139163026877,3534.5971818407597,39.26204223185732,39.26204223185732,8.000000000000046,FALSE,77.76500000000001,NA,NA,NA
contaminated_normal,contaminated normal,CN,CN,8,1000,439,0.439,NA,TRUE,TRUE,TRUE,0,NA,-1757.0592987534433,3534.1185975068865,3583.196150296708,3534.3410444229635,10,133.84099999999998,NA,3516.1185975068865,3521.0263527858688,1.000000000000017,NA,HeckmanEM,NA,raw_AIC_BIC_implied_logLik,finite_logLik_no_explicit_code,3,2.692909770834542,-0.3070902291654578,0.4,0.2819370179486693,-0.1180629820513307,NA,NA,NA,NA,NA,NA,NA,NA,NA,NA,NA,NA,NA,NA,-0.7,-0.6891025062670751,0.01089749373292481,0.15,0.1427352806082097,-0.00726471939179029,1,1.0255362683238254,0.02553626832382538,5,5.222483638014017,0.22248363801401716,1.5,1.5589860510965965,0.05898605109659649,0.8,0.9393998337078262,0.13939983370782616,49.07755278982131,49.07755278982137,-5.684341886080802e-14,NA,NA,NA,NA,NA,NA,NA,NA,NA,NA,NA,NA,NA,NA,NA,NA,NA,NA,NA,NA,NA,NA,NA,NA,NA,NA,NA,NA,NA,NA,NA,NA,NA,NA,NA,NA,NA,NA,NA,NA,NA,NA,NA,NA,NA,NA,NA,NA,NA,NA,NA,NA,NA,NA,NA,NA,NA,NA,NA,NA,NA,NA,NA,NA,NA,NA,NA,NA,NA,NA,NA,NA,NA,NA,NA,NA,NA,NA,NA,NA,NA,NA,NA,NA,NA,NA,NA,NA,NA,NA,NA,NA,NA,NA,NA,NA,NA,NA,NA,NA,NA,NA,true,TRUE,TRUE,3534.1185975068865,3583.196150296708,3534.3410444229635,49.07755278982131,49.07755278982131,9.999999999999988,FALSE,133.84099999999998,NA,NA,NA
contaminated_normal,contaminated normal,CN,ESN,8,1000,439,0.439,NA,TRUE,TRUE,TRUE,0,CONVERGENCE: REL_REDUCTION_OF_F <= FACTR*EPSMCH,-1826.3139218085016,3674.6278436170032,3728.6131516858063,3674.895050094736,11,17091.748,NA,NA,NA,NA,5,stage2,1826.31826768348;1826.32380205385;1826.31464468093;1831.1058643641;1826.31392234889;1828.36266156028;1831.10583382207;1826.32539842075;1826.31911186173;1827.10197999524;1826.39799945672;1826.31467039072;1826.38457824888;1831.10570316341,proposed_likelihood,stage2,3,5.340364838347593,2.3403648383475932,0.4,0.3009204048530946,-0.0990795951469054,NA,0.6386936095670495,NA,NA,-1.4925821305300957,NA,NA,-1.4925821305300957,NA,NA,-1.4925821305300957,NA,NA,NA,-0.7,-1.010603466161904,-0.31060346616190393,0.15,0.11595241204412976,-0.03404758795587023,1,0.8220636335114347,-0.17793636648856526,5,8.607426294940431,3.607426294940431,1.5,1.4465880900128556,-0.0534119099871444,0.8,0.9280078901398596,0.1280078901398597,53.98530806880353,53.985308068803505,2.842170943040401e-14,NA,NA,NA,NA,NA,NA,NA,NA,NA,NA,NA,NA,NA,NA,NA,NA,NA,NA,NA,NA,NA,NA,NA,NA,NA,NA,NA,NA,NA,NA,NA,NA,NA,NA,NA,NA,NA,NA,NA,NA,NA,NA,NA,NA,NA,NA,NA,NA,NA,NA,NA,NA,NA,NA,NA,NA,NA,NA,NA,NA,NA,NA,NA,NA,NA,NA,NA,NA,NA,NA,NA,NA,NA,NA,NA,NA,NA,NA,NA,NA,NA,NA,NA,NA,NA,NA,NA,NA,NA,NA,NA,NA,NA,NA,NA,NA,NA,NA,NA,NA,NA,NA,true,TRUE,TRUE,3674.6278436170032,3728.6131516858068,3674.8950500947362,53.98530806880308,53.98530806880353,10.999999999999913,FALSE,17091.748,FALSE,TRUE,TRUE
contaminated_normal,contaminated normal,CN,EST,8,1000,439,0.439,NA,TRUE,TRUE,TRUE,0,CONVERGENCE: REL_REDUCTION_OF_F <= FACTR*EPSMCH,-1760.06875683722,3544.13751367444,3603.0305770222258,3544.4536230969325,12,18803.481,NA,NA,NA,NA,4,stage2,1760.06926564786;1e+12;1e+12;1760.06875871489;1e+12;1e+12;1760.06919143335;1e+12;1e+12;1760.06957731838;1e+12;1e+12;1760.08082032925;1e+12;1e+12;1760.07014832757;1e+12;1e+12;1760.07077992183;1e+12;1e+12;1760.09269144851;1e+12;1e+12;1760.07448815194;1e+12;1e+12;1760.06964879971;1e+12;1e+12;1760.09442098891;1e+12;1e+12;1760.06923721042;1e+12;1e+12;1760.06910832972;1e+12;1e+12;1760.06999562681;1e+12;1e+12,proposed_likelihood,stage2,3,1.9813620486461057,-1.0186379513538946,0.4,0.2976814562298581,-0.10231854377014192,NA,-0.15082409516050035,NA,NA,-0.10164888111012058,NA,NA,-1.4925821305300957,NA,NA,-1.4925821305300957,NA,4,NA,-0.7,-0.5978679133445142,0.1021320866554858,0.15,0.19834592408045632,0.04834592408045635,1,1.3837593781010746,0.38375937810107463,5,5.838249270386083,0.8382492703860827,1.5,1.523535583659506,0.02353558365950614,0.8,0.9632145239692264,0.16321452396922642,58.893063347785755,58.89306334778564,1.1368683772161603e-13,NA,NA,NA,NA,NA,NA,NA,NA,NA,NA,NA,NA,NA,NA,NA,NA,NA,NA,NA,NA,NA,NA,NA,NA,NA,NA,NA,NA,NA,NA,NA,NA,NA,NA,NA,NA,NA,NA,NA,NA,NA,NA,NA,NA,NA,NA,NA,NA,NA,NA,NA,NA,NA,NA,NA,NA,NA,NA,NA,NA,NA,NA,NA,NA,NA,NA,NA,NA,NA,NA,NA,NA,NA,NA,NA,NA,NA,NA,NA,NA,NA,NA,NA,NA,NA,NA,NA,NA,NA,NA,NA,NA,NA,NA,NA,NA,NA,NA,NA,NA,NA,NA,true,TRUE,TRUE,3544.13751367444,3603.0305770222258,3544.4536230969325,58.893063347785755,58.893063347785755,12.000000000000023,FALSE,18803.481,FALSE,FALSE,TRUE
contaminated_normal,contaminated normal,CN,NH,9,1000,405,0.405,NA,TRUE,TRUE,TRUE,0,NA,-1827.102677637083,3670.205355274166,3709.467397506023,3670.350663044095,8,91.223,NA,3656.205355274166,3661.113110553148,1.000000000000017,NA,HeckmanEM,NA,raw_AIC_BIC_implied_logLik,finite_logLik_no_explicit_code,3,5.440752834270108,2.440752834270108,0.4,0.4084801312298383,0.00848013122983826,NA,NA,NA,NA,NA,NA,NA,NA,NA,NA,NA,NA,NA,NA,-0.7,-0.7265605912482902,-0.02656059124829024,0.15,0.08974234974390234,-0.06025765025609765,1,0.9456056535302269,-0.05439434646977326,5,4.460010925397857,-0.5399890746021434,1.5,1.5130158222605334,0.01301582226053343,0.8,0.7520953709948087,-0.04790462900519132,39.26204223185732,39.262042231857095,2.2737367544323206e-13,NA,NA,NA,NA,NA,NA,NA,NA,NA,NA,NA,NA,NA,NA,NA,NA,NA,NA,NA,NA,NA,NA,NA,NA,NA,NA,NA,NA,NA,NA,NA,NA,NA,NA,NA,NA,NA,NA,NA,NA,NA,NA,NA,NA,NA,NA,NA,NA,NA,NA,NA,NA,NA,NA,NA,NA,NA,NA,NA,NA,NA,NA,NA,NA,NA,NA,NA,NA,NA,NA,NA,NA,NA,NA,NA,NA,NA,NA,NA,NA,NA,NA,NA,NA,NA,NA,NA,NA,NA,NA,NA,NA,NA,NA,NA,NA,NA,NA,NA,NA,NA,NA,true,TRUE,TRUE,3670.205355274166,3709.467397506023,3670.350663044095,39.26204223185732,39.26204223185732,8.000000000000046,FALSE,91.223,NA,NA,NA
contaminated_normal,contaminated normal,CN,HT,9,1000,405,0.405,NA,TRUE,TRUE,TRUE,0,NA,-1737.7565965480849,3491.5131930961697,3530.7752353280266,3491.658500866099,8,198.427,NA,3477.5131930961697,3482.420948375152,1.000000000000017,NA,HeckmanEM,NA,raw_AIC_BIC_implied_logLik,finite_logLik_no_explicit_code,3,3.043025720701261,0.04302572070126098,0.4,0.368350512689923,-0.03164948731007699,NA,NA,NA,NA,NA,NA,NA,NA,NA,NA,NA,NA,NA,NA,-0.7,-0.8146599869334559,-0.11465998693345592,0.15,0.09954964089620404,-0.05045035910379594,1,1.0666983974490143,0.06669839744901429,5,4.800531259723232,-0.1994687402767683,1.5,1.6697815502678128,0.16978155026781283,0.8,0.8333644463042473,0.03336444630424728,39.26204223185687,39.262042231857095,-2.2737367544323206e-13,NA,NA,NA,NA,NA,NA,NA,NA,NA,NA,NA,NA,NA,NA,NA,NA,NA,NA,NA,NA,NA,NA,NA,NA,NA,NA,NA,NA,NA,NA,NA,NA,NA,NA,NA,NA,NA,NA,NA,NA,NA,NA,NA,NA,NA,NA,NA,NA,NA,NA,NA,NA,NA,NA,NA,NA,NA,NA,NA,NA,NA,NA,NA,NA,NA,NA,NA,NA,NA,NA,NA,NA,NA,NA,NA,NA,NA,NA,NA,NA,NA,NA,NA,NA,NA,NA,NA,NA,NA,NA,NA,NA,NA,NA,NA,NA,NA,NA,NA,NA,NA,NA,true,TRUE,TRUE,3491.5131930961697,3530.7752353280266,3491.658500866099,39.26204223185687,39.26204223185687,7.999999999999954,FALSE,198.427,NA,NA,NA
contaminated_normal,contaminated normal,CN,CN,9,1000,405,0.405,NA,TRUE,TRUE,TRUE,0,NA,-1724.3308899649385,3468.6617799298765,3517.739332719698,3468.8842268459534,10,307.667,NA,3450.6617799298765,3455.5695352088587,1.000000000000017,NA,HeckmanEM,NA,raw_AIC_BIC_implied_logLik,finite_logLik_no_explicit_code,3,3.2733754213394968,0.27337542133949677,0.4,0.2882120861250864,-0.1117879138749136,NA,NA,NA,NA,NA,NA,NA,NA,NA,NA,NA,NA,NA,NA,-0.7,-0.7791884878584627,-0.07918848785846277,0.15,0.09544326695844314,-0.05455673304155685,1,1.0174015639702976,0.01740156397029757,5,4.931456840316223,-0.06854315968377733,1.5,1.6604258776065273,0.16042587760652727,0.8,0.8945749970424308,0.09457499704243078,49.07755278982131,49.07755278982137,-5.684341886080802e-14,NA,NA,NA,NA,NA,NA,NA,NA,NA,NA,NA,NA,NA,NA,NA,NA,NA,NA,NA,NA,NA,NA,NA,NA,NA,NA,NA,NA,NA,NA,NA,NA,NA,NA,NA,NA,NA,NA,NA,NA,NA,NA,NA,NA,NA,NA,NA,NA,NA,NA,NA,NA,NA,NA,NA,NA,NA,NA,NA,NA,NA,NA,NA,NA,NA,NA,NA,NA,NA,NA,NA,NA,NA,NA,NA,NA,NA,NA,NA,NA,NA,NA,NA,NA,NA,NA,NA,NA,NA,NA,NA,NA,NA,NA,NA,NA,NA,NA,NA,NA,NA,NA,true,TRUE,TRUE,3468.661779929877,3517.7393327196983,3468.884226845954,49.07755278982131,49.07755278982131,9.999999999999988,FALSE,307.667,NA,NA,NA
contaminated_normal,contaminated normal,CN,ESN,9,1000,405,0.405,NA,TRUE,TRUE,TRUE,0,CONVERGENCE: REL_REDUCTION_OF_F <= FACTR*EPSMCH,-1819.9654136833344,3661.9308273666697,3715.916135435473,3662.1980338444023,11,16791.887,NA,NA,NA,NA,13,stage2,1819.96648231326;1819.96566174444;1819.97054729112;1827.10413385707;1819.97050754543;1827.10354872161;1827.1034401056;1819.97952232339;1819.97432060598;1822.95818095886;1819.96544595766;1819.97087987606;1819.96541459326;1827.10267719832,proposed_likelihood,stage2,3,6.756063791564961,3.7560637915649617,0.4,0.5295504400910077,0.1295504400910077,NA,0.5813433439749005,NA,NA,-1.4925821305300957,NA,NA,-1.4925821305300957,NA,NA,-1.4925821305300957,NA,NA,NA,-0.7,-1.04059537238526,-0.34059537238526016,0.15,0.0729525698659271,-0.07704743013407289,1,0.7758638315009625,-0.2241361684990375,5,6.988474194874018,1.9884741948740183,1.5,1.6094955096924344,0.10949550969243438,0.8,0.8070637330901922,0.00706373309019214,53.98530806880353,53.985308068803505,2.842170943040401e-14,NA,NA,NA,NA,NA,NA,NA,NA,NA,NA,NA,NA,NA,NA,NA,NA,NA,NA,NA,NA,NA,NA,NA,NA,NA,NA,NA,NA,NA,NA,NA,NA,NA,NA,NA,NA,NA,NA,NA,NA,NA,NA,NA,NA,NA,NA,NA,NA,NA,NA,NA,NA,NA,NA,NA,NA,NA,NA,NA,NA,NA,NA,NA,NA,NA,NA,NA,NA,NA,NA,NA,NA,NA,NA,NA,NA,NA,NA,NA,NA,NA,NA,NA,NA,NA,NA,NA,NA,NA,NA,NA,NA,NA,NA,NA,NA,NA,NA,NA,NA,NA,NA,true,TRUE,TRUE,3661.930827366669,3715.9161354354724,3662.198033844402,53.98530806880308,53.98530806880353,10.999999999999913,FALSE,16791.887,FALSE,TRUE,TRUE
contaminated_normal,contaminated normal,CN,EST,9,1000,405,0.405,NA,TRUE,TRUE,TRUE,0,CONVERGENCE: REL_REDUCTION_OF_F <= FACTR*EPSMCH,-1736.5974924557331,3497.1949849114662,3556.088048259252,3497.5110943339587,12,17147.892000000003,NA,NA,NA,NA,4,stage2,1736.59886137112;1e+12;1e+12;1736.59749618107;1e+12;1e+12;1736.5978775037;1e+12;1e+12;1736.60116365816;1e+12;1e+12;1736.59884583588;1e+12;1e+12;1736.6058164532;1e+12;1e+12;1736.59758119068;1e+12;1e+12;1736.60352265603;1e+12;1e+12;1736.59749929512;1e+12;1e+12;1736.60331110666;1e+12;1e+12;1736.61074371441;1e+12;1e+12;1736.60571630633;1e+12;1e+12;1736.60138615646;1e+12;1e+12;1736.6024044374;1e+12;1e+12,proposed_likelihood,stage2,3,3.2273010723852567,0.22730107238525665,0.4,-0.12954397382091462,-0.5295439738209147,NA,-1.3541313879988086,NA,NA,0.7010850076841039,NA,NA,-1.4294225987504374,NA,NA,-1.4294225987504374,NA,4,NA,-0.7,0.439067855436481,1.139067855436481,0.15,0.08488076052541219,-0.06511923947458781,1,0.8970665668623824,-0.1029334331376176,5,2.9594971575786064,-2.0405028424213936,1.5,1.6757539784905964,0.17575397849059635,0.8,0.8329034725089333,0.03290347250893322,58.893063347785755,58.89306334778564,1.1368683772161603e-13,NA,NA,NA,NA,NA,NA,NA,NA,NA,NA,NA,NA,NA,NA,NA,NA,NA,NA,NA,NA,NA,NA,NA,NA,NA,NA,NA,NA,NA,NA,NA,NA,NA,NA,NA,NA,NA,NA,NA,NA,NA,NA,NA,NA,NA,NA,NA,NA,NA,NA,NA,NA,NA,NA,NA,NA,NA,NA,NA,NA,NA,NA,NA,NA,NA,NA,NA,NA,NA,NA,NA,NA,NA,NA,NA,NA,NA,NA,NA,NA,NA,NA,NA,NA,NA,NA,NA,NA,NA,NA,NA,NA,NA,NA,NA,NA,NA,NA,NA,NA,NA,NA,true,TRUE,TRUE,3497.1949849114662,3556.088048259252,3497.5110943339587,58.893063347785755,58.893063347785755,12.000000000000023,FALSE,17147.892000000003,FALSE,FALSE,TRUE
contaminated_normal,contaminated normal,CN,NH,10,1000,438,0.438,NA,TRUE,TRUE,TRUE,0,NA,-1826.6429328723425,3669.285865744685,3708.547907976542,3669.431173514614,8,133.665,NA,3655.285865744685,3660.193621023667,1.000000000000017,NA,HeckmanEM,NA,raw_AIC_BIC_implied_logLik,finite_logLik_no_explicit_code,3,5.056304951207184,2.056304951207184,0.4,0.7835246386574621,0.3835246386574621,NA,NA,NA,NA,NA,NA,NA,NA,NA,NA,NA,NA,NA,NA,-0.7,-0.5897725875974954,0.11022741240250455,0.15,0.11319899103639756,-0.03680100896360243,1,0.7716795445294587,-0.22832045547054125,5,3.1824284438488215,-1.8175715561511785,1.5,1.3888042030663863,-0.11119579693361348,0.8,0.9731960448364052,0.17319604483640516,39.26204223185732,39.262042231857095,-2.2737367544323206e-13,NA,NA,NA,NA,NA,NA,NA,NA,NA,NA,NA,NA,NA,NA,NA,NA,NA,NA,NA,NA,NA,NA,NA,NA,NA,NA,NA,NA,NA,NA,NA,NA,NA,NA,NA,NA,NA,NA,NA,NA,NA,NA,NA,NA,NA,NA,NA,NA,NA,NA,NA,NA,NA,NA,NA,NA,NA,NA,NA,NA,NA,NA,NA,NA,NA,NA,NA,NA,NA,NA,NA,NA,NA,NA,NA,NA,NA,NA,NA,NA,NA,NA,NA,NA,NA,NA,NA,NA,NA,NA,NA,NA,NA,NA,NA,NA,NA,NA,NA,NA,NA,NA,true,TRUE,TRUE,3669.285865744685,3708.547907976542,3669.4311735146143,39.26204223185687,39.26204223185687,7.999999999999954,FALSE,133.665,NA,NA,NA
contaminated_normal,contaminated normal,CN,HT,10,1000,438,0.438,NA,TRUE,TRUE,TRUE,0,NA,-1768.7334855778054,3553.4669711556107,3592.7290133874676,3553.61227892554,8,108.845,NA,3539.4669711556107,3544.374726434593,1.000000000000017,NA,HeckmanEM,NA,raw_AIC_BIC_implied_logLik,finite_logLik_no_explicit_code,3,2.888555431188961,-0.1114445688110388,0.4,0.5337059974550813,0.13370599745508127,NA,NA,NA,NA,NA,NA,NA,NA,NA,NA,NA,NA,NA,NA,-0.7,-0.7821427149639377,-0.08214271496393777,0.15,0.16218061638081435,0.01218061638081435,1,1.0495047579710783,0.04950475797107834,5,4.6255416982706805,-0.3744583017293195,1.5,1.4503986028225366,-0.04960139717746337,0.8,0.9472975779298132,0.14729757792981313,39.26204223185687,39.262042231857095,-2.2737367544323206e-13,NA,NA,NA,NA,NA,NA,NA,NA,NA,NA,NA,NA,NA,NA,NA,NA,NA,NA,NA,NA,NA,NA,NA,NA,NA,NA,NA,NA,NA,NA,NA,NA,NA,NA,NA,NA,NA,NA,NA,NA,NA,NA,NA,NA,NA,NA,NA,NA,NA,NA,NA,NA,NA,NA,NA,NA,NA,NA,NA,NA,NA,NA,NA,NA,NA,NA,NA,NA,NA,NA,NA,NA,NA,NA,NA,NA,NA,NA,NA,NA,NA,NA,NA,NA,NA,NA,NA,NA,NA,NA,NA,NA,NA,NA,NA,NA,NA,NA,NA,NA,NA,NA,true,TRUE,TRUE,3553.4669711556107,3592.7290133874676,3553.61227892554,39.26204223185687,39.26204223185687,7.999999999999954,FALSE,108.845,NA,NA,NA
contaminated_normal,contaminated normal,CN,CN,10,1000,438,0.438,NA,TRUE,TRUE,TRUE,0,NA,-1765.428553190946,3550.857106381892,3599.934659171713,3551.0795532979687,10,169.551,NA,3532.857106381892,3537.764861660874,1.000000000000017,NA,HeckmanEM,NA,raw_AIC_BIC_implied_logLik,finite_logLik_no_explicit_code,3,3.1144534261071515,0.11445342610715148,0.4,0.5359463382518386,0.13594633825183855,NA,NA,NA,NA,NA,NA,NA,NA,NA,NA,NA,NA,NA,NA,-0.7,-0.7527054705299633,-0.05270547052996333,0.15,0.15222547237800535,0.00222547237800535,1,1.012507578856406,0.01250757885640596,5,4.695519356147007,-0.304480643852993,1.5,1.433250370151134,-0.0667496298488659,0.8,0.9104571711585504,0.11045717115855036,49.07755278982131,49.07755278982137,-5.684341886080802e-14,NA,NA,NA,NA,NA,NA,NA,NA,NA,NA,NA,NA,NA,NA,NA,NA,NA,NA,NA,NA,NA,NA,NA,NA,NA,NA,NA,NA,NA,NA,NA,NA,NA,NA,NA,NA,NA,NA,NA,NA,NA,NA,NA,NA,NA,NA,NA,NA,NA,NA,NA,NA,NA,NA,NA,NA,NA,NA,NA,NA,NA,NA,NA,NA,NA,NA,NA,NA,NA,NA,NA,NA,NA,NA,NA,NA,NA,NA,NA,NA,NA,NA,NA,NA,NA,NA,NA,NA,NA,NA,NA,NA,NA,NA,NA,NA,NA,NA,NA,NA,NA,NA,true,TRUE,TRUE,3550.857106381892,3599.9346591717135,3551.079553297969,49.07755278982086,49.07755278982131,9.999999999999895,FALSE,169.551,NA,NA,NA
contaminated_normal,contaminated normal,CN,ESN,10,1000,438,0.438,NA,TRUE,TRUE,TRUE,0,CONVERGENCE: REL_REDUCTION_OF_F <= FACTR*EPSMCH,-1801.7272611902365,3625.454522380473,3679.439830449276,3625.7217288582056,11,18890.222,NA,NA,NA,NA,10,stage2,1823.14290997369;1823.15727703156;1823.11861426088;1826.65515412108;1823.06871092289;1805.03240194811;1826.65296615086;1823.06849393569;1823.0693464674;1801.75399903369;1823.06777119669;1823.07370528905;1823.10301019083;1826.64293265964,proposed_likelihood,stage2,3,6.398880926530004,3.398880926530004,0.4,0.7021865057828901,0.3021865057828901,NA,1.4782015818045793,NA,NA,1.4925821305300957,NA,NA,-1.4925821305300957,NA,NA,-1.4925821305300957,NA,NA,NA,-0.7,-1.339114455408348,-0.6391144554083481,0.15,0.11329533009165724,-0.03670466990834274,1,0.7563663343329803,-0.24363366566701972,5,-2.4371653586805553,-7.437165358680556,1.5,1.4379406447612852,-0.06205935523871475,0.8,0.9743535942004744,0.17435359420047436,53.98530806880353,53.985308068803505,2.842170943040401e-14,NA,NA,NA,NA,NA,NA,NA,NA,NA,NA,NA,NA,NA,NA,NA,NA,NA,NA,NA,NA,NA,NA,NA,NA,NA,NA,NA,NA,NA,NA,NA,NA,NA,NA,NA,NA,NA,NA,NA,NA,NA,NA,NA,NA,NA,NA,NA,NA,NA,NA,NA,NA,NA,NA,NA,NA,NA,NA,NA,NA,NA,NA,NA,NA,NA,NA,NA,NA,NA,NA,NA,NA,NA,NA,NA,NA,NA,NA,NA,NA,NA,NA,NA,NA,NA,NA,NA,NA,NA,NA,NA,NA,NA,NA,NA,NA,NA,NA,NA,NA,NA,NA,true,TRUE,TRUE,3625.454522380473,3679.4398304492765,3625.721728858206,53.98530806880308,53.98530806880353,10.999999999999913,FALSE,18890.222,TRUE,TRUE,TRUE
contaminated_normal,contaminated normal,CN,EST,10,1000,438,0.438,NA,TRUE,TRUE,TRUE,0,CONVERGENCE: REL_REDUCTION_OF_F <= FACTR*EPSMCH,-1768.1862637678523,3560.3725275357046,3619.2655908834904,3560.688636958197,12,18109.576,NA,NA,NA,NA,16,stage2,1768.4177921945;1e+12;1e+12;1768.41670069773;1e+12;1e+12;1768.41646786766;1e+12;1e+12;1768.41375301233;1e+12;1e+12;1768.41616588909;1e+12;1e+12;1768.18705090201;1e+12;1e+12;1768.41771372764;1e+12;1e+12;1768.39221288101;1e+12;1e+12;1768.4159923138;1e+12;1e+12;1768.19685367542;1e+12;1e+12;1768.37915068095;1e+12;1e+12;1768.41381119062;1e+12;1e+12;1768.41655648434;1e+12;1e+12;1768.22591990159;1e+12;1e+12,proposed_likelihood,stage2,3,3.0787802770476085,0.07878027704760848,0.4,0.4817131442782197,0.08171314427821963,NA,0.6122601415088956,NA,NA,0.629128442578663,NA,NA,1.4744929284770034,NA,NA,1.4744929284770034,NA,4,NA,-0.7,-0.8734235047050172,-0.17342350470501722,0.15,0.15105537325112997,0.00105537325112997,1,0.9840431385057432,-0.01595686149425668,5,4.297694099018729,-0.7023059009812709,1.5,1.4646508966564076,-0.03534910334359242,0.8,0.9495073166721802,0.1495073166721802,58.893063347785755,58.89306334778564,1.1368683772161603e-13,NA,NA,NA,NA,NA,NA,NA,NA,NA,NA,NA,NA,NA,NA,NA,NA,NA,NA,NA,NA,NA,NA,NA,NA,NA,NA,NA,NA,NA,NA,NA,NA,NA,NA,NA,NA,NA,NA,NA,NA,NA,NA,NA,NA,NA,NA,NA,NA,NA,NA,NA,NA,NA,NA,NA,NA,NA,NA,NA,NA,NA,NA,NA,NA,NA,NA,NA,NA,NA,NA,NA,NA,NA,NA,NA,NA,NA,NA,NA,NA,NA,NA,NA,NA,NA,NA,NA,NA,NA,NA,NA,NA,NA,NA,NA,NA,NA,NA,NA,NA,NA,NA,true,TRUE,TRUE,3560.3725275357046,3619.2655908834904,3560.688636958197,58.893063347785755,58.893063347785755,12.000000000000023,FALSE,18109.576,FALSE,FALSE,TRUE
contaminated_normal,contaminated normal,CN,NH,11,1000,418,0.418,NA,TRUE,TRUE,TRUE,0,NA,-1834.6429166019152,3685.2858332038304,3724.5478754356873,3685.43114097376,8,71.415,NA,3671.2858332038304,3676.1935884828126,1.000000000000017,NA,HeckmanEM,NA,raw_AIC_BIC_implied_logLik,finite_logLik_no_explicit_code,3,5.150751399208171,2.150751399208171,0.4,0.31596608081153665,-0.08403391918846337,NA,NA,NA,NA,NA,NA,NA,NA,NA,NA,NA,NA,NA,NA,-0.7,-0.6978738782861078,0.00212612171389214,0.15,0.16248996527841056,0.01248996527841056,1,0.9249941941054828,-0.07500580589451733,5,5.393519686974089,0.3935196869740887,1.5,1.5948122301331191,0.09481223013311936,0.8,0.7141659521863347,-0.08583404781366533,39.26204223185687,39.262042231857095,-2.2737367544323206e-13,NA,NA,NA,NA,NA,NA,NA,NA,NA,NA,NA,NA,NA,NA,NA,NA,NA,NA,NA,NA,NA,NA,NA,NA,NA,NA,NA,NA,NA,NA,NA,NA,NA,NA,NA,NA,NA,NA,NA,NA,NA,NA,NA,NA,NA,NA,NA,NA,NA,NA,NA,NA,NA,NA,NA,NA,NA,NA,NA,NA,NA,NA,NA,NA,NA,NA,NA,NA,NA,NA,NA,NA,NA,NA,NA,NA,NA,NA,NA,NA,NA,NA,NA,NA,NA,NA,NA,NA,NA,NA,NA,NA,NA,NA,NA,NA,NA,NA,NA,NA,NA,NA,true,TRUE,TRUE,3685.2858332038304,3724.5478754356873,3685.4311409737597,39.26204223185687,39.26204223185687,7.999999999999954,FALSE,71.415,NA,NA,NA
contaminated_normal,contaminated normal,CN,HT,11,1000,418,0.418,NA,TRUE,TRUE,TRUE,0,NA,-1724.650887397731,3465.301774795462,3504.5638170273187,3465.447082565391,8,96.448,NA,3451.301774795462,3456.209530074444,1.000000000000017,NA,HeckmanEM,NA,raw_AIC_BIC_implied_logLik,finite_logLik_no_explicit_code,3,2.668302823378793,-0.3316971766212071,0.4,0.3920765765227736,-0.00792342347722646,NA,NA,NA,NA,NA,NA,NA,NA,NA,NA,NA,NA,NA,NA,-0.7,-0.8221389888195813,-0.1221389888195813,0.15,0.19497547170983143,0.04497547170983143,1,1.0807996478521429,0.08079964785214289,5,5.075421897585285,0.07542189758528473,1.5,1.5449404992792812,0.04494049927928123,0.8,0.7784892046891982,-0.0215107953108018,39.26204223185687,39.262042231857095,-2.2737367544323206e-13,NA,NA,NA,NA,NA,NA,NA,NA,NA,NA,NA,NA,NA,NA,NA,NA,NA,NA,NA,NA,NA,NA,NA,NA,NA,NA,NA,NA,NA,NA,NA,NA,NA,NA,NA,NA,NA,NA,NA,NA,NA,NA,NA,NA,NA,NA,NA,NA,NA,NA,NA,NA,NA,NA,NA,NA,NA,NA,NA,NA,NA,NA,NA,NA,NA,NA,NA,NA,NA,NA,NA,NA,NA,NA,NA,NA,NA,NA,NA,NA,NA,NA,NA,NA,NA,NA,NA,NA,NA,NA,NA,NA,NA,NA,NA,NA,NA,NA,NA,NA,NA,NA,true,TRUE,TRUE,3465.301774795462,3504.5638170273187,3465.447082565391,39.26204223185687,39.26204223185687,7.999999999999954,FALSE,96.448,NA,NA,NA
contaminated_normal,contaminated normal,CN,CN,11,1000,418,0.418,NA,TRUE,TRUE,TRUE,0,NA,-1713.8005414500258,3447.6010829000516,3496.678635689873,3447.8235298161285,10,159.61,NA,3429.6010829000516,3434.508838179034,1.000000000000017,NA,HeckmanEM,NA,raw_AIC_BIC_implied_logLik,finite_logLik_no_explicit_code,3,2.8951544602708954,-0.1048455397291046,0.4,0.3292628768987048,-0.07073712310129521,NA,NA,NA,NA,NA,NA,NA,NA,NA,NA,NA,NA,NA,NA,-0.7,-0.7661698220212089,-0.06616982202120891,0.15,0.1831205444409387,0.0331205444409387,1,1.007552984740082,0.00755298474008192,5,5.2771857618075835,0.2771857618075835,1.5,1.5015400290353382,0.00154002903533823,0.8,0.7792308309609276,-0.02076916903907244,49.07755278982131,49.07755278982137,-5.684341886080802e-14,NA,NA,NA,NA,NA,NA,NA,NA,NA,NA,NA,NA,NA,NA,NA,NA,NA,NA,NA,NA,NA,NA,NA,NA,NA,NA,NA,NA,NA,NA,NA,NA,NA,NA,NA,NA,NA,NA,NA,NA,NA,NA,NA,NA,NA,NA,NA,NA,NA,NA,NA,NA,NA,NA,NA,NA,NA,NA,NA,NA,NA,NA,NA,NA,NA,NA,NA,NA,NA,NA,NA,NA,NA,NA,NA,NA,NA,NA,NA,NA,NA,NA,NA,NA,NA,NA,NA,NA,NA,NA,NA,NA,NA,NA,NA,NA,NA,NA,NA,NA,NA,NA,true,TRUE,TRUE,3447.6010829000516,3496.678635689873,3447.8235298161285,49.07755278982131,49.07755278982131,9.999999999999988,FALSE,159.61,NA,NA,NA
contaminated_normal,contaminated normal,CN,ESN,11,1000,418,0.418,NA,TRUE,TRUE,TRUE,0,CONVERGENCE: REL_REDUCTION_OF_F <= FACTR*EPSMCH,-1805.3162843205837,3632.632568641167,3686.6178767099705,3632.8997751189,11,14943.772,NA,NA,NA,NA,10,stage2,1834.64337188649;1834.6463817502;1830.65591945603;1834.64310049935;1830.66318183675;1805.32331414576;1834.61201997257;1830.69801112367;1830.68972308839;1805.31696262665;1830.69373169312;1834.64340343985;1834.64323229176;1834.64291624869,proposed_likelihood,stage2,3,6.976692102062147,3.976692102062147,0.4,0.4168618619713239,0.01686186197132388,NA,0.8575006194849069,NA,NA,1.4925821305300957,NA,NA,-1.4925821305300957,NA,NA,-1.4925821305300957,NA,NA,NA,-0.7,-1.2215911983788312,-0.5215911983788313,0.15,0.15377098327389327,0.00377098327389327,1,0.8705102115393573,-0.12948978846064274,5,-2.1883219061074306,-7.188321906107431,1.5,1.5960782267504847,0.09607822675048472,0.8,0.7959862374509427,-0.00401376254905738,53.98530806880353,53.985308068803505,2.842170943040401e-14,NA,NA,NA,NA,NA,NA,NA,NA,NA,NA,NA,NA,NA,NA,NA,NA,NA,NA,NA,NA,NA,NA,NA,NA,NA,NA,NA,NA,NA,NA,NA,NA,NA,NA,NA,NA,NA,NA,NA,NA,NA,NA,NA,NA,NA,NA,NA,NA,NA,NA,NA,NA,NA,NA,NA,NA,NA,NA,NA,NA,NA,NA,NA,NA,NA,NA,NA,NA,NA,NA,NA,NA,NA,NA,NA,NA,NA,NA,NA,NA,NA,NA,NA,NA,NA,NA,NA,NA,NA,NA,NA,NA,NA,NA,NA,NA,NA,NA,NA,NA,NA,NA,true,TRUE,TRUE,3632.6325686411674,3686.617876709971,3632.8997751189004,53.98530806880353,53.98530806880353,11.000000000000005,FALSE,14943.772,FALSE,TRUE,TRUE
contaminated_normal,contaminated normal,CN,EST,11,1000,418,0.418,NA,TRUE,TRUE,TRUE,0,CONVERGENCE: REL_REDUCTION_OF_F <= FACTR*EPSMCH,-1724.6955619048083,3473.391123809617,3532.284187157403,3473.7072332321095,12,16647.103000000003,NA,NA,NA,NA,34,stage2,1724.69808918941;1e+12;1e+12;1724.70112856716;1e+12;1e+12;1724.69581337109;1e+12;1e+12;1724.73639543929;1e+12;1e+12;1724.70472210704;1e+12;1e+12;1724.98437479859;1e+12;1e+12;1724.69559742867;1e+12;1e+12;1724.69974650985;1e+12;1e+12;1724.69748972748;1e+12;1e+12;1725.06385771597;1e+12;1e+12;1724.69768446847;1e+12;1e+12;1724.69556297964;1e+12;1e+12;1724.69558441664;1e+12;1e+12;1724.69564037455;1e+12;1e+12,proposed_likelihood,stage2,3,2.5463983002183537,-0.45360169978164633,0.4,0.34915516654517864,-0.05084483345482138,NA,0.602614188199975,NA,NA,0.7008762007994128,NA,NA,-1.4925821305300957,NA,NA,-1.4925821305300957,NA,4,NA,-0.7,-1.7514679878806998,-1.0514679878806998,0.15,0.22039374921291707,0.07039374921291708,1,1.2207863498410465,0.22078634984104628,5,2.543846657678299,-2.456153342321701,1.5,1.536964572920133,0.03696457292013333,0.8,0.7810518794709043,-0.01894812052909578,58.893063347785755,58.89306334778564,1.1368683772161603e-13,NA,NA,NA,NA,NA,NA,NA,NA,NA,NA,NA,NA,NA,NA,NA,NA,NA,NA,NA,NA,NA,NA,NA,NA,NA,NA,NA,NA,NA,NA,NA,NA,NA,NA,NA,NA,NA,NA,NA,NA,NA,NA,NA,NA,NA,NA,NA,NA,NA,NA,NA,NA,NA,NA,NA,NA,NA,NA,NA,NA,NA,NA,NA,NA,NA,NA,NA,NA,NA,NA,NA,NA,NA,NA,NA,NA,NA,NA,NA,NA,NA,NA,NA,NA,NA,NA,NA,NA,NA,NA,NA,NA,NA,NA,NA,NA,NA,NA,NA,NA,NA,NA,true,TRUE,TRUE,3473.3911238096166,3532.2841871574024,3473.707233232109,58.893063347785755,58.893063347785755,12.000000000000023,FALSE,16647.103000000003,FALSE,FALSE,TRUE
contaminated_normal,contaminated normal,CN,NH,12,1000,421,0.421,NA,TRUE,TRUE,TRUE,0,NA,-1778.854774743143,3573.709549486286,3612.971591718143,3573.8548572562154,8,138.978,NA,3559.709549486286,3564.6173047652683,1.000000000000017,NA,HeckmanEM,NA,raw_AIC_BIC_implied_logLik,finite_logLik_no_explicit_code,3,5.270052517630321,2.270052517630321,0.4,0.7344097317683452,0.3344097317683452,NA,NA,NA,NA,NA,NA,NA,NA,NA,NA,NA,NA,NA,NA,-0.7,-0.6556330914618768,0.04436690853812319,0.15,0.16825626829501714,0.01825626829501714,1,0.8614233011270758,-0.13857669887292423,5,2.509130438385608,-2.490869561614392,1.5,1.300213845067322,-0.19978615493267804,0.8,1.1187314088263978,0.3187314088263977,39.26204223185687,39.262042231857095,-2.2737367544323206e-13,NA,NA,NA,NA,NA,NA,NA,NA,NA,NA,NA,NA,NA,NA,NA,NA,NA,NA,NA,NA,NA,NA,NA,NA,NA,NA,NA,NA,NA,NA,NA,NA,NA,NA,NA,NA,NA,NA,NA,NA,NA,NA,NA,NA,NA,NA,NA,NA,NA,NA,NA,NA,NA,NA,NA,NA,NA,NA,NA,NA,NA,NA,NA,NA,NA,NA,NA,NA,NA,NA,NA,NA,NA,NA,NA,NA,NA,NA,NA,NA,NA,NA,NA,NA,NA,NA,NA,NA,NA,NA,NA,NA,NA,NA,NA,NA,NA,NA,NA,NA,NA,NA,true,TRUE,TRUE,3573.709549486286,3612.971591718143,3573.8548572562154,39.26204223185687,39.26204223185687,7.999999999999954,FALSE,138.978,NA,NA,NA
contaminated_normal,contaminated normal,CN,HT,12,1000,421,0.421,NA,TRUE,TRUE,TRUE,0,NA,-1679.3944291811883,3374.7888583623767,3414.050900594234,3374.934166132306,8,129.89299999999997,NA,3360.7888583623767,3365.696613641359,1.000000000000017,NA,HeckmanEM,NA,raw_AIC_BIC_implied_logLik,finite_logLik_no_explicit_code,3,2.59396499680297,-0.4060350031970299,0.4,0.5459346224225151,0.1459346224225151,NA,NA,NA,NA,NA,NA,NA,NA,NA,NA,NA,NA,NA,NA,-0.7,-0.8274075221812687,-0.12740752218126872,0.15,0.2158914159572197,0.0658914159572197,1,1.1139161127575825,0.11391611275758252,5,4.01137041704249,-0.9886295829575102,1.5,1.2631061055852824,-0.23689389441471764,0.8,1.0070705067054355,0.2070705067054357,39.26204223185732,39.262042231857095,2.2737367544323206e-13,NA,NA,NA,NA,NA,NA,NA,NA,NA,NA,NA,NA,NA,NA,NA,NA,NA,NA,NA,NA,NA,NA,NA,NA,NA,NA,NA,NA,NA,NA,NA,NA,NA,NA,NA,NA,NA,NA,NA,NA,NA,NA,NA,NA,NA,NA,NA,NA,NA,NA,NA,NA,NA,NA,NA,NA,NA,NA,NA,NA,NA,NA,NA,NA,NA,NA,NA,NA,NA,NA,NA,NA,NA,NA,NA,NA,NA,NA,NA,NA,NA,NA,NA,NA,NA,NA,NA,NA,NA,NA,NA,NA,NA,NA,NA,NA,NA,NA,NA,NA,NA,NA,true,TRUE,TRUE,3374.7888583623767,3414.050900594234,3374.934166132306,39.26204223185732,39.26204223185732,8.000000000000046,FALSE,129.89299999999997,NA,NA,NA
contaminated_normal,contaminated normal,CN,CN,12,1000,421,0.421,NA,TRUE,TRUE,TRUE,0,NA,-1670.4052505317975,3360.810501063595,3409.8880538534167,3361.0329479796724,10,197.216,NA,3342.810501063595,3347.7182563425777,1.000000000000017,NA,HeckmanEM,NA,raw_AIC_BIC_implied_logLik,finite_logLik_no_explicit_code,3,2.8695996286588232,-0.13040037134117677,0.4,0.4843977867195716,0.0843977867195716,NA,NA,NA,NA,NA,NA,NA,NA,NA,NA,NA,NA,NA,NA,-0.7,-0.7832343814781667,-0.08323438147816675,0.15,0.19681141667195143,0.04681141667195143,1,1.0606348424544298,0.06063484245442985,5,4.156225633190172,-0.8437743668098276,1.5,1.336332197989737,-0.16366780201026332,0.8,1.0294745308864084,0.22947453088640837,49.07755278982131,49.07755278982137,-5.684341886080802e-14,NA,NA,NA,NA,NA,NA,NA,NA,NA,NA,NA,NA,NA,NA,NA,NA,NA,NA,NA,NA,NA,NA,NA,NA,NA,NA,NA,NA,NA,NA,NA,NA,NA,NA,NA,NA,NA,NA,NA,NA,NA,NA,NA,NA,NA,NA,NA,NA,NA,NA,NA,NA,NA,NA,NA,NA,NA,NA,NA,NA,NA,NA,NA,NA,NA,NA,NA,NA,NA,NA,NA,NA,NA,NA,NA,NA,NA,NA,NA,NA,NA,NA,NA,NA,NA,NA,NA,NA,NA,NA,NA,NA,NA,NA,NA,NA,NA,NA,NA,NA,NA,NA,true,TRUE,TRUE,3360.810501063595,3409.8880538534163,3361.032947979672,49.077552789821766,49.07755278982131,10.000000000000082,FALSE,197.216,NA,NA,NA
contaminated_normal,contaminated normal,CN,ESN,12,1000,421,0.421,NA,TRUE,TRUE,TRUE,0,CONVERGENCE: REL_REDUCTION_OF_F <= FACTR*EPSMCH,-1754.6896400471037,3531.379280094207,3585.3645881630105,3531.64648657194,11,16817.233,NA,NA,NA,NA,6,stage2,1773.85756865819;1773.85330823791;1773.85902660808;1778.85869115575;1773.85804373993;1754.70263608977;1773.85977790386;1773.85970346693;1773.85579567183;1754.7071166662;1773.85766953704;1773.85730293686;1773.85254605914;1778.85477452145,proposed_likelihood,stage2,3,6.646195851453816,3.646195851453816,0.4,0.5478915757265153,0.14789157572651523,NA,0.8708344455140384,NA,NA,1.4925821305300957,NA,NA,-1.4925821305300957,NA,NA,-1.4925821305300957,NA,NA,NA,-0.7,-1.2649452296101338,-0.5649452296101338,0.15,0.1714501477015381,0.0214501477015381,1,0.9423616306176076,-0.05763836938239231,5,-3.483609726474458,-8.483609726474459,1.5,1.2730473906938111,-0.22695260930618863,0.8,1.130183258552351,0.330183258552351,53.98530806880353,53.985308068803505,2.842170943040401e-14,NA,NA,NA,NA,NA,NA,NA,NA,NA,NA,NA,NA,NA,NA,NA,NA,NA,NA,NA,NA,NA,NA,NA,NA,NA,NA,NA,NA,NA,NA,NA,NA,NA,NA,NA,NA,NA,NA,NA,NA,NA,NA,NA,NA,NA,NA,NA,NA,NA,NA,NA,NA,NA,NA,NA,NA,NA,NA,NA,NA,NA,NA,NA,NA,NA,NA,NA,NA,NA,NA,NA,NA,NA,NA,NA,NA,NA,NA,NA,NA,NA,NA,NA,NA,NA,NA,NA,NA,NA,NA,NA,NA,NA,NA,NA,NA,NA,NA,NA,NA,NA,NA,true,TRUE,TRUE,3531.3792800942074,3585.364588163011,3531.6464865719404,53.98530806880353,53.98530806880353,11.000000000000005,FALSE,16817.233,FALSE,TRUE,TRUE
contaminated_normal,contaminated normal,CN,EST,12,1000,421,0.421,NA,TRUE,TRUE,TRUE,0,CONVERGENCE: REL_REDUCTION_OF_F <= FACTR*EPSMCH,-1679.6042819361296,3383.208563872259,3442.101627220045,3383.5246732947517,12,18142.001999999997,NA,NA,NA,NA,22,stage2,1679.60741638801;1e+12;1e+12;1679.60689628469;1e+12;1e+12;1679.60580824553;1e+12;1e+12;1679.60738586653;1e+12;1e+12;1679.6071705362;1e+12;1e+12;1679.60968304688;1e+12;1e+12;1679.60657122501;1e+12;1e+12;1679.60432241506;1e+12;1e+12;1679.60669785766;1e+12;1e+12;1679.63685567196;1e+12;1e+12;1679.61793287693;1e+12;1e+12;1679.618450226;1e+12;1e+12;1679.60554800906;1e+12;1e+12;1679.62087705031;1e+12;1e+12,proposed_likelihood,stage2,3,2.4878339829995575,-0.5121660170004425,0.4,0.18644845070085375,-0.21355154929914627,NA,-0.4513555929428587,NA,NA,0.8116674738893701,NA,NA,-1.4925821305300957,NA,NA,-1.4925821305300957,NA,4,NA,-0.7,-0.3456173557021103,0.3543826442978897,0.15,0.2437408717729875,0.09374087177298752,1,1.3013400419092425,0.30134004190924246,5,1.9710951354858908,-3.028904864514109,1.5,1.273487096112413,-0.22651290388758705,0.8,1.0370080537332007,0.23700805373320064,58.893063347785755,58.89306334778564,1.1368683772161603e-13,NA,NA,NA,NA,NA,NA,NA,NA,NA,NA,NA,NA,NA,NA,NA,NA,NA,NA,NA,NA,NA,NA,NA,NA,NA,NA,NA,NA,NA,NA,NA,NA,NA,NA,NA,NA,NA,NA,NA,NA,NA,NA,NA,NA,NA,NA,NA,NA,NA,NA,NA,NA,NA,NA,NA,NA,NA,NA,NA,NA,NA,NA,NA,NA,NA,NA,NA,NA,NA,NA,NA,NA,NA,NA,NA,NA,NA,NA,NA,NA,NA,NA,NA,NA,NA,NA,NA,NA,NA,NA,NA,NA,NA,NA,NA,NA,NA,NA,NA,NA,NA,NA,true,TRUE,TRUE,3383.208563872259,3442.101627220045,3383.5246732947517,58.893063347785755,58.893063347785755,12.000000000000023,FALSE,18142.001999999997,FALSE,FALSE,TRUE
contaminated_normal,contaminated normal,CN,NH,13,1000,455,0.455,NA,TRUE,TRUE,TRUE,0,NA,-1936.4846322107037,3888.969264421407,3928.231306653264,3889.114572191336,8,66.661,NA,3874.969264421407,3879.877019700389,1.000000000000017,NA,HeckmanEM,NA,raw_AIC_BIC_implied_logLik,finite_logLik_no_explicit_code,3,4.656066036485894,1.6560660364858943,0.4,0.27777639524659,-0.12222360475341004,NA,NA,NA,NA,NA,NA,NA,NA,NA,NA,NA,NA,NA,NA,-0.7,-0.5228552791561228,0.1771447208438771,0.15,0.13623408663010023,-0.01376591336989974,1,0.811939651738936,-0.188060348261064,5,4.954554344374807,-0.0454456556251932,1.5,1.242451368864234,-0.257548631135766,0.8,0.8669526235160965,0.06695262351609643,39.26204223185732,39.262042231857095,-2.2737367544323206e-13,NA,NA,NA,NA,NA,NA,NA,NA,NA,NA,NA,NA,NA,NA,NA,NA,NA,NA,NA,NA,NA,NA,NA,NA,NA,NA,NA,NA,NA,NA,NA,NA,NA,NA,NA,NA,NA,NA,NA,NA,NA,NA,NA,NA,NA,NA,NA,NA,NA,NA,NA,NA,NA,NA,NA,NA,NA,NA,NA,NA,NA,NA,NA,NA,NA,NA,NA,NA,NA,NA,NA,NA,NA,NA,NA,NA,NA,NA,NA,NA,NA,NA,NA,NA,NA,NA,NA,NA,NA,NA,NA,NA,NA,NA,NA,NA,NA,NA,NA,NA,NA,NA,true,TRUE,TRUE,3888.9692644214074,3928.2313066532643,3889.1145721913367,39.26204223185687,39.26204223185687,7.999999999999954,FALSE,66.661,NA,NA,NA
contaminated_normal,contaminated normal,CN,HT,13,1000,455,0.455,NA,TRUE,TRUE,TRUE,0,NA,-1862.7084086822613,3741.4168173645226,3780.67885959638,3741.562125134452,8,80.044,NA,3727.4168173645226,3732.324572643505,1.000000000000017,NA,HeckmanEM,NA,raw_AIC_BIC_implied_logLik,finite_logLik_no_explicit_code,3,2.9388530429682302,-0.06114695703176975,0.4,0.38574384098459014,-0.01425615901540988,NA,NA,NA,NA,NA,NA,NA,NA,NA,NA,NA,NA,NA,NA,-0.7,-0.6150193304317579,0.08498066956824202,0.15,0.16994600025030215,0.01994600025030216,1,0.937654530883516,-0.06234546911648397,5,5.031289383770827,0.03128938377082679,1.5,1.3599991519147068,-0.14000084808529323,0.8,0.7282660935490961,-0.07173390645090394,39.26204223185732,39.262042231857095,2.2737367544323206e-13,NA,NA,NA,NA,NA,NA,NA,NA,NA,NA,NA,NA,NA,NA,NA,NA,NA,NA,NA,NA,NA,NA,NA,NA,NA,NA,NA,NA,NA,NA,NA,NA,NA,NA,NA,NA,NA,NA,NA,NA,NA,NA,NA,NA,NA,NA,NA,NA,NA,NA,NA,NA,NA,NA,NA,NA,NA,NA,NA,NA,NA,NA,NA,NA,NA,NA,NA,NA,NA,NA,NA,NA,NA,NA,NA,NA,NA,NA,NA,NA,NA,NA,NA,NA,NA,NA,NA,NA,NA,NA,NA,NA,NA,NA,NA,NA,NA,NA,NA,NA,NA,NA,true,TRUE,TRUE,3741.4168173645226,3780.67885959638,3741.562125134452,39.26204223185732,39.26204223185732,8.000000000000046,FALSE,80.044,NA,NA,NA
contaminated_normal,contaminated normal,CN,CN,13,1000,455,0.455,NA,TRUE,TRUE,TRUE,0,NA,-1855.112964801376,3730.225929602752,3779.303482392573,3730.448376518829,10,123.24899999999997,NA,3712.225929602752,3717.133684881734,1.000000000000017,NA,HeckmanEM,NA,raw_AIC_BIC_implied_logLik,finite_logLik_no_explicit_code,3,3.1600939763915994,0.1600939763915994,0.4,0.4139087783693279,0.01390877836932785,NA,NA,NA,NA,NA,NA,NA,NA,NA,NA,NA,NA,NA,NA,-0.7,-0.5894231383807529,0.11057686161924708,0.15,0.1620344589469196,0.01203445894691959,1,0.9046423806789524,-0.09535761932104758,5,4.954891860136309,-0.04510813986369122,1.5,1.3198890944817827,-0.1801109055182173,0.8,0.747504963138944,-0.05249503686105605,49.07755278982131,49.07755278982137,-5.684341886080802e-14,NA,NA,NA,NA,NA,NA,NA,NA,NA,NA,NA,NA,NA,NA,NA,NA,NA,NA,NA,NA,NA,NA,NA,NA,NA,NA,NA,NA,NA,NA,NA,NA,NA,NA,NA,NA,NA,NA,NA,NA,NA,NA,NA,NA,NA,NA,NA,NA,NA,NA,NA,NA,NA,NA,NA,NA,NA,NA,NA,NA,NA,NA,NA,NA,NA,NA,NA,NA,NA,NA,NA,NA,NA,NA,NA,NA,NA,NA,NA,NA,NA,NA,NA,NA,NA,NA,NA,NA,NA,NA,NA,NA,NA,NA,NA,NA,NA,NA,NA,NA,NA,NA,true,TRUE,TRUE,3730.225929602752,3779.303482392573,3730.448376518829,49.07755278982131,49.07755278982131,9.999999999999988,FALSE,123.24899999999997,NA,NA,NA
contaminated_normal,contaminated normal,CN,ESN,13,1000,455,0.455,NA,TRUE,TRUE,TRUE,0,CONVERGENCE: REL_REDUCTION_OF_F <= FACTR*EPSMCH,-1922.0031564939593,3866.0063129879186,3919.991621056722,3866.273519465651,11,17807.067,NA,NA,NA,NA,6,stage2,1930.45769954338;1936.48463128677;1930.43585311915;1933.93299590496;1930.43388880822;1922.8063529129;1936.32832426161;1930.43137852534;1930.42926072174;1936.48500155518;1930.43416703641;1930.47642363331;1930.44411654976;1936.48463176305,proposed_likelihood,stage2,3,6.4648541646873,3.4648541646873,0.4,0.36712596298840006,-0.03287403701159996,NA,0.8235785024249733,NA,NA,1.43094518147766,NA,NA,-1.4925821305300957,NA,NA,-1.4925821305300957,NA,NA,NA,-0.7,-1.0629348737123685,-0.36293487371236854,0.15,0.12981483789413395,-0.02018516210586604,1,0.766844872091272,-0.23315512790872803,5,-1.8401924298501324,-6.840192429850132,1.5,1.3377591820921908,-0.1622408179078092,0.8,0.8676070081344359,0.06760700813443588,53.98530806880353,53.985308068803505,2.842170943040401e-14,NA,NA,NA,NA,NA,NA,NA,NA,NA,NA,NA,NA,NA,NA,NA,NA,NA,NA,NA,NA,NA,NA,NA,NA,NA,NA,NA,NA,NA,NA,NA,NA,NA,NA,NA,NA,NA,NA,NA,NA,NA,NA,NA,NA,NA,NA,NA,NA,NA,NA,NA,NA,NA,NA,NA,NA,NA,NA,NA,NA,NA,NA,NA,NA,NA,NA,NA,NA,NA,NA,NA,NA,NA,NA,NA,NA,NA,NA,NA,NA,NA,NA,NA,NA,NA,NA,NA,NA,NA,NA,NA,NA,NA,NA,NA,NA,NA,NA,NA,NA,NA,NA,true,TRUE,TRUE,3866.0063129879186,3919.991621056722,3866.2735194656516,53.98530806880353,53.98530806880353,11.000000000000005,FALSE,17807.067,FALSE,TRUE,TRUE
contaminated_normal,contaminated normal,CN,EST,13,1000,455,0.455,NA,TRUE,TRUE,TRUE,0,CONVERGENCE: REL_REDUCTION_OF_F <= FACTR*EPSMCH,-1861.8830294562265,3747.766058912453,3806.6591222602383,3748.082168334945,12,15606.350000000002,NA,NA,NA,NA,31,stage2,1861.88669159742;1e+12;1e+12;1861.88699103157;1e+12;1e+12;1861.88303390231;1e+12;1e+12;1861.88414148255;1e+12;1e+12;1861.8851474757;1e+12;1e+12;1861.88655222781;1e+12;1e+12;1861.88345106833;1e+12;1e+12;1861.88353832068;1e+12;1e+12;1861.88473461394;1e+12;1e+12;1861.89585965292;1e+12;1e+12;1861.88303112399;1e+12;1e+12;1861.88309947464;1e+12;1e+12;1861.88937099173;1e+12;1e+12;1861.88348037667;1e+12;1e+12,proposed_likelihood,stage2,3,2.548790763610349,-0.45120923638965094,0.4,0.4249705995946624,0.02497059959466235,NA,1.4828938611075038,NA,NA,-0.07844773311936833,NA,NA,-1.2506145124524846,NA,NA,-1.2506145124524846,NA,4,NA,-0.7,-1.6892924660569868,-0.9892924660569868,0.15,0.13640638895511864,-0.01359361104488135,1,0.7639340257730574,-0.23606597422694264,5,3.941772220629012,-1.0582277793709878,1.5,1.3582776522057336,-0.1417223477942664,0.8,0.7318553427972699,-0.06814465720273011,58.893063347785755,58.89306334778564,1.1368683772161603e-13,NA,NA,NA,NA,NA,NA,NA,NA,NA,NA,NA,NA,NA,NA,NA,NA,NA,NA,NA,NA,NA,NA,NA,NA,NA,NA,NA,NA,NA,NA,NA,NA,NA,NA,NA,NA,NA,NA,NA,NA,NA,NA,NA,NA,NA,NA,NA,NA,NA,NA,NA,NA,NA,NA,NA,NA,NA,NA,NA,NA,NA,NA,NA,NA,NA,NA,NA,NA,NA,NA,NA,NA,NA,NA,NA,NA,NA,NA,NA,NA,NA,NA,NA,NA,NA,NA,NA,NA,NA,NA,NA,NA,NA,NA,NA,NA,NA,NA,NA,NA,NA,NA,true,TRUE,TRUE,3747.766058912453,3806.6591222602387,3748.0821683349454,58.8930633477853,58.893063347785755,11.99999999999993,FALSE,15606.350000000002,TRUE,FALSE,FALSE
contaminated_normal,contaminated normal,CN,NH,14,1000,460,0.46,NA,TRUE,TRUE,TRUE,0,NA,-1931.244099054986,3878.488198109972,3917.75024034183,3878.633505879902,8,141.147,NA,3864.488198109972,3869.3959533889542,1.000000000000017,NA,HeckmanEM,NA,raw_AIC_BIC_implied_logLik,finite_logLik_no_explicit_code,3,4.9175644536605985,1.9175644536605985,0.4,0.5168815658103708,0.1168815658103708,NA,NA,NA,NA,NA,NA,NA,NA,NA,NA,NA,NA,NA,NA,-0.7,-0.641265947437148,0.05873405256285191,0.15,0.1373579804047602,-0.0126420195952398,1,0.9411690851373596,-0.05883091486264047,5,4.255401758662793,-0.744598241337207,1.5,1.2190147134267677,-0.2809852865732323,0.8,0.8528374771512383,0.05283747715123821,39.26204223185732,39.262042231857095,2.2737367544323206e-13,NA,NA,NA,NA,NA,NA,NA,NA,NA,NA,NA,NA,NA,NA,NA,NA,NA,NA,NA,NA,NA,NA,NA,NA,NA,NA,NA,NA,NA,NA,NA,NA,NA,NA,NA,NA,NA,NA,NA,NA,NA,NA,NA,NA,NA,NA,NA,NA,NA,NA,NA,NA,NA,NA,NA,NA,NA,NA,NA,NA,NA,NA,NA,NA,NA,NA,NA,NA,NA,NA,NA,NA,NA,NA,NA,NA,NA,NA,NA,NA,NA,NA,NA,NA,NA,NA,NA,NA,NA,NA,NA,NA,NA,NA,NA,NA,NA,NA,NA,NA,NA,NA,true,TRUE,TRUE,3878.488198109972,3917.7502403418293,3878.6335058799013,39.26204223185778,39.26204223185732,8.000000000000139,FALSE,141.147,NA,NA,NA
contaminated_normal,contaminated normal,CN,HT,14,1000,460,0.46,NA,TRUE,TRUE,TRUE,0,NA,-1840.3122800366184,3696.624560073237,3735.886602305094,3696.769867843166,8,111.02700000000002,NA,3682.624560073237,3687.532315352219,1.000000000000017,NA,HeckmanEM,NA,raw_AIC_BIC_implied_logLik,finite_logLik_no_explicit_code,3,2.7835946712792965,-0.2164053287207035,0.4,0.5279191487492823,0.12791914874928223,NA,NA,NA,NA,NA,NA,NA,NA,NA,NA,NA,NA,NA,NA,-0.7,-0.7828196034663149,-0.0828196034663149,0.15,0.17499800082306674,0.02499800082306674,1,1.143351194514144,0.1433511945141439,5,4.662764150508983,-0.3372358494910168,1.5,1.3662011778308114,-0.1337988221691886,0.8,0.7941548306184115,-0.00584516938158852,39.26204223185732,39.262042231857095,2.2737367544323206e-13,NA,NA,NA,NA,NA,NA,NA,NA,NA,NA,NA,NA,NA,NA,NA,NA,NA,NA,NA,NA,NA,NA,NA,NA,NA,NA,NA,NA,NA,NA,NA,NA,NA,NA,NA,NA,NA,NA,NA,NA,NA,NA,NA,NA,NA,NA,NA,NA,NA,NA,NA,NA,NA,NA,NA,NA,NA,NA,NA,NA,NA,NA,NA,NA,NA,NA,NA,NA,NA,NA,NA,NA,NA,NA,NA,NA,NA,NA,NA,NA,NA,NA,NA,NA,NA,NA,NA,NA,NA,NA,NA,NA,NA,NA,NA,NA,NA,NA,NA,NA,NA,NA,true,TRUE,TRUE,3696.624560073237,3735.886602305094,3696.769867843166,39.26204223185732,39.26204223185732,8.000000000000046,FALSE,111.02700000000002,NA,NA,NA
contaminated_normal,contaminated normal,CN,CN,14,1000,460,0.46,NA,TRUE,TRUE,TRUE,0,NA,-1833.6483423069608,3687.296684613921,3736.3742374037424,3687.519131529998,10,175.625,NA,3669.296684613921,3674.2044398929033,1.000000000000017,NA,HeckmanEM,NA,raw_AIC_BIC_implied_logLik,finite_logLik_no_explicit_code,3,2.8875050822081416,-0.11249491779185838,0.4,0.5214089045781232,0.12140890457812314,NA,NA,NA,NA,NA,NA,NA,NA,NA,NA,NA,NA,NA,NA,-0.7,-0.7642375016295903,-0.0642375016295903,0.15,0.16594769367137063,0.01594769367137064,1,1.1215130156729127,0.12151301567291271,5,4.662125075964224,-0.3378749240357761,1.5,1.381550845516482,-0.118449154483518,0.8,0.8024561597693134,0.00245615976931334,49.07755278982131,49.07755278982137,-5.684341886080802e-14,NA,NA,NA,NA,NA,NA,NA,NA,NA,NA,NA,NA,NA,NA,NA,NA,NA,NA,NA,NA,NA,NA,NA,NA,NA,NA,NA,NA,NA,NA,NA,NA,NA,NA,NA,NA,NA,NA,NA,NA,NA,NA,NA,NA,NA,NA,NA,NA,NA,NA,NA,NA,NA,NA,NA,NA,NA,NA,NA,NA,NA,NA,NA,NA,NA,NA,NA,NA,NA,NA,NA,NA,NA,NA,NA,NA,NA,NA,NA,NA,NA,NA,NA,NA,NA,NA,NA,NA,NA,NA,NA,NA,NA,NA,NA,NA,NA,NA,NA,NA,NA,NA,true,TRUE,TRUE,3687.2966846139216,3736.374237403743,3687.5191315299985,49.07755278982131,49.07755278982131,9.999999999999988,FALSE,175.625,NA,NA,NA
contaminated_normal,contaminated normal,CN,ESN,14,1000,460,0.46,NA,TRUE,TRUE,TRUE,0,CONVERGENCE: REL_REDUCTION_OF_F <= FACTR*EPSMCH,-1911.2376858682385,3844.475371736477,3898.460679805281,3844.74257821421,11,17301.968,NA,NA,NA,NA,10,stage2,1923.23376634047;1931.22852321798;1923.23943164875;1931.24367078352;1923.24589415955;1931.24418876485;1931.24627336257;1923.25155096076;1923.23863779759;1911.25570366111;1923.22190404628;1923.26481987989;1923.25642679298;1931.24409858469,proposed_likelihood,stage2,3,6.646209675973129,3.646209675973129,0.4,0.45327644058571775,0.05327644058571773,NA,0.8442523538561616,NA,NA,1.4925821305300957,NA,NA,-1.4925821305300957,NA,NA,-1.4925821305300957,NA,NA,NA,-0.7,-1.181854974673262,-0.4818549746732621,0.15,0.13480092693982826,-0.01519907306017173,1,0.9131267473145328,-0.0868732526854672,5,-2.382828852749815,-7.382828852749816,1.5,1.3832998104017245,-0.11670018959827556,0.8,0.8644408738829467,0.06444087388294661,53.98530806880353,53.985308068803505,2.842170943040401e-14,NA,NA,NA,NA,NA,NA,NA,NA,NA,NA,NA,NA,NA,NA,NA,NA,NA,NA,NA,NA,NA,NA,NA,NA,NA,NA,NA,NA,NA,NA,NA,NA,NA,NA,NA,NA,NA,NA,NA,NA,NA,NA,NA,NA,NA,NA,NA,NA,NA,NA,NA,NA,NA,NA,NA,NA,NA,NA,NA,NA,NA,NA,NA,NA,NA,NA,NA,NA,NA,NA,NA,NA,NA,NA,NA,NA,NA,NA,NA,NA,NA,NA,NA,NA,NA,NA,NA,NA,NA,NA,NA,NA,NA,NA,NA,NA,NA,NA,NA,NA,NA,NA,true,TRUE,TRUE,3844.475371736477,3898.4606798052805,3844.74257821421,53.98530806880399,53.98530806880353,11.000000000000098,FALSE,17301.968,FALSE,TRUE,TRUE
contaminated_normal,contaminated normal,CN,EST,14,1000,460,0.46,NA,TRUE,TRUE,TRUE,0,CONVERGENCE: REL_REDUCTION_OF_F <= FACTR*EPSMCH,-1842.7891957694935,3709.578391538987,3768.471454886773,3709.89450096148,12,18161.842000000004,NA,NA,NA,NA,4,stage2,1842.78951287188;1e+12;1e+12;1842.78919731703;1e+12;1e+12;1842.78986245714;1e+12;1e+12;1842.7897599379;1e+12;1e+12;1842.79142517804;1e+12;1e+12;1842.80009613222;1e+12;1e+12;1842.78922306546;1e+12;1e+12;1842.79324774972;1e+12;1e+12;1842.79059004044;1e+12;1e+12;1842.78963222066;1e+12;1e+12;1842.80842883479;1e+12;1e+12;1842.80337548586;1e+12;1e+12;1842.78951144767;1e+12;1e+12;1842.79456050634;1e+12;1e+12,proposed_likelihood,stage2,3,2.1911191412140254,-0.8088808587859746,0.4,0.5160597599600273,0.11605975996002726,NA,0.26540019435862966,NA,NA,0.1075253545584402,NA,NA,-1.4925821305300957,NA,NA,-1.4925821305300957,NA,4,NA,-0.7,-1.5576422255179283,-0.8576422255179286,0.15,0.21853081113148887,0.06853081113148887,1,1.4424848853025385,0.44248488530253827,5,3.651963491837024,-1.3480365081629762,1.5,1.3699869408070102,-0.13001305919298978,0.8,0.7967491442916511,-0.00325085570834893,58.893063347785755,58.89306334778564,1.1368683772161603e-13,NA,NA,NA,NA,NA,NA,NA,NA,NA,NA,NA,NA,NA,NA,NA,NA,NA,NA,NA,NA,NA,NA,NA,NA,NA,NA,NA,NA,NA,NA,NA,NA,NA,NA,NA,NA,NA,NA,NA,NA,NA,NA,NA,NA,NA,NA,NA,NA,NA,NA,NA,NA,NA,NA,NA,NA,NA,NA,NA,NA,NA,NA,NA,NA,NA,NA,NA,NA,NA,NA,NA,NA,NA,NA,NA,NA,NA,NA,NA,NA,NA,NA,NA,NA,NA,NA,NA,NA,NA,NA,NA,NA,NA,NA,NA,NA,NA,NA,NA,NA,NA,NA,true,TRUE,TRUE,3709.578391538987,3768.471454886773,3709.8945009614795,58.893063347785755,58.893063347785755,12.000000000000023,FALSE,18161.842000000004,FALSE,FALSE,TRUE
contaminated_normal,contaminated normal,CN,NH,15,1000,456,0.456,NA,TRUE,TRUE,TRUE,0,NA,-1886.1538881912093,3788.3077763824185,3827.5698186142754,3788.453084152348,8,114.783,NA,3774.3077763824185,3779.2155316614007,1.000000000000017,NA,HeckmanEM,NA,raw_AIC_BIC_implied_logLik,finite_logLik_no_explicit_code,3,4.1805567386157705,1.1805567386157705,0.4,0.24029043567634295,-0.15970956432365704,NA,NA,NA,NA,NA,NA,NA,NA,NA,NA,NA,NA,NA,NA,-0.7,-0.605942721100806,0.09405727889919392,0.15,0.1231652191183736,-0.02683478088162638,1,0.9548311731567026,-0.04516882684329737,5,5.354066568013611,0.3540665680136108,1.5,1.7457624102948606,0.24576241029486057,0.8,0.8194221037259478,0.01942210372594777,39.26204223185687,39.262042231857095,-2.2737367544323206e-13,NA,NA,NA,NA,NA,NA,NA,NA,NA,NA,NA,NA,NA,NA,NA,NA,NA,NA,NA,NA,NA,NA,NA,NA,NA,NA,NA,NA,NA,NA,NA,NA,NA,NA,NA,NA,NA,NA,NA,NA,NA,NA,NA,NA,NA,NA,NA,NA,NA,NA,NA,NA,NA,NA,NA,NA,NA,NA,NA,NA,NA,NA,NA,NA,NA,NA,NA,NA,NA,NA,NA,NA,NA,NA,NA,NA,NA,NA,NA,NA,NA,NA,NA,NA,NA,NA,NA,NA,NA,NA,NA,NA,NA,NA,NA,NA,NA,NA,NA,NA,NA,NA,true,TRUE,TRUE,3788.3077763824185,3827.5698186142754,3788.453084152348,39.26204223185687,39.26204223185687,7.999999999999954,FALSE,114.783,NA,NA,NA
contaminated_normal,contaminated normal,CN,HT,15,1000,456,0.456,NA,TRUE,TRUE,TRUE,0,NA,-1824.016656300708,3664.033312601416,3703.2953548332734,3664.1786203713455,8,99.017,NA,3650.033312601416,3654.9410678803984,1.000000000000017,NA,HeckmanEM,NA,raw_AIC_BIC_implied_logLik,finite_logLik_no_explicit_code,3,2.588977503838113,-0.41102249616188713,0.4,0.2801785860260411,-0.1198214139739589,NA,NA,NA,NA,NA,NA,NA,NA,NA,NA,NA,NA,NA,NA,-0.7,-0.6829997164653698,0.01700028353463012,0.15,0.13861991787430958,-0.01138008212569041,1,1.0789007560808848,0.07890075608088476,5,5.180552077844775,0.18055207784477467,1.5,1.5248617369335291,0.02486173693352911,0.8,0.8883539000401034,0.08835390004010335,39.26204223185732,39.262042231857095,2.2737367544323206e-13,NA,NA,NA,NA,NA,NA,NA,NA,NA,NA,NA,NA,NA,NA,NA,NA,NA,NA,NA,NA,NA,NA,NA,NA,NA,NA,NA,NA,NA,NA,NA,NA,NA,NA,NA,NA,NA,NA,NA,NA,NA,NA,NA,NA,NA,NA,NA,NA,NA,NA,NA,NA,NA,NA,NA,NA,NA,NA,NA,NA,NA,NA,NA,NA,NA,NA,NA,NA,NA,NA,NA,NA,NA,NA,NA,NA,NA,NA,NA,NA,NA,NA,NA,NA,NA,NA,NA,NA,NA,NA,NA,NA,NA,NA,NA,NA,NA,NA,NA,NA,NA,NA,true,TRUE,TRUE,3664.033312601416,3703.2953548332734,3664.1786203713455,39.26204223185732,39.26204223185732,8.000000000000046,FALSE,99.017,NA,NA,NA
contaminated_normal,contaminated normal,CN,CN,15,1000,456,0.456,NA,TRUE,TRUE,TRUE,0,NA,-1819.9112834789296,3659.822566957859,3708.900119747681,3660.045013873936,10,190.951,NA,3641.822566957859,3646.7303222368414,1.000000000000017,NA,HeckmanEM,NA,raw_AIC_BIC_implied_logLik,finite_logLik_no_explicit_code,3,2.8479601670361343,-0.1520398329638657,0.4,0.33794212227103165,-0.06205787772896837,NA,NA,NA,NA,NA,NA,NA,NA,NA,NA,NA,NA,NA,NA,-0.7,-0.6581332311981715,0.04186676880182849,0.15,0.13277413055403312,-0.01722586944596688,1,1.0379258900865276,0.03792589008652758,5,4.999916574039985,-8.342596001487124e-5,1.5,1.5240795371283558,0.02407953712835575,0.8,0.8875042012601845,0.08750420126018443,49.07755278982131,49.07755278982137,-5.684341886080802e-14,NA,NA,NA,NA,NA,NA,NA,NA,NA,NA,NA,NA,NA,NA,NA,NA,NA,NA,NA,NA,NA,NA,NA,NA,NA,NA,NA,NA,NA,NA,NA,NA,NA,NA,NA,NA,NA,NA,NA,NA,NA,NA,NA,NA,NA,NA,NA,NA,NA,NA,NA,NA,NA,NA,NA,NA,NA,NA,NA,NA,NA,NA,NA,NA,NA,NA,NA,NA,NA,NA,NA,NA,NA,NA,NA,NA,NA,NA,NA,NA,NA,NA,NA,NA,NA,NA,NA,NA,NA,NA,NA,NA,NA,NA,NA,NA,NA,NA,NA,NA,NA,NA,true,TRUE,TRUE,3659.822566957859,3708.9001197476805,3660.045013873936,49.077552789821766,49.07755278982131,10.000000000000082,FALSE,190.951,NA,NA,NA
contaminated_normal,contaminated normal,CN,ESN,15,1000,456,0.456,NA,TRUE,TRUE,TRUE,0,CONVERGENCE: REL_REDUCTION_OF_F <= FACTR*EPSMCH,-1872.2686109203885,3766.537221840777,3820.522529909581,3766.80442831851,11,14548.389,NA,NA,NA,NA,10,stage2,1886.15408201771;1886.15592473135;1886.15192129907;1886.15398466639;1884.18260536316;1872.28572836088;1886.12716825548;1884.24433630478;1883.79651202685;1872.49237946277;1883.79107481875;1886.15412464907;1886.15403312191;1886.15388722558,proposed_likelihood,stage2,3,5.891535215681592,2.891535215681592,0.4,0.01012193746623128,-0.3898780625337687,NA,-0.2054269191063507,NA,NA,1.4925821305300957,NA,NA,-1.4925821305300957,NA,NA,-1.4925821305300957,NA,NA,NA,-0.7,-0.45115254901035745,0.2488474509896425,0.15,0.12258578303588558,-0.02741421696411442,1,0.9586628447671484,-0.04133715523285164,5,-0.978221758293505,-5.978221758293505,1.5,1.7383174139691042,0.23831741396910425,0.8,0.8166805787027561,0.01668057870275607,53.98530806880353,53.985308068803505,2.842170943040401e-14,NA,NA,NA,NA,NA,NA,NA,NA,NA,NA,NA,NA,NA,NA,NA,NA,NA,NA,NA,NA,NA,NA,NA,NA,NA,NA,NA,NA,NA,NA,NA,NA,NA,NA,NA,NA,NA,NA,NA,NA,NA,NA,NA,NA,NA,NA,NA,NA,NA,NA,NA,NA,NA,NA,NA,NA,NA,NA,NA,NA,NA,NA,NA,NA,NA,NA,NA,NA,NA,NA,NA,NA,NA,NA,NA,NA,NA,NA,NA,NA,NA,NA,NA,NA,NA,NA,NA,NA,NA,NA,NA,NA,NA,NA,NA,NA,NA,NA,NA,NA,NA,NA,true,TRUE,TRUE,3766.537221840777,3820.5225299095805,3766.80442831851,53.98530806880399,53.98530806880353,11.000000000000098,FALSE,14548.389,FALSE,TRUE,TRUE
contaminated_normal,contaminated normal,CN,EST,15,1000,456,0.456,NA,TRUE,TRUE,TRUE,0,CONVERGENCE: REL_REDUCTION_OF_F <= FACTR*EPSMCH,-1824.5597102520285,3673.119420504057,3732.0124838518423,3673.4355299265494,12,20056.824000000004,NA,NA,NA,NA,28,stage2,1824.5676337231;1e+12;1e+12;1824.57006286355;1e+12;1e+12;1824.57581247673;1e+12;1e+12;1824.57769569663;1e+12;1e+12;1824.56461821556;1e+12;1e+12;1824.56776424359;1e+12;1e+12;1824.57075597108;1e+12;1e+12;1824.5609785401;1e+12;1e+12;1824.56322342498;1e+12;1e+12;1824.56052571671;1e+12;1e+12;1824.58022545844;1e+12;1e+12;1824.56269583412;1e+12;1e+12;1824.57498907751;1e+12;1e+12;1824.57362906063;1e+12;1e+12,proposed_likelihood,stage2,3,2.003201981296882,-0.9967980187031178,0.4,0.2812088629446668,-0.11879113705533324,NA,-0.01511866930113807,NA,NA,0.02397070695542331,NA,NA,-1.4925821305300957,NA,NA,-1.4925821305300957,NA,4,NA,-0.7,-0.8692548068662898,-0.1692548068662898,0.15,0.1829451655149015,0.03294516551490151,1,1.4244529349102162,0.4244529349102162,5,5.086055899989616,0.08605589998961616,1.5,1.5312892649600711,0.03128926496007134,0.8,0.8861892056872666,0.08618920568726651,58.893063347785755,58.89306334778564,1.1368683772161603e-13,NA,NA,NA,NA,NA,NA,NA,NA,NA,NA,NA,NA,NA,NA,NA,NA,NA,NA,NA,NA,NA,NA,NA,NA,NA,NA,NA,NA,NA,NA,NA,NA,NA,NA,NA,NA,NA,NA,NA,NA,NA,NA,NA,NA,NA,NA,NA,NA,NA,NA,NA,NA,NA,NA,NA,NA,NA,NA,NA,NA,NA,NA,NA,NA,NA,NA,NA,NA,NA,NA,NA,NA,NA,NA,NA,NA,NA,NA,NA,NA,NA,NA,NA,NA,NA,NA,NA,NA,NA,NA,NA,NA,NA,NA,NA,NA,NA,NA,NA,NA,NA,NA,true,TRUE,TRUE,3673.119420504057,3732.0124838518427,3673.4355299265494,58.8930633477853,58.893063347785755,11.99999999999993,FALSE,20056.824000000004,FALSE,FALSE,TRUE
contaminated_normal,contaminated normal,CN,NH,16,1000,448,0.448,NA,TRUE,TRUE,TRUE,0,NA,-1890.127856124501,3796.255712249002,3835.5177544808594,3796.4010200189314,8,122.99,NA,3782.255712249002,3787.163467527984,1.000000000000017,NA,HeckmanEM,NA,raw_AIC_BIC_implied_logLik,finite_logLik_no_explicit_code,3,4.556345358195752,1.5563453581957516,0.4,0.4149278483533927,0.01492784835339267,NA,NA,NA,NA,NA,NA,NA,NA,NA,NA,NA,NA,NA,NA,-0.7,-0.595283916956286,0.10471608304371394,0.15,0.11847200595508192,-0.03152799404491809,1,0.8698440013165495,-0.1301559986834505,5,4.774816218430058,-0.22518378156994157,1.5,1.4168026038171684,-0.08319739618283162,0.8,0.8037193841361165,0.00371938413611649,39.26204223185732,39.262042231857095,2.2737367544323206e-13,NA,NA,NA,NA,NA,NA,NA,NA,NA,NA,NA,NA,NA,NA,NA,NA,NA,NA,NA,NA,NA,NA,NA,NA,NA,NA,NA,NA,NA,NA,NA,NA,NA,NA,NA,NA,NA,NA,NA,NA,NA,NA,NA,NA,NA,NA,NA,NA,NA,NA,NA,NA,NA,NA,NA,NA,NA,NA,NA,NA,NA,NA,NA,NA,NA,NA,NA,NA,NA,NA,NA,NA,NA,NA,NA,NA,NA,NA,NA,NA,NA,NA,NA,NA,NA,NA,NA,NA,NA,NA,NA,NA,NA,NA,NA,NA,NA,NA,NA,NA,NA,NA,true,TRUE,TRUE,3796.255712249002,3835.5177544808594,3796.4010200189314,39.26204223185732,39.26204223185732,8.000000000000046,FALSE,122.99,NA,NA,NA
contaminated_normal,contaminated normal,CN,HT,16,1000,448,0.448,NA,TRUE,TRUE,TRUE,0,NA,-1820.3350591192484,3656.670118238497,3695.9321604703537,3656.815426008426,8,113.938,NA,3642.670118238497,3647.577873517479,1.000000000000017,NA,HeckmanEM,NA,raw_AIC_BIC_implied_logLik,finite_logLik_no_explicit_code,3,2.808372077704294,-0.191627922295706,0.4,0.3672179024903643,-0.03278209750963573,NA,NA,NA,NA,NA,NA,NA,NA,NA,NA,NA,NA,NA,NA,-0.7,-0.6851830127230567,0.01481698727694325,0.15,0.13512289072432,-0.01487710927568,1,1.0160526471653408,0.01605264716534082,5,5.087813366637153,0.08781336663715322,1.5,1.5750684538430644,0.07506845384306438,0.8,0.8567206616835771,0.05672066168357703,39.26204223185687,39.262042231857095,-2.2737367544323206e-13,NA,NA,NA,NA,NA,NA,NA,NA,NA,NA,NA,NA,NA,NA,NA,NA,NA,NA,NA,NA,NA,NA,NA,NA,NA,NA,NA,NA,NA,NA,NA,NA,NA,NA,NA,NA,NA,NA,NA,NA,NA,NA,NA,NA,NA,NA,NA,NA,NA,NA,NA,NA,NA,NA,NA,NA,NA,NA,NA,NA,NA,NA,NA,NA,NA,NA,NA,NA,NA,NA,NA,NA,NA,NA,NA,NA,NA,NA,NA,NA,NA,NA,NA,NA,NA,NA,NA,NA,NA,NA,NA,NA,NA,NA,NA,NA,NA,NA,NA,NA,NA,NA,true,TRUE,TRUE,3656.670118238497,3695.9321604703537,3656.815426008426,39.26204223185687,39.26204223185687,7.999999999999954,FALSE,113.938,NA,NA,NA
contaminated_normal,contaminated normal,CN,CN,16,1000,448,0.448,NA,TRUE,TRUE,TRUE,0,NA,-1813.6199795546693,3647.2399591093385,3696.31751189916,3647.462406025415,10,225.238,NA,3629.2399591093385,3634.1477143883208,1.000000000000017,NA,HeckmanEM,NA,raw_AIC_BIC_implied_logLik,finite_logLik_no_explicit_code,3,3.0533727649268596,0.0533727649268596,0.4,0.3233668252893924,-0.0766331747106076,NA,NA,NA,NA,NA,NA,NA,NA,NA,NA,NA,NA,NA,NA,-0.7,-0.6607377700284092,0.03926222997159079,0.15,0.12797013279715228,-0.02202986720284772,1,0.9728272819281162,-0.02717271807188381,5,5.237667486300992,0.23766748630099244,1.5,1.63508920971685,0.1350892097168499,0.8,0.86677895710129,0.06677895710129,49.07755278982131,49.07755278982137,-5.684341886080802e-14,NA,NA,NA,NA,NA,NA,NA,NA,NA,NA,NA,NA,NA,NA,NA,NA,NA,NA,NA,NA,NA,NA,NA,NA,NA,NA,NA,NA,NA,NA,NA,NA,NA,NA,NA,NA,NA,NA,NA,NA,NA,NA,NA,NA,NA,NA,NA,NA,NA,NA,NA,NA,NA,NA,NA,NA,NA,NA,NA,NA,NA,NA,NA,NA,NA,NA,NA,NA,NA,NA,NA,NA,NA,NA,NA,NA,NA,NA,NA,NA,NA,NA,NA,NA,NA,NA,NA,NA,NA,NA,NA,NA,NA,NA,NA,NA,NA,NA,NA,NA,NA,NA,true,TRUE,TRUE,3647.2399591093385,3696.31751189916,3647.4624060254155,49.07755278982131,49.07755278982131,9.999999999999988,FALSE,225.238,NA,NA,NA
contaminated_normal,contaminated normal,CN,ESN,16,1000,448,0.448,NA,TRUE,TRUE,TRUE,0,CONVERGENCE: REL_REDUCTION_OF_F <= FACTR*EPSMCH,-1884.2804787518128,3790.5609575036256,3844.546265572429,3790.8281639813586,11,14917.159,NA,NA,NA,NA,3,stage2,1884.28321415527;1890.12787948706;1884.28048145414;1890.00843174133;1884.28343376254;1890.01580183584;1890.12039798955;1884.29884582593;1884.28940932071;1890.01115319732;1884.28693563084;1884.31772089165;1884.2870948494;1890.12785535118,proposed_likelihood,stage2,3,5.118601510634934,2.1186015106349343,0.4,0.4483710506095755,0.04837105060957547,NA,1.4901423182768818,NA,NA,-1.4925821305300957,NA,NA,-1.4925821305300957,NA,NA,-1.4925821305300957,NA,NA,NA,-0.7,-1.239476421630701,-0.5394764216307011,0.15,0.08967513513452596,-0.06032486486547403,1,0.650141516210691,-0.34985848378930895,5,5.202494379735763,0.20249437973576256,1.5,1.4402307065523203,-0.05976929344767945,0.8,0.8258983386397231,0.02589833863972301,53.98530806880353,53.985308068803505,2.842170943040401e-14,NA,NA,NA,NA,NA,NA,NA,NA,NA,NA,NA,NA,NA,NA,NA,NA,NA,NA,NA,NA,NA,NA,NA,NA,NA,NA,NA,NA,NA,NA,NA,NA,NA,NA,NA,NA,NA,NA,NA,NA,NA,NA,NA,NA,NA,NA,NA,NA,NA,NA,NA,NA,NA,NA,NA,NA,NA,NA,NA,NA,NA,NA,NA,NA,NA,NA,NA,NA,NA,NA,NA,NA,NA,NA,NA,NA,NA,NA,NA,NA,NA,NA,NA,NA,NA,NA,NA,NA,NA,NA,NA,NA,NA,NA,NA,NA,NA,NA,NA,NA,NA,NA,true,TRUE,TRUE,3790.5609575036256,3844.546265572429,3790.8281639813586,53.98530806880353,53.98530806880353,11.000000000000005,FALSE,14917.159,TRUE,TRUE,TRUE
contaminated_normal,contaminated normal,CN,EST,16,1000,448,0.448,NA,TRUE,TRUE,TRUE,0,CONVERGENCE: REL_REDUCTION_OF_F <= FACTR*EPSMCH,-1819.658759374893,3663.317518749786,3722.210582097572,3663.6336281722783,12,19871.025,NA,NA,NA,NA,4,stage2,1819.66238666203;1e+12;1e+12;1819.6614033062;1e+12;1e+12;1819.67273941676;1e+12;1e+12;1819.66018236914;1e+12;1e+12;1819.73382584205;1e+12;1e+12;1819.66894984326;1e+12;1e+12;1819.68162665671;1e+12;1e+12;1819.71908477144;1e+12;1e+12;1819.68935775543;1e+12;1e+12;1819.66388164052;1e+12;1e+12;1819.71159557387;1e+12;1e+12;1819.6643880749;1e+12;1e+12;1819.68784473557;1e+12;1e+12;1819.66540517049;1e+12;1e+12,proposed_likelihood,stage2,3,2.6432944886478347,-0.3567055113521653,0.4,0.39604623023586194,-0.00395376976413808,NA,-1.076653536291541,NA,NA,0.07655357158165393,NA,NA,-1.4925821305300957,NA,NA,-1.4925821305300957,NA,4,NA,-0.7,0.6582286581981296,1.3582286581981295,0.15,0.12455676373641791,-0.02544323626358208,1,0.9204595392802054,-0.07954046071979459,5,6.239032546274786,1.2390325462747862,1.5,1.566803290089792,0.06680329008979213,0.8,0.8619814264279698,0.06198142642796978,58.893063347785755,58.89306334778564,1.1368683772161603e-13,NA,NA,NA,NA,NA,NA,NA,NA,NA,NA,NA,NA,NA,NA,NA,NA,NA,NA,NA,NA,NA,NA,NA,NA,NA,NA,NA,NA,NA,NA,NA,NA,NA,NA,NA,NA,NA,NA,NA,NA,NA,NA,NA,NA,NA,NA,NA,NA,NA,NA,NA,NA,NA,NA,NA,NA,NA,NA,NA,NA,NA,NA,NA,NA,NA,NA,NA,NA,NA,NA,NA,NA,NA,NA,NA,NA,NA,NA,NA,NA,NA,NA,NA,NA,NA,NA,NA,NA,NA,NA,NA,NA,NA,NA,NA,NA,NA,NA,NA,NA,NA,NA,true,TRUE,TRUE,3663.317518749786,3722.2105820975717,3663.6336281722783,58.89306334778621,58.893063347785755,12.000000000000115,FALSE,19871.025,FALSE,FALSE,TRUE
contaminated_normal,contaminated normal,CN,NH,17,1000,411,0.411,NA,TRUE,TRUE,TRUE,0,NA,-1746.5579735721424,3509.1159471442847,3548.377989376142,3509.261254914214,8,98.747,NA,3495.1159471442847,3500.023702423267,1.000000000000017,NA,HeckmanEM,NA,raw_AIC_BIC_implied_logLik,finite_logLik_no_explicit_code,3,4.372754015070616,1.3727540150706163,0.4,0.4865342350975088,0.0865342350975088,NA,NA,NA,NA,NA,NA,NA,NA,NA,NA,NA,NA,NA,NA,-0.7,-0.672717357323756,0.02728264267624391,0.15,0.12972583284760794,-0.02027416715239205,1,0.8605677984984342,-0.13943220150156577,5,5.0409678480994,0.04096784809939979,1.5,1.582608406408203,0.08260840640820333,0.8,0.552368039924494,-0.24763196007550603,39.26204223185732,39.262042231857095,2.2737367544323206e-13,NA,NA,NA,NA,NA,NA,NA,NA,NA,NA,NA,NA,NA,NA,NA,NA,NA,NA,NA,NA,NA,NA,NA,NA,NA,NA,NA,NA,NA,NA,NA,NA,NA,NA,NA,NA,NA,NA,NA,NA,NA,NA,NA,NA,NA,NA,NA,NA,NA,NA,NA,NA,NA,NA,NA,NA,NA,NA,NA,NA,NA,NA,NA,NA,NA,NA,NA,NA,NA,NA,NA,NA,NA,NA,NA,NA,NA,NA,NA,NA,NA,NA,NA,NA,NA,NA,NA,NA,NA,NA,NA,NA,NA,NA,NA,NA,NA,NA,NA,NA,NA,NA,true,TRUE,TRUE,3509.1159471442847,3548.377989376142,3509.261254914214,39.26204223185732,39.26204223185732,8.000000000000046,FALSE,98.747,NA,NA,NA
contaminated_normal,contaminated normal,CN,HT,17,1000,411,0.411,NA,TRUE,TRUE,TRUE,0,NA,-1690.9873915283904,3397.974783056781,3437.236825288638,3398.12009082671,8,134.695,NA,3383.974783056781,3388.882538335763,1.000000000000017,NA,HeckmanEM,NA,raw_AIC_BIC_implied_logLik,finite_logLik_no_explicit_code,3,2.6157178854476,-0.3842821145523998,0.4,0.4185503690250221,0.01855036902502205,NA,NA,NA,NA,NA,NA,NA,NA,NA,NA,NA,NA,NA,NA,-0.7,-0.7893621166939089,-0.08936211669390892,0.15,0.15812407586912663,0.00812407586912664,1,1.0117053005157266,0.0117053005157266,5,5.522195096084251,0.5221950960842507,1.5,1.6348424842999048,0.13484248429990475,0.8,0.5999950544965571,-0.20000494550344297,39.26204223185732,39.262042231857095,2.2737367544323206e-13,NA,NA,NA,NA,NA,NA,NA,NA,NA,NA,NA,NA,NA,NA,NA,NA,NA,NA,NA,NA,NA,NA,NA,NA,NA,NA,NA,NA,NA,NA,NA,NA,NA,NA,NA,NA,NA,NA,NA,NA,NA,NA,NA,NA,NA,NA,NA,NA,NA,NA,NA,NA,NA,NA,NA,NA,NA,NA,NA,NA,NA,NA,NA,NA,NA,NA,NA,NA,NA,NA,NA,NA,NA,NA,NA,NA,NA,NA,NA,NA,NA,NA,NA,NA,NA,NA,NA,NA,NA,NA,NA,NA,NA,NA,NA,NA,NA,NA,NA,NA,NA,NA,true,TRUE,TRUE,3397.974783056781,3437.236825288638,3398.12009082671,39.26204223185732,39.26204223185732,8.000000000000046,FALSE,134.695,NA,NA,NA
contaminated_normal,contaminated normal,CN,CN,17,1000,411,0.411,NA,TRUE,TRUE,TRUE,0,NA,-1686.992651785654,3393.985303571308,3443.0628563611294,3394.207750487385,10,210.331,NA,3375.985303571308,3380.8930588502903,1.000000000000017,NA,HeckmanEM,NA,raw_AIC_BIC_implied_logLik,finite_logLik_no_explicit_code,3,2.9013916307645875,-0.0986083692354125,0.4,0.4575894084042022,0.05758940840420218,NA,NA,NA,NA,NA,NA,NA,NA,NA,NA,NA,NA,NA,NA,-0.7,-0.7521782569365021,-0.05217825693650213,0.15,0.14947794453778462,-5.220554622153706e-4,1,0.962348253745429,-0.03765174625457102,5,5.3744159699806655,0.3744159699806655,1.5,1.5818181670217255,0.08181816702172551,0.8,0.6152539405213113,-0.18474605947868872,49.07755278982131,49.07755278982137,-5.684341886080802e-14,NA,NA,NA,NA,NA,NA,NA,NA,NA,NA,NA,NA,NA,NA,NA,NA,NA,NA,NA,NA,NA,NA,NA,NA,NA,NA,NA,NA,NA,NA,NA,NA,NA,NA,NA,NA,NA,NA,NA,NA,NA,NA,NA,NA,NA,NA,NA,NA,NA,NA,NA,NA,NA,NA,NA,NA,NA,NA,NA,NA,NA,NA,NA,NA,NA,NA,NA,NA,NA,NA,NA,NA,NA,NA,NA,NA,NA,NA,NA,NA,NA,NA,NA,NA,NA,NA,NA,NA,NA,NA,NA,NA,NA,NA,NA,NA,NA,NA,NA,NA,NA,NA,true,TRUE,TRUE,3393.985303571308,3443.0628563611294,3394.207750487385,49.07755278982131,49.07755278982131,9.999999999999988,FALSE,210.331,NA,NA,NA
contaminated_normal,contaminated normal,CN,ESN,17,1000,411,0.411,NA,TRUE,TRUE,TRUE,0,CONVERGENCE: REL_REDUCTION_OF_F <= FACTR*EPSMCH,-1741.5189451266806,3505.037890253361,3559.0231983221647,3505.305096731094,11,16144.775,NA,NA,NA,NA,13,stage2,1741.52807384078;1741.54294268868;1741.5235727698;1746.55133931971;1741.52325600655;1746.55797661268;1746.55978284774;1741.54517553954;1741.5281637216;1746.55793644901;1741.53096125907;1741.51941664462;1741.51894711642;1746.55797305955,proposed_likelihood,stage2,3,4.827322159046019,1.8273221590460187,0.4,0.4475693139048298,0.04756931390482977,NA,1.489715603023841,NA,NA,-1.4925821305300957,NA,NA,-1.4925821305300957,NA,NA,-1.4925821305300957,NA,NA,NA,-0.7,-1.3167618291478256,-0.6167618291478256,0.15,0.10032348356918436,-0.04967651643081562,1,0.6647235908232865,-0.33527640917671353,5,5.651674229648305,0.6516742296483047,1.5,1.6254557622076973,0.12545576220769727,0.8,0.5778227635838428,-0.22217723641615728,53.98530806880353,53.985308068803505,2.842170943040401e-14,NA,NA,NA,NA,NA,NA,NA,NA,NA,NA,NA,NA,NA,NA,NA,NA,NA,NA,NA,NA,NA,NA,NA,NA,NA,NA,NA,NA,NA,NA,NA,NA,NA,NA,NA,NA,NA,NA,NA,NA,NA,NA,NA,NA,NA,NA,NA,NA,NA,NA,NA,NA,NA,NA,NA,NA,NA,NA,NA,NA,NA,NA,NA,NA,NA,NA,NA,NA,NA,NA,NA,NA,NA,NA,NA,NA,NA,NA,NA,NA,NA,NA,NA,NA,NA,NA,NA,NA,NA,NA,NA,NA,NA,NA,NA,NA,NA,NA,NA,NA,NA,NA,true,TRUE,TRUE,3505.037890253361,3559.0231983221647,3505.305096731094,53.98530806880353,53.98530806880353,11.000000000000005,FALSE,16144.775,TRUE,TRUE,TRUE
contaminated_normal,contaminated normal,CN,EST,17,1000,411,0.411,NA,TRUE,TRUE,TRUE,0,CONVERGENCE: REL_REDUCTION_OF_F <= FACTR*EPSMCH,-1690.9532682964923,3405.9065365929846,3464.7995999407703,3406.222646015477,12,19316.961000000003,NA,NA,NA,NA,37,stage2,1690.95438770527;1e+12;1e+12;1690.95802033325;1e+12;1e+12;1690.95697194262;1e+12;1e+12;1690.95833972398;1e+12;1e+12;1690.96074211877;1e+12;1e+12;1691.00505902609;1e+12;1e+12;1690.96080509587;1e+12;1e+12;1690.95581205987;1e+12;1e+12;1690.9569288132;1e+12;1e+12;1690.96094826866;1e+12;1e+12;1690.98635655601;1e+12;1e+12;1690.95600170799;1e+12;1e+12;1690.95327701923;1e+12;1e+12;1690.95568486174;1e+12;1e+12,proposed_likelihood,stage2,3,2.225960550799233,-0.774039449200767,0.4,0.4761677047295796,0.07616770472957957,NA,0.13001295836616633,NA,NA,-0.43894988552190894,NA,NA,-1.4814826328645647,NA,NA,-1.4814826328645647,NA,4,NA,-0.7,-1.2465281500532737,-0.5465281500532737,0.15,0.19849977609470176,0.04849977609470174,1,1.2723671729252388,0.2723671729252388,5,6.607725541737262,1.6077255417372616,1.5,1.6381781401965647,0.1381781401965647,0.8,0.6073392132815612,-0.1926607867184389,58.893063347785755,58.89306334778564,1.1368683772161603e-13,NA,NA,NA,NA,NA,NA,NA,NA,NA,NA,NA,NA,NA,NA,NA,NA,NA,NA,NA,NA,NA,NA,NA,NA,NA,NA,NA,NA,NA,NA,NA,NA,NA,NA,NA,NA,NA,NA,NA,NA,NA,NA,NA,NA,NA,NA,NA,NA,NA,NA,NA,NA,NA,NA,NA,NA,NA,NA,NA,NA,NA,NA,NA,NA,NA,NA,NA,NA,NA,NA,NA,NA,NA,NA,NA,NA,NA,NA,NA,NA,NA,NA,NA,NA,NA,NA,NA,NA,NA,NA,NA,NA,NA,NA,NA,NA,NA,NA,NA,NA,NA,NA,true,TRUE,TRUE,3405.9065365929846,3464.7995999407703,3406.222646015477,58.893063347785755,58.893063347785755,12.000000000000023,FALSE,19316.961000000003,FALSE,FALSE,TRUE
contaminated_normal,contaminated normal,CN,NH,18,1000,422,0.422,NA,TRUE,TRUE,TRUE,0,NA,-1755.8633156933481,3527.7266313866962,3566.9886736185526,3527.871939156625,8,137.745,NA,3513.7266313866962,3518.634386665678,1.000000000000017,NA,HeckmanEM,NA,raw_AIC_BIC_implied_logLik,finite_logLik_no_explicit_code,3,4.441214346731809,1.441214346731809,0.4,0.5424109036975675,0.14241090369756748,NA,NA,NA,NA,NA,NA,NA,NA,NA,NA,NA,NA,NA,NA,-0.7,-0.7345068593450489,-0.03450685934504893,0.15,0.1436110779494563,-0.00638892205054369,1,1.0094764518003232,0.00947645180032319,5,4.552242401735716,-0.4477575982642836,1.5,1.82888991880825,0.32888991880825014,0.8,0.8628675236666754,0.06286752366667536,39.26204223185687,39.262042231857095,2.2737367544323206e-13,NA,NA,NA,NA,NA,NA,NA,NA,NA,NA,NA,NA,NA,NA,NA,NA,NA,NA,NA,NA,NA,NA,NA,NA,NA,NA,NA,NA,NA,NA,NA,NA,NA,NA,NA,NA,NA,NA,NA,NA,NA,NA,NA,NA,NA,NA,NA,NA,NA,NA,NA,NA,NA,NA,NA,NA,NA,NA,NA,NA,NA,NA,NA,NA,NA,NA,NA,NA,NA,NA,NA,NA,NA,NA,NA,NA,NA,NA,NA,NA,NA,NA,NA,NA,NA,NA,NA,NA,NA,NA,NA,NA,NA,NA,NA,NA,NA,NA,NA,NA,NA,NA,true,TRUE,TRUE,3527.7266313866962,3566.9886736185535,3527.8719391566256,39.26204223185641,39.26204223185732,7.9999999999998614,FALSE,137.745,NA,NA,NA
contaminated_normal,contaminated normal,CN,HT,18,1000,422,0.422,NA,TRUE,TRUE,TRUE,0,NA,-1711.2360400820398,3438.4720801640797,3477.7341223959365,3438.617387934009,8,91.665,NA,3424.4720801640797,3429.379835443062,1.000000000000017,NA,HeckmanEM,NA,raw_AIC_BIC_implied_logLik,finite_logLik_no_explicit_code,3,2.9150991828023898,-0.08490081719761022,0.4,0.5128727424417523,0.11287274244175229,NA,NA,NA,NA,NA,NA,NA,NA,NA,NA,NA,NA,NA,NA,-0.7,-0.8479485263189737,-0.1479485263189737,0.15,0.16770787827489145,0.01770787827489145,1,1.1522197052387249,0.15221970523872486,5,4.950325635494549,-0.04967436450545115,1.5,1.880362317629826,0.38036231762982586,0.8,0.8134073392375724,0.01340733923757231,39.26204223185687,39.262042231857095,-2.2737367544323206e-13,NA,NA,NA,NA,NA,NA,NA,NA,NA,NA,NA,NA,NA,NA,NA,NA,NA,NA,NA,NA,NA,NA,NA,NA,NA,NA,NA,NA,NA,NA,NA,NA,NA,NA,NA,NA,NA,NA,NA,NA,NA,NA,NA,NA,NA,NA,NA,NA,NA,NA,NA,NA,NA,NA,NA,NA,NA,NA,NA,NA,NA,NA,NA,NA,NA,NA,NA,NA,NA,NA,NA,NA,NA,NA,NA,NA,NA,NA,NA,NA,NA,NA,NA,NA,NA,NA,NA,NA,NA,NA,NA,NA,NA,NA,NA,NA,NA,NA,NA,NA,NA,NA,true,TRUE,TRUE,3438.4720801640797,3477.7341223959365,3438.617387934009,39.26204223185687,39.26204223185687,7.999999999999954,FALSE,91.665,NA,NA,NA
contaminated_normal,contaminated normal,CN,CN,18,1000,422,0.422,NA,TRUE,TRUE,TRUE,0,NA,-1708.3579068766182,3436.7158137532365,3485.793366543058,3436.9382606693134,10,158.797,NA,3418.7158137532365,3423.6235690322187,1.000000000000017,NA,HeckmanEM,NA,raw_AIC_BIC_implied_logLik,finite_logLik_no_explicit_code,3,3.182383417234782,0.182383417234782,0.4,0.5216216111442624,0.1216216111442624,NA,NA,NA,NA,NA,NA,NA,NA,NA,NA,NA,NA,NA,NA,-0.7,-0.8090539882326575,-0.10905398823265756,0.15,0.15846542013131862,0.00846542013131862,1,1.11022924669669,0.1102292466966901,5,4.918060750219834,-0.08193924978016565,1.5,1.8478232512772643,0.34782325127726454,0.8,0.8095164975758586,0.00951649757585859,49.07755278982131,49.07755278982137,-5.684341886080802e-14,NA,NA,NA,NA,NA,NA,NA,NA,NA,NA,NA,NA,NA,NA,NA,NA,NA,NA,NA,NA,NA,NA,NA,NA,NA,NA,NA,NA,NA,NA,NA,NA,NA,NA,NA,NA,NA,NA,NA,NA,NA,NA,NA,NA,NA,NA,NA,NA,NA,NA,NA,NA,NA,NA,NA,NA,NA,NA,NA,NA,NA,NA,NA,NA,NA,NA,NA,NA,NA,NA,NA,NA,NA,NA,NA,NA,NA,NA,NA,NA,NA,NA,NA,NA,NA,NA,NA,NA,NA,NA,NA,NA,NA,NA,NA,NA,NA,NA,NA,NA,NA,NA,true,TRUE,TRUE,3436.7158137532365,3485.793366543058,3436.9382606693134,49.07755278982131,49.07755278982131,9.999999999999988,FALSE,158.797,NA,NA,NA
contaminated_normal,contaminated normal,CN,ESN,18,1000,422,0.422,NA,TRUE,TRUE,TRUE,0,CONVERGENCE: REL_REDUCTION_OF_F <= FACTR*EPSMCH,-1741.937976603403,3505.875953206806,3559.8612612756096,3506.143159684539,11,17951.544,NA,NA,NA,NA,6,stage2,1755.8635946916;1755.86427341602;1753.87327092217;1755.86341849589;1753.87096268803;1743.14408691977;1755.86348287199;1753.89123489488;1753.88262645005;1741.99665757156;1753.89173149226;1755.86383913824;1755.86215321121;1755.86331540619,proposed_likelihood,stage2,3,6.101533745697273,3.1015337456972727,0.4,0.4950019226246182,0.09500192262461817,NA,0.7719929647816846,NA,NA,1.4925821305300957,NA,NA,-1.4925821305300957,NA,NA,-1.4925821305300957,NA,NA,NA,-0.7,-1.2368630247011272,-0.5368630247011272,0.15,0.1414563154601683,-0.0085436845398317,1,0.980858726252555,-0.01914127374744501,5,-1.8404634330983665,-6.840463433098366,1.5,1.8567296885097135,0.35672968850971354,0.8,0.9138459695370325,0.1138459695370323,53.98530806880353,53.985308068803505,2.842170943040401e-14,NA,NA,NA,NA,NA,NA,NA,NA,NA,NA,NA,NA,NA,NA,NA,NA,NA,NA,NA,NA,NA,NA,NA,NA,NA,NA,NA,NA,NA,NA,NA,NA,NA,NA,NA,NA,NA,NA,NA,NA,NA,NA,NA,NA,NA,NA,NA,NA,NA,NA,NA,NA,NA,NA,NA,NA,NA,NA,NA,NA,NA,NA,NA,NA,NA,NA,NA,NA,NA,NA,NA,NA,NA,NA,NA,NA,NA,NA,NA,NA,NA,NA,NA,NA,NA,NA,NA,NA,NA,NA,NA,NA,NA,NA,NA,NA,NA,NA,NA,NA,NA,NA,true,TRUE,TRUE,3505.875953206806,3559.8612612756096,3506.143159684539,53.98530806880353,53.98530806880353,11.000000000000005,FALSE,17951.544,FALSE,TRUE,TRUE
contaminated_normal,contaminated normal,CN,EST,18,1000,422,0.422,NA,TRUE,TRUE,TRUE,0,CONVERGENCE: REL_REDUCTION_OF_F <= FACTR*EPSMCH,-1708.7885543176064,3441.577108635213,3500.470171982998,3441.8932180577053,12,18835.375999999997,NA,NA,NA,NA,31,stage2,1709.26365830707;1e+12;1e+12;1709.25457598277;1e+12;1e+12;1709.16514748878;1e+12;1e+12;1709.20068604661;1e+12;1e+12;1708.85221598552;1e+12;1e+12;1708.78894523579;1e+12;1e+12;1709.27204048634;1e+12;1e+12;1708.78857298722;1e+12;1e+12;1709.22395977224;1e+12;1e+12;1708.78856660475;1e+12;1e+12;1708.78855476281;1e+12;1e+12;1709.19322283453;1e+12;1e+12;1709.24430945996;1e+12;1e+12;1708.78924083675;1e+12;1e+12,proposed_likelihood,stage2,3,2.8666387494803094,-0.1333612505196906,0.4,0.5251359178621299,0.12513591786212985,NA,1.4925821305300957,NA,NA,0.02869797519527562,NA,NA,0.5654502839738622,NA,NA,0.5654502839738622,NA,4,NA,-0.7,-1.2426431803513176,-0.5426431803513176,0.15,0.142393104516217,-0.00760689548378298,1,0.9641201946799705,-0.03587980532002954,5,4.302159018827598,-0.6978409811724022,1.5,1.876059400730851,0.3760594007308513,0.8,0.8129594623916073,0.01295946239160728,58.893063347785755,58.89306334778564,1.1368683772161603e-13,NA,NA,NA,NA,NA,NA,NA,NA,NA,NA,NA,NA,NA,NA,NA,NA,NA,NA,NA,NA,NA,NA,NA,NA,NA,NA,NA,NA,NA,NA,NA,NA,NA,NA,NA,NA,NA,NA,NA,NA,NA,NA,NA,NA,NA,NA,NA,NA,NA,NA,NA,NA,NA,NA,NA,NA,NA,NA,NA,NA,NA,NA,NA,NA,NA,NA,NA,NA,NA,NA,NA,NA,NA,NA,NA,NA,NA,NA,NA,NA,NA,NA,NA,NA,NA,NA,NA,NA,NA,NA,NA,NA,NA,NA,NA,NA,NA,NA,NA,NA,NA,NA,true,TRUE,TRUE,3441.577108635213,3500.4701719829986,3441.8932180577053,58.8930633477853,58.893063347785755,11.99999999999993,FALSE,18835.375999999997,TRUE,FALSE,FALSE
contaminated_normal,contaminated normal,CN,NH,19,1000,449,0.449,NA,TRUE,TRUE,TRUE,0,NA,-1911.892268979534,3839.784537959068,3879.046580190925,3839.9298457289974,8,93.945,NA,3825.784537959068,3830.6922932380503,1.000000000000017,NA,HeckmanEM,NA,raw_AIC_BIC_implied_logLik,finite_logLik_no_explicit_code,3,5.518164309089067,2.518164309089067,0.4,0.7734144174468893,0.3734144174468893,NA,NA,NA,NA,NA,NA,NA,NA,NA,NA,NA,NA,NA,NA,-0.7,-0.5023111419536126,0.19768885804638736,0.15,0.1175780679197849,-0.0324219320802151,1,0.7461731150180239,-0.25382688498197614,5,3.1822961151851006,-1.8177038848148992,1.5,1.1642023913706083,-0.3357976086293917,0.8,0.658253523699592,-0.14174647630040804,39.26204223185687,39.262042231857095,-2.2737367544323206e-13,NA,NA,NA,NA,NA,NA,NA,NA,NA,NA,NA,NA,NA,NA,NA,NA,NA,NA,NA,NA,NA,NA,NA,NA,NA,NA,NA,NA,NA,NA,NA,NA,NA,NA,NA,NA,NA,NA,NA,NA,NA,NA,NA,NA,NA,NA,NA,NA,NA,NA,NA,NA,NA,NA,NA,NA,NA,NA,NA,NA,NA,NA,NA,NA,NA,NA,NA,NA,NA,NA,NA,NA,NA,NA,NA,NA,NA,NA,NA,NA,NA,NA,NA,NA,NA,NA,NA,NA,NA,NA,NA,NA,NA,NA,NA,NA,NA,NA,NA,NA,NA,NA,true,TRUE,TRUE,3839.784537959068,3879.046580190925,3839.9298457289974,39.26204223185687,39.26204223185687,7.999999999999954,FALSE,93.945,NA,NA,NA
contaminated_normal,contaminated normal,CN,HT,19,1000,449,0.449,NA,TRUE,TRUE,TRUE,0,NA,-1845.6580386768535,3707.316077353707,3746.578119585564,3707.461385123636,8,105.107,NA,3693.316077353707,3698.223832632689,1.000000000000017,NA,HeckmanEM,NA,raw_AIC_BIC_implied_logLik,finite_logLik_no_explicit_code,3,3.190190843567692,0.190190843567692,0.4,0.5917392995965707,0.19173929959657063,NA,NA,NA,NA,NA,NA,NA,NA,NA,NA,NA,NA,NA,NA,-0.7,-0.5936634185749653,0.10633658142503466,0.15,0.14535843164973344,-0.00464156835026655,1,0.9125925932198656,-0.08740740678013426,5,4.363703769236182,-0.6362962307638176,1.5,1.327740177683717,-0.172259822316283,0.8,0.7849917094676025,-0.01500829053239749,39.26204223185732,39.262042231857095,2.2737367544323206e-13,NA,NA,NA,NA,NA,NA,NA,NA,NA,NA,NA,NA,NA,NA,NA,NA,NA,NA,NA,NA,NA,NA,NA,NA,NA,NA,NA,NA,NA,NA,NA,NA,NA,NA,NA,NA,NA,NA,NA,NA,NA,NA,NA,NA,NA,NA,NA,NA,NA,NA,NA,NA,NA,NA,NA,NA,NA,NA,NA,NA,NA,NA,NA,NA,NA,NA,NA,NA,NA,NA,NA,NA,NA,NA,NA,NA,NA,NA,NA,NA,NA,NA,NA,NA,NA,NA,NA,NA,NA,NA,NA,NA,NA,NA,NA,NA,NA,NA,NA,NA,NA,NA,true,TRUE,TRUE,3707.316077353707,3746.5781195855643,3707.4613851236363,39.26204223185687,39.26204223185732,7.999999999999954,FALSE,105.107,NA,NA,NA
contaminated_normal,contaminated normal,CN,CN,19,1000,449,0.449,NA,TRUE,TRUE,TRUE,0,NA,-1833.8168335819687,3687.6336671639374,3736.7112199537582,3687.8561140800143,10,138.982,NA,3669.6336671639374,3674.54142244292,1.000000000000017,NA,HeckmanEM,NA,raw_AIC_BIC_implied_logLik,finite_logLik_no_explicit_code,3,3.3735059929568085,0.3735059929568086,0.4,0.5809161274690209,0.1809161274690209,NA,NA,NA,NA,NA,NA,NA,NA,NA,NA,NA,NA,NA,NA,-0.7,-0.5741095636744966,0.12589043632550334,0.15,0.13934184065095737,-0.01065815934904262,1,0.8764002289705513,-0.12359977102944876,5,4.341825249578199,-0.658174750421801,1.5,1.3306264774627417,-0.16937352253725835,0.8,0.7941650536850478,-0.00583494631495229,49.07755278982131,49.07755278982137,-5.684341886080802e-14,NA,NA,NA,NA,NA,NA,NA,NA,NA,NA,NA,NA,NA,NA,NA,NA,NA,NA,NA,NA,NA,NA,NA,NA,NA,NA,NA,NA,NA,NA,NA,NA,NA,NA,NA,NA,NA,NA,NA,NA,NA,NA,NA,NA,NA,NA,NA,NA,NA,NA,NA,NA,NA,NA,NA,NA,NA,NA,NA,NA,NA,NA,NA,NA,NA,NA,NA,NA,NA,NA,NA,NA,NA,NA,NA,NA,NA,NA,NA,NA,NA,NA,NA,NA,NA,NA,NA,NA,NA,NA,NA,NA,NA,NA,NA,NA,NA,NA,NA,NA,NA,NA,true,TRUE,TRUE,3687.6336671639374,3736.7112199537587,3687.8561140800143,49.07755278982086,49.07755278982131,9.999999999999895,FALSE,138.982,NA,NA,NA
contaminated_normal,contaminated normal,CN,ESN,19,1000,449,0.449,NA,TRUE,TRUE,TRUE,0,CONVERGENCE: REL_REDUCTION_OF_F <= FACTR*EPSMCH,-1904.934434070864,3831.868868141728,3885.854176210531,3832.136074619461,11,15945.013,NA,NA,NA,NA,13,stage2,1904.93830347093;1904.94767681614;1904.93714866807;1904.948175457;1904.93884367786;1905.2896543129;1904.94119256229;1904.94457362858;1904.93687544855;1905.43346698377;1904.93527645957;1904.93528509519;1904.93443461622;1911.89226881496,proposed_likelihood,stage2,3,5.916027227594497,2.9160272275944967,0.4,0.6682571283136676,0.26825712831366755,NA,0.6828618014914415,NA,NA,-1.4925821305300957,NA,NA,-1.486414460209869,NA,NA,-1.486414460209869,NA,NA,NA,-0.7,-0.9291421217150222,-0.22914212171502224,0.15,0.10462647328998607,-0.04537352671001392,1,0.657002966197333,-0.342997033802667,5,5.461556755833312,0.46155675583331224,1.5,1.1923555382342277,-0.3076444617657723,0.8,0.6783077149150805,-0.12169228508491958,53.98530806880353,53.985308068803505,2.842170943040401e-14,NA,NA,NA,NA,NA,NA,NA,NA,NA,NA,NA,NA,NA,NA,NA,NA,NA,NA,NA,NA,NA,NA,NA,NA,NA,NA,NA,NA,NA,NA,NA,NA,NA,NA,NA,NA,NA,NA,NA,NA,NA,NA,NA,NA,NA,NA,NA,NA,NA,NA,NA,NA,NA,NA,NA,NA,NA,NA,NA,NA,NA,NA,NA,NA,NA,NA,NA,NA,NA,NA,NA,NA,NA,NA,NA,NA,NA,NA,NA,NA,NA,NA,NA,NA,NA,NA,NA,NA,NA,NA,NA,NA,NA,NA,NA,NA,NA,NA,NA,NA,NA,NA,true,TRUE,TRUE,3831.868868141728,3885.8541762105315,3832.136074619461,53.98530806880308,53.98530806880353,10.999999999999913,FALSE,15945.013,FALSE,TRUE,TRUE
contaminated_normal,contaminated normal,CN,EST,19,1000,449,0.449,NA,TRUE,TRUE,TRUE,0,CONVERGENCE: REL_REDUCTION_OF_F <= FACTR*EPSMCH,-1844.7749855739253,3713.5499711478506,3772.443034495636,3713.866080570343,12,21000.318,NA,NA,NA,NA,4,stage2,1844.81576027284;1e+12;1e+12;1844.78079974406;1e+12;1e+12;1844.80748340109;1e+12;1e+12;1844.78694660504;1e+12;1e+12;1844.79005284551;1e+12;1e+12;1844.78520648297;1e+12;1e+12;1844.78352067641;1e+12;1e+12;1844.84768497587;1e+12;1e+12;1844.79879355116;1e+12;1e+12;1844.80039668818;1e+12;1e+12;1844.84083161839;1e+12;1e+12;1844.80580220472;1e+12;1e+12;1844.79751016977;1e+12;1e+12;1844.78435624395;1e+12;1e+12,proposed_likelihood,stage2,3,3.330270778955867,0.330270778955867,0.4,0.7130446270907855,0.3130446270907855,NA,-0.9955630307407892,NA,NA,-0.00169897298318281,NA,NA,-1.3338582811040376,NA,NA,-1.3338582811040376,NA,4,NA,-0.7,0.6433757505493329,1.343375750549333,0.15,0.13271288492485145,-0.01728711507514854,1,0.8291699353009181,-0.1708300646990819,5,7.045232310149287,2.045232310149287,1.5,1.3348262121356491,-0.16517378786435066,0.8,0.7793131610064851,-0.02068683899351497,58.893063347785755,58.89306334778564,1.1368683772161603e-13,NA,NA,NA,NA,NA,NA,NA,NA,NA,NA,NA,NA,NA,NA,NA,NA,NA,NA,NA,NA,NA,NA,NA,NA,NA,NA,NA,NA,NA,NA,NA,NA,NA,NA,NA,NA,NA,NA,NA,NA,NA,NA,NA,NA,NA,NA,NA,NA,NA,NA,NA,NA,NA,NA,NA,NA,NA,NA,NA,NA,NA,NA,NA,NA,NA,NA,NA,NA,NA,NA,NA,NA,NA,NA,NA,NA,NA,NA,NA,NA,NA,NA,NA,NA,NA,NA,NA,NA,NA,NA,NA,NA,NA,NA,NA,NA,NA,NA,NA,NA,NA,NA,true,TRUE,TRUE,3713.5499711478506,3772.4430344956363,3713.866080570343,58.8930633477853,58.893063347785755,11.99999999999993,FALSE,21000.318,FALSE,FALSE,FALSE
contaminated_normal,contaminated normal,CN,NH,20,1000,440,0.44,NA,TRUE,TRUE,TRUE,0,NA,-1853.7825145522183,3723.5650291044367,3762.8270713362936,3723.710336874366,8,65.14999999999999,NA,3709.5650291044367,3714.472784383419,1.000000000000017,NA,HeckmanEM,NA,raw_AIC_BIC_implied_logLik,finite_logLik_no_explicit_code,3,4.720540833566254,1.720540833566254,0.4,0.4107627573885088,0.01076275738850879,NA,NA,NA,NA,NA,NA,NA,NA,NA,NA,NA,NA,NA,NA,-0.7,-0.6997525183163753,2.4748168362465073e-4,0.15,0.13896492298779903,-0.01103507701220096,1,1.0384994145718311,0.03849941457183115,5,5.068720224661572,0.0687202246615719,1.5,1.5206272928783626,0.02062729287836262,0.8,0.61856007151969294,-0.1814399284803071,39.26204223185687,39.262042231857095,-2.2737367544323206e-13,NA,NA,NA,NA,NA,NA,NA,NA,NA,NA,NA,NA,NA,NA,NA,NA,NA,NA,NA,NA,NA,NA,NA,NA,NA,NA,NA,NA,NA,NA,NA,NA,NA,NA,NA,NA,NA,NA,NA,NA,NA,NA,NA,NA,NA,NA,NA,NA,NA,NA,NA,NA,NA,NA,NA,NA,NA,NA,NA,NA,NA,NA,NA,NA,NA,NA,NA,NA,NA,NA,NA,NA,NA,NA,NA,NA,NA,NA,NA,NA,NA,NA,NA,NA,NA,NA,NA,NA,NA,NA,NA,NA,NA,NA,NA,NA,NA,NA,NA,NA,NA,NA,true,TRUE,TRUE,3723.5650291044367,3762.8270713362936,3723.710336874366,39.26204223185687,39.26204223185687,7.999999999999954,FALSE,65.14999999999999,NA,NA,NA
contaminated_normal,contaminated normal,CN,HT,20,1000,440,0.44,NA,TRUE,TRUE,TRUE,0,NA,-1783.9008576740202,3583.8017153480405,3623.063757579898,3583.94702311797,8,103.383,NA,3569.8017153480405,3574.7094706270227,1.000000000000017,NA,HeckmanEM,NA,raw_AIC_BIC_implied_logLik,finite_logLik_no_explicit_code,3,2.8605965880667563,-0.13940341193324368,0.4,0.37722756039848016,-0.02277243960151986,NA,NA,NA,NA,NA,NA,NA,NA,NA,NA,NA,NA,NA,NA,-0.7,-0.8364766609155783,-0.1364766609155783,0.15,0.16959215003007233,0.01959215003007233,1,1.2339354392007842,0.2339354392007842,5,5.4879952733577015,0.48799527335770154,1.5,1.417484930565371,-0.08251506943462905,0.8,0.6172645042405291,-0.1827354957594709,39.26204223185687,39.262042231857095,-2.2737367544323206e-13,NA,NA,NA,NA,NA,NA,NA,NA,NA,NA,NA,NA,NA,NA,NA,NA,NA,NA,NA,NA,NA,NA,NA,NA,NA,NA,NA,NA,NA,NA,NA,NA,NA,NA,NA,NA,NA,NA,NA,NA,NA,NA,NA,NA,NA,NA,NA,NA,NA,NA,NA,NA,NA,NA,NA,NA,NA,NA,NA,NA,NA,NA,NA,NA,NA,NA,NA,NA,NA,NA,NA,NA,NA,NA,NA,NA,NA,NA,NA,NA,NA,NA,NA,NA,NA,NA,NA,NA,NA,NA,NA,NA,NA,NA,NA,NA,NA,NA,NA,NA,NA,NA,true,TRUE,TRUE,3583.8017153480405,3623.0637575798974,3583.94702311797,39.26204223185732,39.26204223185687,8.000000000000046,FALSE,103.383,NA,NA,NA
contaminated_normal,contaminated normal,CN,CN,20,1000,440,0.44,NA,TRUE,TRUE,TRUE,0,NA,-1770.6402215678477,3561.2804431356954,3610.3579959255167,3561.5028900517723,10,155.37399999999997,NA,3543.2804431356954,3548.1881984146776,1.000000000000017,NA,HeckmanEM,NA,raw_AIC_BIC_implied_logLik,finite_logLik_no_explicit_code,3,3.0172711603470868,0.01727116034708675,0.4,0.4068018690646491,0.00680186906464913,NA,NA,NA,NA,NA,NA,NA,NA,NA,NA,NA,NA,NA,NA,-0.7,-0.7887915477983884,-0.08879154779838849,0.15,0.15530400446735537,0.00530400446735537,1,1.169860060812106,0.16986006081210592,5,5.363921642430493,0.3639216424304932,1.5,1.4739629615076388,-0.02603703849236116,0.8,0.6397619401113925,-0.1602380598886075,49.07755278982131,49.07755278982137,-5.684341886080802e-14,NA,NA,NA,NA,NA,NA,NA,NA,NA,NA,NA,NA,NA,NA,NA,NA,NA,NA,NA,NA,NA,NA,NA,NA,NA,NA,NA,NA,NA,NA,NA,NA,NA,NA,NA,NA,NA,NA,NA,NA,NA,NA,NA,NA,NA,NA,NA,NA,NA,NA,NA,NA,NA,NA,NA,NA,NA,NA,NA,NA,NA,NA,NA,NA,NA,NA,NA,NA,NA,NA,NA,NA,NA,NA,NA,NA,NA,NA,NA,NA,NA,NA,NA,NA,NA,NA,NA,NA,NA,NA,NA,NA,NA,NA,NA,NA,NA,NA,NA,NA,NA,NA,true,TRUE,TRUE,3561.2804431356954,3610.3579959255167,3561.5028900517723,49.07755278982131,49.07755278982131,9.999999999999988,FALSE,155.37399999999997,NA,NA,NA
contaminated_normal,contaminated normal,CN,ESN,20,1000,440,0.44,NA,TRUE,TRUE,TRUE,0,CONVERGENCE: REL_REDUCTION_OF_F <= FACTR*EPSMCH,-1847.95446209997,3717.90892419994,3771.894232268743,3718.176130677673,11,17098.351000000002,NA,NA,NA,NA,3,stage2,1847.97208758089;1850.95532639966;1847.95446992261;1853.78286151236;1847.95945246325;1853.78361501095;1853.78774609381;1847.96761012896;1848.00249893216;1853.78253658089;1847.96328144447;1847.97605331064;1848.01458063552;1853.78251428377,proposed_likelihood,stage2,3,5.258434715461791,2.2584347154617914,0.4,0.323245355817792,-0.07675464418220801,NA,1.488921129659886,NA,NA,-1.4925821305300957,NA,NA,-1.4925821305300957,NA,NA,-1.4925821305300957,NA,NA,NA,-0.7,-1.346469980462304,-0.646469980462304,0.15,0.10766990046838414,-0.04233009953161586,1,0.8229210107943463,-0.17707898920565368,5,6.683039688243652,1.6830396882436522,1.5,1.4950011675131734,-0.00499883248682664,0.8,0.6235329277420073,-0.17646707225799274,53.98530806880353,53.985308068803505,2.842170943040401e-14,NA,NA,NA,NA,NA,NA,NA,NA,NA,NA,NA,NA,NA,NA,NA,NA,NA,NA,NA,NA,NA,NA,NA,NA,NA,NA,NA,NA,NA,NA,NA,NA,NA,NA,NA,NA,NA,NA,NA,NA,NA,NA,NA,NA,NA,NA,NA,NA,NA,NA,NA,NA,NA,NA,NA,NA,NA,NA,NA,NA,NA,NA,NA,NA,NA,NA,NA,NA,NA,NA,NA,NA,NA,NA,NA,NA,NA,NA,NA,NA,NA,NA,NA,NA,NA,NA,NA,NA,NA,NA,NA,NA,NA,NA,NA,NA,NA,NA,NA,NA,NA,NA,true,TRUE,TRUE,3717.90892419994,3771.8942322687435,3718.176130677673,53.98530806880308,53.98530806880353,10.999999999999913,FALSE,17098.351000000002,TRUE,TRUE,TRUE
contaminated_normal,contaminated normal,CN,EST,20,1000,440,0.44,NA,TRUE,TRUE,TRUE,0,CONVERGENCE: REL_REDUCTION_OF_F <= FACTR*EPSMCH,-1783.3921818627227,3590.7843637254455,3649.6774270732312,3591.100473147938,12,16957.793,NA,NA,NA,NA,31,stage2,1783.4497605665;1e+12;1e+12;1783.45882334347;1e+12;1e+12;1783.45283350171;1e+12;1e+12;1783.4494749088;1e+12;1e+12;1783.45374751381;1e+12;1e+12;1783.47111545392;1e+12;1e+12;1783.44771046697;1e+12;1e+12;1783.47094320491;1e+12;1e+12;1783.46053830025;1e+12;1e+12;1783.44952157844;1e+12;1e+12;1783.39289784262;1e+12;1e+12;1783.44296942743;1e+12;1e+12;1783.45581499858;1e+12;1e+12;1783.46948230671;1e+12;1e+12,proposed_likelihood,stage2,3,3.1502913978693172,0.15029139786931722,0.4,0.3647661724471056,-0.03523382755289439,NA,1.4874406578570505,NA,NA,-1.4925821305300957,NA,NA,0.9462931069545968,NA,NA,0.9462931069545968,NA,4,NA,-0.7,-1.106838489945456,-0.406838489945456,0.15,0.14283869685259107,-0.00716130314740892,1,1.0574446522108938,0.05744465221089379,5,5.7383091134863395,0.7383091134863395,1.5,1.428986163553458,-0.07101383644654202,0.8,0.6124064073104026,-0.1875935926895974,58.893063347785755,58.89306334778564,1.1368683772161603e-13,NA,NA,NA,NA,NA,NA,NA,NA,NA,NA,NA,NA,NA,NA,NA,NA,NA,NA,NA,NA,NA,NA,NA,NA,NA,NA,NA,NA,NA,NA,NA,NA,NA,NA,NA,NA,NA,NA,NA,NA,NA,NA,NA,NA,NA,NA,NA,NA,NA,NA,NA,NA,NA,NA,NA,NA,NA,NA,NA,NA,NA,NA,NA,NA,NA,NA,NA,NA,NA,NA,NA,NA,NA,NA,NA,NA,NA,NA,NA,NA,NA,NA,NA,NA,NA,NA,NA,NA,NA,NA,NA,NA,NA,NA,NA,NA,NA,NA,NA,NA,NA,NA,true,TRUE,TRUE,3590.7843637254455,3649.6774270732312,3591.100473147938,58.893063347785755,58.893063347785755,12.000000000000023,FALSE,16957.793,TRUE,TRUE,FALSE
contaminated_normal,contaminated normal,CN,NH,21,1000,419,0.419,NA,TRUE,TRUE,TRUE,0,NA,-1824.6323881686849,3665.2647763373698,3704.526818569226,3665.410084107299,8,121.096,NA,3651.2647763373698,3656.172531616352,1.000000000000017,NA,HeckmanEM,NA,raw_AIC_BIC_implied_logLik,finite_logLik_no_explicit_code,3,6.1496968725145065,3.1496968725145065,0.4,0.8167379719958165,0.4167379719958165,NA,NA,NA,NA,NA,NA,NA,NA,NA,NA,NA,NA,NA,NA,-0.7,-0.5820320776122135,0.11796792238778642,0.15,0.13458774513079286,-0.01541225486920713,1,0.8153705526734731,-0.1846294473265269,5,2.6491159063461303,-2.3508840936538697,1.5,1.510017499129882,0.01001749912988203,0.8,0.6632814799240616,-0.13671852007593843,39.26204223185687,39.262042231857095,-2.2737367544323206e-13,NA,NA,NA,NA,NA,NA,NA,NA,NA,NA,NA,NA,NA,NA,NA,NA,NA,NA,NA,NA,NA,NA,NA,NA,NA,NA,NA,NA,NA,NA,NA,NA,NA,NA,NA,NA,NA,NA,NA,NA,NA,NA,NA,NA,NA,NA,NA,NA,NA,NA,NA,NA,NA,NA,NA,NA,NA,NA,NA,NA,NA,NA,NA,NA,NA,NA,NA,NA,NA,NA,NA,NA,NA,NA,NA,NA,NA,NA,NA,NA,NA,NA,NA,NA,NA,NA,NA,NA,NA,NA,NA,NA,NA,NA,NA,NA,NA,NA,NA,NA,NA,NA,true,TRUE,TRUE,3665.2647763373698,3704.5268185692266,3665.410084107299,39.26204223185641,39.26204223185687,7.9999999999998614,FALSE,121.096,NA,NA,NA
contaminated_normal,contaminated normal,CN,HT,21,1000,419,0.419,NA,TRUE,TRUE,TRUE,0,NA,-1714.7723284654337,3445.544656930867,3484.806699162724,3445.6899647007963,8,121.81,NA,3431.544656930867,3436.452412209849,1.000000000000017,NA,HeckmanEM,NA,raw_AIC_BIC_implied_logLik,finite_logLik_no_explicit_code,3,2.684093653254607,-0.31590634674539286,0.4,0.47444794627898373,0.07444794627898371,NA,NA,NA,NA,NA,NA,NA,NA,NA,NA,NA,NA,NA,NA,-0.7,-0.8122782181635687,-0.11227821816356875,0.15,0.1917732399046385,0.04177323990463846,1,1.212848253579218,0.212848253579218,5,5.069707579222678,0.069707579222678,1.5,1.5956191549780347,0.09561915497803476,0.8,0.6168745904548284,-0.18312540954517165,39.26204223185687,39.262042231857095,2.2737367544323206e-13,NA,NA,NA,NA,NA,NA,NA,NA,NA,NA,NA,NA,NA,NA,NA,NA,NA,NA,NA,NA,NA,NA,NA,NA,NA,NA,NA,NA,NA,NA,NA,NA,NA,NA,NA,NA,NA,NA,NA,NA,NA,NA,NA,NA,NA,NA,NA,NA,NA,NA,NA,NA,NA,NA,NA,NA,NA,NA,NA,NA,NA,NA,NA,NA,NA,NA,NA,NA,NA,NA,NA,NA,NA,NA,NA,NA,NA,NA,NA,NA,NA,NA,NA,NA,NA,NA,NA,NA,NA,NA,NA,NA,NA,NA,NA,NA,NA,NA,NA,NA,NA,NA,true,TRUE,TRUE,3445.5446569308674,3484.8066991627247,3445.6899647007967,39.26204223185687,39.26204223185732,7.999999999999954,FALSE,121.81,NA,NA,NA
contaminated_normal,contaminated normal,CN,CN,21,1000,419,0.419,NA,TRUE,TRUE,TRUE,0,NA,-1708.2218280836937,3436.443656167387,3485.5212089572083,3436.666103083464,10,196.36,NA,3418.443656167387,3423.351411446369,1.000000000000017,NA,HeckmanEM,NA,raw_AIC_BIC_implied_logLik,finite_logLik_no_explicit_code,3,3.0722971013961486,0.07229710139614864,0.4,0.5152092960460618,0.11520929604606178,NA,NA,NA,NA,NA,NA,NA,NA,NA,NA,NA,NA,NA,NA,-0.7,-0.7557917046777862,-0.05579170467778627,0.15,0.17507024168462437,0.02507024168462437,1,1.1269694412098537,0.12696944120985365,5,4.845055619320926,-0.15494438067907357,1.5,1.5615647865396869,0.06156478653968689,0.8,0.6513625474628394,-0.14863745253716065,49.07755278982131,49.07755278982137,-5.684341886080802e-14,NA,NA,NA,NA,NA,NA,NA,NA,NA,NA,NA,NA,NA,NA,NA,NA,NA,NA,NA,NA,NA,NA,NA,NA,NA,NA,NA,NA,NA,NA,NA,NA,NA,NA,NA,NA,NA,NA,NA,NA,NA,NA,NA,NA,NA,NA,NA,NA,NA,NA,NA,NA,NA,NA,NA,NA,NA,NA,NA,NA,NA,NA,NA,NA,NA,NA,NA,NA,NA,NA,NA,NA,NA,NA,NA,NA,NA,NA,NA,NA,NA,NA,NA,NA,NA,NA,NA,NA,NA,NA,NA,NA,NA,NA,NA,NA,NA,NA,NA,NA,NA,NA,true,TRUE,TRUE,3436.4436561673874,3485.5212089572087,3436.6661030834643,49.07755278982131,49.07755278982131,9.999999999999988,FALSE,196.36,NA,NA,NA
contaminated_normal,contaminated normal,CN,ESN,21,1000,419,0.419,NA,TRUE,TRUE,TRUE,0,CONVERGENCE: REL_REDUCTION_OF_F <= FACTR*EPSMCH,-1795.3066131713754,3612.6132263427503,3666.5985344115543,3612.880432820484,11,18386.648,NA,NA,NA,NA,6,stage2,1819.8110834437;1819.80627157094;1819.80466428759;1823.49322353498;1819.80432791321;1795.3198986301;1824.67446612769;1819.80908853944;1819.80572482711;1795.31595400541;1819.80612601782;1819.8042369194;1819.80922813436;1824.63238803526,proposed_likelihood,stage2,3,7.491283411823138,4.491283411823138,0.4,0.6653600567307965,0.26536005673079643,NA,1.2263561750598826,NA,NA,1.4925821305300957,NA,NA,-1.4925821305300957,NA,NA,-1.4925821305300957,NA,NA,NA,-0.7,-1.3014832759318749,-0.6014832759318749,0.15,0.14174165817935894,-0.00825834182064105,1,0.8790732097155051,-0.12092679028449492,5,-3.659768208117928,-8.659768208117928,1.5,1.5502148959651452,0.05021489596514517,0.8,0.6715405597283322,-0.1284594402716679,53.98530806880353,53.985308068803505,2.842170943040401e-14,NA,NA,NA,NA,NA,NA,NA,NA,NA,NA,NA,NA,NA,NA,NA,NA,NA,NA,NA,NA,NA,NA,NA,NA,NA,NA,NA,NA,NA,NA,NA,NA,NA,NA,NA,NA,NA,NA,NA,NA,NA,NA,NA,NA,NA,NA,NA,NA,NA,NA,NA,NA,NA,NA,NA,NA,NA,NA,NA,NA,NA,NA,NA,NA,NA,NA,NA,NA,NA,NA,NA,NA,NA,NA,NA,NA,NA,NA,NA,NA,NA,NA,NA,NA,NA,NA,NA,NA,NA,NA,NA,NA,NA,NA,NA,NA,NA,NA,NA,NA,NA,NA,true,TRUE,TRUE,3612.6132263427507,3666.5985344115543,3612.8804328204837,53.98530806880399,53.98530806880353,11.000000000000098,FALSE,18386.648,FALSE,TRUE,TRUE
contaminated_normal,contaminated normal,CN,EST,21,1000,419,0.419,NA,TRUE,TRUE,TRUE,0,CONVERGENCE: REL_REDUCTION_OF_F <= FACTR*EPSMCH,-1717.6408970641023,3459.2817941282046,3518.1748574759904,3459.597903550697,12,17135.482000000004,NA,NA,NA,NA,7,stage2,1717.64092784172;1e+12;1e+12;1717.64125957403;1e+12;1e+12;1717.64089801268;1e+12;1e+12;1717.64201268341;1e+12;1e+12;1717.64332583462;1e+12;1e+12;1717.65222180321;1e+12;1e+12;1717.64092166117;1e+12;1e+12;1717.64774281668;1e+12;1e+12;1717.65108239104;1e+12;1e+12;1717.64928588104;1e+12;1e+12;1717.65235229544;1e+12;1e+12;1717.6494573265;1e+12;1e+12;1717.64110245087;1e+12;1e+12;1717.64963389554;1e+12;1e+12,proposed_likelihood,stage2,3,2.268271083898893,-0.7317289161011069,0.4,0.36264051963130506,-0.03735948036869496,NA,-0.01362590376831763,NA,NA,0.4417461195519743,NA,NA,-1.4925821305300957,NA,NA,-1.4925821305300957,NA,4,NA,-0.7,-1.007582734102837,-0.307582734102837,0.15,0.24365038897096616,0.09365038897096614,1,1.5398522337045666,0.5398522337045666,5,3.4252034467713126,-1.5747965532286874,1.5,1.6031144133319717,0.10311441333197167,0.8,0.636031514576615,-0.16396848542338505,58.893063347785755,58.89306334778564,1.1368683772161603e-13,NA,NA,NA,NA,NA,NA,NA,NA,NA,NA,NA,NA,NA,NA,NA,NA,NA,NA,NA,NA,NA,NA,NA,NA,NA,NA,NA,NA,NA,NA,NA,NA,NA,NA,NA,NA,NA,NA,NA,NA,NA,NA,NA,NA,NA,NA,NA,NA,NA,NA,NA,NA,NA,NA,NA,NA,NA,NA,NA,NA,NA,NA,NA,NA,NA,NA,NA,NA,NA,NA,NA,NA,NA,NA,NA,NA,NA,NA,NA,NA,NA,NA,NA,NA,NA,NA,NA,NA,NA,NA,NA,NA,NA,NA,NA,NA,NA,NA,NA,NA,NA,NA,true,TRUE,TRUE,3459.2817941282046,3518.1748574759904,3459.597903550697,58.893063347785755,58.893063347785755,12.000000000000023,FALSE,17135.482000000004,FALSE,FALSE,TRUE
contaminated_normal,contaminated normal,CN,NH,22,1000,463,0.463,NA,TRUE,TRUE,TRUE,0,NA,-1961.9783605002976,3939.956721000595,3979.218763232452,3940.102028770524,8,44.663,NA,3925.956721000595,3930.864476279577,1.000000000000017,NA,HeckmanEM,NA,raw_AIC_BIC_implied_logLik,finite_logLik_no_explicit_code,3,4.5906155110174565,1.5906155110174565,0.4,0.07893471730155689,-0.32106528269844314,NA,NA,NA,NA,NA,NA,NA,NA,NA,NA,NA,NA,NA,NA,-0.7,-0.5522574085770066,0.1477425914229934,0.15,0.1272032964413494,-0.0227967035586506,1,0.8786084939440055,-0.12139150605599448,5,5.959413097572096,0.9594130975720958,1.5,1.702024573213585,0.20202457321358505,0.8,0.6395966267688514,-0.16040337323114862,39.26204223185732,39.262042231857095,-2.2737367544323206e-13,NA,NA,NA,NA,NA,NA,NA,NA,NA,NA,NA,NA,NA,NA,NA,NA,NA,NA,NA,NA,NA,NA,NA,NA,NA,NA,NA,NA,NA,NA,NA,NA,NA,NA,NA,NA,NA,NA,NA,NA,NA,NA,NA,NA,NA,NA,NA,NA,NA,NA,NA,NA,NA,NA,NA,NA,NA,NA,NA,NA,NA,NA,NA,NA,NA,NA,NA,NA,NA,NA,NA,NA,NA,NA,NA,NA,NA,NA,NA,NA,NA,NA,NA,NA,NA,NA,NA,NA,NA,NA,NA,NA,NA,NA,NA,NA,NA,NA,NA,NA,NA,NA,true,TRUE,TRUE,3939.9567210005953,3979.218763232452,3940.1020287705246,39.26204223185732,39.26204223185687,8.000000000000046,FALSE,44.663,NA,NA,NA
contaminated_normal,contaminated normal,CN,HT,22,1000,463,0.463,NA,TRUE,TRUE,TRUE,0,NA,-1847.8447283375524,3711.689456675105,3750.951498906962,3711.834764445034,8,107.54600000000002,NA,3697.689456675105,3702.597211954087,1.000000000000017,NA,HeckmanEM,NA,raw_AIC_BIC_implied_logLik,finite_logLik_no_explicit_code,3,2.522095407105637,-0.47790459289436305,0.4,0.2787588704661357,-0.12124112953386434,NA,NA,NA,NA,NA,NA,NA,NA,NA,NA,NA,NA,NA,NA,-0.7,-0.6432246719000475,0.05677532809995245,0.15,0.15364300298222844,0.00364300298222844,1,1.0185146963798966,0.01851469637989655,5,5.588009724034616,0.5880097240346158,1.5,1.7706059957086735,0.2706059957086735,0.8,0.6122398247693912,-0.18776017523060884,39.26204223185732,39.262042231857095,2.2737367544323206e-13,NA,NA,NA,NA,NA,NA,NA,NA,NA,NA,NA,NA,NA,NA,NA,NA,NA,NA,NA,NA,NA,NA,NA,NA,NA,NA,NA,NA,NA,NA,NA,NA,NA,NA,NA,NA,NA,NA,NA,NA,NA,NA,NA,NA,NA,NA,NA,NA,NA,NA,NA,NA,NA,NA,NA,NA,NA,NA,NA,NA,NA,NA,NA,NA,NA,NA,NA,NA,NA,NA,NA,NA,NA,NA,NA,NA,NA,NA,NA,NA,NA,NA,NA,NA,NA,NA,NA,NA,NA,NA,NA,NA,NA,NA,NA,NA,NA,NA,NA,NA,NA,NA,true,TRUE,TRUE,3711.689456675105,3750.951498906962,3711.834764445034,39.26204223185732,39.26204223185732,8.000000000000046,FALSE,107.54600000000002,NA,NA,NA
contaminated_normal,contaminated normal,CN,CN,22,1000,463,0.463,NA,TRUE,TRUE,TRUE,0,NA,-1839.224704166472,3698.449408332944,3747.5269611227654,3698.671855249021,10,169.249,NA,3680.449408332944,3685.3571636119264,1.000000000000017,NA,HeckmanEM,NA,raw_AIC_BIC_implied_logLik,finite_logLik_no_explicit_code,3,2.868268755441276,-0.13173124455872376,0.4,0.24794322089155785,-0.15205677910844215,NA,NA,NA,NA,NA,NA,NA,NA,NA,NA,NA,NA,NA,NA,-0.7,-0.5979390519940397,0.10206094800596022,0.15,0.1393401741659536,-0.0106598258340464,1,0.9464249707849232,-0.05357502921507684,5,5.643935140939351,0.6439351409393508,1.5,1.7822607361492344,0.2822607361492344,0.8,0.6464407760725038,-0.1535592239274962,49.07755278982131,49.07755278982137,-5.684341886080802e-14,NA,NA,NA,NA,NA,NA,NA,NA,NA,NA,NA,NA,NA,NA,NA,NA,NA,NA,NA,NA,NA,NA,NA,NA,NA,NA,NA,NA,NA,NA,NA,NA,NA,NA,NA,NA,NA,NA,NA,NA,NA,NA,NA,NA,NA,NA,NA,NA,NA,NA,NA,NA,NA,NA,NA,NA,NA,NA,NA,NA,NA,NA,NA,NA,NA,NA,NA,NA,NA,NA,NA,NA,NA,NA,NA,NA,NA,NA,NA,NA,NA,NA,NA,NA,NA,NA,NA,NA,NA,NA,NA,NA,NA,NA,NA,NA,NA,NA,NA,NA,NA,NA,true,TRUE,TRUE,3698.449408332944,3747.5269611227654,3698.671855249021,49.07755278982131,49.07755278982131,9.999999999999988,FALSE,169.249,NA,NA,NA
contaminated_normal,contaminated normal,CN,ESN,22,1000,463,0.463,NA,TRUE,TRUE,TRUE,0,CONVERGENCE: REL_REDUCTION_OF_F <= FACTR*EPSMCH,-1954.2739319027544,3930.547863805508,3984.533171874312,3930.8150702832418,11,13688.428,NA,NA,NA,NA,9,stage2,1961.97907105371;1961.97900432449;1954.43741926952;1961.97842490522;1954.46219027706;1961.97832803751;1961.98124521788;1954.46731357066;1954.27951990532;1961.97842900629;1954.32885386129;1954.46237083255;1961.97859320483;1961.97836006998,proposed_likelihood,stage2,3,5.53724660718404,2.5372466071840396,0.4,0.23182908777667624,-0.16817091222332378,NA,1.1779675465295425,NA,NA,-1.4925821305300957,NA,NA,-1.4925821305300957,NA,NA,-1.4925821305300957,NA,NA,NA,-0.7,-1.1476408240597993,-0.4476408240597993,0.15,0.1003475807732644,-0.04965241922673559,1,0.7080378229553878,-0.29196217704461225,5,7.946629907151734,2.946629907151734,1.5,1.7311129455152836,0.2311129455152836,0.8,0.6291983371879597,-0.17080166281204034,53.98530806880353,53.985308068803505,2.842170943040401e-14,NA,NA,NA,NA,NA,NA,NA,NA,NA,NA,NA,NA,NA,NA,NA,NA,NA,NA,NA,NA,NA,NA,NA,NA,NA,NA,NA,NA,NA,NA,NA,NA,NA,NA,NA,NA,NA,NA,NA,NA,NA,NA,NA,NA,NA,NA,NA,NA,NA,NA,NA,NA,NA,NA,NA,NA,NA,NA,NA,NA,NA,NA,NA,NA,NA,NA,NA,NA,NA,NA,NA,NA,NA,NA,NA,NA,NA,NA,NA,NA,NA,NA,NA,NA,NA,NA,NA,NA,NA,NA,NA,NA,NA,NA,NA,NA,NA,NA,NA,NA,NA,NA,true,TRUE,TRUE,3930.5478638055088,3984.5331718743123,3930.8150702832418,53.98530806880399,53.98530806880353,11.000000000000098,FALSE,13688.428,FALSE,TRUE,TRUE
contaminated_normal,contaminated normal,CN,EST,22,1000,463,0.463,NA,TRUE,TRUE,TRUE,0,CONVERGENCE: REL_REDUCTION_OF_F <= FACTR*EPSMCH,-1850.2223235273864,3724.444647054773,3783.337710402559,3724.7607564772657,12,19074.83,NA,NA,NA,NA,4,stage2,1850.23054005872;1e+12;1e+12;1850.22243167572;1e+12;1e+12;1850.22762127489;1e+12;1e+12;1850.23401402349;1e+12;1e+12;1850.24567256689;1e+12;1e+12;1850.22283550914;1e+12;1e+12;1850.23294551136;1e+12;1e+12;1850.22491700481;1e+12;1e+12;1850.23324990529;1e+12;1e+12;1850.23095362255;1e+12;1e+12;1850.22608108694;1e+12;1e+12;1850.22283805746;1e+12;1e+12;1850.22451209922;1e+12;1e+12;1850.22276804368;1e+12;1e+12,proposed_likelihood,stage2,3,1.965948459158652,-1.0340515408413478,0.4,0.2752480384321783,-0.1247519615678217,NA,0.2344489157914403,NA,NA,-0.04666759743488795,NA,NA,-1.4925821305300957,NA,NA,-1.4925821305300957,NA,4,NA,-0.7,-1.3302092659753058,-0.6302092659753058,0.15,0.194951975222307,0.04495197522230701,1,1.2941747595482562,0.2941747595482562,5,5.500376690596417,0.5003766905964167,1.5,1.7685657522729312,0.2685657522729312,0.8,0.6143960790944423,-0.18560392090555777,58.893063347785755,58.89306334778564,1.1368683772161603e-13,NA,NA,NA,NA,NA,NA,NA,NA,NA,NA,NA,NA,NA,NA,NA,NA,NA,NA,NA,NA,NA,NA,NA,NA,NA,NA,NA,NA,NA,NA,NA,NA,NA,NA,NA,NA,NA,NA,NA,NA,NA,NA,NA,NA,NA,NA,NA,NA,NA,NA,NA,NA,NA,NA,NA,NA,NA,NA,NA,NA,NA,NA,NA,NA,NA,NA,NA,NA,NA,NA,NA,NA,NA,NA,NA,NA,NA,NA,NA,NA,NA,NA,NA,NA,NA,NA,NA,NA,NA,NA,NA,NA,NA,NA,NA,NA,NA,NA,NA,NA,NA,NA,true,TRUE,TRUE,3724.4446470547728,3783.3377104025585,3724.760756477265,58.893063347785755,58.893063347785755,12.000000000000023,FALSE,19074.83,FALSE,FALSE,TRUE
contaminated_normal,contaminated normal,CN,NH,23,1000,431,0.431,NA,TRUE,TRUE,TRUE,0,NA,-1857.4023291321507,3730.8046582643015,3770.066700496159,3730.949966034231,8,135.46900000000002,NA,3716.8046582643015,3721.712413543284,1.000000000000017,NA,HeckmanEM,NA,raw_AIC_BIC_implied_logLik,finite_logLik_no_explicit_code,3,5.525248183751505,2.525248183751505,0.4,0.6972920605412849,0.2972920605412849,NA,NA,NA,NA,NA,NA,NA,NA,NA,NA,NA,NA,NA,NA,-0.7,-0.6823438350105904,0.01765616498940958,0.15,0.12138727010328015,-0.02861272989671984,1,0.9129431781517487,-0.08705682184825114,5,3.400815165754411,-1.5991848342455892,1.5,1.1864185848782711,-0.3135814151217289,0.8,0.7722889268332165,-0.02771107316678356,39.26204223185732,39.262042231857095,2.2737367544323206e-13,NA,NA,NA,NA,NA,NA,NA,NA,NA,NA,NA,NA,NA,NA,NA,NA,NA,NA,NA,NA,NA,NA,NA,NA,NA,NA,NA,NA,NA,NA,NA,NA,NA,NA,NA,NA,NA,NA,NA,NA,NA,NA,NA,NA,NA,NA,NA,NA,NA,NA,NA,NA,NA,NA,NA,NA,NA,NA,NA,NA,NA,NA,NA,NA,NA,NA,NA,NA,NA,NA,NA,NA,NA,NA,NA,NA,NA,NA,NA,NA,NA,NA,NA,NA,NA,NA,NA,NA,NA,NA,NA,NA,NA,NA,NA,NA,NA,NA,NA,NA,NA,NA,true,TRUE,TRUE,3730.8046582643015,3770.066700496159,3730.949966034231,39.26204223185732,39.26204223185732,8.000000000000046,FALSE,135.46900000000002,NA,NA,NA
contaminated_normal,contaminated normal,CN,HT,23,1000,431,0.431,NA,TRUE,TRUE,TRUE,0,NA,-1778.3871215869265,3572.774243173853,3612.0362854057103,3572.9195509437823,8,101.76,NA,3558.774243173853,3563.681998452835,1.000000000000017,NA,HeckmanEM,NA,raw_AIC_BIC_implied_logLik,finite_logLik_no_explicit_code,3,2.937798630441416,-0.06220136955858413,0.4,0.45728932645081183,0.0572893264508118,NA,NA,NA,NA,NA,NA,NA,NA,NA,NA,NA,NA,NA,NA,-0.7,-0.8082978112707758,-0.10829781127077588,0.15,0.1614079648232691,0.01140796482326911,1,1.1089195517122197,0.10891955171221944,5,4.844552672896163,-0.15544732710383702,1.5,1.28279635559643,-0.21720364440356987,0.8,0.7993466549925715,-6.533450074285296e-4,39.26204223185732,39.262042231857095,2.2737367544323206e-13,NA,NA,NA,NA,NA,NA,NA,NA,NA,NA,NA,NA,NA,NA,NA,NA,NA,NA,NA,NA,NA,NA,NA,NA,NA,NA,NA,NA,NA,NA,NA,NA,NA,NA,NA,NA,NA,NA,NA,NA,NA,NA,NA,NA,NA,NA,NA,NA,NA,NA,NA,NA,NA,NA,NA,NA,NA,NA,NA,NA,NA,NA,NA,NA,NA,NA,NA,NA,NA,NA,NA,NA,NA,NA,NA,NA,NA,NA,NA,NA,NA,NA,NA,NA,NA,NA,NA,NA,NA,NA,NA,NA,NA,NA,NA,NA,NA,NA,NA,NA,NA,NA,true,TRUE,TRUE,3572.774243173853,3612.0362854057103,3572.9195509437823,39.26204223185732,39.26204223185732,8.000000000000046,FALSE,101.76,NA,NA,NA
contaminated_normal,contaminated normal,CN,CN,23,1000,431,0.431,NA,TRUE,TRUE,TRUE,0,NA,-1764.0879827812262,3548.1759655624523,3597.2535183522737,3548.3984124785293,10,134.61399999999998,NA,3530.1759655624523,3535.0837208414346,1.000000000000017,NA,HeckmanEM,NA,raw_AIC_BIC_implied_logLik,finite_logLik_no_explicit_code,3,3.1776645619836374,0.17766456198363745,0.4,0.48931397003637733,0.08931397003637731,NA,NA,NA,NA,NA,NA,NA,NA,NA,NA,NA,NA,NA,NA,-0.7,-0.7788538838123128,-0.07885388381231284,0.15,0.15037258431402384,3.7258431402384384e-4,1,1.0542516202826484,0.0542516202826484,5,4.727250463296364,-0.27274953670363633,1.5,1.2176975719415928,-0.2823024280584072,0.8,0.801436390647016,0.00143639064701595,49.07755278982131,49.07755278982137,-5.684341886080802e-14,NA,NA,NA,NA,NA,NA,NA,NA,NA,NA,NA,NA,NA,NA,NA,NA,NA,NA,NA,NA,NA,NA,NA,NA,NA,NA,NA,NA,NA,NA,NA,NA,NA,NA,NA,NA,NA,NA,NA,NA,NA,NA,NA,NA,NA,NA,NA,NA,NA,NA,NA,NA,NA,NA,NA,NA,NA,NA,NA,NA,NA,NA,NA,NA,NA,NA,NA,NA,NA,NA,NA,NA,NA,NA,NA,NA,NA,NA,NA,NA,NA,NA,NA,NA,NA,NA,NA,NA,NA,NA,NA,NA,NA,NA,NA,NA,NA,NA,NA,NA,NA,NA,true,TRUE,TRUE,3548.1759655624523,3597.2535183522737,3548.3984124785293,49.07755278982131,49.07755278982131,9.999999999999988,FALSE,134.61399999999998,NA,NA,NA
contaminated_normal,contaminated normal,CN,ESN,23,1000,431,0.431,NA,TRUE,TRUE,TRUE,0,CONVERGENCE: REL_REDUCTION_OF_F <= FACTR*EPSMCH,-1841.2312359962536,3704.4624719925073,3758.447780061311,3704.72967847024,11,18623.483,NA,NA,NA,NA,10,stage2,1851.13462455264;1851.1343243714;1851.13456275538;1857.43892915985;1851.13453941887;1857.47894509621;1857.43229779523;1851.13376639336;1851.1350058296;1844.31212676524;1851.13351137404;1851.13011495086;1851.12608445751;1857.40232889467,proposed_likelihood,stage2,3,6.984934553834064,3.984934553834064,0.4,0.43966178971116393,0.03966178971116391,NA,0.6101549189906168,NA,NA,1.4925821305300957,NA,NA,-1.4923190931030306,NA,NA,-1.4923190931030306,NA,NA,NA,-0.7,-1.1429002968588575,-0.4429002968588576,0.15,0.13075547342714752,-0.01924452657285247,1,0.9594950808741068,-0.04050491912589316,5,-2.8897815821460693,-7.889781582146069,1.5,1.3226173309607885,-0.17738266903921174,0.8,0.7772344989104317,-0.02276550108956832,53.98530806880353,53.985308068803505,2.842170943040401e-14,NA,NA,NA,NA,NA,NA,NA,NA,NA,NA,NA,NA,NA,NA,NA,NA,NA,NA,NA,NA,NA,NA,NA,NA,NA,NA,NA,NA,NA,NA,NA,NA,NA,NA,NA,NA,NA,NA,NA,NA,NA,NA,NA,NA,NA,NA,NA,NA,NA,NA,NA,NA,NA,NA,NA,NA,NA,NA,NA,NA,NA,NA,NA,NA,NA,NA,NA,NA,NA,NA,NA,NA,NA,NA,NA,NA,NA,NA,NA,NA,NA,NA,NA,NA,NA,NA,NA,NA,NA,NA,NA,NA,NA,NA,NA,NA,NA,NA,NA,NA,NA,NA,true,TRUE,TRUE,3704.4624719925073,3758.447780061311,3704.7296784702403,53.98530806880353,53.98530806880353,11.000000000000005,FALSE,18623.483,FALSE,TRUE,TRUE
contaminated_normal,contaminated normal,CN,EST,23,1000,431,0.431,NA,TRUE,TRUE,TRUE,0,CONVERGENCE: REL_REDUCTION_OF_F <= FACTR*EPSMCH,-1775.9036104966908,3575.8072209933816,3634.7002843411674,3576.123330415874,12,17800.856000000003,NA,NA,NA,NA,40,stage2,1775.90679804689;1e+12;1e+12;1775.9051748675;1e+12;1e+12;1775.9067798375;1e+12;1e+12;1775.90433993268;1e+12;1e+12;1775.90651406226;1e+12;1e+12;1775.90498612026;1e+12;1e+12;1775.91043084114;1e+12;1e+12;1775.9075909191;1e+12;1e+12;1775.90456593476;1e+12;1e+12;1775.9048404788;1e+12;1e+12;1775.91063406995;1e+12;1e+12;1775.90772467757;1e+12;1e+12;1775.9076083255;1e+12;1e+12;1775.90361068153;1e+12;1e+12,proposed_likelihood,stage2,3,2.9124345338677395,-0.08756546613226046,0.4,0.35000022047309803,-0.04999977952690199,NA,-1.4925821305300957,NA,NA,0.3756274063351096,NA,NA,-1.4879389781699457,NA,NA,-1.4879389781699457,NA,4,NA,-0.7,0.6088927353000472,1.3088927353000472,0.15,0.1302785582239997,-0.01972144177600029,1,0.8853722875896176,-0.1146277124103824,5,5.352261773942648,0.3522617739426481,1.5,1.2869358124071086,-0.21306418759289136,0.8,0.7997086713701749,-2.913286298251716e-4,58.893063347785755,58.89306334778564,1.1368683772161603e-13,NA,NA,NA,NA,NA,NA,NA,NA,NA,NA,NA,NA,NA,NA,NA,NA,NA,NA,NA,NA,NA,NA,NA,NA,NA,NA,NA,NA,NA,NA,NA,NA,NA,NA,NA,NA,NA,NA,NA,NA,NA,NA,NA,NA,NA,NA,NA,NA,NA,NA,NA,NA,NA,NA,NA,NA,NA,NA,NA,NA,NA,NA,NA,NA,NA,NA,NA,NA,NA,NA,NA,NA,NA,NA,NA,NA,NA,NA,NA,NA,NA,NA,NA,NA,NA,NA,NA,NA,NA,NA,NA,NA,NA,NA,NA,NA,NA,NA,NA,NA,NA,NA,true,TRUE,TRUE,3575.8072209933816,3634.7002843411674,3576.123330415874,58.893063347785755,58.893063347785755,12.000000000000023,FALSE,17800.856000000003,TRUE,FALSE,TRUE
contaminated_normal,contaminated normal,CN,NH,24,1000,433,0.433,NA,TRUE,TRUE,TRUE,0,NA,-1938.4745298825355,3892.949059765071,3932.211101996928,3893.094367535,8,141.84300000000002,NA,3878.949059765071,3883.8568150440537,1.000000000000017,NA,HeckmanEM,NA,raw_AIC_BIC_implied_logLik,finite_logLik_no_explicit_code,3,5.79466376871307,2.79466376871307,0.4,0.5247639867374367,0.12476398673743672,NA,NA,NA,NA,NA,NA,NA,NA,NA,NA,NA,NA,NA,NA,-0.7,-0.6115063113873865,0.08849368861261342,0.15,0.1045598998071522,-0.0454401001928478,1,0.8292889377625963,-0.17071106223740373,5,4.330279362169561,-0.669720637830439,1.5,1.6170398198223768,0.11703981982237675,0.8,0.5957369579420804,-0.20426304205791967,39.26204223185687,39.262042231857095,-2.2737367544323206e-13,NA,NA,NA,NA,NA,NA,NA,NA,NA,NA,NA,NA,NA,NA,NA,NA,NA,NA,NA,NA,NA,NA,NA,NA,NA,NA,NA,NA,NA,NA,NA,NA,NA,NA,NA,NA,NA,NA,NA,NA,NA,NA,NA,NA,NA,NA,NA,NA,NA,NA,NA,NA,NA,NA,NA,NA,NA,NA,NA,NA,NA,NA,NA,NA,NA,NA,NA,NA,NA,NA,NA,NA,NA,NA,NA,NA,NA,NA,NA,NA,NA,NA,NA,NA,NA,NA,NA,NA,NA,NA,NA,NA,NA,NA,NA,NA,NA,NA,NA,NA,NA,NA,true,TRUE,TRUE,3892.949059765071,3932.211101996928,3893.0943675350004,39.26204223185687,39.26204223185687,7.999999999999954,FALSE,141.84300000000002,NA,NA,NA
contaminated_normal,contaminated normal,CN,HT,24,1000,433,0.433,NA,TRUE,TRUE,TRUE,0,NA,-1788.7403784182109,3593.4807568364217,3632.742799068279,3593.626064606351,8,127.884,NA,3579.4807568364217,3584.388512115404,1.000000000000017,NA,HeckmanEM,NA,raw_AIC_BIC_implied_logLik,finite_logLik_no_explicit_code,3,2.710884230127725,-0.28911576987227505,0.4,0.5100865548878624,0.11008655488786234,NA,NA,NA,NA,NA,NA,NA,NA,NA,NA,NA,NA,NA,NA,-0.7,-0.7368705199415809,-0.03687051994158097,0.15,0.13789385034302817,-0.01210614965697182,1,0.997656371872516,-0.00234362812748401,5,4.889575516770163,-0.11042448322983668,1.5,1.594214293701994,0.09421429370199386,0.8,0.6875213618716504,-0.11247863812834968,39.26204223185732,39.262042231857095,2.2737367544323206e-13,NA,NA,NA,NA,NA,NA,NA,NA,NA,NA,NA,NA,NA,NA,NA,NA,NA,NA,NA,NA,NA,NA,NA,NA,NA,NA,NA,NA,NA,NA,NA,NA,NA,NA,NA,NA,NA,NA,NA,NA,NA,NA,NA,NA,NA,NA,NA,NA,NA,NA,NA,NA,NA,NA,NA,NA,NA,NA,NA,NA,NA,NA,NA,NA,NA,NA,NA,NA,NA,NA,NA,NA,NA,NA,NA,NA,NA,NA,NA,NA,NA,NA,NA,NA,NA,NA,NA,NA,NA,NA,NA,NA,NA,NA,NA,NA,NA,NA,NA,NA,NA,NA,true,TRUE,TRUE,3593.4807568364217,3632.742799068279,3593.626064606351,39.26204223185732,39.26204223185732,8.000000000000046,FALSE,127.884,NA,NA,NA
contaminated_normal,contaminated normal,CN,CN,24,1000,433,0.433,NA,TRUE,TRUE,TRUE,0,NA,-1779.172304036396,3578.3446080727917,3627.422160862613,3578.5670549888687,10,196.21999999999997,NA,3560.3446080727917,3565.252363351774,1.000000000000017,NA,HeckmanEM,NA,raw_AIC_BIC_implied_logLik,finite_logLik_no_explicit_code,3,2.9559251152103996,-0.04407488478960042,0.4,0.4833941732800024,0.08339417328000237,NA,NA,NA,NA,NA,NA,NA,NA,NA,NA,NA,NA,NA,NA,-0.7,-0.7060340753047201,-0.00603407530472011,0.15,0.12834635378824208,-0.02165364621175791,1,0.9633626497143644,-0.03663735028563564,5,4.915342481346536,-0.08465751865346416,1.5,1.5583549696281078,0.05835496962810782,0.8,0.6732785410313409,-0.12672145896865916,49.07755278982131,49.07755278982137,-5.684341886080802e-14,NA,NA,NA,NA,NA,NA,NA,NA,NA,NA,NA,NA,NA,NA,NA,NA,NA,NA,NA,NA,NA,NA,NA,NA,NA,NA,NA,NA,NA,NA,NA,NA,NA,NA,NA,NA,NA,NA,NA,NA,NA,NA,NA,NA,NA,NA,NA,NA,NA,NA,NA,NA,NA,NA,NA,NA,NA,NA,NA,NA,NA,NA,NA,NA,NA,NA,NA,NA,NA,NA,NA,NA,NA,NA,NA,NA,NA,NA,NA,NA,NA,NA,NA,NA,NA,NA,NA,NA,NA,NA,NA,NA,NA,NA,NA,NA,NA,NA,NA,NA,NA,NA,true,TRUE,TRUE,3578.344608072792,3627.4221608626135,3578.567054988869,49.07755278982131,49.07755278982131,9.999999999999988,FALSE,196.21999999999997,NA,NA,NA
contaminated_normal,contaminated normal,CN,ESN,24,1000,433,0.433,NA,TRUE,TRUE,TRUE,0,CONVERGENCE: REL_REDUCTION_OF_F <= FACTR*EPSMCH,-1898.209828940353,3818.419657880706,3872.4049659495095,3818.686864358439,11,16806.401,NA,NA,NA,NA,10,stage2,1923.53514489708;1923.5373177076;1923.53770500425;1938.47349263777;1923.54550968914;1938.46871546428;1938.47732663679;1923.54010657119;1923.53658361654;1898.25221595067;1923.53793682368;1923.53545949839;1923.5353488682;1938.47452943667,proposed_likelihood,stage2,3,7.756247845830849,4.756247845830849,0.4,0.7302312501871512,0.33023125018715116,NA,1.34299964166182,NA,NA,1.4925821305300957,NA,NA,-1.4925821305300957,NA,NA,-1.4925821305300957,NA,NA,NA,-0.7,-1.2677560688600913,-0.5677560688600913,0.15,0.09101377485511662,-0.05898622514488337,1,0.7113564371793568,-0.2886435628206432,5,-4.500080144287512,-9.500080144287512,1.5,1.6761931571195552,0.1761931571195552,0.8,0.7969533307771527,-0.00304666922284735,53.98530806880353,53.985308068803505,2.842170943040401e-14,NA,NA,NA,NA,NA,NA,NA,NA,NA,NA,NA,NA,NA,NA,NA,NA,NA,NA,NA,NA,NA,NA,NA,NA,NA,NA,NA,NA,NA,NA,NA,NA,NA,NA,NA,NA,NA,NA,NA,NA,NA,NA,NA,NA,NA,NA,NA,NA,NA,NA,NA,NA,NA,NA,NA,NA,NA,NA,NA,NA,NA,NA,NA,NA,NA,NA,NA,NA,NA,NA,NA,NA,NA,NA,NA,NA,NA,NA,NA,NA,NA,NA,NA,NA,NA,NA,NA,NA,NA,NA,NA,NA,NA,NA,NA,NA,NA,NA,NA,NA,NA,NA,true,TRUE,TRUE,3818.419657880706,3872.4049659495095,3818.686864358439,53.98530806880353,53.98530806880353,11.000000000000005,FALSE,16806.401,FALSE,TRUE,TRUE
contaminated_normal,contaminated normal,CN,EST,24,1000,433,0.433,NA,TRUE,TRUE,TRUE,0,CONVERGENCE: REL_REDUCTION_OF_F <= FACTR*EPSMCH,-1792.174187615652,3608.348375231304,3667.24143857909,3608.664484653797,12,19225.277,NA,NA,NA,NA,19,stage2,1792.17474979962;1e+12;1e+12;1792.17673510003;1e+12;1e+12;1792.17617601588;1e+12;1e+12;1792.17450996805;1e+12;1e+12;1792.17431024937;1e+12;1e+12;1792.18323853548;1e+12;1e+12;1792.17420292128;1e+12;1e+12;1792.17691785185;1e+12;1e+12;1792.1883425198;1e+12;1e+12;1792.25584923922;1e+12;1e+12;1792.19421415119;1e+12;1e+12;1792.17752604191;1e+12;1e+12;1792.17828398024;1e+12;1e+12;1792.18008904494;1e+12;1e+12,proposed_likelihood,stage2,3,2.34392299540981,-0.6560770045901898,0.4,0.5635373783689802,0.1635373783689802,NA,1.1087897720841993,NA,NA,-0.11276574448162414,NA,NA,-1.4925821305300957,NA,NA,-1.4925821305300957,NA,4,NA,-0.7,-1.9694073007555375,-1.2694073007555378,0.15,0.12838599113062166,-0.02161400886937833,1,0.927650964484682,-0.07234903551531802,5,3.4230485094215912,-1.5769514905784088,1.5,1.6133051615107517,0.11330516151075164,0.8,0.6865834142939296,-0.1134165857060705,58.893063347785755,58.89306334778564,1.1368683772161603e-13,NA,NA,NA,NA,NA,NA,NA,NA,NA,NA,NA,NA,NA,NA,NA,NA,NA,NA,NA,NA,NA,NA,NA,NA,NA,NA,NA,NA,NA,NA,NA,NA,NA,NA,NA,NA,NA,NA,NA,NA,NA,NA,NA,NA,NA,NA,NA,NA,NA,NA,NA,NA,NA,NA,NA,NA,NA,NA,NA,NA,NA,NA,NA,NA,NA,NA,NA,NA,NA,NA,NA,NA,NA,NA,NA,NA,NA,NA,NA,NA,NA,NA,NA,NA,NA,NA,NA,NA,NA,NA,NA,NA,NA,NA,NA,NA,NA,NA,NA,NA,NA,NA,true,TRUE,TRUE,3608.348375231304,3667.24143857909,3608.6644846537965,58.893063347785755,58.893063347785755,12.000000000000023,FALSE,19225.277,FALSE,FALSE,TRUE
contaminated_normal,contaminated normal,CN,NH,25,1000,411,0.411,NA,TRUE,TRUE,TRUE,0,NA,-1763.406555170783,3542.813110341566,3582.075152573423,3542.958418111495,8,49.061,NA,3528.813110341566,3533.720865620548,1.000000000000017,NA,HeckmanEM,NA,raw_AIC_BIC_implied_logLik,finite_logLik_no_explicit_code,3,4.944367564497061,1.9443675644970613,0.4,0.27311966359555706,-0.12688033640444296,NA,NA,NA,NA,NA,NA,NA,NA,NA,NA,NA,NA,NA,NA,-0.7,-0.8517751261686038,-0.1517751261686039,0.15,0.18308477404375595,0.03308477404375595,1,1.158214549840452,0.1582145498404519,5,4.906542847248493,-0.09345715275150734,1.5,1.3198688759276458,-0.1801311240723542,0.8,0.980297889200939,0.18029788920093892,39.26204223185732,39.262042231857095,2.2737367544323206e-13,NA,NA,NA,NA,NA,NA,NA,NA,NA,NA,NA,NA,NA,NA,NA,NA,NA,NA,NA,NA,NA,NA,NA,NA,NA,NA,NA,NA,NA,NA,NA,NA,NA,NA,NA,NA,NA,NA,NA,NA,NA,NA,NA,NA,NA,NA,NA,NA,NA,NA,NA,NA,NA,NA,NA,NA,NA,NA,NA,NA,NA,NA,NA,NA,NA,NA,NA,NA,NA,NA,NA,NA,NA,NA,NA,NA,NA,NA,NA,NA,NA,NA,NA,NA,NA,NA,NA,NA,NA,NA,NA,NA,NA,NA,NA,NA,NA,NA,NA,NA,NA,NA,true,TRUE,TRUE,3542.813110341566,3582.075152573423,3542.958418111495,39.26204223185732,39.26204223185732,8.000000000000046,FALSE,49.061,NA,NA,NA
contaminated_normal,contaminated normal,CN,HT,25,1000,411,0.411,NA,TRUE,TRUE,TRUE,0,NA,-1695.571986351569,3407.143972703138,3446.4060149349953,3407.2892804730673,8,79.53399999999999,NA,3393.143972703138,3398.05172798212,1.000000000000017,NA,HeckmanEM,NA,raw_AIC_BIC_implied_logLik,finite_logLik_no_explicit_code,3,2.8271741001797666,-0.17282589982023344,0.4,0.3695884096441206,-0.03041159035587942,NA,NA,NA,NA,NA,NA,NA,NA,NA,NA,NA,NA,NA,NA,-0.7,-1.0042235712111205,-0.3042235712111203,0.15,0.22093171888938903,0.07093171888938907,1,1.3545694357053462,0.35456943570534616,5,4.788128539338798,-0.211871460661202,1.5,1.4504016262850588,-0.04959837371494124,0.8,0.9689948221138752,0.1689948221138751,39.26204223185732,39.262042231857095,2.2737367544323206e-13,NA,NA,NA,NA,NA,NA,NA,NA,NA,NA,NA,NA,NA,NA,NA,NA,NA,NA,NA,NA,NA,NA,NA,NA,NA,NA,NA,NA,NA,NA,NA,NA,NA,NA,NA,NA,NA,NA,NA,NA,NA,NA,NA,NA,NA,NA,NA,NA,NA,NA,NA,NA,NA,NA,NA,NA,NA,NA,NA,NA,NA,NA,NA,NA,NA,NA,NA,NA,NA,NA,NA,NA,NA,NA,NA,NA,NA,NA,NA,NA,NA,NA,NA,NA,NA,NA,NA,NA,NA,NA,NA,NA,NA,NA,NA,NA,NA,NA,NA,NA,NA,NA,true,TRUE,TRUE,3407.143972703138,3446.4060149349953,3407.2892804730673,39.26204223185732,39.26204223185732,8.000000000000046,FALSE,79.53399999999999,NA,NA,NA
contaminated_normal,contaminated normal,CN,CN,25,1000,411,0.411,NA,TRUE,TRUE,TRUE,0,NA,-1691.3908727837668,3402.7817455675336,3451.859298357355,3403.0041924836105,10,117.155,NA,3384.7817455675336,3389.689500846516,1.000000000000017,NA,HeckmanEM,NA,raw_AIC_BIC_implied_logLik,finite_logLik_no_explicit_code,3,3.016304132752651,0.01630413275265097,0.4,0.3832011170352796,-0.01679888296472043,NA,NA,NA,NA,NA,NA,NA,NA,NA,NA,NA,NA,NA,NA,-0.7,-0.9552448881773312,-0.25524488817733126,0.15,0.2094115294651214,0.0594115294651214,1,1.294373908080343,0.2943739080803429,5,4.86536514229856,-0.1346348577014398,1.5,1.439672748209667,-0.06032725179033305,0.8,0.9162033955811956,0.11620339558119563,49.07755278982131,49.07755278982137,-5.684341886080802e-14,NA,NA,NA,NA,NA,NA,NA,NA,NA,NA,NA,NA,NA,NA,NA,NA,NA,NA,NA,NA,NA,NA,NA,NA,NA,NA,NA,NA,NA,NA,NA,NA,NA,NA,NA,NA,NA,NA,NA,NA,NA,NA,NA,NA,NA,NA,NA,NA,NA,NA,NA,NA,NA,NA,NA,NA,NA,NA,NA,NA,NA,NA,NA,NA,NA,NA,NA,NA,NA,NA,NA,NA,NA,NA,NA,NA,NA,NA,NA,NA,NA,NA,NA,NA,NA,NA,NA,NA,NA,NA,NA,NA,NA,NA,NA,NA,NA,NA,NA,NA,NA,NA,true,TRUE,TRUE,3402.7817455675336,3451.859298357355,3403.0041924836105,49.07755278982131,49.07755278982131,9.999999999999988,FALSE,117.155,NA,NA,NA
contaminated_normal,contaminated normal,CN,ESN,25,1000,411,0.411,NA,TRUE,TRUE,TRUE,0,CONVERGENCE: REL_REDUCTION_OF_F <= FACTR*EPSMCH,-1750.8728042898415,3523.745608579683,3577.7309166484865,3524.012815057416,11,18370.948,NA,NA,NA,NA,6,stage2,1763.40652081529;1763.4084032661;1763.07303056121;1763.27423193043;1762.96009510577;1754.6036250475;1763.40770355023;1762.95237692132;1762.96336909221;1750.93996824567;1762.95001430068;1763.40652080597;1763.40653407059;1763.40655478112,proposed_likelihood,stage2,3,6.987560766002513,3.987560766002513,0.4,0.2862976626093135,-0.11370233739068653,NA,0.4040418379058224,NA,NA,1.4925821305300957,NA,NA,-1.4925821305300957,NA,NA,-1.4925821305300957,NA,NA,NA,-0.7,-1.14102053003053,-0.4410205300305301,0.15,0.18030401691597855,0.03030401691597856,1,1.1437853252528432,0.14378532525284315,5,-2.797465013385645,-7.797465013385645,1.5,1.2685695407419084,-0.2314304592580916,0.8,0.9429382059964416,0.1429382059964417,53.98530806880353,53.985308068803505,2.842170943040401e-14,NA,NA,NA,NA,NA,NA,NA,NA,NA,NA,NA,NA,NA,NA,NA,NA,NA,NA,NA,NA,NA,NA,NA,NA,NA,NA,NA,NA,NA,NA,NA,NA,NA,NA,NA,NA,NA,NA,NA,NA,NA,NA,NA,NA,NA,NA,NA,NA,NA,NA,NA,NA,NA,NA,NA,NA,NA,NA,NA,NA,NA,NA,NA,NA,NA,NA,NA,NA,NA,NA,NA,NA,NA,NA,NA,NA,NA,NA,NA,NA,NA,NA,NA,NA,NA,NA,NA,NA,NA,NA,NA,NA,NA,NA,NA,NA,NA,NA,NA,NA,NA,NA,true,TRUE,TRUE,3523.745608579683,3577.7309166484865,3524.012815057416,53.98530806880353,53.98530806880353,11.000000000000005,FALSE,18370.948,FALSE,TRUE,TRUE
contaminated_normal,contaminated normal,CN,EST,25,1000,411,0.411,NA,TRUE,TRUE,TRUE,0,CONVERGENCE: REL_REDUCTION_OF_F <= FACTR*EPSMCH,-1697.656377524165,3419.31275504833,3478.205818396116,3419.6288644708225,12,18790.084000000003,NA,NA,NA,NA,40,stage2,1697.66713116803;1e+12;1e+12;1697.65764866338;1e+12;1e+12;1697.65841810805;1e+12;1e+12;1697.66133812258;1e+12;1e+12;1697.66483795108;1e+12;1e+12;1697.65694959474;1e+12;1e+12;1697.65935515777;1e+12;1e+12;1697.66705133565;1e+12;1e+12;1697.66010201074;1e+12;1e+12;1697.67016379591;1e+12;1e+12;1697.65823060695;1e+12;1e+12;1697.65862713225;1e+12;1e+12;1697.65807920093;1e+12;1e+12;1697.65638117493;1e+12;1e+12,proposed_likelihood,stage2,3,2.233524294241789,-0.7664757057582108,0.4,0.3748101946959585,-0.02518980530404152,NA,0.30065875354154653,NA,NA,-0.04192510171438432,NA,NA,-1.4925821305300957,NA,NA,-1.4925821305300957,NA,4,NA,-0.7,-1.9023800168067524,-1.2023800168067524,0.15,0.27562911278504887,0.12562911278504887,1,1.7019383777917287,0.7019383777917287,5,4.420245597114362,-0.5797544028856381,1.5,1.4433138856020906,-0.05668611439790938,0.8,0.9658239372692162,0.16582393726921618,58.893063347785755,58.89306334778564,1.1368683772161603e-13,NA,NA,NA,NA,NA,NA,NA,NA,NA,NA,NA,NA,NA,NA,NA,NA,NA,NA,NA,NA,NA,NA,NA,NA,NA,NA,NA,NA,NA,NA,NA,NA,NA,NA,NA,NA,NA,NA,NA,NA,NA,NA,NA,NA,NA,NA,NA,NA,NA,NA,NA,NA,NA,NA,NA,NA,NA,NA,NA,NA,NA,NA,NA,NA,NA,NA,NA,NA,NA,NA,NA,NA,NA,NA,NA,NA,NA,NA,NA,NA,NA,NA,NA,NA,NA,NA,NA,NA,NA,NA,NA,NA,NA,NA,NA,NA,NA,NA,NA,NA,NA,NA,true,TRUE,TRUE,3419.31275504833,3478.205818396116,3419.6288644708225,58.893063347785755,58.893063347785755,12.000000000000023,FALSE,18790.084000000003,FALSE,FALSE,TRUE
contaminated_normal,contaminated normal,CN,NH,26,1000,424,0.424,NA,TRUE,TRUE,TRUE,0,NA,-1710.5774575417852,3437.1549150835704,3476.4169573154277,3437.3002228534997,8,99.279,NA,3423.1549150835704,3428.0626703625526,1.000000000000017,NA,HeckmanEM,NA,raw_AIC_BIC_implied_logLik,finite_logLik_no_explicit_code,3,3.780324840547336,0.780324840547336,0.4,0.4591966802271429,0.05919668022714286,NA,NA,NA,NA,NA,NA,NA,NA,NA,NA,NA,NA,NA,NA,-0.7,-0.7650972924442548,-0.06509729244425488,0.15,0.12292785947050566,-0.02707214052949433,1,1.0243357675329494,0.02433576753294941,5,4.428947051628177,-0.5710529483718227,1.5,1.6623556658779983,0.16235566587799832,0.8,0.8258950244572728,0.02589502445727276,39.26204223185732,39.262042231857095,2.2737367544323206e-13,NA,NA,NA,NA,NA,NA,NA,NA,NA,NA,NA,NA,NA,NA,NA,NA,NA,NA,NA,NA,NA,NA,NA,NA,NA,NA,NA,NA,NA,NA,NA,NA,NA,NA,NA,NA,NA,NA,NA,NA,NA,NA,NA,NA,NA,NA,NA,NA,NA,NA,NA,NA,NA,NA,NA,NA,NA,NA,NA,NA,NA,NA,NA,NA,NA,NA,NA,NA,NA,NA,NA,NA,NA,NA,NA,NA,NA,NA,NA,NA,NA,NA,NA,NA,NA,NA,NA,NA,NA,NA,NA,NA,NA,NA,NA,NA,NA,NA,NA,NA,NA,NA,true,TRUE,TRUE,3437.1549150835704,3476.4169573154277,3437.3002228534997,39.26204223185732,39.26204223185732,8.000000000000046,FALSE,99.279,NA,NA,NA
contaminated_normal,contaminated normal,CN,HT,26,1000,424,0.424,NA,TRUE,TRUE,TRUE,0,NA,-1676.5680673614804,3369.136134722961,3408.398176954818,3369.28144249289,8,94.187,NA,3355.136134722961,3360.043890001943,1.000000000000017,NA,HeckmanEM,NA,raw_AIC_BIC_implied_logLik,finite_logLik_no_explicit_code,3,2.8286420087780813,-0.17135799122191875,0.4,0.3941503045115465,-0.00584969548845354,NA,NA,NA,NA,NA,NA,NA,NA,NA,NA,NA,NA,NA,NA,-0.7,-0.827956288500019,-0.12795628850001906,0.15,0.13506514982923043,-0.01493485017076956,1,1.1035148317759134,0.10351483177591336,5,4.845543161506621,-0.15445683849337932,1.5,1.5704847520531249,0.07048475205312488,0.8,0.7907676847535783,-0.00923231524642176,39.26204223185732,39.262042231857095,2.2737367544323206e-13,NA,NA,NA,NA,NA,NA,NA,NA,NA,NA,NA,NA,NA,NA,NA,NA,NA,NA,NA,NA,NA,NA,NA,NA,NA,NA,NA,NA,NA,NA,NA,NA,NA,NA,NA,NA,NA,NA,NA,NA,NA,NA,NA,NA,NA,NA,NA,NA,NA,NA,NA,NA,NA,NA,NA,NA,NA,NA,NA,NA,NA,NA,NA,NA,NA,NA,NA,NA,NA,NA,NA,NA,NA,NA,NA,NA,NA,NA,NA,NA,NA,NA,NA,NA,NA,NA,NA,NA,NA,NA,NA,NA,NA,NA,NA,NA,NA,NA,NA,NA,NA,NA,true,TRUE,TRUE,3369.136134722961,3408.398176954818,3369.28144249289,39.26204223185732,39.26204223185732,8.000000000000046,FALSE,94.187,NA,NA,NA
contaminated_normal,contaminated normal,CN,CN,26,1000,424,0.424,NA,TRUE,TRUE,TRUE,0,NA,-1670.114739223168,3360.229478446336,3409.3070312361574,3360.451925362413,10,130.31000000000003,NA,3342.229478446336,3347.1372337253183,1.000000000000017,NA,HeckmanEM,NA,raw_AIC_BIC_implied_logLik,finite_logLik_no_explicit_code,3,3.1618720388462846,0.16187203884628465,0.4,0.4241940525962327,0.02419405259623269,NA,NA,NA,NA,NA,NA,NA,NA,NA,NA,NA,NA,NA,NA,-0.7,-0.7819821828071509,-0.08198218280715097,0.15,0.12876176975556336,-0.02123823024443663,1,1.0456852180086589,0.04568521800865888,5,4.648306188955127,-0.3516938110448731,1.5,1.6265775123837138,0.12657751238371384,0.8,0.823139521155522,0.02313952115552198,49.07755278982131,49.07755278982137,-5.684341886080802e-14,NA,NA,NA,NA,NA,NA,NA,NA,NA,NA,NA,NA,NA,NA,NA,NA,NA,NA,NA,NA,NA,NA,NA,NA,NA,NA,NA,NA,NA,NA,NA,NA,NA,NA,NA,NA,NA,NA,NA,NA,NA,NA,NA,NA,NA,NA,NA,NA,NA,NA,NA,NA,NA,NA,NA,NA,NA,NA,NA,NA,NA,NA,NA,NA,NA,NA,NA,NA,NA,NA,NA,NA,NA,NA,NA,NA,NA,NA,NA,NA,NA,NA,NA,NA,NA,NA,NA,NA,NA,NA,NA,NA,NA,NA,NA,NA,NA,NA,NA,NA,NA,NA,true,TRUE,TRUE,3360.229478446336,3409.3070312361574,3360.451925362413,49.07755278982131,49.07755278982131,9.999999999999988,FALSE,130.31000000000003,NA,NA,NA
contaminated_normal,contaminated normal,CN,ESN,26,1000,424,0.424,NA,TRUE,TRUE,TRUE,0,CONVERGENCE: REL_REDUCTION_OF_F <= FACTR*EPSMCH,-1708.1610296952738,3438.3220593905476,3492.307367459351,3438.589265868281,11,14448.934,NA,NA,NA,NA,13,stage2,1708.17263599586;1708.20571846636;1708.16579161578;1710.58081635065;1708.1666928061;1710.57722990001;1710.57906815504;1708.17215618024;1708.17186983427;1710.53716713012;1708.18451461526;1708.17801956297;1708.16658951005;1710.5774570088,proposed_likelihood,stage2,3,4.1957581752701065,1.1957581752701063,0.4,0.341813235780602,-0.058186764219398,NA,1.4895600925645536,NA,NA,-1.4925821305300957,NA,NA,-1.490894376433353,NA,NA,-1.490894376433353,NA,NA,NA,-0.7,-1.3947101406848157,-0.6947101406848155,0.15,0.09798594677973042,-0.05201405322026957,1,0.8050498746213699,-0.1949501253786301,5,5.719796822314846,0.7197968223148461,1.5,1.6206083165318192,0.12060831653181923,0.8,0.821552038536372,0.02155203853637199,53.98530806880353,53.985308068803505,2.842170943040401e-14,NA,NA,NA,NA,NA,NA,NA,NA,NA,NA,NA,NA,NA,NA,NA,NA,NA,NA,NA,NA,NA,NA,NA,NA,NA,NA,NA,NA,NA,NA,NA,NA,NA,NA,NA,NA,NA,NA,NA,NA,NA,NA,NA,NA,NA,NA,NA,NA,NA,NA,NA,NA,NA,NA,NA,NA,NA,NA,NA,NA,NA,NA,NA,NA,NA,NA,NA,NA,NA,NA,NA,NA,NA,NA,NA,NA,NA,NA,NA,NA,NA,NA,NA,NA,NA,NA,NA,NA,NA,NA,NA,NA,NA,NA,NA,NA,NA,NA,NA,NA,NA,NA,true,TRUE,TRUE,3438.3220593905476,3492.307367459351,3438.5892658682806,53.98530806880353,53.98530806880353,11.000000000000005,FALSE,14448.934,TRUE,TRUE,TRUE
contaminated_normal,contaminated normal,CN,EST,26,1000,424,0.424,NA,TRUE,TRUE,TRUE,0,CONVERGENCE: REL_REDUCTION_OF_F <= FACTR*EPSMCH,-1675.8686492048364,3375.737298409673,3434.6303617574586,3376.0534078321652,12,18877.327,NA,NA,NA,NA,7,stage2,1675.87101523023;1e+12;1e+12;1675.87034397692;1e+12;1e+12;1675.86865595382;1e+12;1e+12;1675.87769377083;1e+12;1e+12;1675.86894319027;1e+12;1e+12;1675.8702795677;1e+12;1e+12;1675.86884052727;1e+12;1e+12;1675.8800047612;1e+12;1e+12;1675.87039910342;1e+12;1e+12;1675.87294121185;1e+12;1e+12;1675.87241958438;1e+12;1e+12;1675.87603353963;1e+12;1e+12;1675.87625288434;1e+12;1e+12;1675.87584886433;1e+12;1e+12,proposed_likelihood,stage2,3,3.286372814471422,0.28637281447142193,0.4,0.5609143344608716,0.16091433446087156,NA,-1.4925821305300957,NA,NA,-0.10923246311587605,NA,NA,1.4925821305300957,NA,NA,1.4925821305300957,NA,4,NA,-0.7,-0.35783235801370705,0.3421676419862929,0.15,0.11153765255357896,-0.03846234744642105,1,0.8992922222423377,-0.10070777775766226,5,5.324572591156368,0.32457259115636816,1.5,1.570979200783172,0.07097920078317199,0.8,0.779544075338459,-0.020455924661541,58.893063347785755,58.89306334778564,1.1368683772161603e-13,NA,NA,NA,NA,NA,NA,NA,NA,NA,NA,NA,NA,NA,NA,NA,NA,NA,NA,NA,NA,NA,NA,NA,NA,NA,NA,NA,NA,NA,NA,NA,NA,NA,NA,NA,NA,NA,NA,NA,NA,NA,NA,NA,NA,NA,NA,NA,NA,NA,NA,NA,NA,NA,NA,NA,NA,NA,NA,NA,NA,NA,NA,NA,NA,NA,NA,NA,NA,NA,NA,NA,NA,NA,NA,NA,NA,NA,NA,NA,NA,NA,NA,NA,NA,NA,NA,NA,NA,NA,NA,NA,NA,NA,NA,NA,NA,NA,NA,NA,NA,NA,NA,true,TRUE,TRUE,3375.737298409673,3434.6303617574586,3376.0534078321652,58.893063347785755,58.893063347785755,12.000000000000023,FALSE,18877.327,TRUE,FALSE,TRUE
contaminated_normal,contaminated normal,CN,NH,27,1000,422,0.422,NA,TRUE,TRUE,TRUE,0,NA,-1828.009575873322,3672.019151746644,3711.2811939785015,3672.1644595165735,8,155.14600000000002,NA,3658.019151746644,3662.9269070256264,1.000000000000017,NA,HeckmanEM,NA,raw_AIC_BIC_implied_logLik,finite_logLik_no_explicit_code,3,5.364532476797621,2.364532476797621,0.4,0.7349153684713274,0.3349153684713274,NA,NA,NA,NA,NA,NA,NA,NA,NA,NA,NA,NA,NA,NA,-0.7,-0.5873467027341587,0.11265329726584128,0.15,0.09560697638585648,-0.05439302361414352,1,0.7600001941368025,-0.23999980586319747,5,2.9023048553599393,-2.0976951446400607,1.5,1.5692730321604056,0.06927303216040559,0.8,0.9256976863836324,0.12569768638363232,39.26204223185732,39.262042231857095,2.2737367544323206e-13,NA,NA,NA,NA,NA,NA,NA,NA,NA,NA,NA,NA,NA,NA,NA,NA,NA,NA,NA,NA,NA,NA,NA,NA,NA,NA,NA,NA,NA,NA,NA,NA,NA,NA,NA,NA,NA,NA,NA,NA,NA,NA,NA,NA,NA,NA,NA,NA,NA,NA,NA,NA,NA,NA,NA,NA,NA,NA,NA,NA,NA,NA,NA,NA,NA,NA,NA,NA,NA,NA,NA,NA,NA,NA,NA,NA,NA,NA,NA,NA,NA,NA,NA,NA,NA,NA,NA,NA,NA,NA,NA,NA,NA,NA,NA,NA,NA,NA,NA,NA,NA,NA,true,TRUE,TRUE,3672.019151746644,3711.2811939785015,3672.1644595165735,39.26204223185732,39.26204223185732,8.000000000000046,FALSE,155.14600000000002,NA,NA,NA
contaminated_normal,contaminated normal,CN,HT,27,1000,422,0.422,NA,TRUE,TRUE,TRUE,0,NA,-1749.8493293183772,3515.6986586367543,3554.9607008686116,3515.8439664066836,8,104.29899999999998,NA,3501.6986586367543,3506.6064139157365,1.000000000000017,NA,HeckmanEM,NA,raw_AIC_BIC_implied_logLik,finite_logLik_no_explicit_code,3,2.770131184991693,-0.2298688150083068,0.4,0.39786380822199097,-0.00213619177800905,NA,NA,NA,NA,NA,NA,NA,NA,NA,NA,NA,NA,NA,NA,-0.7,-0.7556909623118693,-0.05569096231186932,0.15,0.13619575254751315,-0.01380424745248684,1,1.019783115592524,0.01978311559252388,5,4.756813337302012,-0.24318666269798772,1.5,1.415799169656919,-0.08420083034308101,0.8,0.959559106340217,0.15955910634021697,39.26204223185732,39.262042231857095,2.2737367544323206e-13,NA,NA,NA,NA,NA,NA,NA,NA,NA,NA,NA,NA,NA,NA,NA,NA,NA,NA,NA,NA,NA,NA,NA,NA,NA,NA,NA,NA,NA,NA,NA,NA,NA,NA,NA,NA,NA,NA,NA,NA,NA,NA,NA,NA,NA,NA,NA,NA,NA,NA,NA,NA,NA,NA,NA,NA,NA,NA,NA,NA,NA,NA,NA,NA,NA,NA,NA,NA,NA,NA,NA,NA,NA,NA,NA,NA,NA,NA,NA,NA,NA,NA,NA,NA,NA,NA,NA,NA,NA,NA,NA,NA,NA,NA,NA,NA,NA,NA,NA,NA,NA,NA,true,TRUE,TRUE,3515.6986586367543,3554.9607008686116,3515.8439664066836,39.26204223185732,39.26204223185732,8.000000000000046,FALSE,104.29899999999998,NA,NA,NA
contaminated_normal,contaminated normal,CN,CN,27,1000,422,0.422,NA,TRUE,TRUE,TRUE,0,NA,-1746.7882832456296,3513.576566491259,3562.6541192810805,3513.799013407336,10,189.058,NA,3495.576566491259,3500.4843217702414,1.000000000000017,NA,HeckmanEM,NA,raw_AIC_BIC_implied_logLik,finite_logLik_no_explicit_code,3,3.0668125089571077,0.06681250895710766,0.4,0.4179853924174871,0.01798539241748709,NA,NA,NA,NA,NA,NA,NA,NA,NA,NA,NA,NA,NA,NA,-0.7,-0.7214990547267495,-0.02149905472674951,0.15,0.12759138211629312,-0.02240861788370687,1,0.9728317224975594,-0.02716827750244055,5,4.761127187086871,-0.23887281291312856,1.5,1.4625804538632556,-0.03741954613674436,0.8,0.9173674374176016,0.1173674374176017,49.07755278982131,49.07755278982137,-5.684341886080802e-14,NA,NA,NA,NA,NA,NA,NA,NA,NA,NA,NA,NA,NA,NA,NA,NA,NA,NA,NA,NA,NA,NA,NA,NA,NA,NA,NA,NA,NA,NA,NA,NA,NA,NA,NA,NA,NA,NA,NA,NA,NA,NA,NA,NA,NA,NA,NA,NA,NA,NA,NA,NA,NA,NA,NA,NA,NA,NA,NA,NA,NA,NA,NA,NA,NA,NA,NA,NA,NA,NA,NA,NA,NA,NA,NA,NA,NA,NA,NA,NA,NA,NA,NA,NA,NA,NA,NA,NA,NA,NA,NA,NA,NA,NA,NA,NA,NA,NA,NA,NA,NA,NA,true,TRUE,TRUE,3513.576566491259,3562.6541192810805,3513.799013407336,49.07755278982131,49.07755278982131,9.999999999999988,FALSE,189.058,NA,NA,NA
contaminated_normal,contaminated normal,CN,ESN,27,1000,422,0.422,NA,TRUE,TRUE,TRUE,0,CONVERGENCE: REL_REDUCTION_OF_F <= FACTR*EPSMCH,-1806.0779065196843,3634.1558130393687,3688.141121108172,3634.4230195171017,11,21230.548,NA,NA,NA,NA,6,stage2,1822.01383820034;1822.0291788907;1822.02030969488;1825.60933796853;1821.99739465196;1810.06322355903;1828.03830038371;1822.0537991371;1821.99394693933;1810.00476406832;1821.99997467289;1822.01088731361;1821.99164948926;1828.00957571591,proposed_likelihood,stage2,3,6.54563176761621,3.54563176761621,0.4,0.4774376019785905,0.07743760197859045,NA,0.7972118086660915,NA,NA,1.4925821305300957,NA,NA,-1.4925821305300957,NA,NA,-1.4925821305300957,NA,NA,NA,-0.7,-1.1584081098721837,-0.4584081098721837,0.15,0.10916293311374664,-0.04083706688625335,1,0.8407898218905898,-0.15921017810941018,5,-2.6402180247267144,-7.640218024726714,1.5,1.5621438882344325,0.06214388823443251,0.8,0.999925627968094,0.19992562796809388,53.98530806880353,53.985308068803505,2.842170943040401e-14,NA,NA,NA,NA,NA,NA,NA,NA,NA,NA,NA,NA,NA,NA,NA,NA,NA,NA,NA,NA,NA,NA,NA,NA,NA,NA,NA,NA,NA,NA,NA,NA,NA,NA,NA,NA,NA,NA,NA,NA,NA,NA,NA,NA,NA,NA,NA,NA,NA,NA,NA,NA,NA,NA,NA,NA,NA,NA,NA,NA,NA,NA,NA,NA,NA,NA,NA,NA,NA,NA,NA,NA,NA,NA,NA,NA,NA,NA,NA,NA,NA,NA,NA,NA,NA,NA,NA,NA,NA,NA,NA,NA,NA,NA,NA,NA,NA,NA,NA,NA,NA,NA,true,TRUE,TRUE,3634.1558130393687,3688.1411211081722,3634.4230195171017,53.98530806880308,53.98530806880353,10.999999999999913,FALSE,21230.548,FALSE,TRUE,TRUE
contaminated_normal,contaminated normal,CN,EST,27,1000,422,0.422,NA,TRUE,TRUE,TRUE,0,CONVERGENCE: REL_REDUCTION_OF_F <= FACTR*EPSMCH,-1750.2058612385365,3524.411722477073,3583.3047858248588,3524.7278318995654,12,17172.064000000002,NA,NA,NA,NA,37,stage2,1750.21505623881;1e+12;1e+12;1750.20907432889;1e+12;1e+12;1750.21355037221;1e+12;1e+12;1750.21724797546;1e+12;1e+12;1750.21390198722;1e+12;1e+12;1750.21018724636;1e+12;1e+12;1750.20592211322;1e+12;1e+12;1750.21123528259;1e+12;1e+12;1750.21467686412;1e+12;1e+12;1750.24792460272;1e+12;1e+12;1750.2236550732;1e+12;1e+12;1750.214553288;1e+12;1e+12;1750.205861595;1e+12;1e+12;1750.22547632314;1e+12;1e+12,proposed_likelihood,stage2,3,2.174791354297928,-0.8252086457020722,0.4,0.3295082982367673,-0.07049170176323272,NA,-0.05325666619878998,NA,NA,0.24190868583137165,NA,NA,-1.4732509949055967,NA,NA,-1.4732509949055967,NA,4,NA,-0.7,-0.8713180722643016,-0.17131807226430162,0.15,0.17716826910349898,0.02716826910349898,1,1.327667245058672,0.32766724505867195,5,3.901024202526629,-1.0989757974733712,1.5,1.4239491281723078,-0.07605087182769221,0.8,0.9603666696328906,0.1603666696328906,58.893063347785755,58.89306334778564,1.1368683772161603e-13,NA,NA,NA,NA,NA,NA,NA,NA,NA,NA,NA,NA,NA,NA,NA,NA,NA,NA,NA,NA,NA,NA,NA,NA,NA,NA,NA,NA,NA,NA,NA,NA,NA,NA,NA,NA,NA,NA,NA,NA,NA,NA,NA,NA,NA,NA,NA,NA,NA,NA,NA,NA,NA,NA,NA,NA,NA,NA,NA,NA,NA,NA,NA,NA,NA,NA,NA,NA,NA,NA,NA,NA,NA,NA,NA,NA,NA,NA,NA,NA,NA,NA,NA,NA,NA,NA,NA,NA,NA,NA,NA,NA,NA,NA,NA,NA,NA,NA,NA,NA,NA,NA,true,TRUE,TRUE,3524.411722477073,3583.3047858248588,3524.7278318995654,58.893063347785755,58.893063347785755,12.000000000000023,FALSE,17172.064000000002,FALSE,FALSE,TRUE
contaminated_normal,contaminated normal,CN,NH,28,1000,444,0.444,NA,TRUE,TRUE,TRUE,0,NA,-1857.6844975184624,3731.3689950369258,3770.631037268782,3731.514302806854,8,192.856,NA,3717.3689950369258,3722.276750315907,1.000000000000017,NA,HeckmanEM,NA,raw_AIC_BIC_implied_logLik,finite_logLik_no_explicit_code,3,4.6960817412112235,1.6960817412112237,0.4,0.6267879985389612,0.22678799853896112,NA,NA,NA,NA,NA,NA,NA,NA,NA,NA,NA,NA,NA,NA,-0.7,-0.5719051031492114,0.12809489685078856,0.15,0.11459032951020744,-0.03540967048979256,1,0.8410832818516666,-0.1589167181483334,5,3.710294777479033,-1.289705222520967,1.5,1.2957044305669572,-0.20429556943304283,0.8,0.9222696971612712,0.12226969716127124,39.26204223185687,39.262042231857095,2.2737367544323206e-13,NA,NA,NA,NA,NA,NA,NA,NA,NA,NA,NA,NA,NA,NA,NA,NA,NA,NA,NA,NA,NA,NA,NA,NA,NA,NA,NA,NA,NA,NA,NA,NA,NA,NA,NA,NA,NA,NA,NA,NA,NA,NA,NA,NA,NA,NA,NA,NA,NA,NA,NA,NA,NA,NA,NA,NA,NA,NA,NA,NA,NA,NA,NA,NA,NA,NA,NA,NA,NA,NA,NA,NA,NA,NA,NA,NA,NA,NA,NA,NA,NA,NA,NA,NA,NA,NA,NA,NA,NA,NA,NA,NA,NA,NA,NA,NA,NA,NA,NA,NA,NA,NA,true,TRUE,TRUE,3731.368995036925,3770.631037268782,3731.514302806854,39.26204223185641,39.26204223185732,7.9999999999998614,FALSE,192.856,NA,NA,NA
contaminated_normal,contaminated normal,CN,HT,28,1000,444,0.444,NA,TRUE,TRUE,TRUE,0,NA,-1785.407263327398,3586.8145266547963,3626.076568886653,3586.9598344247256,8,86.69600000000003,NA,3572.8145266547963,3577.7222819337785,1.000000000000017,NA,HeckmanEM,NA,raw_AIC_BIC_implied_logLik,finite_logLik_no_explicit_code,3,2.6467955863417267,-0.35320441365827326,0.4,0.30366628014779856,-0.09633371985220146,NA,NA,NA,NA,NA,NA,NA,NA,NA,NA,NA,NA,NA,NA,-0.7,-0.7050668359669359,-0.00506683596693591,0.15,0.15130624672096593,0.00130624672096593,1,1.0526778622618946,0.05267786226189464,5,5.266040676775734,0.2660406767757344,1.5,1.1913617268119072,-0.3086382731880928,0.8,0.8482604656273272,0.04826046562732711,39.26204223185687,39.262042231857095,2.2737367544323206e-13,NA,NA,NA,NA,NA,NA,NA,NA,NA,NA,NA,NA,NA,NA,NA,NA,NA,NA,NA,NA,NA,NA,NA,NA,NA,NA,NA,NA,NA,NA,NA,NA,NA,NA,NA,NA,NA,NA,NA,NA,NA,NA,NA,NA,NA,NA,NA,NA,NA,NA,NA,NA,NA,NA,NA,NA,NA,NA,NA,NA,NA,NA,NA,NA,NA,NA,NA,NA,NA,NA,NA,NA,NA,NA,NA,NA,NA,NA,NA,NA,NA,NA,NA,NA,NA,NA,NA,NA,NA,NA,NA,NA,NA,NA,NA,NA,NA,NA,NA,NA,NA,NA,true,TRUE,TRUE,3586.814526654796,3626.076568886653,3586.959834424725,39.26204223185687,39.26204223185732,7.999999999999954,FALSE,86.69600000000003,NA,NA,NA
contaminated_normal,contaminated normal,CN,CN,28,1000,444,0.444,NA,TRUE,TRUE,TRUE,0,NA,-1781.0056969931522,3582.0113939863045,3631.088946776126,3582.2338409023814,10,99.598,NA,3564.0113939863045,3568.9191492652867,1.000000000000017,NA,HeckmanEM,NA,raw_AIC_BIC_implied_logLik,finite_logLik_no_explicit_code,3,2.938057253982131,-0.06194274601786898,0.4,0.33371883110480643,-0.06628116889519359,NA,NA,NA,NA,NA,NA,NA,NA,NA,NA,NA,NA,NA,NA,-0.7,-0.6704508859665606,0.0295491140334394,0.15,0.14001129174942262,-0.00998870825057737,1,0.9990114834326572,-9.885165673426677e-4,5,5.234479800080555,0.23447980008055505,1.5,1.187825673195701,-0.3121743268042989,0.8,0.8211608462618442,0.02116084626184411,49.07755278982131,49.07755278982137,-5.684341886080802e-14,NA,NA,NA,NA,NA,NA,NA,NA,NA,NA,NA,NA,NA,NA,NA,NA,NA,NA,NA,NA,NA,NA,NA,NA,NA,NA,NA,NA,NA,NA,NA,NA,NA,NA,NA,NA,NA,NA,NA,NA,NA,NA,NA,NA,NA,NA,NA,NA,NA,NA,NA,NA,NA,NA,NA,NA,NA,NA,NA,NA,NA,NA,NA,NA,NA,NA,NA,NA,NA,NA,NA,NA,NA,NA,NA,NA,NA,NA,NA,NA,NA,NA,NA,NA,NA,NA,NA,NA,NA,NA,NA,NA,NA,NA,NA,NA,NA,NA,NA,NA,NA,NA,true,TRUE,TRUE,3582.0113939863045,3631.088946776126,3582.2338409023814,49.07755278982131,49.07755278982131,9.999999999999988,FALSE,99.598,NA,NA,NA
contaminated_normal,contaminated normal,CN,ESN,28,1000,444,0.444,NA,TRUE,TRUE,TRUE,0,CONVERGENCE: REL_REDUCTION_OF_F <= FACTR*EPSMCH,-1836.6890625342503,3695.3781250685006,3749.363433137304,3695.6453315462336,11,16800.373,NA,NA,NA,NA,10,stage2,1852.83104991713;1857.68872418468;1852.81978947904;1857.66240138649;1852.82001742754;1836.69077602738;1857.68485478003;1852.81661770603;1852.8176869668;1836.68954413382;1852.8425191595;1857.68521600706;1852.82540886689;1857.68449723018,proposed_likelihood,stage2,3,5.999161478004979,2.9991614780049787,0.4,0.36290378939878104,-0.03709621060121898,NA,0.5736081744959004,NA,NA,1.4925821305300957,NA,NA,-1.4925821305300957,NA,NA,-1.4925821305300957,NA,NA,NA,-0.7,-1.0120585815819458,-0.3120585815819459,0.15,0.1231129209284716,-0.0268870790715284,1,0.8952543978449393,-0.10474560215506068,5,-1.7028373622574118,-6.702837362257412,1.5,1.2400842934104748,-0.25991570658952523,0.8,0.9466234755481892,0.1466234755481891,53.98530806880353,53.985308068803505,2.842170943040401e-14,NA,NA,NA,NA,NA,NA,NA,NA,NA,NA,NA,NA,NA,NA,NA,NA,NA,NA,NA,NA,NA,NA,NA,NA,NA,NA,NA,NA,NA,NA,NA,NA,NA,NA,NA,NA,NA,NA,NA,NA,NA,NA,NA,NA,NA,NA,NA,NA,NA,NA,NA,NA,NA,NA,NA,NA,NA,NA,NA,NA,NA,NA,NA,NA,NA,NA,NA,NA,NA,NA,NA,NA,NA,NA,NA,NA,NA,NA,NA,NA,NA,NA,NA,NA,NA,NA,NA,NA,NA,NA,NA,NA,NA,NA,NA,NA,NA,NA,NA,NA,NA,NA,true,TRUE,TRUE,3695.3781250685006,3749.363433137304,3695.6453315462336,53.98530806880353,53.98530806880353,11.000000000000005,FALSE,16800.373,FALSE,TRUE,TRUE
contaminated_normal,contaminated normal,CN,EST,28,1000,444,0.444,NA,TRUE,TRUE,TRUE,0,CONVERGENCE: REL_REDUCTION_OF_F <= FACTR*EPSMCH,-1785.462089430141,3594.924178860282,3653.817242208068,3595.2402882827746,12,19395.076999999997,NA,NA,NA,NA,4,stage2,1785.46930407259;1e+12;1e+12;1785.46484111274;1e+12;1e+12;1785.4682333761;1e+12;1e+12;1785.46513309463;1e+12;1e+12;1785.46872039114;1e+12;1e+12;1785.46467299262;1e+12;1e+12;1785.47345129882;1e+12;1e+12;1785.46647806334;1e+12;1e+12;1785.47611686147;1e+12;1e+12;1785.47384140902;1e+12;1e+12;1785.49086756328;1e+12;1e+12;1785.46605911173;1e+12;1e+12;1785.46525797217;1e+12;1e+12;1785.4652937364;1e+12;1e+12,proposed_likelihood,stage2,3,2.245285847182438,-0.754714152817562,0.4,0.3565954389375711,-0.0434045610624289,NA,-0.5470210439200355,NA,NA,-0.00752902576336029,NA,NA,-1.4925821305300957,NA,NA,-1.4925821305300957,NA,4,NA,-0.7,0.18679883355485513,0.8867988335548551,0.15,0.1717584289165322,0.0217584289165322,1,1.2081700345108413,0.2081700345108413,5,6.03298144543929,1.0329814454392905,1.5,1.1958945338571525,-0.3041054661428477,0.8,0.8455296785685155,0.04552967856851542,58.893063347785755,58.89306334778564,1.1368683772161603e-13,NA,NA,NA,NA,NA,NA,NA,NA,NA,NA,NA,NA,NA,NA,NA,NA,NA,NA,NA,NA,NA,NA,NA,NA,NA,NA,NA,NA,NA,NA,NA,NA,NA,NA,NA,NA,NA,NA,NA,NA,NA,NA,NA,NA,NA,NA,NA,NA,NA,NA,NA,NA,NA,NA,NA,NA,NA,NA,NA,NA,NA,NA,NA,NA,NA,NA,NA,NA,NA,NA,NA,NA,NA,NA,NA,NA,NA,NA,NA,NA,NA,NA,NA,NA,NA,NA,NA,NA,NA,NA,NA,NA,NA,NA,NA,NA,NA,NA,NA,NA,NA,NA,true,TRUE,TRUE,3594.924178860282,3653.817242208068,3595.2402882827746,58.893063347785755,58.893063347785755,12.000000000000023,FALSE,19395.076999999997,FALSE,FALSE,TRUE
contaminated_normal,contaminated normal,CN,NH,29,1000,430,0.43,NA,TRUE,TRUE,TRUE,0,NA,-1860.432677638802,3736.865355277604,3776.127397509461,3737.0106630475334,8,159.66600000000005,NA,3722.865355277604,3727.7731105565863,1.000000000000017,NA,HeckmanEM,NA,raw_AIC_BIC_implied_logLik,finite_logLik_no_explicit_code,3,5.233294692604947,2.2332946926049466,0.4,0.6652700896455054,0.26527008964550536,NA,NA,NA,NA,NA,NA,NA,NA,NA,NA,NA,NA,NA,NA,-0.7,-0.581600533875879,0.118399466124121,0.15,0.1140780158442495,-0.0359219841557505,1,0.7310812312091772,-0.26891876879082277,5,3.923219705656289,-1.0767802943437117,1.5,1.6757893291576114,0.17578932915761136,0.8,0.6086694580475532,-0.1913305419524468,39.26204223185687,39.262042231857095,-2.2737367544323206e-13,NA,NA,NA,NA,NA,NA,NA,NA,NA,NA,NA,NA,NA,NA,NA,NA,NA,NA,NA,NA,NA,NA,NA,NA,NA,NA,NA,NA,NA,NA,NA,NA,NA,NA,NA,NA,NA,NA,NA,NA,NA,NA,NA,NA,NA,NA,NA,NA,NA,NA,NA,NA,NA,NA,NA,NA,NA,NA,NA,NA,NA,NA,NA,NA,NA,NA,NA,NA,NA,NA,NA,NA,NA,NA,NA,NA,NA,NA,NA,NA,NA,NA,NA,NA,NA,NA,NA,NA,NA,NA,NA,NA,NA,NA,NA,NA,NA,NA,NA,NA,NA,NA,true,TRUE,TRUE,3736.865355277604,3776.127397509461,3737.0106630475334,39.26204223185687,39.26204223185687,7.999999999999954,FALSE,159.66600000000005,NA,NA,NA
contaminated_normal,contaminated normal,CN,HT,29,1000,430,0.43,NA,TRUE,TRUE,TRUE,0,NA,-1776.509027953335,3569.01805590667,3608.280098138527,3569.163363676599,8,101.298,NA,3555.01805590667,3559.925811185652,1.000000000000017,NA,HeckmanEM,NA,raw_AIC_BIC_implied_logLik,finite_logLik_no_explicit_code,3,2.6240290820341943,-0.3759709179658058,0.4,0.3573259121001806,-0.04267408789981941,NA,NA,NA,NA,NA,NA,NA,NA,NA,NA,NA,NA,NA,NA,-0.7,-0.7269972887045958,-0.02699728870459583,0.15,0.1521332652722302,0.0021332652722302,1,0.9362170709081924,-0.0637829290918075,5,5.565730634790672,0.5657306347906719,1.5,1.79322950875321,0.29322950875320997,0.8,0.6390817496686659,-0.1609182503313341,39.26204223185732,39.262042231857095,2.2737367544323206e-13,NA,NA,NA,NA,NA,NA,NA,NA,NA,NA,NA,NA,NA,NA,NA,NA,NA,NA,NA,NA,NA,NA,NA,NA,NA,NA,NA,NA,NA,NA,NA,NA,NA,NA,NA,NA,NA,NA,NA,NA,NA,NA,NA,NA,NA,NA,NA,NA,NA,NA,NA,NA,NA,NA,NA,NA,NA,NA,NA,NA,NA,NA,NA,NA,NA,NA,NA,NA,NA,NA,NA,NA,NA,NA,NA,NA,NA,NA,NA,NA,NA,NA,NA,NA,NA,NA,NA,NA,NA,NA,NA,NA,NA,NA,NA,NA,NA,NA,NA,NA,NA,NA,true,TRUE,TRUE,3569.01805590667,3608.280098138527,3569.163363676599,39.26204223185732,39.26204223185732,8.000000000000046,FALSE,101.298,NA,NA,NA
contaminated_normal,contaminated normal,CN,CN,29,1000,430,0.43,NA,TRUE,TRUE,TRUE,0,NA,-1770.3145465912935,3560.629093182587,3609.706645972408,3560.851540098664,10,91.45600000000002,NA,3542.629093182587,3547.536848461569,1.000000000000017,NA,HeckmanEM,NA,raw_AIC_BIC_implied_logLik,finite_logLik_no_explicit_code,3,2.770152615256723,-0.22984738474327715,0.4,0.4062673884581483,0.00626738845814833,NA,NA,NA,NA,NA,NA,NA,NA,NA,NA,NA,NA,NA,NA,-0.7,-0.7108938100356923,-0.01089381003569234,0.15,0.14598735354460254,-0.00401264645539745,1,0.9139805551538492,-0.08601944484615065,5,5.442565893390085,0.4425658933900847,1.5,1.779932523548848,0.2799325235488481,0.8,0.6499125878240455,-0.15008741217595456,49.07755278982131,49.07755278982137,-5.684341886080802e-14,NA,NA,NA,NA,NA,NA,NA,NA,NA,NA,NA,NA,NA,NA,NA,NA,NA,NA,NA,NA,NA,NA,NA,NA,NA,NA,NA,NA,NA,NA,NA,NA,NA,NA,NA,NA,NA,NA,NA,NA,NA,NA,NA,NA,NA,NA,NA,NA,NA,NA,NA,NA,NA,NA,NA,NA,NA,NA,NA,NA,NA,NA,NA,NA,NA,NA,NA,NA,NA,NA,NA,NA,NA,NA,NA,NA,NA,NA,NA,NA,NA,NA,NA,NA,NA,NA,NA,NA,NA,NA,NA,NA,NA,NA,NA,NA,NA,NA,NA,NA,NA,NA,true,TRUE,TRUE,3560.629093182587,3609.7066459724083,3560.851540098664,49.07755278982086,49.07755278982131,9.999999999999895,FALSE,91.45600000000002,NA,NA,NA
contaminated_normal,contaminated normal,CN,ESN,29,1000,430,0.43,NA,TRUE,TRUE,TRUE,0,CONVERGENCE: REL_REDUCTION_OF_F <= FACTR*EPSMCH,-1845.5157783319708,3713.0315566639415,3767.016864732745,3713.2987631416745,11,18820.663,NA,NA,NA,NA,6,stage2,1853.62805151007;1853.63378775387;1853.62981081725;1859.07477776064;1853.63232402978;1847.69473996311;1860.44759966064;1853.63213315917;1853.63948919332;1847.74843835658;1853.64839911866;1853.63129106098;1853.62361289882;1860.43267728453,proposed_likelihood,stage2,3,6.594879770316456,3.5948797703164557,0.4,0.3588863602001149,-0.04111363979988514,NA,0.47361726408315535,NA,NA,1.4925821305300957,NA,NA,-1.4925821305300957,NA,NA,-1.4925821305300957,NA,NA,NA,-0.7,-0.9590187089561812,-0.2590187089561813,0.15,0.1237023121721444,-0.02629768782785559,1,0.7831369692404513,-0.21686303075954871,5,-1.8783107055302548,-6.878310705530255,1.5,1.7192334149718775,0.2192334149718775,0.8,0.6201095274534217,-0.1798904725465783,53.98530806880353,53.985308068803505,2.842170943040401e-14,NA,NA,NA,NA,NA,NA,NA,NA,NA,NA,NA,NA,NA,NA,NA,NA,NA,NA,NA,NA,NA,NA,NA,NA,NA,NA,NA,NA,NA,NA,NA,NA,NA,NA,NA,NA,NA,NA,NA,NA,NA,NA,NA,NA,NA,NA,NA,NA,NA,NA,NA,NA,NA,NA,NA,NA,NA,NA,NA,NA,NA,NA,NA,NA,NA,NA,NA,NA,NA,NA,NA,NA,NA,NA,NA,NA,NA,NA,NA,NA,NA,NA,NA,NA,NA,NA,NA,NA,NA,NA,NA,NA,NA,NA,NA,NA,NA,NA,NA,NA,NA,NA,true,TRUE,TRUE,3713.0315566639415,3767.016864732745,3713.2987631416745,53.98530806880353,53.98530806880353,11.000000000000005,FALSE,18820.663,FALSE,TRUE,TRUE
contaminated_normal,contaminated normal,CN,EST,29,1000,430,0.43,NA,TRUE,TRUE,TRUE,0,CONVERGENCE: REL_REDUCTION_OF_F <= FACTR*EPSMCH,-1778.9074980181636,3581.814996036327,3640.708059384113,3582.1311054588195,12,17319.898999999998,NA,NA,NA,NA,16,stage2,1778.91459415708;1e+12;1e+12;1778.90883571923;1e+12;1e+12;1778.91327338659;1e+12;1e+12;1778.91211641302;1e+12;1e+12;1778.93076672233;1e+12;1e+12;1778.90749876742;1e+12;1e+12;1778.91021548985;1e+12;1e+12;1778.91703273476;1e+12;1e+12;1778.92102832418;1e+12;1e+12;1778.94078408646;1e+12;1e+12;1778.93268914372;1e+12;1e+12;1778.9132640868;1e+12;1e+12;1778.91939441237;1e+12;1e+12;1778.90779355633;1e+12;1e+12,proposed_likelihood,stage2,3,2.111930452610715,-0.8880695473892848,0.4,0.3080315928259644,-0.09196840717403564,NA,-0.15340251904797703,NA,NA,0.16154423680729524,NA,NA,-1.4925821305300957,NA,NA,-1.4925821305300957,NA,4,NA,-0.7,-0.6010204676379938,0.09897953236200618,0.15,0.19459316471684937,0.04459316471684935,1,1.2003165171859,0.20031651718590004,5,5.124197857825462,0.12419785782546187,1.5,1.7862252412647346,0.2862252412647346,0.8,0.6449901394416826,-0.15500986055831745,58.893063347785755,58.89306334778564,1.1368683772161603e-13,NA,NA,NA,NA,NA,NA,NA,NA,NA,NA,NA,NA,NA,NA,NA,NA,NA,NA,NA,NA,NA,NA,NA,NA,NA,NA,NA,NA,NA,NA,NA,NA,NA,NA,NA,NA,NA,NA,NA,NA,NA,NA,NA,NA,NA,NA,NA,NA,NA,NA,NA,NA,NA,NA,NA,NA,NA,NA,NA,NA,NA,NA,NA,NA,NA,NA,NA,NA,NA,NA,NA,NA,NA,NA,NA,NA,NA,NA,NA,NA,NA,NA,NA,NA,NA,NA,NA,NA,NA,NA,NA,NA,NA,NA,NA,NA,NA,NA,NA,NA,NA,NA,true,TRUE,TRUE,3581.814996036327,3640.708059384113,3582.1311054588195,58.893063347785755,58.893063347785755,12.000000000000023,FALSE,17319.898999999998,FALSE,FALSE,TRUE
contaminated_normal,contaminated normal,CN,NH,30,1000,406,0.406,NA,TRUE,TRUE,TRUE,0,NA,-1759.552725320311,3535.105450640622,3574.3674928724795,3535.2507584105515,8,66.125,NA,3521.105450640622,3526.0132059196044,1.000000000000017,NA,HeckmanEM,NA,raw_AIC_BIC_implied_logLik,finite_logLik_no_explicit_code,3,4.484082621433294,1.484082621433294,0.4,0.19305581454214607,-0.20694418545785395,NA,NA,NA,NA,NA,NA,NA,NA,NA,NA,NA,NA,NA,NA,-0.7,-0.7278050332714046,-0.0278050332714046,0.15,0.1310128422905248,-0.0189871577094752,1,0.9564714262548478,-0.04352857374515218,5,5.572732555663477,0.5727325556634772,1.5,1.5346513669965096,0.03465136699650961,0.8,0.8723049953720836,0.07230499537208357,39.26204223185732,39.262042231857095,2.2737367544323206e-13,NA,NA,NA,NA,NA,NA,NA,NA,NA,NA,NA,NA,NA,NA,NA,NA,NA,NA,NA,NA,NA,NA,NA,NA,NA,NA,NA,NA,NA,NA,NA,NA,NA,NA,NA,NA,NA,NA,NA,NA,NA,NA,NA,NA,NA,NA,NA,NA,NA,NA,NA,NA,NA,NA,NA,NA,NA,NA,NA,NA,NA,NA,NA,NA,NA,NA,NA,NA,NA,NA,NA,NA,NA,NA,NA,NA,NA,NA,NA,NA,NA,NA,NA,NA,NA,NA,NA,NA,NA,NA,NA,NA,NA,NA,NA,NA,NA,NA,NA,NA,NA,NA,true,TRUE,TRUE,3535.105450640622,3574.3674928724795,3535.2507584105515,39.26204223185732,39.26204223185732,8.000000000000046,FALSE,66.125,NA,NA,NA
contaminated_normal,contaminated normal,CN,HT,30,1000,406,0.406,NA,TRUE,TRUE,TRUE,0,NA,-1695.0259371533537,3406.0518743067073,3445.3139165385646,3406.1971820766366,8,94.436,NA,3392.0518743067073,3396.9596295856895,1.000000000000017,NA,HeckmanEM,NA,raw_AIC_BIC_implied_logLik,finite_logLik_no_explicit_code,3,2.645671715219625,-0.35432828478037504,0.4,0.2874083068802911,-0.1125916931197089,NA,NA,NA,NA,NA,NA,NA,NA,NA,NA,NA,NA,NA,NA,-0.7,-0.8938181874545851,-0.19381818745458512,0.15,0.1593640015527966,0.00936400155279659,1,1.1725480667881931,0.17254806678819334,5,5.6614942271489985,0.6614942271489985,1.5,1.472524385975189,-0.02747561402481091,0.8,0.7951476658887751,-0.00485233411122498,39.26204223185732,39.262042231857095,2.2737367544323206e-13,NA,NA,NA,NA,NA,NA,NA,NA,NA,NA,NA,NA,NA,NA,NA,NA,NA,NA,NA,NA,NA,NA,NA,NA,NA,NA,NA,NA,NA,NA,NA,NA,NA,NA,NA,NA,NA,NA,NA,NA,NA,NA,NA,NA,NA,NA,NA,NA,NA,NA,NA,NA,NA,NA,NA,NA,NA,NA,NA,NA,NA,NA,NA,NA,NA,NA,NA,NA,NA,NA,NA,NA,NA,NA,NA,NA,NA,NA,NA,NA,NA,NA,NA,NA,NA,NA,NA,NA,NA,NA,NA,NA,NA,NA,NA,NA,NA,NA,NA,NA,NA,NA,true,TRUE,TRUE,3406.0518743067073,3445.3139165385646,3406.1971820766366,39.26204223185732,39.26204223185732,8.000000000000046,FALSE,94.436,NA,NA,NA
contaminated_normal,contaminated normal,CN,CN,30,1000,406,0.406,NA,TRUE,TRUE,TRUE,0,NA,-1686.650483534821,3393.300967069642,3442.3785198594633,3393.523413985719,10,106.494,NA,3375.300967069642,3380.208722348624,1.000000000000017,NA,HeckmanEM,NA,raw_AIC_BIC_implied_logLik,finite_logLik_no_explicit_code,3,2.7463408916467698,-0.25365910835323024,0.4,0.34765633652050565,-0.05234366347949437,NA,NA,NA,NA,NA,NA,NA,NA,NA,NA,NA,NA,NA,NA,-0.7,-0.8750868089138554,-0.17508680891385542,0.15,0.15365031422790076,0.00365031422790076,1,1.1530532137957592,0.1530532137957592,5,5.432592406979249,0.43259240697924906,1.5,1.528622247665098,0.02862224766509813,0.8,0.8389848567744199,0.03898485677441987,49.07755278982131,49.07755278982137,-5.684341886080802e-14,NA,NA,NA,NA,NA,NA,NA,NA,NA,NA,NA,NA,NA,NA,NA,NA,NA,NA,NA,NA,NA,NA,NA,NA,NA,NA,NA,NA,NA,NA,NA,NA,NA,NA,NA,NA,NA,NA,NA,NA,NA,NA,NA,NA,NA,NA,NA,NA,NA,NA,NA,NA,NA,NA,NA,NA,NA,NA,NA,NA,NA,NA,NA,NA,NA,NA,NA,NA,NA,NA,NA,NA,NA,NA,NA,NA,NA,NA,NA,NA,NA,NA,NA,NA,NA,NA,NA,NA,NA,NA,NA,NA,NA,NA,NA,NA,NA,NA,NA,NA,NA,NA,true,TRUE,TRUE,3393.300967069642,3442.3785198594633,3393.523413985719,49.07755278982131,49.07755278982131,9.999999999999988,FALSE,106.494,NA,NA,NA
contaminated_normal,contaminated normal,CN,ESN,30,1000,406,0.406,NA,TRUE,TRUE,TRUE,0,CONVERGENCE: REL_REDUCTION_OF_F <= FACTR*EPSMCH,-1750.674181258092,3523.348362516184,3577.333670584987,3523.615568993917,11,18637.800000000003,NA,NA,NA,NA,6,stage2,1754.76164101311;1759.55292787065;1754.71839459524;1759.55284526607;1754.72286211613;1753.65518514898;1759.55660865759;1754.71762548849;1754.7063725506;1756.31320230458;1754.70401095012;1754.72613597435;1754.77967476209;1759.55272472998,proposed_likelihood,stage2,3,6.203755605717388,3.2037556057173884,0.4,0.3049145996876362,-0.09508540031236384,NA,0.6865015567334207,NA,NA,1.3598182087881383,NA,NA,-1.4925821305300957,NA,NA,-1.4925821305300957,NA,NA,NA,-0.7,-1.2131417877643609,-0.5131417877643607,0.15,0.124113246081168,-0.02588675391883199,1,0.917287215462116,-0.08271278453788411,5,-1.031494102216907,-6.031494102216907,1.5,1.3958643893304203,-0.10413561066957966,0.8,0.8359057730063549,0.03590577300635489,53.98530806880353,53.985308068803505,2.842170943040401e-14,NA,NA,NA,NA,NA,NA,NA,NA,NA,NA,NA,NA,NA,NA,NA,NA,NA,NA,NA,NA,NA,NA,NA,NA,NA,NA,NA,NA,NA,NA,NA,NA,NA,NA,NA,NA,NA,NA,NA,NA,NA,NA,NA,NA,NA,NA,NA,NA,NA,NA,NA,NA,NA,NA,NA,NA,NA,NA,NA,NA,NA,NA,NA,NA,NA,NA,NA,NA,NA,NA,NA,NA,NA,NA,NA,NA,NA,NA,NA,NA,NA,NA,NA,NA,NA,NA,NA,NA,NA,NA,NA,NA,NA,NA,NA,NA,NA,NA,NA,NA,NA,NA,true,TRUE,TRUE,3523.348362516184,3577.3336705849874,3523.615568993917,53.98530806880308,53.98530806880353,10.999999999999913,FALSE,18637.800000000003,FALSE,FALSE,TRUE
contaminated_normal,contaminated normal,CN,EST,30,1000,406,0.406,NA,TRUE,TRUE,TRUE,0,CONVERGENCE: REL_REDUCTION_OF_F <= FACTR*EPSMCH,-1694.89793348007,3413.79586696014,3472.6889303079256,3414.1119763826323,12,17887.845,NA,NA,NA,NA,19,stage2,1694.93485465054;1e+12;1e+12;1694.93839204984;1e+12;1e+12;1694.93607978036;1e+12;1e+12;1694.92851460723;1e+12;1e+12;1694.90663376245;1e+12;1e+12;1694.95076910941;1e+12;1e+12;1694.90222211778;1e+12;1e+12;1694.90283480755;1e+12;1e+12;1694.9110930825;1e+12;1e+12;1694.94004248214;1e+12;1e+12;1694.93525016144;1e+12;1e+12;1694.93577699873;1e+12;1e+12;1694.90662294151;1e+12;1e+12;1694.93043383134;1e+12;1e+12,proposed_likelihood,stage2,3,2.5245215694105188,-0.4754784305894813,0.4,0.2608152481472377,-0.1391847518527623,NA,1.0677534995999665,NA,NA,-0.915261869927094,NA,NA,-1.487087860596718,NA,NA,-1.487087860596718,NA,4,NA,-0.7,-1.8732358966197145,-1.1732358966197145,0.15,0.15411251562016873,0.00411251562016873,1,1.1480094159932417,0.1480094159932417,5,6.522253077598056,1.522253077598056,1.5,1.511941298349676,0.01194129834967605,0.8,0.8018059852021666,0.00180598520216657,58.893063347785755,58.89306334778564,1.1368683772161603e-13,NA,NA,NA,NA,NA,NA,NA,NA,NA,NA,NA,NA,NA,NA,NA,NA,NA,NA,NA,NA,NA,NA,NA,NA,NA,NA,NA,NA,NA,NA,NA,NA,NA,NA,NA,NA,NA,NA,NA,NA,NA,NA,NA,NA,NA,NA,NA,NA,NA,NA,NA,NA,NA,NA,NA,NA,NA,NA,NA,NA,NA,NA,NA,NA,NA,NA,NA,NA,NA,NA,NA,NA,NA,NA,NA,NA,NA,NA,NA,NA,NA,NA,NA,NA,NA,NA,NA,NA,NA,NA,NA,NA,NA,NA,NA,NA,NA,NA,NA,NA,NA,NA,true,TRUE,TRUE,3413.79586696014,3472.6889303079256,3414.1119763826323,58.893063347785755,58.893063347785755,12.000000000000023,FALSE,17887.845,FALSE,FALSE,TRUE
contaminated_normal,contaminated normal,CN,NH,31,1000,442,0.442,NA,TRUE,TRUE,TRUE,0,NA,-1820.8707912306304,3657.741582461261,3697.0036246931177,3657.8868902311897,8,51.342000000000006,NA,3643.741582461261,3648.6493377402426,1.000000000000017,NA,HeckmanEM,NA,raw_AIC_BIC_implied_logLik,finite_logLik_no_explicit_code,3,4.28479426031912,1.2847942603191198,0.4,0.3187587672529469,-0.08124123274705314,NA,NA,NA,NA,NA,NA,NA,NA,NA,NA,NA,NA,NA,NA,-0.7,-0.6719060400296532,0.0280939599703468,0.15,0.16567582393916683,0.01567582393916683,1,0.9668901151719012,-0.03310988482809873,5,5.597402614801407,0.5974026148014069,1.5,1.4667237501386654,-0.03327624986133459,0.8,0.6401396183277415,-0.15986038167225858,39.26204223185732,39.262042231857095,-2.2737367544323206e-13,NA,NA,NA,NA,NA,NA,NA,NA,NA,NA,NA,NA,NA,NA,NA,NA,NA,NA,NA,NA,NA,NA,NA,NA,NA,NA,NA,NA,NA,NA,NA,NA,NA,NA,NA,NA,NA,NA,NA,NA,NA,NA,NA,NA,NA,NA,NA,NA,NA,NA,NA,NA,NA,NA,NA,NA,NA,NA,NA,NA,NA,NA,NA,NA,NA,NA,NA,NA,NA,NA,NA,NA,NA,NA,NA,NA,NA,NA,NA,NA,NA,NA,NA,NA,NA,NA,NA,NA,NA,NA,NA,NA,NA,NA,NA,NA,NA,NA,NA,NA,NA,NA,true,TRUE,TRUE,3657.741582461261,3697.0036246931177,3657.88689023119,39.26204223185687,39.26204223185687,7.999999999999954,FALSE,51.342000000000006,NA,NA,NA
contaminated_normal,contaminated normal,CN,HT,31,1000,442,0.442,NA,TRUE,TRUE,TRUE,0,NA,-1758.461039732757,3532.922079465514,3572.1841216973708,3533.067387235443,8,98.446,NA,3518.922079465514,3523.829834744496,1.000000000000017,NA,HeckmanEM,NA,raw_AIC_BIC_implied_logLik,finite_logLik_no_explicit_code,3,2.8493023376888225,-0.15069766231117754,0.4,0.4755220375532371,0.07552203755323705,NA,NA,NA,NA,NA,NA,NA,NA,NA,NA,NA,NA,NA,NA,-0.7,-0.7668578769812633,-0.06685787698126333,0.15,0.18540180980842397,0.03540180980842397,1,1.1031635808849352,0.10316358088493516,5,5.338447592029659,0.3384475920296586,1.5,1.3907525856453842,-0.10924741435461582,0.8,0.6563479382541885,-0.14365206174581158,39.26204223185687,39.262042231857095,-2.2737367544323206e-13,NA,NA,NA,NA,NA,NA,NA,NA,NA,NA,NA,NA,NA,NA,NA,NA,NA,NA,NA,NA,NA,NA,NA,NA,NA,NA,NA,NA,NA,NA,NA,NA,NA,NA,NA,NA,NA,NA,NA,NA,NA,NA,NA,NA,NA,NA,NA,NA,NA,NA,NA,NA,NA,NA,NA,NA,NA,NA,NA,NA,NA,NA,NA,NA,NA,NA,NA,NA,NA,NA,NA,NA,NA,NA,NA,NA,NA,NA,NA,NA,NA,NA,NA,NA,NA,NA,NA,NA,NA,NA,NA,NA,NA,NA,NA,NA,NA,NA,NA,NA,NA,NA,true,TRUE,TRUE,3532.922079465514,3572.1841216973708,3533.067387235443,39.26204223185687,39.26204223185687,7.999999999999954,FALSE,98.446,NA,NA,NA
contaminated_normal,contaminated normal,CN,CN,31,1000,442,0.442,NA,TRUE,TRUE,TRUE,0,NA,-1750.8135035887435,3521.6270071774875,3570.704559967309,3521.8494540935644,10,160.81400000000002,NA,3503.6270071774875,3508.5347624564697,1.000000000000017,NA,HeckmanEM,NA,raw_AIC_BIC_implied_logLik,finite_logLik_no_explicit_code,3,3.117791034024002,0.11779103402400136,0.4,0.4434076407718797,0.04340764077187969,NA,NA,NA,NA,NA,NA,NA,NA,NA,NA,NA,NA,NA,NA,-0.7,-0.7147552162752085,-0.01475521627520859,0.15,0.17271601660320374,0.02271601660320374,1,1.0325099496054195,0.03250994960541953,5,5.477052362264115,0.4770523622641152,1.5,1.39051072013643,-0.10948927986357004,0.8,0.6451395532518579,-0.15486044674814214,49.07755278982131,49.07755278982137,-5.684341886080802e-14,NA,NA,NA,NA,NA,NA,NA,NA,NA,NA,NA,NA,NA,NA,NA,NA,NA,NA,NA,NA,NA,NA,NA,NA,NA,NA,NA,NA,NA,NA,NA,NA,NA,NA,NA,NA,NA,NA,NA,NA,NA,NA,NA,NA,NA,NA,NA,NA,NA,NA,NA,NA,NA,NA,NA,NA,NA,NA,NA,NA,NA,NA,NA,NA,NA,NA,NA,NA,NA,NA,NA,NA,NA,NA,NA,NA,NA,NA,NA,NA,NA,NA,NA,NA,NA,NA,NA,NA,NA,NA,NA,NA,NA,NA,NA,NA,NA,NA,NA,NA,NA,NA,true,TRUE,TRUE,3521.627007177487,3570.7045599673083,3521.849454093564,49.07755278982131,49.07755278982131,9.999999999999988,FALSE,160.81400000000002,NA,NA,NA
contaminated_normal,contaminated normal,CN,ESN,31,1000,442,0.442,NA,TRUE,TRUE,TRUE,0,CONVERGENCE: REL_REDUCTION_OF_F <= FACTR*EPSMCH,-1813.592898356238,3649.185796712476,3703.17110478128,3649.453003190209,11,15320.271,NA,NA,NA,NA,12,stage2,1813.64371416708;1813.68342697095;1813.72145511802;1820.86855162711;1813.63764238557;1820.87038078861;1820.86745792371;1813.64092528573;1813.59319142021;1820.87024201038;1813.59690755315;1813.5952071238;1813.62270069719;1820.87079096312,proposed_likelihood,stage2,3,5.233810211506621,2.233810211506621,0.4,0.2800771316997367,-0.11992286830026332,NA,0.8556456230696652,NA,NA,-1.4925821305300957,NA,NA,-1.4925821305300957,NA,NA,-1.4925821305300957,NA,NA,NA,-0.7,-1.1638476246350833,-0.46384762463508333,0.15,0.14452151439296226,-0.00547848560703773,1,0.854876903652546,-0.14512309634745402,5,8.779967243096339,3.7799672430963382,1.5,1.5021951793910076,0.00219517939100755,0.8,0.6295194038829197,-0.17048059611708033,53.98530806880353,53.985308068803505,2.842170943040401e-14,NA,NA,NA,NA,NA,NA,NA,NA,NA,NA,NA,NA,NA,NA,NA,NA,NA,NA,NA,NA,NA,NA,NA,NA,NA,NA,NA,NA,NA,NA,NA,NA,NA,NA,NA,NA,NA,NA,NA,NA,NA,NA,NA,NA,NA,NA,NA,NA,NA,NA,NA,NA,NA,NA,NA,NA,NA,NA,NA,NA,NA,NA,NA,NA,NA,NA,NA,NA,NA,NA,NA,NA,NA,NA,NA,NA,NA,NA,NA,NA,NA,NA,NA,NA,NA,NA,NA,NA,NA,NA,NA,NA,NA,NA,NA,NA,NA,NA,NA,NA,NA,NA,true,TRUE,TRUE,3649.185796712476,3703.1711047812796,3649.453003190209,53.98530806880399,53.98530806880353,11.000000000000098,FALSE,15320.271,FALSE,TRUE,TRUE
contaminated_normal,contaminated normal,CN,EST,31,1000,442,0.442,NA,TRUE,TRUE,TRUE,0,CONVERGENCE: REL_REDUCTION_OF_F <= FACTR*EPSMCH,-1758.5211587337403,3541.0423174674806,3599.9353808152664,3541.358426889973,12,15246.554,NA,NA,NA,NA,40,stage2,1758.54186223545;1e+12;1e+12;1758.54075424579;1e+12;1e+12;1758.53115420509;1e+12;1e+12;1758.52118293289;1e+12;1e+12;1758.53974564186;1e+12;1e+12;1758.52830171757;1e+12;1e+12;1758.53284490785;1e+12;1e+12;1758.52196266996;1e+12;1e+12;1758.54259862753;1e+12;1e+12;1758.53350518962;1e+12;1e+12;1758.52332889759;1e+12;1e+12;1758.52796401804;1e+12;1e+12;1758.54714878683;1e+12;1e+12;1758.52116187166;1e+12;1e+12,proposed_likelihood,stage2,3,2.9069412985684866,-0.0930587014315134,0.4,0.4926498144305251,0.09264981443052506,NA,0.08012299673938555,NA,NA,-0.14474739966981548,NA,NA,0.0015966519856479,NA,NA,0.0015966519856479,NA,4,NA,-0.7,-0.8303607707518235,-0.1303607707518235,0.15,0.1833414208623773,0.03334142086237732,1,1.093342262023548,0.093342262023548,5,5.505747296883443,0.5057472968834427,1.5,1.3979268455039684,-0.1020731544960316,0.8,0.652669607393743,-0.14733039260625702,58.893063347785755,58.89306334778564,1.1368683772161603e-13,NA,NA,NA,NA,NA,NA,NA,NA,NA,NA,NA,NA,NA,NA,NA,NA,NA,NA,NA,NA,NA,NA,NA,NA,NA,NA,NA,NA,NA,NA,NA,NA,NA,NA,NA,NA,NA,NA,NA,NA,NA,NA,NA,NA,NA,NA,NA,NA,NA,NA,NA,NA,NA,NA,NA,NA,NA,NA,NA,NA,NA,NA,NA,NA,NA,NA,NA,NA,NA,NA,NA,NA,NA,NA,NA,NA,NA,NA,NA,NA,NA,NA,NA,NA,NA,NA,NA,NA,NA,NA,NA,NA,NA,NA,NA,NA,NA,NA,NA,NA,NA,NA,true,TRUE,TRUE,3541.0423174674806,3599.9353808152664,3541.358426889973,58.893063347785755,58.893063347785755,12.000000000000023,FALSE,15246.554,FALSE,FALSE,FALSE
contaminated_normal,contaminated normal,CN,NH,32,1000,438,0.438,NA,TRUE,TRUE,TRUE,0,NA,-1849.5738879078065,3715.147775815613,3754.4098180474703,3715.2930835855423,8,55.855,NA,3701.147775815613,3706.055531094595,1.000000000000017,NA,HeckmanEM,NA,raw_AIC_BIC_implied_logLik,finite_logLik_no_explicit_code,3,4.552604592310388,1.552604592310388,0.4,0.2665045258913922,-0.13349547410860785,NA,NA,NA,NA,NA,NA,NA,NA,NA,NA,NA,NA,NA,NA,-0.7,-0.7057875691025641,-0.00578756910256417,0.15,0.1555715562695653,0.00557155626956529,1,0.9483036152408986,-0.05169638475910143,5,5.5630545754260226,0.5630545754260226,1.5,1.3586928251931851,-0.14130717480681465,0.8,0.7060605650615368,-0.09393943493846324,39.26204223185732,39.262042231857095,2.2737367544323206e-13,NA,NA,NA,NA,NA,NA,NA,NA,NA,NA,NA,NA,NA,NA,NA,NA,NA,NA,NA,NA,NA,NA,NA,NA,NA,NA,NA,NA,NA,NA,NA,NA,NA,NA,NA,NA,NA,NA,NA,NA,NA,NA,NA,NA,NA,NA,NA,NA,NA,NA,NA,NA,NA,NA,NA,NA,NA,NA,NA,NA,NA,NA,NA,NA,NA,NA,NA,NA,NA,NA,NA,NA,NA,NA,NA,NA,NA,NA,NA,NA,NA,NA,NA,NA,NA,NA,NA,NA,NA,NA,NA,NA,NA,NA,NA,NA,NA,NA,NA,NA,NA,NA,true,TRUE,TRUE,3715.147775815613,3754.4098180474703,3715.2930835855423,39.26204223185732,39.26204223185732,8.000000000000046,FALSE,55.855,NA,NA,NA
contaminated_normal,contaminated normal,CN,HT,32,1000,438,0.438,NA,TRUE,TRUE,TRUE,0,NA,-1758.945521728397,3533.891043456794,3573.153085688651,3534.036351226723,8,80.54000000000002,NA,3519.891043456794,3524.798798735776,1.000000000000017,NA,HeckmanEM,NA,raw_AIC_BIC_implied_logLik,finite_logLik_no_explicit_code,3,2.600412701083489,-0.399587298916511,0.4,0.2860102779820473,-0.11398972201795272,NA,NA,NA,NA,NA,NA,NA,NA,NA,NA,NA,NA,NA,NA,-0.7,-0.85677453366618606,-0.1567745336661861,0.15,0.19501254720140743,0.04501254720140743,1,1.1455575319156472,0.14555753191564724,5,5.35703396632039,0.3570339663203903,1.5,1.497811597497969,-0.00218840250203067,0.8,0.8386041838011811,0.03860418380118102,39.26204223185732,39.262042231857095,2.2737367544323206e-13,NA,NA,NA,NA,NA,NA,NA,NA,NA,NA,NA,NA,NA,NA,NA,NA,NA,NA,NA,NA,NA,NA,NA,NA,NA,NA,NA,NA,NA,NA,NA,NA,NA,NA,NA,NA,NA,NA,NA,NA,NA,NA,NA,NA,NA,NA,NA,NA,NA,NA,NA,NA,NA,NA,NA,NA,NA,NA,NA,NA,NA,NA,NA,NA,NA,NA,NA,NA,NA,NA,NA,NA,NA,NA,NA,NA,NA,NA,NA,NA,NA,NA,NA,NA,NA,NA,NA,NA,NA,NA,NA,NA,NA,NA,NA,NA,NA,NA,NA,NA,NA,NA,true,TRUE,TRUE,3533.891043456794,3573.153085688651,3534.036351226723,39.26204223185732,39.26204223185732,8.000000000000046,FALSE,80.54000000000002,NA,NA,NA
contaminated_normal,contaminated normal,CN,CN,32,1000,438,0.438,NA,TRUE,TRUE,TRUE,0,NA,-1749.7623028442324,3519.524605688465,3568.602158478286,3519.7470526045418,10,77.02000000000001,NA,3501.524605688465,3506.432360967447,1.000000000000017,NA,HeckmanEM,NA,raw_AIC_BIC_implied_logLik,finite_logLik_no_explicit_code,3,2.803860714310417,-0.19613928568958316,0.4,0.31325166251860004,-0.08674833748139998,NA,NA,NA,NA,NA,NA,NA,NA,NA,NA,NA,NA,NA,NA,-0.7,-0.8080431288592765,-0.10804312885927658,0.15,0.18212743235899567,0.03212743235899568,1,1.078688733573934,0.07868873357393391,5,5.396175362529987,0.39617536252998686,1.5,1.425790788023543,-0.07420921197645702,0.8,0.7937902950513561,-0.00620970494864392,49.07755278982131,49.07755278982137,-5.684341886080802e-14,NA,NA,NA,NA,NA,NA,NA,NA,NA,NA,NA,NA,NA,NA,NA,NA,NA,NA,NA,NA,NA,NA,NA,NA,NA,NA,NA,NA,NA,NA,NA,NA,NA,NA,NA,NA,NA,NA,NA,NA,NA,NA,NA,NA,NA,NA,NA,NA,NA,NA,NA,NA,NA,NA,NA,NA,NA,NA,NA,NA,NA,NA,NA,NA,NA,NA,NA,NA,NA,NA,NA,NA,NA,NA,NA,NA,NA,NA,NA,NA,NA,NA,NA,NA,NA,NA,NA,NA,NA,NA,NA,NA,NA,NA,NA,NA,NA,NA,NA,NA,NA,NA,true,TRUE,TRUE,3519.524605688465,3568.602158478286,3519.7470526045418,49.07755278982131,49.07755278982131,9.999999999999988,FALSE,77.02000000000001,NA,NA,NA
contaminated_normal,contaminated normal,CN,ESN,32,1000,438,0.438,NA,TRUE,TRUE,TRUE,0,CONVERGENCE: REL_REDUCTION_OF_F <= FACTR*EPSMCH,-1830.5780088590889,3683.1560177181777,3737.1413257869817,3683.4232241959103,11,15136.008000000002,NA,NA,NA,NA,10,stage2,1849.57370641597;1849.57218299812;1844.34029250833;1849.41608482325;1844.29930769356;1849.42059833185;1849.43231242731;1844.35867643455;1844.29620500061;1830.64852695624;1844.30493927126;1849.57378970336;1849.57378750342;1849.57388733063,proposed_likelihood,stage2,3,6.320740989133741,3.320740989133741,0.4,0.26854545180026784,-0.13145454819973218,NA,0.4750283515756505,NA,NA,1.4925821305300957,NA,NA,-1.4925821305300957,NA,NA,-1.4925821305300957,NA,NA,NA,-0.7,-1.0436147934206017,-0.3436147934206015,0.15,0.1525510165609553,0.00255101656095529,1,0.9365638618832413,-0.06343613811675886,5,-1.2665753310654086,-6.266575331065408,1.5,1.3940900398640912,-0.1059099601359088,0.8,0.7097730863493807,-0.0902269136506193,53.98530806880353,53.985308068803505,2.842170943040401e-14,NA,NA,NA,NA,NA,NA,NA,NA,NA,NA,NA,NA,NA,NA,NA,NA,NA,NA,NA,NA,NA,NA,NA,NA,NA,NA,NA,NA,NA,NA,NA,NA,NA,NA,NA,NA,NA,NA,NA,NA,NA,NA,NA,NA,NA,NA,NA,NA,NA,NA,NA,NA,NA,NA,NA,NA,NA,NA,NA,NA,NA,NA,NA,NA,NA,NA,NA,NA,NA,NA,NA,NA,NA,NA,NA,NA,NA,NA,NA,NA,NA,NA,NA,NA,NA,NA,NA,NA,NA,NA,NA,NA,NA,NA,NA,NA,NA,NA,NA,NA,NA,NA,true,TRUE,TRUE,3683.1560177181777,3737.1413257869813,3683.4232241959107,53.98530806880399,53.98530806880353,11.000000000000098,FALSE,15136.008000000002,FALSE,TRUE,TRUE
contaminated_normal,contaminated normal,CN,EST,32,1000,438,0.438,NA,TRUE,TRUE,TRUE,0,CONVERGENCE: REL_REDUCTION_OF_F <= FACTR*EPSMCH,-1760.268283787425,3544.53656757485,3603.429630922635,3544.8526769973423,12,18673.059,NA,NA,NA,NA,16,stage2,1760.27399930081;1e+12;1e+12;1760.2742192206;1e+12;1e+12;1760.2762819851;1e+12;1e+12;1760.26901689813;1e+12;1e+12;1760.27005420345;1e+12;1e+12;1760.26828394083;1e+12;1e+12;1760.27679217949;1e+12;1e+12;1760.28580792289;1e+12;1e+12;1760.27995518712;1e+12;1e+12;1760.27275413407;1e+12;1e+12;1760.28009581103;1e+12;1e+12;1760.28428859078;1e+12;1e+12;1760.27274090486;1e+12;1e+12;1760.27082233527;1e+12;1e+12,proposed_likelihood,stage2,3,2.0249702969944297,-0.9750297030055703,0.4,0.2713367046518444,-0.12866329534815563,NA,0.13933676598606037,NA,NA,0.09494639255179804,NA,NA,-1.4925821305300957,NA,NA,-1.4925821305300957,NA,4,NA,-0.7,-1.4194804901056446,-0.7194804901056446,0.15,0.2496979026568252,0.09969790265682518,1,1.4771070099263293,0.47710700992632926,5,4.837225366943809,-0.16277463305619122,1.5,1.4860983289389793,-0.01390167106102069,0.8,0.8253240924564011,0.0253240924564011,58.893063347785755,58.89306334778564,1.1368683772161603e-13,NA,NA,NA,NA,NA,NA,NA,NA,NA,NA,NA,NA,NA,NA,NA,NA,NA,NA,NA,NA,NA,NA,NA,NA,NA,NA,NA,NA,NA,NA,NA,NA,NA,NA,NA,NA,NA,NA,NA,NA,NA,NA,NA,NA,NA,NA,NA,NA,NA,NA,NA,NA,NA,NA,NA,NA,NA,NA,NA,NA,NA,NA,NA,NA,NA,NA,NA,NA,NA,NA,NA,NA,NA,NA,NA,NA,NA,NA,NA,NA,NA,NA,NA,NA,NA,NA,NA,NA,NA,NA,NA,NA,NA,NA,NA,NA,NA,NA,NA,NA,NA,NA,true,TRUE,TRUE,3544.53656757485,3603.4296309226356,3544.8526769973423,58.8930633477853,58.893063347785755,11.99999999999993,FALSE,18673.059,FALSE,FALSE,TRUE
contaminated_normal,contaminated normal,CN,NH,33,1000,469,0.469,NA,TRUE,TRUE,TRUE,0,NA,-1906.1994886356636,3828.398977271327,3867.661019503184,3828.544285041256,8,61.62799999999999,NA,3814.398977271327,3819.30673255031,1.000000000000017,NA,HeckmanEM,NA,raw_AIC_BIC_implied_logLik,finite_logLik_no_explicit_code,3,4.172954201557763,1.1729542015577632,0.4,0.41161283778508945,0.01161283778508942,NA,NA,NA,NA,NA,NA,NA,NA,NA,NA,NA,NA,NA,NA,-0.7,-0.4993817883721701,0.20061821162782983,0.15,0.14111095075042523,-0.00888904924957476,1,0.8439201261295005,-0.15607987387049949,5,4.325539851469849,-0.6744601485301507,1.5,1.5860708944189097,0.08607089441890947,0.8,0.9348954922848228,0.13489549228482278,39.26204223185732,39.262042231857095,2.2737367544323206e-13,NA,NA,NA,NA,NA,NA,NA,NA,NA,NA,NA,NA,NA,NA,NA,NA,NA,NA,NA,NA,NA,NA,NA,NA,NA,NA,NA,NA,NA,NA,NA,NA,NA,NA,NA,NA,NA,NA,NA,NA,NA,NA,NA,NA,NA,NA,NA,NA,NA,NA,NA,NA,NA,NA,NA,NA,NA,NA,NA,NA,NA,NA,NA,NA,NA,NA,NA,NA,NA,NA,NA,NA,NA,NA,NA,NA,NA,NA,NA,NA,NA,NA,NA,NA,NA,NA,NA,NA,NA,NA,NA,NA,NA,NA,NA,NA,NA,NA,NA,NA,NA,NA,true,TRUE,TRUE,3828.398977271327,3867.6610195031844,3828.5442850412564,39.26204223185687,39.26204223185732,7.999999999999954,FALSE,61.62799999999999,NA,NA,NA
contaminated_normal,contaminated normal,CN,HT,33,1000,469,0.469,NA,TRUE,TRUE,TRUE,0,NA,-1850.3836347355864,3716.767269471172,3756.0293117030296,3716.9125772411016,8,94.063,NA,3702.767269471172,3707.6750247501545,1.000000000000017,NA,HeckmanEM,NA,raw_AIC_BIC_implied_logLik,finite_logLik_no_explicit_code,3,2.680981384884368,-0.319018615115632,0.4,0.38187254850407326,-0.01812745149592676,NA,NA,NA,NA,NA,NA,NA,NA,NA,NA,NA,NA,NA,NA,-0.7,-0.5667052093586838,0.1332947906413161,0.15,0.16018675771306662,0.01018675771306662,1,0.9619206242538068,-0.03807937574619313,5,4.833265470158869,-0.1667345298411309,1.5,1.422365040044213,-0.07763495995578706,0.8,0.8360013125577688,0.03600131255776873,39.26204223185732,39.262042231857095,-2.2737367544323206e-13,NA,NA,NA,NA,NA,NA,NA,NA,NA,NA,NA,NA,NA,NA,NA,NA,NA,NA,NA,NA,NA,NA,NA,NA,NA,NA,NA,NA,NA,NA,NA,NA,NA,NA,NA,NA,NA,NA,NA,NA,NA,NA,NA,NA,NA,NA,NA,NA,NA,NA,NA,NA,NA,NA,NA,NA,NA,NA,NA,NA,NA,NA,NA,NA,NA,NA,NA,NA,NA,NA,NA,NA,NA,NA,NA,NA,NA,NA,NA,NA,NA,NA,NA,NA,NA,NA,NA,NA,NA,NA,NA,NA,NA,NA,NA,NA,NA,NA,NA,NA,NA,NA,true,TRUE,TRUE,3716.7672694711728,3756.0293117030296,3716.912577241102,39.26204223185778,39.26204223185687,8.000000000000139,FALSE,94.063,NA,NA,NA
contaminated_normal,contaminated normal,CN,CN,33,1000,469,0.469,NA,TRUE,TRUE,TRUE,0,NA,-1851.9364316026836,3723.872863205367,3772.950415995189,3724.095310121444,10,183.128,NA,3705.872863205367,3710.78061848435,1.000000000000017,NA,HeckmanEM,NA,raw_AIC_BIC_implied_logLik,finite_logLik_no_explicit_code,3,2.8290649221644517,-0.1709350778355483,0.4,0.3625909085222775,-0.03740909147772253,NA,NA,NA,NA,NA,NA,NA,NA,NA,NA,NA,NA,NA,NA,-0.7,-0.5553409071453386,0.1446590928546614,0.15,0.15596087016228982,0.00596087016228982,1,0.945263448079025,-0.05473655192097504,5,4.8425424403602655,-0.1574575596397345,1.5,1.4618610396350555,-0.03813896036494446,0.8,0.8650859509782126,0.06508595097821257,49.07755278982131,49.07755278982137,-5.684341886080802e-14,NA,NA,NA,NA,NA,NA,NA,NA,NA,NA,NA,NA,NA,NA,NA,NA,NA,NA,NA,NA,NA,NA,NA,NA,NA,NA,NA,NA,NA,NA,NA,NA,NA,NA,NA,NA,NA,NA,NA,NA,NA,NA,NA,NA,NA,NA,NA,NA,NA,NA,NA,NA,NA,NA,NA,NA,NA,NA,NA,NA,NA,NA,NA,NA,NA,NA,NA,NA,NA,NA,NA,NA,NA,NA,NA,NA,NA,NA,NA,NA,NA,NA,NA,NA,NA,NA,NA,NA,NA,NA,NA,NA,NA,NA,NA,NA,NA,NA,NA,NA,NA,NA,true,TRUE,TRUE,3723.872863205367,3772.9504159951885,3724.095310121444,49.077552789821766,49.07755278982131,10.000000000000082,FALSE,183.128,NA,NA,NA
contaminated_normal,contaminated normal,CN,ESN,33,1000,469,0.469,NA,TRUE,TRUE,TRUE,0,CONVERGENCE: REL_REDUCTION_OF_F <= FACTR*EPSMCH,-1901.2063888811515,3824.412777762303,3878.398085831107,3824.679984240037,11,16763.471999999998,NA,NA,NA,NA,9,stage2,1901.20888573958;1901.23008262983;1901.21967557449;1905.92895378522;1901.20936642546;1905.91505475628;1905.934699829;1901.20919154341;1901.20639014421;1905.91691059586;1901.20912403126;1901.22472350826;1901.21252182084;1906.19948832872,proposed_likelihood,stage2,3,4.67357322339924,1.6735732233992398,0.4,0.3380306692876369,-0.0619693307123631,NA,1.48320488832468,NA,NA,-1.4925821305300957,NA,NA,-1.4925821305300957,NA,NA,-1.4925821305300957,NA,NA,NA,-0.7,-1.177543782160803,-0.47754378216080307,0.15,0.10923585341876732,-0.04076414658123266,1,0.6592029944533724,-0.3407970055466276,5,5.65916546470184,0.6591654647018403,1.5,1.584093194010529,0.08409319401052895,0.8,0.9408292600950412,0.14082926009504126,53.98530806880353,53.985308068803505,2.842170943040401e-14,NA,NA,NA,NA,NA,NA,NA,NA,NA,NA,NA,NA,NA,NA,NA,NA,NA,NA,NA,NA,NA,NA,NA,NA,NA,NA,NA,NA,NA,NA,NA,NA,NA,NA,NA,NA,NA,NA,NA,NA,NA,NA,NA,NA,NA,NA,NA,NA,NA,NA,NA,NA,NA,NA,NA,NA,NA,NA,NA,NA,NA,NA,NA,NA,NA,NA,NA,NA,NA,NA,NA,NA,NA,NA,NA,NA,NA,NA,NA,NA,NA,NA,NA,NA,NA,NA,NA,NA,NA,NA,NA,NA,NA,NA,NA,NA,NA,NA,NA,NA,NA,NA,true,TRUE,TRUE,3824.412777762303,3878.3980858311065,3824.679984240036,53.98530806880399,53.98530806880353,11.000000000000098,FALSE,16763.471999999998,TRUE,TRUE,TRUE
contaminated_normal,contaminated normal,CN,EST,33,1000,469,0.469,NA,TRUE,TRUE,TRUE,0,CONVERGENCE: REL_REDUCTION_OF_F <= FACTR*EPSMCH,-1850.2915908255509,3724.5831816511018,3783.476244998887,3724.899291073594,12,19484.352,NA,NA,NA,NA,10,stage2,1850.31022995183;1e+12;1e+12;1850.31054026552;1e+12;1e+12;1850.29310948674;1e+12;1e+12;1850.29209169557;1e+12;1e+12;1850.29941507048;1e+12;1e+12;1850.30958336989;1e+12;1e+12;1850.29737082476;1e+12;1e+12;1850.30092137453;1e+12;1e+12;1850.30733106026;1e+12;1e+12;1850.33304892205;1e+12;1e+12;1850.31682265738;1e+12;1e+12;1850.30578895287;1e+12;1e+12;1850.29611644942;1e+12;1e+12;1850.30346792549;1e+12;1e+12,proposed_likelihood,stage2,3,2.169526865184703,-0.8304731348152972,0.4,0.449952224438345,0.04995222443834496,NA,-0.1466375130870983,NA,NA,-0.21087060104467067,NA,NA,-1.4925821305300957,NA,NA,-1.4925821305300957,NA,4,NA,-0.7,-0.42010350618205605,0.2798964938179439,0.15,0.20782141969229417,0.05782141969229418,1,1.248079866710195,0.2480798667101951,5,5.87502865237584,0.8750286523758399,1.5,1.4290453341772549,-0.07095466582274512,0.8,0.840428163820858,0.04042816382085801,58.893063347785755,58.89306334778564,1.1368683772161603e-13,NA,NA,NA,NA,NA,NA,NA,NA,NA,NA,NA,NA,NA,NA,NA,NA,NA,NA,NA,NA,NA,NA,NA,NA,NA,NA,NA,NA,NA,NA,NA,NA,NA,NA,NA,NA,NA,NA,NA,NA,NA,NA,NA,NA,NA,NA,NA,NA,NA,NA,NA,NA,NA,NA,NA,NA,NA,NA,NA,NA,NA,NA,NA,NA,NA,NA,NA,NA,NA,NA,NA,NA,NA,NA,NA,NA,NA,NA,NA,NA,NA,NA,NA,NA,NA,NA,NA,NA,NA,NA,NA,NA,NA,NA,NA,NA,NA,NA,NA,NA,NA,NA,true,TRUE,TRUE,3724.5831816511018,3783.4762449988875,3724.899291073594,58.8930633477853,58.893063347785755,11.99999999999993,FALSE,19484.352,FALSE,FALSE,TRUE
contaminated_normal,contaminated normal,CN,NH,34,1000,424,0.424,NA,TRUE,TRUE,TRUE,0,NA,-1815.36364686565,3646.7272937313,3685.989335963157,3646.8726015012294,8,95.653,NA,3632.7272937313,3637.6350490102823,1.000000000000017,NA,HeckmanEM,NA,raw_AIC_BIC_implied_logLik,finite_logLik_no_explicit_code,3,4.5418193247435505,1.5418193247435503,0.4,0.24948977516013385,-0.1505102248398662,NA,NA,NA,NA,NA,NA,NA,NA,NA,NA,NA,NA,NA,NA,-0.7,-0.6888601962466087,0.01113980375339129,0.15,0.14959207175552133,-4.079282444786614e-4,1,0.9289217037387218,-0.07107829626127815,5,5.371108594457811,0.3711085944578114,1.5,1.183062529144317,-0.3169374708556829,0.8,0.7610636724865374,-0.03893632751346265,39.26204223185687,39.262042231857095,-2.2737367544323206e-13,NA,NA,NA,NA,NA,NA,NA,NA,NA,NA,NA,NA,NA,NA,NA,NA,NA,NA,NA,NA,NA,NA,NA,NA,NA,NA,NA,NA,NA,NA,NA,NA,NA,NA,NA,NA,NA,NA,NA,NA,NA,NA,NA,NA,NA,NA,NA,NA,NA,NA,NA,NA,NA,NA,NA,NA,NA,NA,NA,NA,NA,NA,NA,NA,NA,NA,NA,NA,NA,NA,NA,NA,NA,NA,NA,NA,NA,NA,NA,NA,NA,NA,NA,NA,NA,NA,NA,NA,NA,NA,NA,NA,NA,NA,NA,NA,NA,NA,NA,NA,NA,NA,true,TRUE,TRUE,3646.7272937313,3685.989335963157,3646.8726015012294,39.26204223185687,39.26204223185687,7.999999999999954,FALSE,95.653,NA,NA,NA
contaminated_normal,contaminated normal,CN,HT,34,1000,424,0.424,NA,TRUE,TRUE,TRUE,0,NA,-1730.959327497175,3477.91865499435,3517.1806972262075,3478.0639627642795,8,116.58899999999998,NA,3463.91865499435,3468.8264102733324,1.000000000000017,NA,HeckmanEM,NA,raw_AIC_BIC_implied_logLik,finite_logLik_no_explicit_code,3,2.465948429073193,-0.534051570926807,0.4,0.14430531691376147,-0.25569468308623855,NA,NA,NA,NA,NA,NA,NA,NA,NA,NA,NA,NA,NA,NA,-0.7,-0.786046644222749,-0.08604664422274899,0.15,0.1791266329987444,0.0291266329987444,1,1.052831983550225,0.05283198355022489,5,5.491610517576292,0.4916105175762917,1.5,1.301165675946848,-0.19883432405315205,0.8,0.9009879685011511,0.10098796850115122,39.26204223185732,39.262042231857095,2.2737367544323206e-13,NA,NA,NA,NA,NA,NA,NA,NA,NA,NA,NA,NA,NA,NA,NA,NA,NA,NA,NA,NA,NA,NA,NA,NA,NA,NA,NA,NA,NA,NA,NA,NA,NA,NA,NA,NA,NA,NA,NA,NA,NA,NA,NA,NA,NA,NA,NA,NA,NA,NA,NA,NA,NA,NA,NA,NA,NA,NA,NA,NA,NA,NA,NA,NA,NA,NA,NA,NA,NA,NA,NA,NA,NA,NA,NA,NA,NA,NA,NA,NA,NA,NA,NA,NA,NA,NA,NA,NA,NA,NA,NA,NA,NA,NA,NA,NA,NA,NA,NA,NA,NA,NA,true,TRUE,TRUE,3477.91865499435,3517.1806972262075,3478.0639627642795,39.26204223185732,39.26204223185732,8.000000000000046,FALSE,116.58899999999998,NA,NA,NA
contaminated_normal,contaminated normal,CN,CN,34,1000,424,0.424,NA,TRUE,TRUE,TRUE,0,NA,-1723.4719566194713,3466.9439132389425,3516.021466028764,3467.166360155019,10,92.84099999999998,NA,3448.9439132389425,3453.8516685179247,1.000000000000017,NA,HeckmanEM,NA,raw_AIC_BIC_implied_logLik,finite_logLik_no_explicit_code,3,2.6887614936398103,-0.3112385063601897,0.4,0.24569483904085584,-0.15430516095914418,NA,NA,NA,NA,NA,NA,NA,NA,NA,NA,NA,NA,NA,NA,-0.7,-0.7505158178235583,-0.05051581782355829,0.15,0.16958497213094378,0.01958497213094379,1,1.0040680668939337,0.00406806689393368,5,5.1590485284385075,0.15904852843850747,1.5,1.3053056101663234,-0.1946943898336766,0.8,0.8890461663771703,0.08904616637717022,49.07755278982131,49.07755278982137,-5.684341886080802e-14,NA,NA,NA,NA,NA,NA,NA,NA,NA,NA,NA,NA,NA,NA,NA,NA,NA,NA,NA,NA,NA,NA,NA,NA,NA,NA,NA,NA,NA,NA,NA,NA,NA,NA,NA,NA,NA,NA,NA,NA,NA,NA,NA,NA,NA,NA,NA,NA,NA,NA,NA,NA,NA,NA,NA,NA,NA,NA,NA,NA,NA,NA,NA,NA,NA,NA,NA,NA,NA,NA,NA,NA,NA,NA,NA,NA,NA,NA,NA,NA,NA,NA,NA,NA,NA,NA,NA,NA,NA,NA,NA,NA,NA,NA,NA,NA,NA,NA,NA,NA,NA,NA,true,TRUE,TRUE,3466.9439132389425,3516.021466028764,3467.1663601550194,49.07755278982131,49.07755278982131,9.999999999999988,FALSE,92.84099999999998,NA,NA,NA
contaminated_normal,contaminated normal,CN,ESN,34,1000,424,0.424,NA,TRUE,TRUE,TRUE,0,CONVERGENCE: REL_REDUCTION_OF_F <= FACTR*EPSMCH,-1797.736150833879,3617.472301667758,3671.4576097365616,3617.739508145491,11,15627.377,NA,NA,NA,NA,10,stage2,1815.36358653422;1815.3628717529;1815.36664445523;1815.34903801145;1815.36370658594;1799.83493555094;1815.35442926289;1815.3642079681;1815.36376443563;1799.83087523351;1815.35113683611;1815.36365263299;1815.36359235256;1815.36364585173,proposed_likelihood,stage2,3,6.311785232293188,3.311785232293188,0.4,0.2099626509078697,-0.19003734909213033,NA,0.2780007885781813,NA,NA,1.4925821305300957,NA,NA,-1.4925821305300957,NA,NA,-1.4925821305300957,NA,NA,NA,-0.7,-0.8971457960491368,-0.19714579604913685,0.15,0.14914190178745276,-8.580982125472314e-4,1,0.9259780998423066,-0.07402190015769339,5,-1.5594759744462985,-6.559475974446299,1.5,1.2380868795935172,-0.26191312040648285,0.8,0.7688006947872885,-0.03119930521271152,53.98530806880353,53.985308068803505,2.842170943040401e-14,NA,NA,NA,NA,NA,NA,NA,NA,NA,NA,NA,NA,NA,NA,NA,NA,NA,NA,NA,NA,NA,NA,NA,NA,NA,NA,NA,NA,NA,NA,NA,NA,NA,NA,NA,NA,NA,NA,NA,NA,NA,NA,NA,NA,NA,NA,NA,NA,NA,NA,NA,NA,NA,NA,NA,NA,NA,NA,NA,NA,NA,NA,NA,NA,NA,NA,NA,NA,NA,NA,NA,NA,NA,NA,NA,NA,NA,NA,NA,NA,NA,NA,NA,NA,NA,NA,NA,NA,NA,NA,NA,NA,NA,NA,NA,NA,NA,NA,NA,NA,NA,NA,true,TRUE,TRUE,3617.472301667758,3671.4576097365616,3617.739508145491,53.98530806880353,53.98530806880353,11.000000000000005,FALSE,15627.377,FALSE,TRUE,TRUE
contaminated_normal,contaminated normal,CN,EST,34,1000,424,0.424,NA,TRUE,TRUE,TRUE,0,CONVERGENCE: REL_REDUCTION_OF_F <= FACTR*EPSMCH,-1733.228279633542,3490.456559267084,3549.3496226148695,3490.772668689576,12,17844.158999999996,NA,NA,NA,NA,13,stage2,1733.22920664705;1e+12;1e+12;1733.23455939229;1e+12;1e+12;1733.22905667408;1e+12;1e+12;1733.22996099159;1e+12;1e+12;1733.22828146523;1e+12;1e+12;1733.24634369241;1e+12;1e+12;1733.24457936816;1e+12;1e+12;1733.22833170929;1e+12;1e+12;1733.23440965262;1e+12;1e+12;1733.22829463143;1e+12;1e+12;1733.23150228555;1e+12;1e+12;1733.22832617502;1e+12;1e+12;1733.23597931073;1e+12;1e+12;1733.22830034864;1e+12;1e+12,proposed_likelihood,stage2,3,1.9654819077882648,-1.0345180922117352,0.4,0.16454915641711457,-0.23545084358288543,NA,-0.04804033187631339,NA,NA,0.03593041092473138,NA,NA,-1.4925821305300957,NA,NA,-1.4925821305300957,NA,4,NA,-0.7,-0.92023107813161,-0.22023107813160991,0.15,0.23278769099190436,0.08278769099190436,1,1.3760881574921884,0.3760881574921884,5,5.313300862346423,0.3133008623464226,1.5,1.296080836307066,-0.20391916369293409,0.8,0.8907701717665374,0.09077017176653734,58.893063347785755,58.89306334778564,1.1368683772161603e-13,NA,NA,NA,NA,NA,NA,NA,NA,NA,NA,NA,NA,NA,NA,NA,NA,NA,NA,NA,NA,NA,NA,NA,NA,NA,NA,NA,NA,NA,NA,NA,NA,NA,NA,NA,NA,NA,NA,NA,NA,NA,NA,NA,NA,NA,NA,NA,NA,NA,NA,NA,NA,NA,NA,NA,NA,NA,NA,NA,NA,NA,NA,NA,NA,NA,NA,NA,NA,NA,NA,NA,NA,NA,NA,NA,NA,NA,NA,NA,NA,NA,NA,NA,NA,NA,NA,NA,NA,NA,NA,NA,NA,NA,NA,NA,NA,NA,NA,NA,NA,NA,NA,true,TRUE,TRUE,3490.456559267084,3549.3496226148695,3490.772668689576,58.893063347785755,58.893063347785755,12.000000000000023,FALSE,17844.158999999996,FALSE,FALSE,TRUE
contaminated_normal,contaminated normal,CN,NH,35,1000,433,0.433,NA,TRUE,TRUE,TRUE,0,NA,-1821.7822453089063,3659.564490617813,3698.82653284967,3659.7097983877425,8,173.015,NA,3645.564490617813,3650.4722458967954,1.000000000000017,NA,HeckmanEM,NA,raw_AIC_BIC_implied_logLik,finite_logLik_no_explicit_code,3,4.642076387265998,1.6420763872659982,0.4,0.5808040736361947,0.18080407363619463,NA,NA,NA,NA,NA,NA,NA,NA,NA,NA,NA,NA,NA,NA,-0.7,-0.6340421776265805,0.0659578223734194,0.15,0.1137044100204674,-0.0362955899795326,1,0.8822739430156975,-0.1177260569843025,5,4.040369683954909,-0.9596303160450912,1.5,1.5301781498002271,0.03017814980022715,0.8,0.7901117924425652,-0.0098882075574348,39.26204223185687,39.262042231857095,2.2737367544323206e-13,NA,NA,NA,NA,NA,NA,NA,NA,NA,NA,NA,NA,NA,NA,NA,NA,NA,NA,NA,NA,NA,NA,NA,NA,NA,NA,NA,NA,NA,NA,NA,NA,NA,NA,NA,NA,NA,NA,NA,NA,NA,NA,NA,NA,NA,NA,NA,NA,NA,NA,NA,NA,NA,NA,NA,NA,NA,NA,NA,NA,NA,NA,NA,NA,NA,NA,NA,NA,NA,NA,NA,NA,NA,NA,NA,NA,NA,NA,NA,NA,NA,NA,NA,NA,NA,NA,NA,NA,NA,NA,NA,NA,NA,NA,NA,NA,NA,NA,NA,NA,NA,NA,true,TRUE,TRUE,3659.5644906178127,3698.82653284967,3659.709798387742,39.26204223185687,39.26204223185732,7.999999999999954,FALSE,173.015,NA,NA,NA
contaminated_normal,contaminated normal,CN,HT,35,1000,433,0.433,NA,TRUE,TRUE,TRUE,0,NA,-1751.7514067902798,3519.5028135805596,3558.7648558124165,3519.648121350489,8,105.49899999999997,NA,3505.5028135805596,3510.410568859542,1.000000000000017,NA,HeckmanEM,NA,raw_AIC_BIC_implied_logLik,finite_logLik_no_explicit_code,3,2.642353704328438,-0.35764629567156137,0.4,0.42489975817708664,0.02489975817708661,NA,NA,NA,NA,NA,NA,NA,NA,NA,NA,NA,NA,NA,NA,-0.7,-0.7595273101183738,-0.05952731011837386,0.15,0.1455283166806918,-0.00447168331930819,1,1.0615758688253147,0.06157586882531474,5,4.999140112055564,-8.598879444363661e-4,1.5,1.6223219813816503,0.12232198138165053,0.8,0.7558873291525173,-0.04411267084748271,39.26204223185687,39.262042231857095,-2.2737367544323206e-13,NA,NA,NA,NA,NA,NA,NA,NA,NA,NA,NA,NA,NA,NA,NA,NA,NA,NA,NA,NA,NA,NA,NA,NA,NA,NA,NA,NA,NA,NA,NA,NA,NA,NA,NA,NA,NA,NA,NA,NA,NA,NA,NA,NA,NA,NA,NA,NA,NA,NA,NA,NA,NA,NA,NA,NA,NA,NA,NA,NA,NA,NA,NA,NA,NA,NA,NA,NA,NA,NA,NA,NA,NA,NA,NA,NA,NA,NA,NA,NA,NA,NA,NA,NA,NA,NA,NA,NA,NA,NA,NA,NA,NA,NA,NA,NA,NA,NA,NA,NA,NA,NA,true,TRUE,TRUE,3519.5028135805596,3558.7648558124165,3519.648121350489,39.26204223185687,39.26204223185687,7.999999999999954,FALSE,105.49899999999997,NA,NA,NA
contaminated_normal,contaminated normal,CN,CN,35,1000,433,0.433,NA,TRUE,TRUE,TRUE,0,NA,-1748.5943562996729,3517.1887125993453,3566.2662653891666,3517.4111595154222,10,192.738,NA,3499.1887125993453,3504.0964678783275,1.000000000000017,NA,HeckmanEM,NA,raw_AIC_BIC_implied_logLik,finite_logLik_no_explicit_code,3,3.0213537101904726,0.0213537101904726,0.4,0.4213134928340377,0.02131349283403766,NA,NA,NA,NA,NA,NA,NA,NA,NA,NA,NA,NA,NA,NA,-0.7,-0.7126325262853874,-0.01263252628538746,0.15,0.1334679790149099,-0.01653202098509013,1,0.9971036336513376,-0.0028963663486623,5,5.0202328015062285,0.02023280150622852,1.5,1.557387160080325,0.05738716008032507,0.8,0.7322436377357093,-0.06775636226429071,49.07755278982131,49.07755278982137,-5.684341886080802e-14,NA,NA,NA,NA,NA,NA,NA,NA,NA,NA,NA,NA,NA,NA,NA,NA,NA,NA,NA,NA,NA,NA,NA,NA,NA,NA,NA,NA,NA,NA,NA,NA,NA,NA,NA,NA,NA,NA,NA,NA,NA,NA,NA,NA,NA,NA,NA,NA,NA,NA,NA,NA,NA,NA,NA,NA,NA,NA,NA,NA,NA,NA,NA,NA,NA,NA,NA,NA,NA,NA,NA,NA,NA,NA,NA,NA,NA,NA,NA,NA,NA,NA,NA,NA,NA,NA,NA,NA,NA,NA,NA,NA,NA,NA,NA,NA,NA,NA,NA,NA,NA,NA,true,TRUE,TRUE,3517.1887125993458,3566.266265389167,3517.4111595154227,49.07755278982131,49.07755278982131,9.999999999999988,FALSE,192.738,NA,NA,NA
contaminated_normal,contaminated normal,CN,ESN,35,1000,433,0.433,NA,TRUE,TRUE,TRUE,0,CONVERGENCE: REL_REDUCTION_OF_F <= FACTR*EPSMCH,-1804.6162674896907,3631.2325349793814,3685.217843048185,3631.4997414571144,11,18020.548000000003,NA,NA,NA,NA,10,stage2,1816.51321413146;1816.63692869322;1816.52397594897;1821.78180266885;1816.51694067962;1816.78050165982;1821.79411357158;1816.52586254209;1816.52094328602;1804.71400104509;1816.52468913024;1816.52018074784;1816.54289208855;1821.78224503442,proposed_likelihood,stage2,3,6.117364384446508,3.117364384446508,0.4,0.397728021614668,-0.00227197838533205,NA,0.5943590391161871,NA,NA,1.4925821305300957,NA,NA,-1.4925821305300957,NA,NA,-1.4925821305300957,NA,NA,NA,-0.7,-1.0649079803321462,-0.3649079803321462,0.15,0.11928803920269963,-0.03071196079730036,1,0.8984494189590448,-0.10155058104095516,5,-1.8206616883463007,-6.8206616883463,1.5,1.526260256050213,0.02626025605021298,0.8,0.8001264546164835,1.2645461648341794e-4,53.98530806880353,53.985308068803505,2.842170943040401e-14,NA,NA,NA,NA,NA,NA,NA,NA,NA,NA,NA,NA,NA,NA,NA,NA,NA,NA,NA,NA,NA,NA,NA,NA,NA,NA,NA,NA,NA,NA,NA,NA,NA,NA,NA,NA,NA,NA,NA,NA,NA,NA,NA,NA,NA,NA,NA,NA,NA,NA,NA,NA,NA,NA,NA,NA,NA,NA,NA,NA,NA,NA,NA,NA,NA,NA,NA,NA,NA,NA,NA,NA,NA,NA,NA,NA,NA,NA,NA,NA,NA,NA,NA,NA,NA,NA,NA,NA,NA,NA,NA,NA,NA,NA,NA,NA,NA,NA,NA,NA,NA,NA,true,TRUE,TRUE,3631.2325349793814,3685.217843048185,3631.4997414571144,53.98530806880353,53.98530806880353,11.000000000000005,FALSE,18020.548000000003,FALSE,TRUE,TRUE
contaminated_normal,contaminated normal,CN,EST,35,1000,433,0.433,NA,TRUE,TRUE,TRUE,0,CONVERGENCE: REL_REDUCTION_OF_F <= FACTR*EPSMCH,-1752.369090497246,3528.7381809944923,3587.631244342278,3529.0542904169847,12,19109.251,NA,NA,NA,NA,28,stage2,1752.3713406088;1e+12;1e+12;1752.3729679474;1e+12;1e+12;1752.37723441374;1e+12;1e+12;1752.37466824718;1e+12;1e+12;1752.37826297229;1e+12;1e+12;1752.37990860011;1e+12;1e+12;1752.37181594287;1e+12;1e+12;1752.38117417579;1e+12;1e+12;1752.37921346058;1e+12;1e+12;1752.37152554076;1e+12;1e+12;1752.38511365889;1e+12;1e+12;1752.37517433575;1e+12;1e+12;1752.3717312638;1e+12;1e+12;1752.37623809221;1e+12;1e+12,proposed_likelihood,stage2,3,2.063477236918946,-0.936522763081054,0.4,0.4324483137149076,0.03244831371490758,NA,-0.02864879183963866,NA,NA,-0.02578860863475699,NA,NA,-1.48608881530143,NA,NA,-1.48608881530143,NA,4,NA,-0.7,-0.9333218641416136,-0.2333218641416136,0.15,0.1900180508301544,0.04001805083015439,1,1.3930571984514073,0.3930571984514073,5,5.1366678267091075,0.1366678267091075,1.5,1.6135510195299332,0.11355101952993318,0.8,0.75470838180288,-0.04529161819712002,58.893063347785755,58.89306334778564,1.1368683772161603e-13,NA,NA,NA,NA,NA,NA,NA,NA,NA,NA,NA,NA,NA,NA,NA,NA,NA,NA,NA,NA,NA,NA,NA,NA,NA,NA,NA,NA,NA,NA,NA,NA,NA,NA,NA,NA,NA,NA,NA,NA,NA,NA,NA,NA,NA,NA,NA,NA,NA,NA,NA,NA,NA,NA,NA,NA,NA,NA,NA,NA,NA,NA,NA,NA,NA,NA,NA,NA,NA,NA,NA,NA,NA,NA,NA,NA,NA,NA,NA,NA,NA,NA,NA,NA,NA,NA,NA,NA,NA,NA,NA,NA,NA,NA,NA,NA,NA,NA,NA,NA,NA,NA,true,TRUE,TRUE,3528.738180994492,3587.6312443422776,3529.0542904169843,58.893063347785755,58.893063347785755,12.000000000000023,FALSE,19109.251,FALSE,FALSE,TRUE
contaminated_normal,contaminated normal,CN,NH,36,1000,455,0.455,NA,TRUE,TRUE,TRUE,0,NA,-1898.6653434833397,3813.330686966679,3852.592729198536,3813.475994736608,8,170.264,NA,3799.330686966679,3804.238442245661,1.000000000000017,NA,HeckmanEM,NA,raw_AIC_BIC_implied_logLik,finite_logLik_no_explicit_code,3,4.995175827099991,1.9951758270999909,0.4,0.6864599706635724,0.2864599706635724,NA,NA,NA,NA,NA,NA,NA,NA,NA,NA,NA,NA,NA,NA,-0.7,-0.5607195673841513,0.13928043261584866,0.15,0.12190175656424364,-0.02809824343575634,1,0.8345323079190912,-0.16546769208090883,5,3.298187951313969,-1.701812048686031,1.5,1.6755127787370987,0.1755127787370987,0.8,0.8670698295341293,0.06706982953412921,39.26204223185732,39.262042231857095,-2.2737367544323206e-13,NA,NA,NA,NA,NA,NA,NA,NA,NA,NA,NA,NA,NA,NA,NA,NA,NA,NA,NA,NA,NA,NA,NA,NA,NA,NA,NA,NA,NA,NA,NA,NA,NA,NA,NA,NA,NA,NA,NA,NA,NA,NA,NA,NA,NA,NA,NA,NA,NA,NA,NA,NA,NA,NA,NA,NA,NA,NA,NA,NA,NA,NA,NA,NA,NA,NA,NA,NA,NA,NA,NA,NA,NA,NA,NA,NA,NA,NA,NA,NA,NA,NA,NA,NA,NA,NA,NA,NA,NA,NA,NA,NA,NA,NA,NA,NA,NA,NA,NA,NA,NA,NA,true,TRUE,TRUE,3813.3306869666794,3852.5927291985363,3813.4759947366088,39.26204223185687,39.26204223185687,7.999999999999954,FALSE,170.264,NA,NA,NA
contaminated_normal,contaminated normal,CN,HT,36,1000,455,0.455,NA,TRUE,TRUE,TRUE,0,NA,-1784.0644651318887,3584.1289302637774,3623.3909724956343,3584.2742380337068,8,123.126,NA,3570.1289302637774,3575.0366855427596,1.000000000000017,NA,HeckmanEM,NA,raw_AIC_BIC_implied_logLik,finite_logLik_no_explicit_code,3,2.4591369307101623,-0.5408630692898377,0.4,0.4960665403893159,0.09606654038931588,NA,NA,NA,NA,NA,NA,NA,NA,NA,NA,NA,NA,NA,NA,-0.7,-0.7259404521992804,-0.02594045219928042,0.15,0.1666636087975158,0.0166636087975158,1,1.0912489457267411,0.09124894572674114,5,4.392218331520597,-0.6077816684794026,1.5,1.6060519481545903,0.10605194815459051,0.8,0.90075025549494,0.10075025549494,39.26204223185732,39.262042231857095,2.2737367544323206e-13,NA,NA,NA,NA,NA,NA,NA,NA,NA,NA,NA,NA,NA,NA,NA,NA,NA,NA,NA,NA,NA,NA,NA,NA,NA,NA,NA,NA,NA,NA,NA,NA,NA,NA,NA,NA,NA,NA,NA,NA,NA,NA,NA,NA,NA,NA,NA,NA,NA,NA,NA,NA,NA,NA,NA,NA,NA,NA,NA,NA,NA,NA,NA,NA,NA,NA,NA,NA,NA,NA,NA,NA,NA,NA,NA,NA,NA,NA,NA,NA,NA,NA,NA,NA,NA,NA,NA,NA,NA,NA,NA,NA,NA,NA,NA,NA,NA,NA,NA,NA,NA,NA,true,TRUE,TRUE,3584.1289302637774,3623.3909724956347,3584.2742380337068,39.26204223185687,39.26204223185732,7.999999999999954,FALSE,123.126,NA,NA,NA
contaminated_normal,contaminated normal,CN,CN,36,1000,455,0.455,NA,TRUE,TRUE,TRUE,0,NA,-1776.1675272641023,3572.335054528205,3621.4126073180264,3572.557501444282,10,195.14799999999997,NA,3554.335054528205,3559.2428098071873,1.000000000000017,NA,HeckmanEM,NA,raw_AIC_BIC_implied_logLik,finite_logLik_no_explicit_code,3,2.646132172889385,-0.3538678271106148,0.4,0.45245060114535224,0.05245060114535221,NA,NA,NA,NA,NA,NA,NA,NA,NA,NA,NA,NA,NA,NA,-0.7,-0.6885936017772083,0.01140639822279165,0.15,0.1575759812787133,0.00757598127871334,1,1.0393886734256006,0.03938867342560059,5,4.60724509323749,-0.3927549067625096,1.5,1.5620103191551729,0.06201031915517285,0.8,0.8630401187282349,0.0630401187282349,49.07755278982131,49.07755278982137,-5.684341886080802e-14,NA,NA,NA,NA,NA,NA,NA,NA,NA,NA,NA,NA,NA,NA,NA,NA,NA,NA,NA,NA,NA,NA,NA,NA,NA,NA,NA,NA,NA,NA,NA,NA,NA,NA,NA,NA,NA,NA,NA,NA,NA,NA,NA,NA,NA,NA,NA,NA,NA,NA,NA,NA,NA,NA,NA,NA,NA,NA,NA,NA,NA,NA,NA,NA,NA,NA,NA,NA,NA,NA,NA,NA,NA,NA,NA,NA,NA,NA,NA,NA,NA,NA,NA,NA,NA,NA,NA,NA,NA,NA,NA,NA,NA,NA,NA,NA,NA,NA,NA,NA,NA,NA,true,TRUE,TRUE,3572.3350545282046,3621.412607318026,3572.5575014442816,49.07755278982131,49.07755278982131,9.999999999999988,FALSE,195.14799999999997,NA,NA,NA
contaminated_normal,contaminated normal,CN,ESN,36,1000,455,0.455,NA,TRUE,TRUE,TRUE,0,CONVERGENCE: REL_REDUCTION_OF_F <= FACTR*EPSMCH,-1871.8950980814632,3765.7901961629263,3819.77550423173,3766.0574026406593,11,18603.438,NA,NA,NA,NA,6,stage2,1890.91533692368;1890.93409839352;1890.91670674307;1898.6655616678;1890.93087323236;1876.5162198271;1898.67583071718;1890.92031706272;1890.9206870193;1871.94534273414;1890.92183325088;1890.93315474002;1890.91459899502;1898.66534329589,proposed_likelihood,stage2,3,6.23627473187392,3.2362747318739196,0.4,0.4148658257014839,0.01486582570148392,NA,0.6749884725319626,NA,NA,1.4925821305300957,NA,NA,-1.4925821305300957,NA,NA,-1.4925821305300957,NA,NA,NA,-0.7,-1.0794869526251727,-0.37948695262517274,0.15,0.13598921442067008,-0.01401078557932991,1,0.9186748923474936,-0.08132510765250633,5,-2.0598396433558603,-7.05983964335586,1.5,1.6927335993372634,0.19273359933726344,0.8,0.8257708683653667,0.02577086836536668,53.98530806880353,53.985308068803505,2.842170943040401e-14,NA,NA,NA,NA,NA,NA,NA,NA,NA,NA,NA,NA,NA,NA,NA,NA,NA,NA,NA,NA,NA,NA,NA,NA,NA,NA,NA,NA,NA,NA,NA,NA,NA,NA,NA,NA,NA,NA,NA,NA,NA,NA,NA,NA,NA,NA,NA,NA,NA,NA,NA,NA,NA,NA,NA,NA,NA,NA,NA,NA,NA,NA,NA,NA,NA,NA,NA,NA,NA,NA,NA,NA,NA,NA,NA,NA,NA,NA,NA,NA,NA,NA,NA,NA,NA,NA,NA,NA,NA,NA,NA,NA,NA,NA,NA,NA,NA,NA,NA,NA,NA,NA,true,TRUE,TRUE,3765.7901961629263,3819.77550423173,3766.0574026406593,53.98530806880353,53.98530806880353,11.000000000000005,FALSE,18603.438,FALSE,TRUE,TRUE
contaminated_normal,contaminated normal,CN,EST,36,1000,455,0.455,NA,TRUE,TRUE,TRUE,0,CONVERGENCE: REL_REDUCTION_OF_F <= FACTR*EPSMCH,-1786.056362133779,3596.112724267558,3655.005787615344,3596.4288336900504,12,17857.634000000002,NA,NA,NA,NA,40,stage2,1786.06581769666;1e+12;1e+12;1786.05638957091;1e+12;1e+12;1786.05838761351;1e+12;1e+12;1786.06138042086;1e+12;1e+12;1786.05889252918;1e+12;1e+12;1786.09078889347;1e+12;1e+12;1786.05669497889;1e+12;1e+12;1786.07235670952;1e+12;1e+12;1786.05906315088;1e+12;1e+12;1786.7532793679;1e+12;1e+12;1786.06479246588;1e+12;1e+12;1786.0772216943;1e+12;1e+12;1786.05668984911;1e+12;1e+12;1786.05636325876;1e+12;1e+12,proposed_likelihood,stage2,3,2.075622107685404,-0.9243778923145962,0.4,0.43205019531729955,0.03205019531729952,NA,0.3346028141175807,NA,NA,0.4175279068812313,NA,NA,-1.4925821305300957,NA,NA,-1.4925821305300957,NA,4,NA,-0.7,-1.5136040884612725,-0.8136040884612723,0.15,0.20578413684207353,0.05578413684207353,1,1.3429259316102642,0.3429259316102642,5,2.6744728629030416,-2.3255271370969584,1.5,1.6120887705993687,0.11208877059936873,0.8,0.8927887054662229,0.09278870546622286,58.893063347785755,58.89306334778564,1.1368683772161603e-13,NA,NA,NA,NA,NA,NA,NA,NA,NA,NA,NA,NA,NA,NA,NA,NA,NA,NA,NA,NA,NA,NA,NA,NA,NA,NA,NA,NA,NA,NA,NA,NA,NA,NA,NA,NA,NA,NA,NA,NA,NA,NA,NA,NA,NA,NA,NA,NA,NA,NA,NA,NA,NA,NA,NA,NA,NA,NA,NA,NA,NA,NA,NA,NA,NA,NA,NA,NA,NA,NA,NA,NA,NA,NA,NA,NA,NA,NA,NA,NA,NA,NA,NA,NA,NA,NA,NA,NA,NA,NA,NA,NA,NA,NA,NA,NA,NA,NA,NA,NA,NA,NA,true,TRUE,TRUE,3596.112724267558,3655.0057876153437,3596.4288336900504,58.89306334778621,58.893063347785755,12.000000000000115,FALSE,17857.634000000002,FALSE,FALSE,TRUE
contaminated_normal,contaminated normal,CN,NH,37,1000,441,0.441,NA,TRUE,TRUE,TRUE,0,NA,-1829.470270528017,3674.940541056034,3714.202583287891,3675.0858488259632,8,196.581,NA,3660.940541056034,3665.848296335016,1.000000000000017,NA,HeckmanEM,NA,raw_AIC_BIC_implied_logLik,finite_logLik_no_explicit_code,3,4.300941509202466,1.300941509202466,0.4,0.4766252234902389,0.07662522349023887,NA,NA,NA,NA,NA,NA,NA,NA,NA,NA,NA,NA,NA,NA,-0.7,-0.6035445907667443,0.09645540923325568,0.15,0.14275439781726396,-0.00724560218273603,1,0.821267673195588,-0.17873232680441198,5,4.471077435681087,-0.528922564318913,1.5,1.667236515122485,0.16723651512248505,0.8,0.9461618950955571,0.1461618950955571,39.26204223185687,39.262042231857095,-2.2737367544323206e-13,NA,NA,NA,NA,NA,NA,NA,NA,NA,NA,NA,NA,NA,NA,NA,NA,NA,NA,NA,NA,NA,NA,NA,NA,NA,NA,NA,NA,NA,NA,NA,NA,NA,NA,NA,NA,NA,NA,NA,NA,NA,NA,NA,NA,NA,NA,NA,NA,NA,NA,NA,NA,NA,NA,NA,NA,NA,NA,NA,NA,NA,NA,NA,NA,NA,NA,NA,NA,NA,NA,NA,NA,NA,NA,NA,NA,NA,NA,NA,NA,NA,NA,NA,NA,NA,NA,NA,NA,NA,NA,NA,NA,NA,NA,NA,NA,NA,NA,NA,NA,NA,NA,true,TRUE,TRUE,3674.940541056034,3714.202583287891,3675.0858488259632,39.26204223185687,39.26204223185687,7.999999999999954,FALSE,196.581,NA,NA,NA
contaminated_normal,contaminated normal,CN,HT,37,1000,441,0.441,NA,TRUE,TRUE,TRUE,0,NA,-1772.6758533024954,3561.351706604991,3600.6137488368477,3561.49701437492,8,145.71900000000002,NA,3547.351706604991,3552.259461883973,1.000000000000017,NA,HeckmanEM,NA,raw_AIC_BIC_implied_logLik,finite_logLik_no_explicit_code,3,2.7774291730172225,-0.22257082698277753,0.4,0.5278401888094447,0.1278401888094447,NA,NA,NA,NA,NA,NA,NA,NA,NA,NA,NA,NA,NA,NA,-0.7,-0.6982292544145005,0.0017707455854995,0.15,0.1715351223701624,0.02153512237016242,1,0.9371662465286013,-0.06283375347139886,5,4.690720849292452,-0.30927915070754786,1.5,1.5879613074414654,0.08796130744146535,0.8,0.8343639589972743,0.03436395899727429,39.26204223185687,39.262042231857095,-2.2737367544323206e-13,NA,NA,NA,NA,NA,NA,NA,NA,NA,NA,NA,NA,NA,NA,NA,NA,NA,NA,NA,NA,NA,NA,NA,NA,NA,NA,NA,NA,NA,NA,NA,NA,NA,NA,NA,NA,NA,NA,NA,NA,NA,NA,NA,NA,NA,NA,NA,NA,NA,NA,NA,NA,NA,NA,NA,NA,NA,NA,NA,NA,NA,NA,NA,NA,NA,NA,NA,NA,NA,NA,NA,NA,NA,NA,NA,NA,NA,NA,NA,NA,NA,NA,NA,NA,NA,NA,NA,NA,NA,NA,NA,NA,NA,NA,NA,NA,NA,NA,NA,NA,NA,NA,true,TRUE,TRUE,3561.351706604991,3600.6137488368477,3561.49701437492,39.26204223185687,39.26204223185687,7.999999999999954,FALSE,145.71900000000002,NA,NA,NA
contaminated_normal,contaminated normal,CN,CN,37,1000,441,0.441,NA,TRUE,TRUE,TRUE,0,NA,-1768.183387258527,3556.366774517054,3605.444327306875,3556.589221433131,10,221.049,NA,3538.366774517054,3543.2745297960364,1.000000000000017,NA,HeckmanEM,NA,raw_AIC_BIC_implied_logLik,finite_logLik_no_explicit_code,3,2.94171993630068,-0.05828006369931993,0.4,0.4708450631288448,0.07084506312884481,NA,NA,NA,NA,NA,NA,NA,NA,NA,NA,NA,NA,NA,NA,-0.7,-0.6720616807674542,0.02793831923254575,0.15,0.16307402924510755,0.01307402924510756,1,0.9060139832447156,-0.09398601675528429,5,4.967518170607081,-0.03248182939291944,1.5,1.54027613537688,0.04027613537687991,0.8,0.7844842213901843,-0.01551577860981578,49.07755278982131,49.07755278982137,-5.684341886080802e-14,NA,NA,NA,NA,NA,NA,NA,NA,NA,NA,NA,NA,NA,NA,NA,NA,NA,NA,NA,NA,NA,NA,NA,NA,NA,NA,NA,NA,NA,NA,NA,NA,NA,NA,NA,NA,NA,NA,NA,NA,NA,NA,NA,NA,NA,NA,NA,NA,NA,NA,NA,NA,NA,NA,NA,NA,NA,NA,NA,NA,NA,NA,NA,NA,NA,NA,NA,NA,NA,NA,NA,NA,NA,NA,NA,NA,NA,NA,NA,NA,NA,NA,NA,NA,NA,NA,NA,NA,NA,NA,NA,NA,NA,NA,NA,NA,NA,NA,NA,NA,NA,NA,true,TRUE,TRUE,3556.366774517054,3605.4443273068755,3556.589221433131,49.07755278982086,49.07755278982131,9.999999999999895,FALSE,221.049,NA,NA,NA
contaminated_normal,contaminated normal,CN,ESN,37,1000,441,0.441,NA,TRUE,TRUE,TRUE,0,CONVERGENCE: REL_REDUCTION_OF_F <= FACTR*EPSMCH,-1810.8084871167032,3643.6169742334064,3697.60228230221,3643.8841807111394,11,17895.281,NA,NA,NA,NA,10,stage2,1829.47087455588;1829.47476198053;1825.46517057545;1826.02319383362;1825.50557256086;1811.38980692874;1829.47096229378;1825.45838838301;1825.47296288927;1810.83940554782;1825.4875491116;1829.47066420008;1829.47005762406;1829.470268931,proposed_likelihood,stage2,3,5.8966260860223345,2.8966260860223345,0.4,0.4745339744563479,0.07453397445634785,NA,0.8747552777639063,NA,NA,1.4925821305300957,NA,NA,-1.4925821305300957,NA,NA,-1.4925821305300957,NA,NA,NA,-0.7,-1.1555408194658103,-0.4555408194658104,0.15,0.1359471309081372,-0.01405286909186279,1,0.7942418466559327,-0.20575815334406733,5,-1.482217866291102,-6.482217866291101,1.5,1.6750230101098675,0.17502301010986754,0.8,0.8983606264132512,0.09836062641325116,53.98530806880353,53.985308068803505,2.842170943040401e-14,NA,NA,NA,NA,NA,NA,NA,NA,NA,NA,NA,NA,NA,NA,NA,NA,NA,NA,NA,NA,NA,NA,NA,NA,NA,NA,NA,NA,NA,NA,NA,NA,NA,NA,NA,NA,NA,NA,NA,NA,NA,NA,NA,NA,NA,NA,NA,NA,NA,NA,NA,NA,NA,NA,NA,NA,NA,NA,NA,NA,NA,NA,NA,NA,NA,NA,NA,NA,NA,NA,NA,NA,NA,NA,NA,NA,NA,NA,NA,NA,NA,NA,NA,NA,NA,NA,NA,NA,NA,NA,NA,NA,NA,NA,NA,NA,NA,NA,NA,NA,NA,NA,true,TRUE,TRUE,3643.6169742334064,3697.60228230221,3643.8841807111394,53.98530806880353,53.98530806880353,11.000000000000005,FALSE,17895.281,FALSE,TRUE,TRUE
contaminated_normal,contaminated normal,CN,EST,37,1000,441,0.441,NA,TRUE,TRUE,TRUE,0,CONVERGENCE: REL_REDUCTION_OF_F <= FACTR*EPSMCH,-1772.0371843723274,3568.0743687446547,3626.967432092441,3568.390478167147,12,19809.565,NA,NA,NA,NA,28,stage2,1772.21268638667;1e+12;1e+12;1772.20606132429;1e+12;1e+12;1772.20093336423;1e+12;1e+12;1772.19034117061;1e+12;1e+12;1772.20269736924;1e+12;1e+12;1772.05212513683;1e+12;1e+12;1772.21329785363;1e+12;1e+12;1772.08983700032;1e+12;1e+12;1772.2220475578;1e+12;1e+12;1772.03923927521;1e+12;1e+12;1772.06947088658;1e+12;1e+12;1772.06414001802;1e+12;1e+12;1772.21382269395;1e+12;1e+12;1772.07455276587;1e+12;1e+12,proposed_likelihood,stage2,3,2.919999818144816,-0.08000018185518387,0.4,0.5425582044156401,0.14255820441564004,NA,1.277909122448067,NA,NA,0.4130808260349055,NA,NA,1.378401861685239,NA,NA,1.378401861685239,NA,4,NA,-0.7,-0.8999257691548842,-0.19992576915488425,0.15,0.14739840658182538,-0.00260159341817461,1,0.8139424807035396,-0.1860575192964604,5,4.186034599954376,-0.8139654000456238,1.5,1.6088303429628408,0.10883034296284078,0.8,0.8309297016469709,0.03092970164697084,58.893063347785755,58.89306334778564,1.1368683772161603e-13,NA,NA,NA,NA,NA,NA,NA,NA,NA,NA,NA,NA,NA,NA,NA,NA,NA,NA,NA,NA,NA,NA,NA,NA,NA,NA,NA,NA,NA,NA,NA,NA,NA,NA,NA,NA,NA,NA,NA,NA,NA,NA,NA,NA,NA,NA,NA,NA,NA,NA,NA,NA,NA,NA,NA,NA,NA,NA,NA,NA,NA,NA,NA,NA,NA,NA,NA,NA,NA,NA,NA,NA,NA,NA,NA,NA,NA,NA,NA,NA,NA,NA,NA,NA,NA,NA,NA,NA,NA,NA,NA,NA,NA,NA,NA,NA,NA,NA,NA,NA,NA,NA,true,TRUE,TRUE,3568.0743687446547,3626.9674320924405,3568.390478167147,58.89306334778621,58.893063347785755,12.000000000000115,FALSE,19809.565,FALSE,FALSE,FALSE
contaminated_normal,contaminated normal,CN,NH,38,1000,432,0.432,NA,TRUE,TRUE,TRUE,0,NA,-1799.794756941213,3615.589513882426,3654.851556114284,3615.734821652356,8,49.953,NA,3601.5895138824267,3606.497269161409,1.000000000000017,NA,HeckmanEM,NA,raw_AIC_BIC_implied_logLik,finite_logLik_no_explicit_code,3,4.138395654860725,1.1383956548607248,0.4,0.12165046537204216,-0.27834953462795786,NA,NA,NA,NA,NA,NA,NA,NA,NA,NA,NA,NA,NA,NA,-0.7,-0.6950458632948859,0.00495413670511402,0.15,0.1253022346505295,-0.02469776534947049,1,1.0442065446413014,0.04420654464130136,5,5.547936810616912,0.5479368106169122,1.5,1.5630319347830453,0.06303193478304525,0.8,0.8030508055518798,0.00305080555187975,39.26204223185732,39.262042231857095,-2.2737367544323206e-13,NA,NA,NA,NA,NA,NA,NA,NA,NA,NA,NA,NA,NA,NA,NA,NA,NA,NA,NA,NA,NA,NA,NA,NA,NA,NA,NA,NA,NA,NA,NA,NA,NA,NA,NA,NA,NA,NA,NA,NA,NA,NA,NA,NA,NA,NA,NA,NA,NA,NA,NA,NA,NA,NA,NA,NA,NA,NA,NA,NA,NA,NA,NA,NA,NA,NA,NA,NA,NA,NA,NA,NA,NA,NA,NA,NA,NA,NA,NA,NA,NA,NA,NA,NA,NA,NA,NA,NA,NA,NA,NA,NA,NA,NA,NA,NA,NA,NA,NA,NA,NA,NA,true,TRUE,TRUE,3615.589513882426,3654.851556114283,3615.7348216523555,39.26204223185778,39.26204223185687,8.000000000000139,FALSE,49.953,NA,NA,NA
contaminated_normal,contaminated normal,CN,HT,38,1000,432,0.432,NA,TRUE,TRUE,TRUE,0,NA,-1735.5584603460077,3487.1169206920154,3526.3789629238727,3487.2622284619447,8,118.784,NA,3473.1169206920154,3478.0246759709976,1.000000000000017,NA,HeckmanEM,NA,raw_AIC_BIC_implied_logLik,finite_logLik_no_explicit_code,3,2.664151540530373,-0.33584845946962716,0.4,0.32921025764337714,-0.07078974235662289,NA,NA,NA,NA,NA,NA,NA,NA,NA,NA,NA,NA,NA,NA,-0.7,-0.812936495775102,-0.112936495775102,0.15,0.1501225500424372,1.2255004243721945e-4,1,1.2245406568192632,0.22454065681926316,5,5.06219971897882,0.06219971897882015,1.5,1.6178812907035336,0.1178812907035336,0.8,0.7792770530663319,-0.02072294693366816,39.26204223185732,39.262042231857095,2.2737367544323206e-13,NA,NA,NA,NA,NA,NA,NA,NA,NA,NA,NA,NA,NA,NA,NA,NA,NA,NA,NA,NA,NA,NA,NA,NA,NA,NA,NA,NA,NA,NA,NA,NA,NA,NA,NA,NA,NA,NA,NA,NA,NA,NA,NA,NA,NA,NA,NA,NA,NA,NA,NA,NA,NA,NA,NA,NA,NA,NA,NA,NA,NA,NA,NA,NA,NA,NA,NA,NA,NA,NA,NA,NA,NA,NA,NA,NA,NA,NA,NA,NA,NA,NA,NA,NA,NA,NA,NA,NA,NA,NA,NA,NA,NA,NA,NA,NA,NA,NA,NA,NA,NA,NA,true,TRUE,TRUE,3487.1169206920154,3526.3789629238727,3487.2622284619447,39.26204223185732,39.26204223185732,8.000000000000046,FALSE,118.784,NA,NA,NA
contaminated_normal,contaminated normal,CN,CN,38,1000,432,0.432,NA,TRUE,TRUE,TRUE,0,NA,-1725.0528810280457,3470.1057620560914,3519.1833148459127,3470.3282089721683,10,181.22200000000004,NA,3452.1057620560914,3457.0135173350736,1.000000000000017,NA,HeckmanEM,NA,raw_AIC_BIC_implied_logLik,finite_logLik_no_explicit_code,3,2.8138473808035367,-0.1861526191964633,0.4,0.3069327689721136,-0.09306723102788644,NA,NA,NA,NA,NA,NA,NA,NA,NA,NA,NA,NA,NA,NA,-0.7,-0.7820304475641962,-0.0820304475641962,0.15,0.14250218614827878,-0.00749781385172121,1,1.1722162467634374,0.17221624676343739,5,5.106884080288536,0.1068840802885358,1.5,1.584117263061349,0.08411726306134892,0.8,0.8045754400360079,0.00457544003600784,49.07755278982131,49.07755278982137,-5.684341886080802e-14,NA,NA,NA,NA,NA,NA,NA,NA,NA,NA,NA,NA,NA,NA,NA,NA,NA,NA,NA,NA,NA,NA,NA,NA,NA,NA,NA,NA,NA,NA,NA,NA,NA,NA,NA,NA,NA,NA,NA,NA,NA,NA,NA,NA,NA,NA,NA,NA,NA,NA,NA,NA,NA,NA,NA,NA,NA,NA,NA,NA,NA,NA,NA,NA,NA,NA,NA,NA,NA,NA,NA,NA,NA,NA,NA,NA,NA,NA,NA,NA,NA,NA,NA,NA,NA,NA,NA,NA,NA,NA,NA,NA,NA,NA,NA,NA,NA,NA,NA,NA,NA,NA,true,TRUE,TRUE,3470.1057620560914,3519.1833148459127,3470.3282089721683,49.07755278982131,49.07755278982131,9.999999999999988,FALSE,181.22200000000004,NA,NA,NA
contaminated_normal,contaminated normal,CN,ESN,38,1000,432,0.432,NA,TRUE,TRUE,TRUE,0,CONVERGENCE: REL_REDUCTION_OF_F <= FACTR*EPSMCH,-1787.3068069649105,3596.6136139298205,3650.598921998624,3596.8808204075535,11,16605.05,NA,NA,NA,NA,10,stage2,1799.79346795987;1799.51107787856;1798.73317054025;1799.50091807784;1798.72487941216;1799.50428841114;1799.49480289327;1798.73052072754;1798.71566190493;1789.1394642637;1798.71097309803;1798.71915056399;1799.79782557182;1799.79475641875,proposed_likelihood,stage2,3,5.8328168743715665,2.8328168743715665,0.4,0.21689006887117265,-0.18310993112882737,NA,0.5634817849811926,NA,NA,1.483289985394406,NA,NA,-1.4925821305300957,NA,NA,-1.4925821305300957,NA,NA,NA,-0.7,-1.0829057890269995,-0.3829057890269996,0.15,0.1225020185857531,-0.02749798141424689,1,1.0143956470789115,0.01439564707891172,5,-0.6846747135655747,-5.684674713565575,1.5,1.5503610233222294,0.05036102332222936,0.8,0.7496627414920938,-0.05033725850790627,53.98530806880353,53.985308068803505,2.842170943040401e-14,NA,NA,NA,NA,NA,NA,NA,NA,NA,NA,NA,NA,NA,NA,NA,NA,NA,NA,NA,NA,NA,NA,NA,NA,NA,NA,NA,NA,NA,NA,NA,NA,NA,NA,NA,NA,NA,NA,NA,NA,NA,NA,NA,NA,NA,NA,NA,NA,NA,NA,NA,NA,NA,NA,NA,NA,NA,NA,NA,NA,NA,NA,NA,NA,NA,NA,NA,NA,NA,NA,NA,NA,NA,NA,NA,NA,NA,NA,NA,NA,NA,NA,NA,NA,NA,NA,NA,NA,NA,NA,NA,NA,NA,NA,NA,NA,NA,NA,NA,NA,NA,NA,true,TRUE,TRUE,3596.613613929821,3650.5989219986245,3596.880820407554,53.98530806880353,53.98530806880353,11.000000000000005,FALSE,16605.05,FALSE,TRUE,TRUE
contaminated_normal,contaminated normal,CN,EST,38,1000,432,0.432,NA,TRUE,TRUE,TRUE,0,CONVERGENCE: REL_REDUCTION_OF_F <= FACTR*EPSMCH,-1735.566457216231,3495.1329144324613,3554.025977780247,3495.449023854954,12,18363.453,NA,NA,NA,NA,4,stage2,1735.57195081837;1e+12;1e+12;1735.56645744799;1e+12;1e+12;1735.57475204724;1e+12;1e+12;1735.56929394199;1e+12;1e+12;1735.57501955641;1e+12;1e+12;1735.56918110937;1e+12;1e+12;1735.58076937982;1e+12;1e+12;1735.57082722689;1e+12;1e+12;1735.56807763459;1e+12;1e+12;1735.58742958554;1e+12;1e+12;1735.57609244024;1e+12;1e+12;1735.56706085367;1e+12;1e+12;1735.56880424228;1e+12;1e+12;1735.56930039661;1e+12;1e+12,proposed_likelihood,stage2,3,2.2060921269027323,-0.7939078730972677,0.4,0.18575812971513672,-0.2142418702848633,NA,-0.5122096166600175,NA,NA,0.25562523530999276,NA,NA,-1.4925821305300957,NA,NA,-1.4925821305300957,NA,4,NA,-0.7,-0.02371852144425154,0.6762814785557484,0.15,0.17496273807263185,0.02496273807263185,1,1.4170411428592662,0.4170411428592662,5,4.622889468591676,-0.3771105314083236,1.5,1.6132142454459553,0.11321424544595526,0.8,0.7771331663425135,-0.02286683365748654,58.893063347785755,58.89306334778564,1.1368683772161603e-13,NA,NA,NA,NA,NA,NA,NA,NA,NA,NA,NA,NA,NA,NA,NA,NA,NA,NA,NA,NA,NA,NA,NA,NA,NA,NA,NA,NA,NA,NA,NA,NA,NA,NA,NA,NA,NA,NA,NA,NA,NA,NA,NA,NA,NA,NA,NA,NA,NA,NA,NA,NA,NA,NA,NA,NA,NA,NA,NA,NA,NA,NA,NA,NA,NA,NA,NA,NA,NA,NA,NA,NA,NA,NA,NA,NA,NA,NA,NA,NA,NA,NA,NA,NA,NA,NA,NA,NA,NA,NA,NA,NA,NA,NA,NA,NA,NA,NA,NA,NA,NA,NA,true,TRUE,TRUE,3495.132914432462,3554.0259777802476,3495.4490238549542,58.893063347785755,58.893063347785755,12.000000000000023,FALSE,18363.453,FALSE,FALSE,TRUE
contaminated_normal,contaminated normal,CN,NH,39,1000,409,0.409,NA,TRUE,TRUE,TRUE,0,NA,-1742.513503290184,3501.027006580368,3540.289048812225,3501.1723143502973,8,203.306,NA,3487.027006580368,3491.93476185935,1.000000000000017,NA,HeckmanEM,NA,raw_AIC_BIC_implied_logLik,finite_logLik_no_explicit_code,3,4.674145155454455,1.6741451554544549,0.4,0.6321192611437659,0.2321192611437659,NA,NA,NA,NA,NA,NA,NA,NA,NA,NA,NA,NA,NA,NA,-0.7,-0.6716782246928201,0.02832177530717983,0.15,0.11985569593245832,-0.03014430406754166,1,0.8381465303295944,-0.1618534696704056,5,3.857522972767668,-1.142477027232332,1.5,1.331227674474578,-0.16877232552542187,0.8,0.8042566727982967,0.00425667279829666,39.26204223185687,39.262042231857095,-2.2737367544323206e-13,NA,NA,NA,NA,NA,NA,NA,NA,NA,NA,NA,NA,NA,NA,NA,NA,NA,NA,NA,NA,NA,NA,NA,NA,NA,NA,NA,NA,NA,NA,NA,NA,NA,NA,NA,NA,NA,NA,NA,NA,NA,NA,NA,NA,NA,NA,NA,NA,NA,NA,NA,NA,NA,NA,NA,NA,NA,NA,NA,NA,NA,NA,NA,NA,NA,NA,NA,NA,NA,NA,NA,NA,NA,NA,NA,NA,NA,NA,NA,NA,NA,NA,NA,NA,NA,NA,NA,NA,NA,NA,NA,NA,NA,NA,NA,NA,NA,NA,NA,NA,NA,NA,true,TRUE,TRUE,3501.027006580368,3540.289048812225,3501.1723143502973,39.26204223185687,39.26204223185687,7.999999999999954,FALSE,203.306,NA,NA,NA
contaminated_normal,contaminated normal,CN,HT,39,1000,409,0.409,NA,TRUE,TRUE,TRUE,0,NA,-1678.173393931785,3372.34678786357,3411.608830095427,3372.4920956334995,8,126.231,NA,3358.34678786357,3363.2545431425524,1.000000000000017,NA,HeckmanEM,NA,raw_AIC_BIC_implied_logLik,finite_logLik_no_explicit_code,3,2.549209518747471,-0.45079048125252896,0.4,0.3769813952704787,-0.02301860472952133,NA,NA,NA,NA,NA,NA,NA,NA,NA,NA,NA,NA,NA,NA,-0.7,-0.8340218422573202,-0.13402184225732028,0.15,0.15657993732647923,0.00657993732647924,1,1.0681721367042638,0.06817213670426381,5,5.01262780243342,0.01262780243342032,1.5,1.4524181302967674,-0.04758186970323264,0.8,0.8559815244182318,0.05598152441823179,39.26204223185687,39.262042231857095,-2.2737367544323206e-13,NA,NA,NA,NA,NA,NA,NA,NA,NA,NA,NA,NA,NA,NA,NA,NA,NA,NA,NA,NA,NA,NA,NA,NA,NA,NA,NA,NA,NA,NA,NA,NA,NA,NA,NA,NA,NA,NA,NA,NA,NA,NA,NA,NA,NA,NA,NA,NA,NA,NA,NA,NA,NA,NA,NA,NA,NA,NA,NA,NA,NA,NA,NA,NA,NA,NA,NA,NA,NA,NA,NA,NA,NA,NA,NA,NA,NA,NA,NA,NA,NA,NA,NA,NA,NA,NA,NA,NA,NA,NA,NA,NA,NA,NA,NA,NA,NA,NA,NA,NA,NA,NA,true,TRUE,TRUE,3372.34678786357,3411.608830095427,3372.4920956334995,39.26204223185687,39.26204223185687,7.999999999999954,FALSE,126.231,NA,NA,NA
contaminated_normal,contaminated normal,CN,CN,39,1000,409,0.409,NA,TRUE,TRUE,TRUE,0,NA,-1674.9513758055436,3369.9027516110873,3418.9803044009086,3370.125198527164,10,225.1490000000001,NA,3351.9027516110873,3356.8105068900695,1.000000000000017,NA,HeckmanEM,NA,raw_AIC_BIC_implied_logLik,finite_logLik_no_explicit_code,3,2.935858393984727,-0.06414160601527286,0.4,0.3666450202124772,-0.03335497978752283,NA,NA,NA,NA,NA,NA,NA,NA,NA,NA,NA,NA,NA,NA,-0.7,-0.7719926486235995,-0.07199264862359955,0.15,0.1428044442953875,-0.0071955557046125,1,0.9848677159484746,-0.01513228405152544,5,4.9921634746732595,-0.0078365253267405,1.5,1.4208421611337272,-0.07915783886627281,0.8,0.8583827024264473,0.05838270242644727,49.07755278982131,49.07755278982137,-5.684341886080802e-14,NA,NA,NA,NA,NA,NA,NA,NA,NA,NA,NA,NA,NA,NA,NA,NA,NA,NA,NA,NA,NA,NA,NA,NA,NA,NA,NA,NA,NA,NA,NA,NA,NA,NA,NA,NA,NA,NA,NA,NA,NA,NA,NA,NA,NA,NA,NA,NA,NA,NA,NA,NA,NA,NA,NA,NA,NA,NA,NA,NA,NA,NA,NA,NA,NA,NA,NA,NA,NA,NA,NA,NA,NA,NA,NA,NA,NA,NA,NA,NA,NA,NA,NA,NA,NA,NA,NA,NA,NA,NA,NA,NA,NA,NA,NA,NA,NA,NA,NA,NA,NA,NA,true,TRUE,TRUE,3369.9027516110873,3418.9803044009086,3370.1251985271642,49.07755278982131,49.07755278982131,9.999999999999988,FALSE,225.1490000000001,NA,NA,NA
contaminated_normal,contaminated normal,CN,ESN,39,1000,409,0.409,NA,TRUE,TRUE,TRUE,0,CONVERGENCE: REL_REDUCTION_OF_F <= FACTR*EPSMCH,-1722.579837788359,3467.1596755767187,3521.144983645522,3467.4268820544517,11,16940.257,NA,NA,NA,NA,10,stage2,1738.64136809983;1742.52628899139;1738.41302005534;1742.51371854305;1738.38117855937;1742.45002286507;1742.52370063412;1738.39114913344;1738.40329983838;1722.67632170001;1738.39060640017;1742.5212239884;1738.40312839433;1742.51318001121,proposed_likelihood,stage2,3,6.032104262517291,3.032104262517291,0.4,0.46257942344992026,0.06257942344992024,NA,0.7481935242090187,NA,NA,1.4925821305300957,NA,NA,-1.4925821305300957,NA,NA,-1.4925821305300957,NA,NA,NA,-0.7,-1.193905517619304,-0.4939055176193041,0.15,0.1256921519212474,-0.02430784807875258,1,0.8693191480473984,-0.1306808519526016,5,-1.7514694639681236,-6.751469463968124,1.5,1.325763595954711,-0.17423640404528906,0.8,0.8324391440668313,0.03243914406683124,53.98530806880353,53.985308068803505,2.842170943040401e-14,NA,NA,NA,NA,NA,NA,NA,NA,NA,NA,NA,NA,NA,NA,NA,NA,NA,NA,NA,NA,NA,NA,NA,NA,NA,NA,NA,NA,NA,NA,NA,NA,NA,NA,NA,NA,NA,NA,NA,NA,NA,NA,NA,NA,NA,NA,NA,NA,NA,NA,NA,NA,NA,NA,NA,NA,NA,NA,NA,NA,NA,NA,NA,NA,NA,NA,NA,NA,NA,NA,NA,NA,NA,NA,NA,NA,NA,NA,NA,NA,NA,NA,NA,NA,NA,NA,NA,NA,NA,NA,NA,NA,NA,NA,NA,NA,NA,NA,NA,NA,NA,NA,true,TRUE,TRUE,3467.159675576718,3521.1449836455217,3467.426882054451,53.98530806880353,53.98530806880353,11.000000000000005,FALSE,16940.257,FALSE,TRUE,TRUE
contaminated_normal,contaminated normal,CN,EST,39,1000,409,0.409,NA,TRUE,TRUE,TRUE,0,CONVERGENCE: REL_REDUCTION_OF_F <= FACTR*EPSMCH,-1678.597158482782,3381.194316965564,3440.08738031335,3381.5104263880567,12,19302.417000000005,NA,NA,NA,NA,13,stage2,1678.60393982829;1e+12;1e+12;1678.6060758371;1e+12;1e+12;1678.60589308796;1e+12;1e+12;1678.61241525703;1e+12;1e+12;1678.59819549081;1e+12;1e+12;1678.59725956707;1e+12;1e+12;1678.60058024448;1e+12;1e+12;1678.60902671093;1e+12;1e+12;1678.6044194445;1e+12;1e+12;1678.59945917409;1e+12;1e+12;1678.6093957321;1e+12;1e+12;1678.59982549016;1e+12;1e+12;1678.60197064534;1e+12;1e+12;1678.61567870535;1e+12;1e+12,proposed_likelihood,stage2,3,2.106199282677151,-0.8938007173228488,0.4,0.24594713746831143,-0.1540528625316886,NA,-0.28197440637692806,NA,NA,0.3179144927865063,NA,NA,-1.4925821305300957,NA,NA,-1.4925821305300957,NA,4,NA,-0.7,-0.47236549596708766,0.2276345040329123,0.15,0.1931355829394053,0.04313558293940531,1,1.31577633211794,0.3157763321179399,5,4.190192383340226,-0.8098076166597741,1.5,1.4455367482867207,-0.05446325171327926,0.8,0.8511036204073948,0.0511036204073948,58.893063347785755,58.89306334778564,1.1368683772161603e-13,NA,NA,NA,NA,NA,NA,NA,NA,NA,NA,NA,NA,NA,NA,NA,NA,NA,NA,NA,NA,NA,NA,NA,NA,NA,NA,NA,NA,NA,NA,NA,NA,NA,NA,NA,NA,NA,NA,NA,NA,NA,NA,NA,NA,NA,NA,NA,NA,NA,NA,NA,NA,NA,NA,NA,NA,NA,NA,NA,NA,NA,NA,NA,NA,NA,NA,NA,NA,NA,NA,NA,NA,NA,NA,NA,NA,NA,NA,NA,NA,NA,NA,NA,NA,NA,NA,NA,NA,NA,NA,NA,NA,NA,NA,NA,NA,NA,NA,NA,NA,NA,NA,true,TRUE,TRUE,3381.194316965564,3440.08738031335,3381.5104263880567,58.893063347785755,58.893063347785755,12.000000000000023,FALSE,19302.417000000005,FALSE,FALSE,TRUE
contaminated_normal,contaminated normal,CN,NH,40,1000,454,0.454,NA,TRUE,TRUE,TRUE,0,NA,-1891.4601319060844,3798.9202638121687,3838.1823060440256,3799.065571582098,8,30.151999999999997,NA,3784.9202638121687,3789.828019091151,1.000000000000017,NA,HeckmanEM,NA,raw_AIC_BIC_implied_logLik,finite_logLik_no_explicit_code,3,4.346278890041145,1.3462788900411446,0.4,0.06832865515840349,-0.33167134484159655,NA,NA,NA,NA,NA,NA,NA,NA,NA,NA,NA,NA,NA,NA,-0.7,-0.5570684804999736,0.14293151950002636,0.15,0.14833665658998435,-0.00166334341001564,1,0.8908411470052341,-0.10915885299476592,5,5.750476454806392,0.7504764548063916,1.5,1.8144664795330157,0.31446647953301565,0.8,0.9085020694317328,0.10850206943173268,39.26204223185687,39.262042231857095,-2.2737367544323206e-13,NA,NA,NA,NA,NA,NA,NA,NA,NA,NA,NA,NA,NA,NA,NA,NA,NA,NA,NA,NA,NA,NA,NA,NA,NA,NA,NA,NA,NA,NA,NA,NA,NA,NA,NA,NA,NA,NA,NA,NA,NA,NA,NA,NA,NA,NA,NA,NA,NA,NA,NA,NA,NA,NA,NA,NA,NA,NA,NA,NA,NA,NA,NA,NA,NA,NA,NA,NA,NA,NA,NA,NA,NA,NA,NA,NA,NA,NA,NA,NA,NA,NA,NA,NA,NA,NA,NA,NA,NA,NA,NA,NA,NA,NA,NA,NA,NA,NA,NA,NA,NA,NA,true,TRUE,TRUE,3798.9202638121687,3838.1823060440256,3799.065571582098,39.26204223185687,39.26204223185687,7.999999999999954,FALSE,30.151999999999997,NA,NA,NA
contaminated_normal,contaminated normal,CN,HT,40,1000,454,0.454,NA,TRUE,TRUE,TRUE,0,NA,-1821.085234068116,3658.170468136232,3697.432510368089,3658.315775906161,8,95.261,NA,3644.170468136232,3649.078223415214,1.000000000000017,NA,HeckmanEM,NA,raw_AIC_BIC_implied_logLik,finite_logLik_no_explicit_code,3,2.747667897073942,-0.2523321029260579,0.4,0.17323510674940756,-0.2267648932505925,NA,NA,NA,NA,NA,NA,NA,NA,NA,NA,NA,NA,NA,NA,-0.7,-0.6109446208505621,0.08905537914943784,0.15,0.1689428676043236,0.01894286760432359,1,0.9723173090822322,-0.02768269091776776,5,5.385390073937491,0.3853900739374909,1.5,1.6973605654636126,0.19736056546361255,0.8,0.9235525296151392,0.12355252961513909,39.26204223185687,39.262042231857095,2.2737367544323206e-13,NA,NA,NA,NA,NA,NA,NA,NA,NA,NA,NA,NA,NA,NA,NA,NA,NA,NA,NA,NA,NA,NA,NA,NA,NA,NA,NA,NA,NA,NA,NA,NA,NA,NA,NA,NA,NA,NA,NA,NA,NA,NA,NA,NA,NA,NA,NA,NA,NA,NA,NA,NA,NA,NA,NA,NA,NA,NA,NA,NA,NA,NA,NA,NA,NA,NA,NA,NA,NA,NA,NA,NA,NA,NA,NA,NA,NA,NA,NA,NA,NA,NA,NA,NA,NA,NA,NA,NA,NA,NA,NA,NA,NA,NA,NA,NA,NA,NA,NA,NA,NA,NA,true,TRUE,TRUE,3658.170468136232,3697.4325103680894,3658.3157759061614,39.26204223185687,39.26204223185732,7.999999999999954,FALSE,95.261,NA,NA,NA
contaminated_normal,contaminated normal,CN,CN,40,1000,454,0.454,NA,TRUE,TRUE,TRUE,0,NA,-1815.9976455722856,3651.9952911445703,3701.072843934392,3652.217738060648,10,157.62000000000003,NA,3633.9952911445703,3638.903046423553,1.000000000000017,NA,HeckmanEM,NA,raw_AIC_BIC_implied_logLik,finite_logLik_no_explicit_code,3,2.9990069521279983,-9.930478720017175e-4,0.4,0.1987627161985805,-0.20123728380141956,NA,NA,NA,NA,NA,NA,NA,NA,NA,NA,NA,NA,NA,NA,-0.7,-0.582070155035685,0.11792984496431493,0.15,0.16056115456064454,0.01056115456064454,1,0.9254096090480292,-0.07459039095197084,5,5.31181391212736,0.3118139121273602,1.5,1.7636348776849815,0.26363487768498173,0.8,0.917008986094238,0.11700898609423782,49.07755278982131,49.07755278982137,-5.684341886080802e-14,NA,NA,NA,NA,NA,NA,NA,NA,NA,NA,NA,NA,NA,NA,NA,NA,NA,NA,NA,NA,NA,NA,NA,NA,NA,NA,NA,NA,NA,NA,NA,NA,NA,NA,NA,NA,NA,NA,NA,NA,NA,NA,NA,NA,NA,NA,NA,NA,NA,NA,NA,NA,NA,NA,NA,NA,NA,NA,NA,NA,NA,NA,NA,NA,NA,NA,NA,NA,NA,NA,NA,NA,NA,NA,NA,NA,NA,NA,NA,NA,NA,NA,NA,NA,NA,NA,NA,NA,NA,NA,NA,NA,NA,NA,NA,NA,NA,NA,NA,NA,NA,NA,true,TRUE,TRUE,3651.995291144571,3701.0728439343925,3652.217738060648,49.077552789821766,49.07755278982131,10.000000000000082,FALSE,157.62000000000003,NA,NA,NA
contaminated_normal,contaminated normal,CN,ESN,40,1000,454,0.454,NA,TRUE,TRUE,TRUE,0,CONVERGENCE: REL_REDUCTION_OF_F <= FACTR*EPSMCH,-1866.818104414515,3755.63620882903,3809.621516897833,3755.9034153067623,11,14633.587,NA,NA,NA,NA,4,stage2,1891.46013868059;1868.30819030019;1868.15592376556;1866.81842743363;1891.46025202398;1866.85740906094;1891.17684742096;1872.39449240999;1891.46051476728;1866.83218527537;1891.44887663649;1891.4601940418;1891.46166867909;1891.46013117395,proposed_likelihood,stage2,3,6.020322846094178,3.020322846094178,0.4,0.14669624367925327,-0.25330375632074675,NA,0.29694622847132546,NA,NA,1.4925821305300957,NA,NA,-1.4925821305300957,NA,NA,-1.4925821305300957,NA,NA,NA,-0.7,-0.7757763739108732,-0.07577637391087322,0.15,0.1472431100154398,-0.00275688998456019,1,0.8808181893517066,-0.11918181064829336,5,-1.1921367857892686,-6.192136785789269,1.5,1.846995018911754,0.3469950189117539,0.8,0.9379181208066936,0.13791812080669363,53.98530806880353,53.985308068803505,2.842170943040401e-14,NA,NA,NA,NA,NA,NA,NA,NA,NA,NA,NA,NA,NA,NA,NA,NA,NA,NA,NA,NA,NA,NA,NA,NA,NA,NA,NA,NA,NA,NA,NA,NA,NA,NA,NA,NA,NA,NA,NA,NA,NA,NA,NA,NA,NA,NA,NA,NA,NA,NA,NA,NA,NA,NA,NA,NA,NA,NA,NA,NA,NA,NA,NA,NA,NA,NA,NA,NA,NA,NA,NA,NA,NA,NA,NA,NA,NA,NA,NA,NA,NA,NA,NA,NA,NA,NA,NA,NA,NA,NA,NA,NA,NA,NA,NA,NA,NA,NA,NA,NA,NA,NA,true,TRUE,TRUE,3755.63620882903,3809.6215168978333,3755.903415306763,53.98530806880308,53.98530806880353,10.999999999999913,FALSE,14633.587,FALSE,TRUE,TRUE
contaminated_normal,contaminated normal,CN,EST,40,1000,454,0.454,NA,TRUE,TRUE,TRUE,0,CONVERGENCE: REL_REDUCTION_OF_F <= FACTR*EPSMCH,-1821.2104056491744,3666.420811298349,3725.3138746461345,3666.7369207208417,12,18848.995,NA,NA,NA,NA,4,stage2,1821.21399440067;1e+12;1e+12;1821.2106139159;1e+12;1e+12;1821.21241728317;1e+12;1e+12;1821.21505921692;1e+12;1e+12;1821.224715871;1e+12;1e+12;1821.22352765919;1e+12;1e+12;1821.21941695353;1e+12;1e+12;1821.21824972771;1e+12;1e+12;1821.21765344709;1e+12;1e+12;1821.22381018651;1e+12;1e+12;1821.23304455091;1e+12;1e+12;1821.21147059365;1e+12;1e+12;1821.21341976821;1e+12;1e+12;1821.21450546833;1e+12;1e+12,proposed_likelihood,stage2,3,2.2004277083481982,-0.7995722916518018,0.4,0.1413830258864643,-0.25861697411353574,NA,-0.295210919295716,NA,NA,0.08846810220984766,NA,NA,-1.4055575434614425,NA,NA,-1.4055575434614425,NA,4,NA,-0.7,-0.16147145314806507,0.5385285468519349,0.15,0.2092840969762341,0.0592840969762341,1,1.209765381932647,0.20976538193264704,5,5.2127935807739,0.21279358077389965,1.5,1.7047061006936892,0.2047061006936892,0.8,0.925222610134602,0.125222610134602,58.893063347785755,58.89306334778564,1.1368683772161603e-13,NA,NA,NA,NA,NA,NA,NA,NA,NA,NA,NA,NA,NA,NA,NA,NA,NA,NA,NA,NA,NA,NA,NA,NA,NA,NA,NA,NA,NA,NA,NA,NA,NA,NA,NA,NA,NA,NA,NA,NA,NA,NA,NA,NA,NA,NA,NA,NA,NA,NA,NA,NA,NA,NA,NA,NA,NA,NA,NA,NA,NA,NA,NA,NA,NA,NA,NA,NA,NA,NA,NA,NA,NA,NA,NA,NA,NA,NA,NA,NA,NA,NA,NA,NA,NA,NA,NA,NA,NA,NA,NA,NA,NA,NA,NA,NA,NA,NA,NA,NA,NA,NA,true,TRUE,TRUE,3666.420811298349,3725.3138746461345,3666.7369207208412,58.893063347785755,58.893063347785755,12.000000000000023,FALSE,18848.995,FALSE,FALSE,FALSE
contaminated_normal,contaminated normal,CN,NH,41,1000,457,0.457,NA,TRUE,TRUE,TRUE,0,NA,-1988.1108844719147,3992.2217689438294,4031.4838111756862,3992.3670767137583,8,71.505,NA,3978.2217689438294,3983.129524222811,1.000000000000017,NA,HeckmanEM,NA,raw_AIC_BIC_implied_logLik,finite_logLik_no_explicit_code,3,5.193435815636547,2.1934358156365468,0.4,0.2649680291857945,-0.13503197081420554,NA,NA,NA,NA,NA,NA,NA,NA,NA,NA,NA,NA,NA,NA,-0.7,-0.5972128467964427,0.10278715320355725,0.15,0.1239097693822778,-0.0260902306177222,1,0.9132069060830852,-0.08679309391691492,5,4.959821233786851,-0.04017876621314897,1.5,1.2255038551319544,-0.27449614486804563,0.8,0.8138539325484502,0.01385393254845013,39.26204223185687,39.262042231857095,-2.2737367544323206e-13,NA,NA,NA,NA,NA,NA,NA,NA,NA,NA,NA,NA,NA,NA,NA,NA,NA,NA,NA,NA,NA,NA,NA,NA,NA,NA,NA,NA,NA,NA,NA,NA,NA,NA,NA,NA,NA,NA,NA,NA,NA,NA,NA,NA,NA,NA,NA,NA,NA,NA,NA,NA,NA,NA,NA,NA,NA,NA,NA,NA,NA,NA,NA,NA,NA,NA,NA,NA,NA,NA,NA,NA,NA,NA,NA,NA,NA,NA,NA,NA,NA,NA,NA,NA,NA,NA,NA,NA,NA,NA,NA,NA,NA,NA,NA,NA,NA,NA,NA,NA,NA,NA,true,TRUE,TRUE,3992.2217689438294,4031.4838111756862,3992.3670767137587,39.26204223185687,39.26204223185687,7.999999999999954,FALSE,71.505,NA,NA,NA
contaminated_normal,contaminated normal,CN,HT,41,1000,457,0.457,NA,TRUE,TRUE,TRUE,0,NA,-1891.1550327842704,3798.3100655685407,3837.572107800398,3798.45537333847,8,76.36200000000001,NA,3784.3100655685407,3789.217820847523,1.000000000000017,NA,HeckmanEM,NA,raw_AIC_BIC_implied_logLik,finite_logLik_no_explicit_code,3,2.8494855518678515,-0.15051444813214854,0.4,0.335904099858761,-0.064095900141239,NA,NA,NA,NA,NA,NA,NA,NA,NA,NA,NA,NA,NA,NA,-0.7,-0.7173541505007286,-0.01735415050072863,0.15,0.1487714378743076,-0.00122856212569238,1,1.0886603751314896,0.08866037513148961,5,4.7614637810196925,-0.23853621898030752,1.5,1.5180711819778925,0.01807118197789226,0.8,0.8891861150444025,0.08918611504440244,39.26204223185732,39.262042231857095,2.2737367544323206e-13,NA,NA,NA,NA,NA,NA,NA,NA,NA,NA,NA,NA,NA,NA,NA,NA,NA,NA,NA,NA,NA,NA,NA,NA,NA,NA,NA,NA,NA,NA,NA,NA,NA,NA,NA,NA,NA,NA,NA,NA,NA,NA,NA,NA,NA,NA,NA,NA,NA,NA,NA,NA,NA,NA,NA,NA,NA,NA,NA,NA,NA,NA,NA,NA,NA,NA,NA,NA,NA,NA,NA,NA,NA,NA,NA,NA,NA,NA,NA,NA,NA,NA,NA,NA,NA,NA,NA,NA,NA,NA,NA,NA,NA,NA,NA,NA,NA,NA,NA,NA,NA,NA,true,TRUE,TRUE,3798.3100655685407,3837.572107800398,3798.45537333847,39.26204223185732,39.26204223185732,8.000000000000046,FALSE,76.36200000000001,NA,NA,NA
contaminated_normal,contaminated normal,CN,CN,41,1000,457,0.457,NA,TRUE,TRUE,TRUE,0,NA,-1881.6036830356572,3783.2073660713145,3832.284918861136,3783.4298129873914,10,130.241,NA,3765.2073660713145,3770.1151213502967,1.000000000000017,NA,HeckmanEM,NA,raw_AIC_BIC_implied_logLik,finite_logLik_no_explicit_code,3,2.918415246340323,-0.08158475365967721,0.4,0.3605261574374385,-0.03947384256256153,NA,NA,NA,NA,NA,NA,NA,NA,NA,NA,NA,NA,NA,NA,-0.7,-0.707067603279697,-0.00706760327969702,0.15,0.1455426930910169,-0.0044573069089831,1,1.0793412031301486,0.07934120313014859,5,4.7055479085388185,-0.29445209146118145,1.5,1.5539923755154237,0.05399237551542368,0.8,0.9035580467594296,0.10355804675942948,49.07755278982131,49.07755278982137,-5.684341886080802e-14,NA,NA,NA,NA,NA,NA,NA,NA,NA,NA,NA,NA,NA,NA,NA,NA,NA,NA,NA,NA,NA,NA,NA,NA,NA,NA,NA,NA,NA,NA,NA,NA,NA,NA,NA,NA,NA,NA,NA,NA,NA,NA,NA,NA,NA,NA,NA,NA,NA,NA,NA,NA,NA,NA,NA,NA,NA,NA,NA,NA,NA,NA,NA,NA,NA,NA,NA,NA,NA,NA,NA,NA,NA,NA,NA,NA,NA,NA,NA,NA,NA,NA,NA,NA,NA,NA,NA,NA,NA,NA,NA,NA,NA,NA,NA,NA,NA,NA,NA,NA,NA,NA,true,TRUE,TRUE,3783.2073660713145,3832.284918861136,3783.4298129873914,49.07755278982131,49.07755278982131,9.999999999999988,FALSE,130.241,NA,NA,NA
contaminated_normal,contaminated normal,CN,ESN,41,1000,457,0.457,NA,TRUE,TRUE,TRUE,0,CONVERGENCE: REL_REDUCTION_OF_F <= FACTR*EPSMCH,-1982.5326737514108,3987.0653475028216,4041.050655571625,3987.3325539805546,11,15916.454,NA,NA,NA,NA,1,stage2,1982.53303820462;1988.11102846608;1982.55123493647;1988.08016340718;1982.54034786475;1988.08618537269;1988.08642123028;1982.54758455441;1982.53589131803;1988.0958871868;1982.54054319085;1982.60769734078;1982.58612528886;1988.11088385465,proposed_likelihood,stage2,3,5.970244951912867,2.970244951912867,0.4,0.3641993993194757,-0.03580060068052437,NA,1.4618853459496806,NA,NA,-1.4925821305300957,NA,NA,-1.4925821305300957,NA,NA,-1.4925821305300957,NA,NA,NA,-0.7,-1.235787461203543,-0.5357874612035434,0.15,0.09238904929436696,-0.05761095070563304,1,0.6900573427975971,-0.3099426572024029,5,5.701201069895112,0.7012010698951121,1.5,1.3344075492026646,-0.16559245079733542,0.8,0.8747257384719067,0.07472573847190667,53.98530806880353,53.985308068803505,2.842170943040401e-14,NA,NA,NA,NA,NA,NA,NA,NA,NA,NA,NA,NA,NA,NA,NA,NA,NA,NA,NA,NA,NA,NA,NA,NA,NA,NA,NA,NA,NA,NA,NA,NA,NA,NA,NA,NA,NA,NA,NA,NA,NA,NA,NA,NA,NA,NA,NA,NA,NA,NA,NA,NA,NA,NA,NA,NA,NA,NA,NA,NA,NA,NA,NA,NA,NA,NA,NA,NA,NA,NA,NA,NA,NA,NA,NA,NA,NA,NA,NA,NA,NA,NA,NA,NA,NA,NA,NA,NA,NA,NA,NA,NA,NA,NA,NA,NA,NA,NA,NA,NA,NA,NA,true,TRUE,TRUE,3987.0653475028216,4041.050655571625,3987.3325539805546,53.98530806880353,53.98530806880353,11.000000000000005,FALSE,15916.454,TRUE,TRUE,TRUE
contaminated_normal,contaminated normal,CN,EST,41,1000,457,0.457,NA,TRUE,TRUE,TRUE,0,CONVERGENCE: REL_REDUCTION_OF_F <= FACTR*EPSMCH,-1894.92596954096,3813.85193908192,3872.7450024297054,3814.168048504412,12,16428.489,NA,NA,NA,NA,25,stage2,1894.926022324;1e+12;1e+12;1894.92607458312;1e+12;1e+12;1894.9259937203;1e+12;1e+12;1894.92640090267;1e+12;1e+12;1894.9294049425;1e+12;1e+12;1894.94195543236;1e+12;1e+12;1894.92605561701;1e+12;1e+12;1894.93701244059;1e+12;1e+12;1894.92597032288;1e+12;1e+12;1894.93410159874;1e+12;1e+12;1894.93195484256;1e+12;1e+12;1894.93967388678;1e+12;1e+12;1894.92617904276;1e+12;1e+12;1894.93111130875;1e+12;1e+12,proposed_likelihood,stage2,3,2.309472923669391,-0.6905270763306088,0.4,0.3348238299035247,-0.0651761700964753,NA,0.49218258409560894,NA,NA,0.1719373256479919,NA,NA,-1.4925821305300957,NA,NA,-1.4925821305300957,NA,4,NA,-0.7,-1.7560526441940127,-1.0560526441940128,0.15,0.17215492418631018,0.02215492418631018,1,1.2753798640298677,0.2753798640298677,5,3.5088297642001223,-1.4911702357998775,1.5,1.4952925567264264,-0.00470744327357364,0.8,0.890134213193992,0.09013421319399197,58.893063347785755,58.89306334778564,1.1368683772161603e-13,NA,NA,NA,NA,NA,NA,NA,NA,NA,NA,NA,NA,NA,NA,NA,NA,NA,NA,NA,NA,NA,NA,NA,NA,NA,NA,NA,NA,NA,NA,NA,NA,NA,NA,NA,NA,NA,NA,NA,NA,NA,NA,NA,NA,NA,NA,NA,NA,NA,NA,NA,NA,NA,NA,NA,NA,NA,NA,NA,NA,NA,NA,NA,NA,NA,NA,NA,NA,NA,NA,NA,NA,NA,NA,NA,NA,NA,NA,NA,NA,NA,NA,NA,NA,NA,NA,NA,NA,NA,NA,NA,NA,NA,NA,NA,NA,NA,NA,NA,NA,NA,NA,true,TRUE,TRUE,3813.85193908192,3872.745002429706,3814.1680485044126,58.8930633477853,58.893063347785755,11.99999999999993,FALSE,16428.489,FALSE,FALSE,TRUE
contaminated_normal,contaminated normal,CN,NH,42,1000,456,0.456,NA,TRUE,TRUE,TRUE,0,NA,-1862.3530683732472,3740.706136746495,3779.968178978352,3740.851444516424,8,93.389,NA,3726.706136746495,3731.613892025477,1.000000000000017,NA,HeckmanEM,NA,raw_AIC_BIC_implied_logLik,finite_logLik_no_explicit_code,3,4.244656692686033,1.244656692686033,0.4,0.4352185957516472,0.03521859575164721,NA,NA,NA,NA,NA,NA,NA,NA,NA,NA,NA,NA,NA,NA,-0.7,-0.6094907935545083,0.09050920644549164,0.15,0.15826405840754884,0.00826405840754884,1,0.9249560846418484,-0.07504391535815169,5,5.367190736721155,0.3671907367211551,1.5,1.686686096986011,0.18668609698601069,0.8,0.5088386835538611,-0.29116131644613896,39.26204223185687,39.262042231857095,2.2737367544323206e-13,NA,NA,NA,NA,NA,NA,NA,NA,NA,NA,NA,NA,NA,NA,NA,NA,NA,NA,NA,NA,NA,NA,NA,NA,NA,NA,NA,NA,NA,NA,NA,NA,NA,NA,NA,NA,NA,NA,NA,NA,NA,NA,NA,NA,NA,NA,NA,NA,NA,NA,NA,NA,NA,NA,NA,NA,NA,NA,NA,NA,NA,NA,NA,NA,NA,NA,NA,NA,NA,NA,NA,NA,NA,NA,NA,NA,NA,NA,NA,NA,NA,NA,NA,NA,NA,NA,NA,NA,NA,NA,NA,NA,NA,NA,NA,NA,NA,NA,NA,NA,NA,NA,true,TRUE,TRUE,3740.7061367464944,3779.9681789783517,3740.8514445164237,39.26204223185732,39.26204223185732,8.000000000000046,FALSE,93.389,NA,NA,NA
contaminated_normal,contaminated normal,CN,HT,42,1000,456,0.456,NA,TRUE,TRUE,TRUE,0,NA,-1794.690602546327,3605.381205092654,3644.6432473245113,3605.5265128625833,8,88.629,NA,3591.381205092654,3596.288960371636,1.000000000000017,NA,HeckmanEM,NA,raw_AIC_BIC_implied_logLik,finite_logLik_no_explicit_code,3,2.625514679800256,-0.374485320199744,0.4,0.36489233325836135,-0.03510766674163868,NA,NA,NA,NA,NA,NA,NA,NA,NA,NA,NA,NA,NA,NA,-0.7,-0.6952343997163362,0.00476560028366379,0.15,0.1825695266341512,0.03256952663415122,1,1.0556600155868614,0.0556600155868614,5,5.601794844963873,0.601794844963873,1.5,1.5446506658417607,0.04465066584176069,0.8,0.6421047593699384,-0.15789524063006166,39.26204223185732,39.262042231857095,2.2737367544323206e-13,NA,NA,NA,NA,NA,NA,NA,NA,NA,NA,NA,NA,NA,NA,NA,NA,NA,NA,NA,NA,NA,NA,NA,NA,NA,NA,NA,NA,NA,NA,NA,NA,NA,NA,NA,NA,NA,NA,NA,NA,NA,NA,NA,NA,NA,NA,NA,NA,NA,NA,NA,NA,NA,NA,NA,NA,NA,NA,NA,NA,NA,NA,NA,NA,NA,NA,NA,NA,NA,NA,NA,NA,NA,NA,NA,NA,NA,NA,NA,NA,NA,NA,NA,NA,NA,NA,NA,NA,NA,NA,NA,NA,NA,NA,NA,NA,NA,NA,NA,NA,NA,NA,true,TRUE,TRUE,3605.381205092654,3644.6432473245113,3605.5265128625833,39.26204223185732,39.26204223185732,8.000000000000046,FALSE,88.629,NA,NA,NA
contaminated_normal,contaminated normal,CN,CN,42,1000,456,0.456,NA,TRUE,TRUE,TRUE,0,NA,-1786.3166117641315,3592.633223528263,3641.710776318084,3592.85567044434,10,168.869,NA,3574.633223528263,3579.540978807245,1.000000000000017,NA,HeckmanEM,NA,raw_AIC_BIC_implied_logLik,finite_logLik_no_explicit_code,3,2.717874487802997,-0.2821255121970032,0.4,0.3740200586135892,-0.02597994138641085,NA,NA,NA,NA,NA,NA,NA,NA,NA,NA,NA,NA,NA,NA,-0.7,-0.6696643596371078,0.03033564036289215,0.15,0.17540291028689167,0.02540291028689167,1,1.017831187335622,0.01783118733562205,5,5.623738485266066,0.6237384852660659,1.5,1.5339997231236806,0.0339997231236806,0.8,0.6361760232924358,-0.1638239767075642,49.07755278982131,49.07755278982137,-5.684341886080802e-14,NA,NA,NA,NA,NA,NA,NA,NA,NA,NA,NA,NA,NA,NA,NA,NA,NA,NA,NA,NA,NA,NA,NA,NA,NA,NA,NA,NA,NA,NA,NA,NA,NA,NA,NA,NA,NA,NA,NA,NA,NA,NA,NA,NA,NA,NA,NA,NA,NA,NA,NA,NA,NA,NA,NA,NA,NA,NA,NA,NA,NA,NA,NA,NA,NA,NA,NA,NA,NA,NA,NA,NA,NA,NA,NA,NA,NA,NA,NA,NA,NA,NA,NA,NA,NA,NA,NA,NA,NA,NA,NA,NA,NA,NA,NA,NA,NA,NA,NA,NA,NA,NA,true,TRUE,TRUE,3592.633223528263,3641.7107763180843,3592.85567044434,49.07755278982086,49.07755278982131,9.999999999999895,FALSE,168.869,NA,NA,NA
contaminated_normal,contaminated normal,CN,ESN,42,1000,456,0.456,NA,TRUE,TRUE,TRUE,0,CONVERGENCE: REL_REDUCTION_OF_F <= FACTR*EPSMCH,-1856.4974641225065,3734.994928245013,3788.980236313816,3735.2621347227455,11,16635.113,NA,NA,NA,NA,11,stage2,1856.56540627631;1856.58973008927;1856.5208336641;1862.24513209;1856.49918996826;1862.35317726534;1862.356889341;1856.51831303597;1856.51538809586;1856.80263738917;1856.49775379247;1856.59122402404;1856.56821295148;1862.35306781577,proposed_likelihood,stage2,3,4.820853182035673,1.8208531820356733,0.4,0.3697435570062401,-0.0302564429937599,NA,1.2150412973514562,NA,NA,-1.4925821305300957,NA,NA,-1.4925821305300957,NA,NA,-1.4925821305300957,NA,NA,NA,-0.7,-1.208920932293588,-0.5089209322935879,0.15,0.12693109698697166,-0.02306890301302833,1,0.7469898477496516,-0.2530101522503484,5,7.109301674896507,2.109301674896507,1.5,1.6900804343533296,0.19008043435332955,0.8,0.5148890243682437,-0.28511097563175636,53.98530806880353,53.985308068803505,2.842170943040401e-14,NA,NA,NA,NA,NA,NA,NA,NA,NA,NA,NA,NA,NA,NA,NA,NA,NA,NA,NA,NA,NA,NA,NA,NA,NA,NA,NA,NA,NA,NA,NA,NA,NA,NA,NA,NA,NA,NA,NA,NA,NA,NA,NA,NA,NA,NA,NA,NA,NA,NA,NA,NA,NA,NA,NA,NA,NA,NA,NA,NA,NA,NA,NA,NA,NA,NA,NA,NA,NA,NA,NA,NA,NA,NA,NA,NA,NA,NA,NA,NA,NA,NA,NA,NA,NA,NA,NA,NA,NA,NA,NA,NA,NA,NA,NA,NA,NA,NA,NA,NA,NA,NA,true,TRUE,TRUE,3734.994928245013,3788.9802363138165,3735.262134722746,53.98530806880308,53.98530806880353,10.999999999999913,FALSE,16635.113,FALSE,TRUE,TRUE
contaminated_normal,contaminated normal,CN,EST,42,1000,456,0.456,NA,TRUE,TRUE,TRUE,0,CONVERGENCE: REL_REDUCTION_OF_F <= FACTR*EPSMCH,-1793.5057000411664,3611.011400082333,3669.9044634301185,3611.3275095048257,12,19268.696000000004,NA,NA,NA,NA,1,stage2,1793.50570178387;1e+12;1e+12;1793.50577733585;1e+12;1e+12;1793.53447621314;1e+12;1e+12;1793.55763602266;1e+12;1e+12;1793.51101420282;1e+12;1e+12;1793.50874018988;1e+12;1e+12;1793.51066365789;1e+12;1e+12;1793.50877180312;1e+12;1e+12;1793.5134295536;1e+12;1e+12;1793.50611338885;1e+12;1e+12;1793.51901625329;1e+12;1e+12;1793.50600515051;1e+12;1e+12;1793.50710905968;1e+12;1e+12;1793.50649094903;1e+12;1e+12,proposed_likelihood,stage2,3,2.613803799641547,-0.3861962003584529,0.4,0.5259117604340448,0.12591176043404473,NA,-0.2756939751642652,NA,NA,-0.6098052112567045,NA,NA,-1.3961400207142105,NA,NA,-1.3961400207142105,NA,4,NA,-0.7,-0.3841346926945539,0.31586530730544604,0.15,0.2159762547041968,0.0659762547041968,1,1.2533587982750325,0.25335879827503227,5,8.046067748814885,3.0460677488148846,1.5,1.5576023616996226,0.05760236169962263,0.8,0.6348895917298135,-0.16511040827018653,58.893063347785755,58.89306334778564,1.1368683772161603e-13,NA,NA,NA,NA,NA,NA,NA,NA,NA,NA,NA,NA,NA,NA,NA,NA,NA,NA,NA,NA,NA,NA,NA,NA,NA,NA,NA,NA,NA,NA,NA,NA,NA,NA,NA,NA,NA,NA,NA,NA,NA,NA,NA,NA,NA,NA,NA,NA,NA,NA,NA,NA,NA,NA,NA,NA,NA,NA,NA,NA,NA,NA,NA,NA,NA,NA,NA,NA,NA,NA,NA,NA,NA,NA,NA,NA,NA,NA,NA,NA,NA,NA,NA,NA,NA,NA,NA,NA,NA,NA,NA,NA,NA,NA,NA,NA,NA,NA,NA,NA,NA,NA,true,TRUE,TRUE,3611.011400082333,3669.9044634301185,3611.3275095048252,58.893063347785755,58.893063347785755,12.000000000000023,FALSE,19268.696000000004,FALSE,FALSE,FALSE
contaminated_normal,contaminated normal,CN,NH,43,1000,425,0.425,NA,TRUE,TRUE,TRUE,0,NA,-1836.0225919798495,3688.045183959699,3727.307226191556,3688.190491729628,8,140.419,NA,3674.045183959699,3678.952939238681,1.000000000000017,NA,HeckmanEM,NA,raw_AIC_BIC_implied_logLik,finite_logLik_no_explicit_code,3,5.656462373108202,2.6564623731082024,0.4,0.7701733582303373,0.37017335823033726,NA,NA,NA,NA,NA,NA,NA,NA,NA,NA,NA,NA,NA,NA,-0.7,-0.6085812564464608,0.09141874355353918,0.15,0.1163313124313172,-0.03366868756868278,1,0.7993040955797175,-0.2006959044202825,5,3.0074833454783976,-1.9925166545216024,1.5,1.7084301047028003,0.20843010470280057,0.8,0.7844916872076778,-0.01550831279232223,39.26204223185687,39.262042231857095,-2.2737367544323206e-13,NA,NA,NA,NA,NA,NA,NA,NA,NA,NA,NA,NA,NA,NA,NA,NA,NA,NA,NA,NA,NA,NA,NA,NA,NA,NA,NA,NA,NA,NA,NA,NA,NA,NA,NA,NA,NA,NA,NA,NA,NA,NA,NA,NA,NA,NA,NA,NA,NA,NA,NA,NA,NA,NA,NA,NA,NA,NA,NA,NA,NA,NA,NA,NA,NA,NA,NA,NA,NA,NA,NA,NA,NA,NA,NA,NA,NA,NA,NA,NA,NA,NA,NA,NA,NA,NA,NA,NA,NA,NA,NA,NA,NA,NA,NA,NA,NA,NA,NA,NA,NA,NA,true,TRUE,TRUE,3688.045183959699,3727.307226191556,3688.1904917296283,39.26204223185687,39.26204223185687,7.999999999999954,FALSE,140.419,NA,NA,NA
contaminated_normal,contaminated normal,CN,HT,43,1000,425,0.425,NA,TRUE,TRUE,TRUE,0,NA,-1741.5869943604678,3499.1739887209355,3538.436030952793,3499.319296490865,8,134.40400000000002,NA,3485.1739887209355,3490.0817439999178,1.000000000000017,NA,HeckmanEM,NA,raw_AIC_BIC_implied_logLik,finite_logLik_no_explicit_code,3,2.699685096685504,-0.30031490331449584,0.4,0.4793539274045783,0.07935392740457825,NA,NA,NA,NA,NA,NA,NA,NA,NA,NA,NA,NA,NA,NA,-0.7,-0.8045462844588376,-0.10454628445883762,0.15,0.16491114868383647,0.01491114868383647,1,1.111709587437374,0.11170958743737391,5,4.800035646066178,-0.19996435393382228,1.5,1.7163716511942988,0.2163716511942988,0.8,0.8827736304595236,0.08277363045952357,39.26204223185732,39.262042231857095,2.2737367544323206e-13,NA,NA,NA,NA,NA,NA,NA,NA,NA,NA,NA,NA,NA,NA,NA,NA,NA,NA,NA,NA,NA,NA,NA,NA,NA,NA,NA,NA,NA,NA,NA,NA,NA,NA,NA,NA,NA,NA,NA,NA,NA,NA,NA,NA,NA,NA,NA,NA,NA,NA,NA,NA,NA,NA,NA,NA,NA,NA,NA,NA,NA,NA,NA,NA,NA,NA,NA,NA,NA,NA,NA,NA,NA,NA,NA,NA,NA,NA,NA,NA,NA,NA,NA,NA,NA,NA,NA,NA,NA,NA,NA,NA,NA,NA,NA,NA,NA,NA,NA,NA,NA,NA,true,TRUE,TRUE,3499.1739887209355,3538.436030952793,3499.319296490865,39.26204223185732,39.26204223185732,8.000000000000046,FALSE,134.40400000000002,NA,NA,NA
contaminated_normal,contaminated normal,CN,CN,43,1000,425,0.425,NA,TRUE,TRUE,TRUE,0,NA,-1731.1791212867622,3482.3582425735244,3531.4357953633457,3482.580689489602,10,225.13,NA,3464.3582425735244,3469.265997852506,1.000000000000017,NA,HeckmanEM,NA,raw_AIC_BIC_implied_logLik,finite_logLik_no_explicit_code,3,2.9437297675649625,-0.05627023243503748,0.4,0.5081574493318809,0.10815744933188089,NA,NA,NA,NA,NA,NA,NA,NA,NA,NA,NA,NA,NA,NA,-0.7,-0.7540228072020507,-0.05402280720205077,0.15,0.15455941088388692,0.00455941088388692,1,1.0328422055386215,0.03284220553862171,5,4.71369354219304,-0.28630645780696007,1.5,1.639276617915338,0.13927661791533796,0.8,0.8524765849190056,0.05247658491900553,49.07755278982131,49.07755278982137,-5.684341886080802e-14,NA,NA,NA,NA,NA,NA,NA,NA,NA,NA,NA,NA,NA,NA,NA,NA,NA,NA,NA,NA,NA,NA,NA,NA,NA,NA,NA,NA,NA,NA,NA,NA,NA,NA,NA,NA,NA,NA,NA,NA,NA,NA,NA,NA,NA,NA,NA,NA,NA,NA,NA,NA,NA,NA,NA,NA,NA,NA,NA,NA,NA,NA,NA,NA,NA,NA,NA,NA,NA,NA,NA,NA,NA,NA,NA,NA,NA,NA,NA,NA,NA,NA,NA,NA,NA,NA,NA,NA,NA,NA,NA,NA,NA,NA,NA,NA,NA,NA,NA,NA,NA,NA,true,TRUE,TRUE,3482.3582425735244,3531.4357953633457,3482.5806894896014,49.07755278982131,49.07755278982131,9.999999999999988,FALSE,225.13,NA,NA,NA
contaminated_normal,contaminated normal,CN,ESN,43,1000,425,0.425,NA,TRUE,TRUE,TRUE,0,CONVERGENCE: REL_REDUCTION_OF_F <= FACTR*EPSMCH,-1815.4535577232557,3652.907115446511,3706.8924235153145,3653.174321924244,11,17509.144,NA,NA,NA,NA,6,stage2,1828.4114913212;1828.41254611913;1828.41100949387;1835.99864298562;1828.41044989555;1815.48115122722;1836.04814865365;1828.41972651768;1828.41709386766;1815.458970723;1828.41005882031;1828.41875109223;1828.405575692;1836.02259178757,proposed_likelihood,stage2,3,7.155188422713658,4.155188422713658,0.4,-0.44523079538209137,-0.8452307953820914,NA,-1.491761344250532,NA,NA,1.4925821305300957,NA,NA,-1.4925821305300957,NA,NA,-1.4925821305300957,NA,NA,NA,-0.7,0.21681258639903736,0.9168125863990372,0.15,0.12102461413029658,-0.02897538586970341,1,0.7682691243590649,-0.23173087564093509,5,-0.9183520423928287,-5.918352042392828,1.5,1.6485005429848356,0.14850054298483562,0.8,0.7547211539796264,-0.04527884602037368,53.98530806880353,53.985308068803505,2.842170943040401e-14,NA,NA,NA,NA,NA,NA,NA,NA,NA,NA,NA,NA,NA,NA,NA,NA,NA,NA,NA,NA,NA,NA,NA,NA,NA,NA,NA,NA,NA,NA,NA,NA,NA,NA,NA,NA,NA,NA,NA,NA,NA,NA,NA,NA,NA,NA,NA,NA,NA,NA,NA,NA,NA,NA,NA,NA,NA,NA,NA,NA,NA,NA,NA,NA,NA,NA,NA,NA,NA,NA,NA,NA,NA,NA,NA,NA,NA,NA,NA,NA,NA,NA,NA,NA,NA,NA,NA,NA,NA,NA,NA,NA,NA,NA,NA,NA,NA,NA,NA,NA,NA,NA,true,TRUE,TRUE,3652.9071154465114,3706.892423515315,3653.1743219242444,53.98530806880353,53.98530806880353,11.000000000000005,FALSE,17509.144,TRUE,TRUE,TRUE
contaminated_normal,contaminated normal,CN,EST,43,1000,425,0.425,NA,TRUE,TRUE,TRUE,0,CONVERGENCE: REL_REDUCTION_OF_F <= FACTR*EPSMCH,-1743.4729895483906,3510.9459790967812,3569.839042444567,3511.2620885192737,12,18408.414999999997,NA,NA,NA,NA,1,stage2,1743.47298970932;1e+12;1e+12;1743.47851012273;1e+12;1e+12;1743.47695328847;1e+12;1e+12;1743.47355082588;1e+12;1e+12;1743.47897077668;1e+12;1e+12;1743.47729382667;1e+12;1e+12;1743.47450958373;1e+12;1e+12;1743.47578799688;1e+12;1e+12;1743.47670430047;1e+12;1e+12;1743.48004135746;1e+12;1e+12;1743.47984887008;1e+12;1e+12;1743.47622370905;1e+12;1e+12;1743.47438227173;1e+12;1e+12;1743.47300123849;1e+12;1e+12,proposed_likelihood,stage2,3,2.495475266343658,-0.5045247336563419,0.4,0.4807775826839136,0.0807775826839136,NA,-0.7843540842930399,NA,NA,0.15742951179527967,NA,NA,-1.4925821305300957,NA,NA,-1.4925821305300957,NA,4,NA,-0.7,0.3627624855358212,1.062762485535821,0.15,0.16913909413912495,0.01913909413912495,1,1.115737325137255,0.1157373251372551,5,5.664145983750217,0.6641459837502168,1.5,1.690078790542444,0.19007879054244417,0.8,0.8801012683823246,0.08010126838232456,58.893063347785755,58.89306334778564,1.1368683772161603e-13,NA,NA,NA,NA,NA,NA,NA,NA,NA,NA,NA,NA,NA,NA,NA,NA,NA,NA,NA,NA,NA,NA,NA,NA,NA,NA,NA,NA,NA,NA,NA,NA,NA,NA,NA,NA,NA,NA,NA,NA,NA,NA,NA,NA,NA,NA,NA,NA,NA,NA,NA,NA,NA,NA,NA,NA,NA,NA,NA,NA,NA,NA,NA,NA,NA,NA,NA,NA,NA,NA,NA,NA,NA,NA,NA,NA,NA,NA,NA,NA,NA,NA,NA,NA,NA,NA,NA,NA,NA,NA,NA,NA,NA,NA,NA,NA,NA,NA,NA,NA,NA,NA,true,TRUE,TRUE,3510.9459790967812,3569.839042444567,3511.2620885192737,58.893063347785755,58.893063347785755,12.000000000000023,FALSE,18408.414999999997,FALSE,FALSE,TRUE
contaminated_normal,contaminated normal,CN,NH,44,1000,460,0.46,NA,TRUE,TRUE,TRUE,0,NA,-1896.3298968291256,3808.659793658251,3847.921835890108,3808.805101428181,8,118.706,NA,3794.659793658251,3799.567548937234,1.000000000000017,NA,HeckmanEM,NA,raw_AIC_BIC_implied_logLik,finite_logLik_no_explicit_code,3,4.296693700294067,1.2966937002940666,0.4,0.32379340459876643,-0.07620659540123359,NA,NA,NA,NA,NA,NA,NA,NA,NA,NA,NA,NA,NA,NA,-0.7,-0.6364338097481141,0.06356619025188581,0.15,0.1365492267135121,-0.01345077328648786,1,0.9706526604903022,-0.02934733950969781,5,4.605210321956808,-0.3947896780431917,1.5,1.2740316168918546,-0.22596838310814535,0.8,0.897739553970272,0.097739553970272,39.26204223185687,39.262042231857095,-2.2737367544323206e-13,NA,NA,NA,NA,NA,NA,NA,NA,NA,NA,NA,NA,NA,NA,NA,NA,NA,NA,NA,NA,NA,NA,NA,NA,NA,NA,NA,NA,NA,NA,NA,NA,NA,NA,NA,NA,NA,NA,NA,NA,NA,NA,NA,NA,NA,NA,NA,NA,NA,NA,NA,NA,NA,NA,NA,NA,NA,NA,NA,NA,NA,NA,NA,NA,NA,NA,NA,NA,NA,NA,NA,NA,NA,NA,NA,NA,NA,NA,NA,NA,NA,NA,NA,NA,NA,NA,NA,NA,NA,NA,NA,NA,NA,NA,NA,NA,NA,NA,NA,NA,NA,NA,true,TRUE,TRUE,3808.659793658251,3847.921835890108,3808.8051014281805,39.26204223185687,39.26204223185687,7.999999999999954,FALSE,118.706,NA,NA,NA
contaminated_normal,contaminated normal,CN,HT,44,1000,460,0.46,NA,TRUE,TRUE,TRUE,0,NA,-1807.4986061756724,3630.997212351345,3670.259254583202,3631.142520121274,8,105.939,NA,3616.997212351345,3621.904967630327,1.000000000000017,NA,HeckmanEM,NA,raw_AIC_BIC_implied_logLik,finite_logLik_no_explicit_code,3,2.519396812453221,-0.4806031875467789,0.4,0.2557237111088221,-0.14427628889117794,NA,NA,NA,NA,NA,NA,NA,NA,NA,NA,NA,NA,NA,NA,-0.7,-0.7426005043818519,-0.04260050438185192,0.15,0.1656247590265873,0.0156247590265873,1,1.1402416580228412,0.14024165802284116,5,4.9630987098061325,-0.03690129019386745,1.5,1.404761217782451,-0.09523878221754868,0.8,0.9528079030423297,0.1528079030423296,39.26204223185732,39.262042231857095,2.2737367544323206e-13,NA,NA,NA,NA,NA,NA,NA,NA,NA,NA,NA,NA,NA,NA,NA,NA,NA,NA,NA,NA,NA,NA,NA,NA,NA,NA,NA,NA,NA,NA,NA,NA,NA,NA,NA,NA,NA,NA,NA,NA,NA,NA,NA,NA,NA,NA,NA,NA,NA,NA,NA,NA,NA,NA,NA,NA,NA,NA,NA,NA,NA,NA,NA,NA,NA,NA,NA,NA,NA,NA,NA,NA,NA,NA,NA,NA,NA,NA,NA,NA,NA,NA,NA,NA,NA,NA,NA,NA,NA,NA,NA,NA,NA,NA,NA,NA,NA,NA,NA,NA,NA,NA,true,TRUE,TRUE,3630.997212351345,3670.259254583202,3631.142520121274,39.26204223185732,39.26204223185732,8.000000000000046,FALSE,105.939,NA,NA,NA
contaminated_normal,contaminated normal,CN,CN,44,1000,460,0.46,NA,TRUE,TRUE,TRUE,0,NA,-1796.077638625747,3612.155277251494,3661.232830041316,3612.377724167571,10,70.78600000000003,NA,3594.1552772514947,3599.063032530477,1.000000000000017,NA,HeckmanEM,NA,raw_AIC_BIC_implied_logLik,finite_logLik_no_explicit_code,3,2.7755159651613663,-0.2244840348386337,0.4,0.3292748476633734,-0.07072515233662663,NA,NA,NA,NA,NA,NA,NA,NA,NA,NA,NA,NA,NA,NA,-0.7,-0.7016664887043949,-0.00166648870439489,0.15,0.1543988595470428,0.0043988595470428,1,1.0701466372430226,0.07014663724302261,5,4.800905535040619,-0.19909446495938088,1.5,1.4118881214081844,-0.08811187859181557,0.8,0.9348999334978996,0.13489993349789964,49.07755278982131,49.07755278982137,-5.684341886080802e-14,NA,NA,NA,NA,NA,NA,NA,NA,NA,NA,NA,NA,NA,NA,NA,NA,NA,NA,NA,NA,NA,NA,NA,NA,NA,NA,NA,NA,NA,NA,NA,NA,NA,NA,NA,NA,NA,NA,NA,NA,NA,NA,NA,NA,NA,NA,NA,NA,NA,NA,NA,NA,NA,NA,NA,NA,NA,NA,NA,NA,NA,NA,NA,NA,NA,NA,NA,NA,NA,NA,NA,NA,NA,NA,NA,NA,NA,NA,NA,NA,NA,NA,NA,NA,NA,NA,NA,NA,NA,NA,NA,NA,NA,NA,NA,NA,NA,NA,NA,NA,NA,NA,true,TRUE,TRUE,3612.155277251494,3661.2328300413155,3612.377724167571,49.077552789821766,49.07755278982131,10.000000000000082,FALSE,70.78600000000003,NA,NA,NA
contaminated_normal,contaminated normal,CN,ESN,44,1000,460,0.46,NA,TRUE,TRUE,TRUE,0,CONVERGENCE: REL_REDUCTION_OF_F <= FACTR*EPSMCH,-1880.099954683113,3782.199909366226,3836.1852174350297,3782.467115843959,11,17226.588,NA,NA,NA,NA,6,stage2,1896.32902727704;1896.33115878789;1889.10462964438;1896.33009258384;1889.11632871214;1880.4761055889;1896.3344404263;1889.11967121923;1889.09200949054;1880.10021334063;1889.09151693418;1890.35438894569;1889.22753880158;1896.32989593188,proposed_likelihood,stage2,3,5.961163366948093,2.9611633669480932,0.4,0.1318659968410785,-0.26813400315892155,NA,0.07022291226205168,NA,NA,1.4925821305300957,NA,NA,-1.4925821305300957,NA,NA,-1.4925821305300957,NA,NA,NA,-0.7,-0.6997895720497603,2.1042795023962224e-4,0.15,0.13735607366682503,-0.01264392633317496,1,0.9866362903961748,-0.01336370960382526,5,-1.83650987122162,-6.83650987122162,1.5,1.322294866159833,-0.17770513384016695,0.8,0.9903884783380584,0.1903884783380585,53.98530806880353,53.985308068803505,2.842170943040401e-14,NA,NA,NA,NA,NA,NA,NA,NA,NA,NA,NA,NA,NA,NA,NA,NA,NA,NA,NA,NA,NA,NA,NA,NA,NA,NA,NA,NA,NA,NA,NA,NA,NA,NA,NA,NA,NA,NA,NA,NA,NA,NA,NA,NA,NA,NA,NA,NA,NA,NA,NA,NA,NA,NA,NA,NA,NA,NA,NA,NA,NA,NA,NA,NA,NA,NA,NA,NA,NA,NA,NA,NA,NA,NA,NA,NA,NA,NA,NA,NA,NA,NA,NA,NA,NA,NA,NA,NA,NA,NA,NA,NA,NA,NA,NA,NA,NA,NA,NA,NA,NA,NA,true,TRUE,TRUE,3782.199909366226,3836.1852174350297,3782.467115843959,53.98530806880353,53.98530806880353,11.000000000000005,FALSE,17226.588,FALSE,TRUE,TRUE
contaminated_normal,contaminated normal,CN,EST,44,1000,460,0.46,NA,TRUE,TRUE,TRUE,0,CONVERGENCE: REL_REDUCTION_OF_F <= FACTR*EPSMCH,-1805.7903521801868,3635.5807043603736,3694.4737677081594,3635.896813782866,12,19985.623000000003,NA,NA,NA,NA,34,stage2,1805.79548503896;1e+12;1e+12;1805.80012281447;1e+12;1e+12;1805.79547811796;1e+12;1e+12;1805.80320817085;1e+12;1e+12;1805.80515435286;1e+12;1e+12;1805.79642052964;1e+12;1e+12;1805.79935888845;1e+12;1e+12;1805.80004210725;1e+12;1e+12;1805.81452125231;1e+12;1e+12;1805.7904970051;1e+12;1e+12;1805.80965992383;1e+12;1e+12;1805.79043707748;1e+12;1e+12;1805.8026858681;1e+12;1e+12;1805.79658834399;1e+12;1e+12,proposed_likelihood,stage2,3,2.8994461033678336,-0.1005538966321664,0.4,0.5814347797383377,0.1814347797383377,NA,-0.7063457783025044,NA,NA,-0.6241240518323082,NA,NA,-1.4858329087200894,NA,NA,-1.4858329087200894,NA,4,NA,-0.7,0.1612152442312057,0.8612152442312057,0.15,0.17526373689445873,0.02526373689445873,1,1.196369001659973,0.19636900165997304,5,8.038852637266404,3.0388526372664035,1.5,1.4037096987765354,-0.0962903012234646,0.8,0.9518276675556102,0.15182766755561017,58.893063347785755,58.89306334778564,1.1368683772161603e-13,NA,NA,NA,NA,NA,NA,NA,NA,NA,NA,NA,NA,NA,NA,NA,NA,NA,NA,NA,NA,NA,NA,NA,NA,NA,NA,NA,NA,NA,NA,NA,NA,NA,NA,NA,NA,NA,NA,NA,NA,NA,NA,NA,NA,NA,NA,NA,NA,NA,NA,NA,NA,NA,NA,NA,NA,NA,NA,NA,NA,NA,NA,NA,NA,NA,NA,NA,NA,NA,NA,NA,NA,NA,NA,NA,NA,NA,NA,NA,NA,NA,NA,NA,NA,NA,NA,NA,NA,NA,NA,NA,NA,NA,NA,NA,NA,NA,NA,NA,NA,NA,NA,true,TRUE,TRUE,3635.5807043603736,3694.4737677081594,3635.896813782866,58.893063347785755,58.893063347785755,12.000000000000023,FALSE,19985.623000000003,FALSE,FALSE,TRUE
contaminated_normal,contaminated normal,CN,NH,45,1000,420,0.42,NA,TRUE,TRUE,TRUE,0,NA,-1718.566833923482,3453.1336678469643,3492.395710078821,3453.2789756168936,8,41.468,NA,3439.1336678469643,3444.0414231259465,1.000000000000017,NA,HeckmanEM,NA,raw_AIC_BIC_implied_logLik,finite_logLik_no_explicit_code,3,3.771469925790717,0.7714699257907172,0.4,0.2143260638034288,-0.18567393619657124,NA,NA,NA,NA,NA,NA,NA,NA,NA,NA,NA,NA,NA,NA,-0.7,-0.7012127110781046,-0.00121271107810461,0.15,0.16072921316776873,0.01072921316776873,1,0.9225968367382894,-0.0774031632617106,5,5.3973109353848905,0.3973109353848905,1.5,1.8066327090319545,0.3066327090319545,0.8,0.8450064854326585,0.0450064854326585,39.26204223185687,39.262042231857095,2.2737367544323206e-13,NA,NA,NA,NA,NA,NA,NA,NA,NA,NA,NA,NA,NA,NA,NA,NA,NA,NA,NA,NA,NA,NA,NA,NA,NA,NA,NA,NA,NA,NA,NA,NA,NA,NA,NA,NA,NA,NA,NA,NA,NA,NA,NA,NA,NA,NA,NA,NA,NA,NA,NA,NA,NA,NA,NA,NA,NA,NA,NA,NA,NA,NA,NA,NA,NA,NA,NA,NA,NA,NA,NA,NA,NA,NA,NA,NA,NA,NA,NA,NA,NA,NA,NA,NA,NA,NA,NA,NA,NA,NA,NA,NA,NA,NA,NA,NA,NA,NA,NA,NA,NA,NA,true,TRUE,TRUE,3453.133667846964,3492.395710078821,3453.278975616893,39.26204223185687,39.26204223185732,7.999999999999954,FALSE,41.468,NA,NA,NA
contaminated_normal,contaminated normal,CN,HT,45,1000,420,0.42,NA,TRUE,TRUE,TRUE,0,NA,-1655.3048969741938,3326.6097939483875,3365.871836180245,3326.755101718317,8,103.009,NA,3312.6097939483875,3317.5175492273697,1.000000000000017,NA,HeckmanEM,NA,raw_AIC_BIC_implied_logLik,finite_logLik_no_explicit_code,3,2.5442674207705434,-0.45573257922945665,0.4,0.31216755475666347,-0.08783244524333655,NA,NA,NA,NA,NA,NA,NA,NA,NA,NA,NA,NA,NA,NA,-0.7,-0.7780016500866966,-0.07800165008669668,0.15,0.17941483745952383,0.02941483745952383,1,1.034767846230875,0.03476784623087492,5,5.246281573689,0.24628157368900008,1.5,1.7313023194754478,0.23130231947544777,0.8,0.8916284423729842,0.09162844237298418,39.26204223185732,39.262042231857095,2.2737367544323206e-13,NA,NA,NA,NA,NA,NA,NA,NA,NA,NA,NA,NA,NA,NA,NA,NA,NA,NA,NA,NA,NA,NA,NA,NA,NA,NA,NA,NA,NA,NA,NA,NA,NA,NA,NA,NA,NA,NA,NA,NA,NA,NA,NA,NA,NA,NA,NA,NA,NA,NA,NA,NA,NA,NA,NA,NA,NA,NA,NA,NA,NA,NA,NA,NA,NA,NA,NA,NA,NA,NA,NA,NA,NA,NA,NA,NA,NA,NA,NA,NA,NA,NA,NA,NA,NA,NA,NA,NA,NA,NA,NA,NA,NA,NA,NA,NA,NA,NA,NA,NA,NA,NA,true,TRUE,TRUE,3326.6097939483875,3365.871836180245,3326.755101718317,39.26204223185732,39.26204223185732,8.000000000000046,FALSE,103.009,NA,NA,NA
contaminated_normal,contaminated normal,CN,CN,45,1000,420,0.42,NA,TRUE,TRUE,TRUE,0,NA,-1644.2213173404302,3308.4426346808605,3357.520187470682,3308.6650815969374,10,174.71100000000004,NA,3290.4426346808605,3295.3503899598427,1.000000000000017,NA,HeckmanEM,NA,raw_AIC_BIC_implied_logLik,finite_logLik_no_explicit_code,3,2.7406496626409456,-0.25935033735905444,0.4,0.32360786423461146,-0.07639213576538856,NA,NA,NA,NA,NA,NA,NA,NA,NA,NA,NA,NA,NA,NA,-0.7,-0.7278473494262809,-0.02784734942628097,0.15,0.16764518998959485,0.01764518998959485,1,0.9599274741169818,-0.04007252588301824,5,5.282678823232356,0.2826788232323558,1.5,1.7496093292727175,0.24960932927271773,0.8,0.8553617644519379,0.05536176445193785,49.07755278982131,49.07755278982137,-5.684341886080802e-14,NA,NA,NA,NA,NA,NA,NA,NA,NA,NA,NA,NA,NA,NA,NA,NA,NA,NA,NA,NA,NA,NA,NA,NA,NA,NA,NA,NA,NA,NA,NA,NA,NA,NA,NA,NA,NA,NA,NA,NA,NA,NA,NA,NA,NA,NA,NA,NA,NA,NA,NA,NA,NA,NA,NA,NA,NA,NA,NA,NA,NA,NA,NA,NA,NA,NA,NA,NA,NA,NA,NA,NA,NA,NA,NA,NA,NA,NA,NA,NA,NA,NA,NA,NA,NA,NA,NA,NA,NA,NA,NA,NA,NA,NA,NA,NA,NA,NA,NA,NA,NA,NA,true,TRUE,TRUE,3308.4426346808605,3357.520187470682,3308.6650815969374,49.07755278982131,49.07755278982131,9.999999999999988,FALSE,174.71100000000004,NA,NA,NA
contaminated_normal,contaminated normal,CN,ESN,45,1000,420,0.42,NA,TRUE,TRUE,TRUE,0,CONVERGENCE: REL_REDUCTION_OF_F <= FACTR*EPSMCH,-1709.1152208494375,3440.230441698875,3494.215749767679,3440.4976481766084,11,17108.974,NA,NA,NA,NA,1,stage2,1709.11522761159;1709.14176032709;1709.11853962478;1712.40422796811;1709.1159761588;1712.4072005937;1716.64749299789;1709.11897686339;1709.11564527548;1712.3002426734;1709.11559565687;1709.11532315844;1709.11647749183;1718.56683336496,proposed_likelihood,stage2,3,4.99777991584821,1.99777991584821,0.4,0.2780849541805867,-0.12191504581941331,NA,0.4271495529707781,NA,NA,-1.4925821305300957,NA,NA,-1.4925821305300957,NA,NA,-1.4925821305300957,NA,NA,NA,-0.7,-0.9696527569022744,-0.2696527569022743,0.15,0.15235324232475173,0.00235324232475173,1,0.8494969076509014,-0.15050309234909864,5,9.27387674421265,4.27387674421265,1.5,1.7770655655544378,0.27706556555443784,0.8,0.8407114754518846,0.04071147545188458,53.98530806880353,53.985308068803505,2.842170943040401e-14,NA,NA,NA,NA,NA,NA,NA,NA,NA,NA,NA,NA,NA,NA,NA,NA,NA,NA,NA,NA,NA,NA,NA,NA,NA,NA,NA,NA,NA,NA,NA,NA,NA,NA,NA,NA,NA,NA,NA,NA,NA,NA,NA,NA,NA,NA,NA,NA,NA,NA,NA,NA,NA,NA,NA,NA,NA,NA,NA,NA,NA,NA,NA,NA,NA,NA,NA,NA,NA,NA,NA,NA,NA,NA,NA,NA,NA,NA,NA,NA,NA,NA,NA,NA,NA,NA,NA,NA,NA,NA,NA,NA,NA,NA,NA,NA,NA,NA,NA,NA,NA,NA,true,TRUE,TRUE,3440.230441698875,3494.2157497676785,3440.497648176608,53.98530806880399,53.98530806880353,11.000000000000098,FALSE,17108.974,FALSE,TRUE,TRUE
contaminated_normal,contaminated normal,CN,EST,45,1000,420,0.42,NA,TRUE,TRUE,TRUE,0,CONVERGENCE: REL_REDUCTION_OF_F <= FACTR*EPSMCH,-1652.4427251218383,3328.885450243677,3387.778513591463,3329.2015596661695,12,18484.579,NA,NA,NA,NA,10,stage2,1652.44289883955;1e+12;1e+12;1652.44589624202;1e+12;1e+12;1652.44273722505;1e+12;1e+12;1652.44272568096;1e+12;1e+12;1652.44390972637;1e+12;1e+12;1652.44277709063;1e+12;1e+12;1652.443756686;1e+12;1e+12;1652.46178729391;1e+12;1e+12;1652.44274611185;1e+12;1e+12;1652.44277025891;1e+12;1e+12;1652.56092161186;1e+12;1e+12;1652.44353886663;1e+12;1e+12;1652.44402217635;1e+12;1e+12;1652.44623060106;1e+12;1e+12,proposed_likelihood,stage2,3,3.3164626623023756,0.31646266230237563,0.4,0.5963351512204036,0.19633515122040357,NA,-1.4925821305300957,NA,NA,-0.27916974699442726,NA,NA,0.5301727974634093,NA,NA,0.5301727974634093,NA,4,NA,-0.7,-0.05206565434980126,0.6479343456501987,0.15,0.1411373876296236,-0.00886261237037638,1,0.7765225882741541,-0.2234774117258459,5,6.290630058837857,1.2906300588378574,1.5,1.7758911388970635,0.27589113889706374,0.8,0.8789883069648777,0.07898830696487769,58.893063347785755,58.89306334778564,1.1368683772161603e-13,NA,NA,NA,NA,NA,NA,NA,NA,NA,NA,NA,NA,NA,NA,NA,NA,NA,NA,NA,NA,NA,NA,NA,NA,NA,NA,NA,NA,NA,NA,NA,NA,NA,NA,NA,NA,NA,NA,NA,NA,NA,NA,NA,NA,NA,NA,NA,NA,NA,NA,NA,NA,NA,NA,NA,NA,NA,NA,NA,NA,NA,NA,NA,NA,NA,NA,NA,NA,NA,NA,NA,NA,NA,NA,NA,NA,NA,NA,NA,NA,NA,NA,NA,NA,NA,NA,NA,NA,NA,NA,NA,NA,NA,NA,NA,NA,NA,NA,NA,NA,NA,NA,true,TRUE,TRUE,3328.8854502436766,3387.7785135914623,3329.201559666169,58.893063347785755,58.893063347785755,12.000000000000023,FALSE,18484.579,TRUE,FALSE,FALSE
contaminated_normal,contaminated normal,CN,NH,46,1000,424,0.424,NA,TRUE,TRUE,TRUE,0,NA,-1759.354425137724,3534.708850275448,3573.9708925073055,3534.8541580453775,8,126.678,NA,3520.708850275448,3525.6166055544304,1.000000000000017,NA,HeckmanEM,NA,raw_AIC_BIC_implied_logLik,finite_logLik_no_explicit_code,3,4.043178009873082,1.043178009873082,0.4,0.21051975781251883,-0.1894802421874812,NA,NA,NA,NA,NA,NA,NA,NA,NA,NA,NA,NA,NA,NA,-0.7,-0.7197136431846352,-0.0197136431846352,0.15,0.14664576646563868,-0.00335423353436131,1,0.96507400127044,-0.03492599872956004,5,5.129950832011753,0.12995083201175284,1.5,1.4734131102945274,-0.02658688970547262,0.8,0.9445249380024504,0.14452493800245036,39.26204223185732,39.262042231857095,2.2737367544323206e-13,NA,NA,NA,NA,NA,NA,NA,NA,NA,NA,NA,NA,NA,NA,NA,NA,NA,NA,NA,NA,NA,NA,NA,NA,NA,NA,NA,NA,NA,NA,NA,NA,NA,NA,NA,NA,NA,NA,NA,NA,NA,NA,NA,NA,NA,NA,NA,NA,NA,NA,NA,NA,NA,NA,NA,NA,NA,NA,NA,NA,NA,NA,NA,NA,NA,NA,NA,NA,NA,NA,NA,NA,NA,NA,NA,NA,NA,NA,NA,NA,NA,NA,NA,NA,NA,NA,NA,NA,NA,NA,NA,NA,NA,NA,NA,NA,NA,NA,NA,NA,NA,NA,true,TRUE,TRUE,3534.708850275448,3573.9708925073055,3534.8541580453775,39.26204223185732,39.26204223185732,8.000000000000046,FALSE,126.678,NA,NA,NA
contaminated_normal,contaminated normal,CN,HT,46,1000,424,0.424,NA,TRUE,TRUE,TRUE,0,NA,-1691.1041598866022,3398.2083197732045,3437.470362005062,3398.353627543134,8,127.196,NA,3384.2083197732045,3389.1160750521867,1.000000000000017,NA,HeckmanEM,NA,raw_AIC_BIC_implied_logLik,finite_logLik_no_explicit_code,3,2.577823177109441,-0.42217682289055913,0.4,0.3127774513645021,-0.08722254863549794,NA,NA,NA,NA,NA,NA,NA,NA,NA,NA,NA,NA,NA,NA,-0.7,-0.7926904347439734,-0.09269043474397344,0.15,0.16062651125563976,0.01062651125563976,1,1.0702145833976913,0.07021458339769127,5,4.827624369513493,-0.17237563048650717,1.5,1.464524145192533,-0.03547585480746695,0.8,0.969038846529616,0.1690388465296161,39.26204223185687,39.262042231857095,-2.2737367544323206e-13,NA,NA,NA,NA,NA,NA,NA,NA,NA,NA,NA,NA,NA,NA,NA,NA,NA,NA,NA,NA,NA,NA,NA,NA,NA,NA,NA,NA,NA,NA,NA,NA,NA,NA,NA,NA,NA,NA,NA,NA,NA,NA,NA,NA,NA,NA,NA,NA,NA,NA,NA,NA,NA,NA,NA,NA,NA,NA,NA,NA,NA,NA,NA,NA,NA,NA,NA,NA,NA,NA,NA,NA,NA,NA,NA,NA,NA,NA,NA,NA,NA,NA,NA,NA,NA,NA,NA,NA,NA,NA,NA,NA,NA,NA,NA,NA,NA,NA,NA,NA,NA,NA,true,TRUE,TRUE,3398.2083197732045,3437.4703620050614,3398.353627543134,39.26204223185732,39.26204223185687,8.000000000000046,FALSE,127.196,NA,NA,NA
contaminated_normal,contaminated normal,CN,CN,46,1000,424,0.424,NA,TRUE,TRUE,TRUE,0,NA,-1682.156585097682,3384.313170195364,3433.390722985185,3384.535617111441,10,214.84499999999997,NA,3366.313170195364,3371.220925474346,1.000000000000017,NA,HeckmanEM,NA,raw_AIC_BIC_implied_logLik,finite_logLik_no_explicit_code,3,2.853383002943276,-0.14661699705672415,0.4,0.31909806462089096,-0.08090193537910906,NA,NA,NA,NA,NA,NA,NA,NA,NA,NA,NA,NA,NA,NA,-0.7,-0.7415191137824637,-0.04151911378246376,0.15,0.15186725029172687,0.00186725029172687,1,0.997063619562128,-0.00293638043787192,5,4.856463958267464,-0.14353604173253576,1.5,1.479676241363504,-0.02032375863649593,0.8,0.9270761275407624,0.12707612754076247,49.07755278982131,49.07755278982137,-5.684341886080802e-14,NA,NA,NA,NA,NA,NA,NA,NA,NA,NA,NA,NA,NA,NA,NA,NA,NA,NA,NA,NA,NA,NA,NA,NA,NA,NA,NA,NA,NA,NA,NA,NA,NA,NA,NA,NA,NA,NA,NA,NA,NA,NA,NA,NA,NA,NA,NA,NA,NA,NA,NA,NA,NA,NA,NA,NA,NA,NA,NA,NA,NA,NA,NA,NA,NA,NA,NA,NA,NA,NA,NA,NA,NA,NA,NA,NA,NA,NA,NA,NA,NA,NA,NA,NA,NA,NA,NA,NA,NA,NA,NA,NA,NA,NA,NA,NA,NA,NA,NA,NA,NA,NA,true,TRUE,TRUE,3384.313170195364,3433.390722985185,3384.535617111441,49.07755278982131,49.07755278982131,9.999999999999988,FALSE,214.84499999999997,NA,NA,NA
contaminated_normal,contaminated normal,CN,ESN,46,1000,424,0.424,NA,TRUE,TRUE,TRUE,0,CONVERGENCE: REL_REDUCTION_OF_F <= FACTR*EPSMCH,-1737.867863923814,3497.735727847628,3551.721035916431,3498.002934325361,11,17785.334000000003,NA,NA,NA,NA,10,stage2,1759.35404347858;1742.50900299894;1759.35444901125;1738.56395010826;1759.3544540581;1738.40854422465;1739.60197466293;1738.63198701264;1759.35449267695;1738.38549127779;1758.90180198358;1738.2437179359;1759.35418419642;1759.35442415454,proposed_likelihood,stage2,3,5.582019078752143,2.5820190787521433,0.4,0.11775293972480094,-0.2822470602751991,NA,0.06633349652553885,NA,NA,1.4925821305300957,NA,NA,-1.4925821305300957,NA,NA,-1.4925821305300957,NA,NA,NA,-0.7,-0.7739356923744678,-0.07393569237446784,0.15,0.1471550468211298,-0.0028449531788702,1,0.9693889630844064,-0.03061103691559363,5,-1.0760757345346303,-6.07607573453463,1.5,1.5057718816388952,0.00577188163889519,0.8,0.965710630455466,0.16571063045546597,53.98530806880353,53.985308068803505,2.842170943040401e-14,NA,NA,NA,NA,NA,NA,NA,NA,NA,NA,NA,NA,NA,NA,NA,NA,NA,NA,NA,NA,NA,NA,NA,NA,NA,NA,NA,NA,NA,NA,NA,NA,NA,NA,NA,NA,NA,NA,NA,NA,NA,NA,NA,NA,NA,NA,NA,NA,NA,NA,NA,NA,NA,NA,NA,NA,NA,NA,NA,NA,NA,NA,NA,NA,NA,NA,NA,NA,NA,NA,NA,NA,NA,NA,NA,NA,NA,NA,NA,NA,NA,NA,NA,NA,NA,NA,NA,NA,NA,NA,NA,NA,NA,NA,NA,NA,NA,NA,NA,NA,NA,NA,true,TRUE,TRUE,3497.735727847628,3551.7210359164314,3498.002934325361,53.98530806880308,53.98530806880353,10.999999999999913,FALSE,17785.334000000003,FALSE,TRUE,TRUE
contaminated_normal,contaminated normal,CN,EST,46,1000,424,0.424,NA,TRUE,TRUE,TRUE,0,CONVERGENCE: REL_REDUCTION_OF_F <= FACTR*EPSMCH,-1689.6390072037468,3403.2780144074936,3462.1710777552794,3403.594123829986,12,16443.691000000003,NA,NA,NA,NA,40,stage2,1689.6433939728;1e+12;1e+12;1689.63937883157;1e+12;1e+12;1689.64802851302;1e+12;1e+12;1689.64063779414;1e+12;1e+12;1689.64900606026;1e+12;1e+12;1689.64327671413;1e+12;1e+12;1689.63957668712;1e+12;1e+12;1689.64781580615;1e+12;1e+12;1689.6496971131;1e+12;1e+12;1689.64968309765;1e+12;1e+12;1689.64957697918;1e+12;1e+12;1689.64251037765;1e+12;1e+12;1689.64543212119;1e+12;1e+12;1689.63900895313;1e+12;1e+12,proposed_likelihood,stage2,3,2.7803827028034855,-0.2196172971965145,0.4,0.04263865237548284,-0.3573613476245172,NA,-1.3411702038170912,NA,NA,0.39877961812077745,NA,NA,-0.24164656676579024,NA,NA,-0.24164656676579024,NA,4,NA,-0.7,0.1358679103121943,0.8358679103121943,0.15,0.127021880907369,-0.022978119092631,1,0.8224510123849215,-0.17754898761507854,5,4.575922698417496,-0.42407730158250434,1.5,1.4931837537713553,-0.00681624622864474,0.8,0.9638233379636296,0.1638233379636297,58.893063347785755,58.89306334778564,1.1368683772161603e-13,NA,NA,NA,NA,NA,NA,NA,NA,NA,NA,NA,NA,NA,NA,NA,NA,NA,NA,NA,NA,NA,NA,NA,NA,NA,NA,NA,NA,NA,NA,NA,NA,NA,NA,NA,NA,NA,NA,NA,NA,NA,NA,NA,NA,NA,NA,NA,NA,NA,NA,NA,NA,NA,NA,NA,NA,NA,NA,NA,NA,NA,NA,NA,NA,NA,NA,NA,NA,NA,NA,NA,NA,NA,NA,NA,NA,NA,NA,NA,NA,NA,NA,NA,NA,NA,NA,NA,NA,NA,NA,NA,NA,NA,NA,NA,NA,NA,NA,NA,NA,NA,NA,true,TRUE,TRUE,3403.2780144074936,3462.1710777552794,3403.594123829986,58.893063347785755,58.893063347785755,12.000000000000023,FALSE,16443.691000000003,FALSE,FALSE,FALSE
contaminated_normal,contaminated normal,CN,NH,47,1000,412,0.412,NA,TRUE,TRUE,TRUE,0,NA,-1774.5882198060883,3565.1764396121766,3604.438481844034,3565.321747382106,8,86.57000000000001,NA,3551.1764396121766,3556.084194891159,1.000000000000017,NA,HeckmanEM,NA,raw_AIC_BIC_implied_logLik,finite_logLik_no_explicit_code,3,4.513729457527317,1.513729457527317,0.4,0.4022215148351519,0.00222151483515192,NA,NA,NA,NA,NA,NA,NA,NA,NA,NA,NA,NA,NA,NA,-0.7,-0.657486281831757,0.04251371816824301,0.15,0.1279705240689934,-0.02202947593100659,1,0.8470307374433406,-0.15296926255665944,5,4.394360681308782,-0.6056393186912183,1.5,1.476383902951556,-0.02361609704844403,0.8,0.8897303624907414,0.0897303624907414,39.26204223185732,39.262042231857095,2.2737367544323206e-13,NA,NA,NA,NA,NA,NA,NA,NA,NA,NA,NA,NA,NA,NA,NA,NA,NA,NA,NA,NA,NA,NA,NA,NA,NA,NA,NA,NA,NA,NA,NA,NA,NA,NA,NA,NA,NA,NA,NA,NA,NA,NA,NA,NA,NA,NA,NA,NA,NA,NA,NA,NA,NA,NA,NA,NA,NA,NA,NA,NA,NA,NA,NA,NA,NA,NA,NA,NA,NA,NA,NA,NA,NA,NA,NA,NA,NA,NA,NA,NA,NA,NA,NA,NA,NA,NA,NA,NA,NA,NA,NA,NA,NA,NA,NA,NA,NA,NA,NA,NA,NA,NA,true,TRUE,TRUE,3565.1764396121766,3604.438481844034,3565.321747382106,39.26204223185732,39.26204223185732,8.000000000000046,FALSE,86.57000000000001,NA,NA,NA
contaminated_normal,contaminated normal,CN,HT,47,1000,412,0.412,NA,TRUE,TRUE,TRUE,0,NA,-1718.9351992895113,3453.8703985790225,3493.1324408108794,3454.015706348952,8,135.211,NA,3439.8703985790225,3444.7781538580048,1.000000000000017,NA,HeckmanEM,NA,raw_AIC_BIC_implied_logLik,finite_logLik_no_explicit_code,3,2.809415254646996,-0.19058474535300407,0.4,0.39612161451309846,-0.00387838548690155,NA,NA,NA,NA,NA,NA,NA,NA,NA,NA,NA,NA,NA,NA,-0.7,-0.7537679013160733,-0.05376790131607334,0.15,0.15452032273361535,0.00452032273361535,1,0.9585197554275424,-0.04148024457245747,5,4.532845194661791,-0.4671548053382093,1.5,1.3433043544419654,-0.1566956455580346,0.8,0.9829733779558512,0.1829733779558512,39.26204223185687,39.262042231857095,-2.2737367544323206e-13,NA,NA,NA,NA,NA,NA,NA,NA,NA,NA,NA,NA,NA,NA,NA,NA,NA,NA,NA,NA,NA,NA,NA,NA,NA,NA,NA,NA,NA,NA,NA,NA,NA,NA,NA,NA,NA,NA,NA,NA,NA,NA,NA,NA,NA,NA,NA,NA,NA,NA,NA,NA,NA,NA,NA,NA,NA,NA,NA,NA,NA,NA,NA,NA,NA,NA,NA,NA,NA,NA,NA,NA,NA,NA,NA,NA,NA,NA,NA,NA,NA,NA,NA,NA,NA,NA,NA,NA,NA,NA,NA,NA,NA,NA,NA,NA,NA,NA,NA,NA,NA,NA,true,TRUE,TRUE,3453.8703985790225,3493.1324408108794,3454.015706348952,39.26204223185687,39.26204223185687,7.999999999999954,FALSE,135.211,NA,NA,NA
contaminated_normal,contaminated normal,CN,CN,47,1000,412,0.412,NA,TRUE,TRUE,TRUE,0,NA,-1711.5915096459205,3443.183019291841,3492.2605720816623,3443.405466207918,10,223.965,NA,3425.183019291841,3430.090774570823,1.000000000000017,NA,HeckmanEM,NA,raw_AIC_BIC_implied_logLik,finite_logLik_no_explicit_code,3,3.0464607761779967,0.04646077617799671,0.4,0.3907884258758068,-0.00921157412419321,NA,NA,NA,NA,NA,NA,NA,NA,NA,NA,NA,NA,NA,NA,-0.7,-0.7176960025162765,-0.01769600251627656,0.15,0.14560268358279882,-0.00439731641720117,1,0.9192844533043756,-0.08071554669562431,5,4.475375057357304,-0.5246249426426957,1.5,1.3856763566631216,-0.1143236433368784,0.8,1.0097990536133177,0.20979905361331763,49.07755278982131,49.07755278982137,-5.684341886080802e-14,NA,NA,NA,NA,NA,NA,NA,NA,NA,NA,NA,NA,NA,NA,NA,NA,NA,NA,NA,NA,NA,NA,NA,NA,NA,NA,NA,NA,NA,NA,NA,NA,NA,NA,NA,NA,NA,NA,NA,NA,NA,NA,NA,NA,NA,NA,NA,NA,NA,NA,NA,NA,NA,NA,NA,NA,NA,NA,NA,NA,NA,NA,NA,NA,NA,NA,NA,NA,NA,NA,NA,NA,NA,NA,NA,NA,NA,NA,NA,NA,NA,NA,NA,NA,NA,NA,NA,NA,NA,NA,NA,NA,NA,NA,NA,NA,NA,NA,NA,NA,NA,NA,true,TRUE,TRUE,3443.183019291841,3492.2605720816623,3443.405466207918,49.07755278982131,49.07755278982131,9.999999999999988,FALSE,223.965,NA,NA,NA
contaminated_normal,contaminated normal,CN,ESN,47,1000,412,0.412,NA,TRUE,TRUE,TRUE,0,CONVERGENCE: REL_REDUCTION_OF_F <= FACTR*EPSMCH,-1769.030532525367,3560.061065050734,3614.0463731195377,3560.328271528467,11,17213.245000000003,NA,NA,NA,NA,11,stage2,1769.03219796561;1769.06207760304;1769.03555003161;1774.57518351044;1769.0314893884;1774.56324775719;1774.58875937668;1769.04771072751;1769.03228699756;1769.49437283814;1769.03057666776;1769.08137418714;1769.04943486529;1774.58821941441,proposed_likelihood,stage2,3,5.07161880912293,2.0716188091229304,0.4,0.3847233406741696,-0.01527665932583044,NA,1.4799826005905763,NA,NA,-1.4925821305300957,NA,NA,-1.4925821305300957,NA,NA,-1.4925821305300957,NA,NA,NA,-0.7,-1.295974044643161,-0.595974044643161,0.15,0.1030847581148416,-0.0469152418851584,1,0.6415011565191469,-0.35849884348085315,5,5.281041483387089,0.2810414833870887,1.5,1.4227469889409146,-0.07725301105908544,0.8,0.9015366763247158,0.10153667632471576,53.98530806880353,53.985308068803505,2.842170943040401e-14,NA,NA,NA,NA,NA,NA,NA,NA,NA,NA,NA,NA,NA,NA,NA,NA,NA,NA,NA,NA,NA,NA,NA,NA,NA,NA,NA,NA,NA,NA,NA,NA,NA,NA,NA,NA,NA,NA,NA,NA,NA,NA,NA,NA,NA,NA,NA,NA,NA,NA,NA,NA,NA,NA,NA,NA,NA,NA,NA,NA,NA,NA,NA,NA,NA,NA,NA,NA,NA,NA,NA,NA,NA,NA,NA,NA,NA,NA,NA,NA,NA,NA,NA,NA,NA,NA,NA,NA,NA,NA,NA,NA,NA,NA,NA,NA,NA,NA,NA,NA,NA,NA,true,TRUE,TRUE,3560.061065050734,3614.0463731195377,3560.328271528467,53.98530806880353,53.98530806880353,11.000000000000005,FALSE,17213.245000000003,TRUE,TRUE,TRUE
contaminated_normal,contaminated normal,CN,EST,47,1000,412,0.412,NA,TRUE,TRUE,TRUE,0,CONVERGENCE: REL_REDUCTION_OF_F <= FACTR*EPSMCH,-1718.3161650052307,3460.6323300104614,3519.525393358247,3460.948439432954,12,15103.433999999996,NA,NA,NA,NA,28,stage2,1718.3307649769;1e+12;1e+12;1718.33110636489;1e+12;1e+12;1718.32887479104;1e+12;1e+12;1718.32871144595;1e+12;1e+12;1718.32541323437;1e+12;1e+12;1718.32251311215;1e+12;1e+12;1718.33039635345;1e+12;1e+12;1718.32198992361;1e+12;1e+12;1718.32729832319;1e+12;1e+12;1718.31616765528;1e+12;1e+12;1718.31942122716;1e+12;1e+12;1718.32665028588;1e+12;1e+12;1718.33003644673;1e+12;1e+12;1718.32034414552;1e+12;1e+12,proposed_likelihood,stage2,3,2.781880016796145,-0.21811998320385495,0.4,0.3833079278144414,-0.01669207218555862,NA,1.304327814857671,NA,NA,-0.7546235681223707,NA,NA,-0.08974541804274135,NA,NA,-0.08974541804274135,NA,4,NA,-0.7,-1.284046953732038,-0.5840469537320381,0.15,0.1327121068743116,-0.0172878931256884,1,0.8130265757357077,-0.1869734242642923,5,4.485814980570072,-0.5141850194299282,1.5,1.325991268681211,-0.17400873131878902,0.8,0.9832891442220134,0.18328914422201337,58.893063347785755,58.89306334778564,1.1368683772161603e-13,NA,NA,NA,NA,NA,NA,NA,NA,NA,NA,NA,NA,NA,NA,NA,NA,NA,NA,NA,NA,NA,NA,NA,NA,NA,NA,NA,NA,NA,NA,NA,NA,NA,NA,NA,NA,NA,NA,NA,NA,NA,NA,NA,NA,NA,NA,NA,NA,NA,NA,NA,NA,NA,NA,NA,NA,NA,NA,NA,NA,NA,NA,NA,NA,NA,NA,NA,NA,NA,NA,NA,NA,NA,NA,NA,NA,NA,NA,NA,NA,NA,NA,NA,NA,NA,NA,NA,NA,NA,NA,NA,NA,NA,NA,NA,NA,NA,NA,NA,NA,NA,NA,true,TRUE,TRUE,3460.6323300104614,3519.525393358247,3460.948439432954,58.893063347785755,58.893063347785755,12.000000000000023,FALSE,15103.433999999996,FALSE,FALSE,FALSE
contaminated_normal,contaminated normal,CN,NH,48,1000,469,0.469,NA,TRUE,TRUE,TRUE,0,NA,-1921.1722368557987,3858.3444737115974,3897.6065159434543,3858.4897814815263,8,43.586,NA,3844.3444737115974,3849.252228990579,1.000000000000017,NA,HeckmanEM,NA,raw_AIC_BIC_implied_logLik,finite_logLik_no_explicit_code,3,4.387609740859342,1.3876097408593422,0.4,0.25837477646836515,-0.14162522353163487,NA,NA,NA,NA,NA,NA,NA,NA,NA,NA,NA,NA,NA,NA,-0.7,-0.6428980739125991,0.05710192608740083,0.15,0.14129849866011152,-0.00870150133988847,1,1.079801840283749,0.07980184028374904,5,5.473924098165768,0.4739240981657682,1.5,1.512294854439422,0.01229485443942191,0.8,0.7552269524947541,-0.04477304750524591,39.26204223185732,39.262042231857095,2.2737367544323206e-13,NA,NA,NA,NA,NA,NA,NA,NA,NA,NA,NA,NA,NA,NA,NA,NA,NA,NA,NA,NA,NA,NA,NA,NA,NA,NA,NA,NA,NA,NA,NA,NA,NA,NA,NA,NA,NA,NA,NA,NA,NA,NA,NA,NA,NA,NA,NA,NA,NA,NA,NA,NA,NA,NA,NA,NA,NA,NA,NA,NA,NA,NA,NA,NA,NA,NA,NA,NA,NA,NA,NA,NA,NA,NA,NA,NA,NA,NA,NA,NA,NA,NA,NA,NA,NA,NA,NA,NA,NA,NA,NA,NA,NA,NA,NA,NA,NA,NA,NA,NA,NA,NA,true,TRUE,TRUE,3858.3444737115974,3897.6065159434547,3858.4897814815267,39.26204223185687,39.26204223185732,7.999999999999954,FALSE,43.586,NA,NA,NA
contaminated_normal,contaminated normal,CN,HT,48,1000,469,0.469,NA,TRUE,TRUE,TRUE,0,NA,-1864.688228924904,3745.376457849808,3784.638500081665,3745.521765619737,8,82.52199999999999,NA,3731.376457849808,3736.28421312879,1.000000000000017,NA,HeckmanEM,NA,raw_AIC_BIC_implied_logLik,finite_logLik_no_explicit_code,3,2.7509292186533023,-0.2490707813466977,0.4,0.2529905812216194,-0.14700941877838064,NA,NA,NA,NA,NA,NA,NA,NA,NA,NA,NA,NA,NA,NA,-0.7,-0.7105509861183502,-0.01055098611835025,0.15,0.16068901224863957,0.01068901224863955,1,1.2062244910242674,0.20622449102426743,5,5.46292676958276,0.4629267695827597,1.5,1.4779461225234691,-0.02205387747653087,0.8,0.8248252705558087,0.024825270555808632,39.26204223185687,39.262042231857095,2.2737367544323206e-13,NA,NA,NA,NA,NA,NA,NA,NA,NA,NA,NA,NA,NA,NA,NA,NA,NA,NA,NA,NA,NA,NA,NA,NA,NA,NA,NA,NA,NA,NA,NA,NA,NA,NA,NA,NA,NA,NA,NA,NA,NA,NA,NA,NA,NA,NA,NA,NA,NA,NA,NA,NA,NA,NA,NA,NA,NA,NA,NA,NA,NA,NA,NA,NA,NA,NA,NA,NA,NA,NA,NA,NA,NA,NA,NA,NA,NA,NA,NA,NA,NA,NA,NA,NA,NA,NA,NA,NA,NA,NA,NA,NA,NA,NA,NA,NA,NA,NA,NA,NA,NA,NA,true,TRUE,TRUE,3745.376457849808,3784.6385000816654,3745.5217656197374,39.26204223185687,39.26204223185732,7.999999999999954,FALSE,82.52199999999999,NA,NA,NA
contaminated_normal,contaminated normal,CN,CN,48,1000,469,0.469,NA,TRUE,TRUE,TRUE,0,NA,-1860.586018138682,3741.172036277364,3790.2495890671858,3741.394483193441,10,150.67700000000002,NA,3723.172036277364,3728.079791556346,1.000000000000017,NA,HeckmanEM,NA,raw_AIC_BIC_implied_logLik,finite_logLik_no_explicit_code,3,2.9433602141334028,-0.05663978586659723,0.4,0.2514098011657959,-0.1485901988342041,NA,NA,NA,NA,NA,NA,NA,NA,NA,NA,NA,NA,NA,NA,-0.7,-0.7086388137807218,-0.00863881378072184,0.15,0.15562055026001445,0.00562055026001445,1,1.1908075250123114,0.19080752501231135,5,5.381412402821713,0.38141240282171296,1.5,1.4640546164507595,-0.03594538354924048,0.8,0.8723943377905685,0.07239433779056847,49.07755278982131,49.07755278982137,-5.684341886080802e-14,NA,NA,NA,NA,NA,NA,NA,NA,NA,NA,NA,NA,NA,NA,NA,NA,NA,NA,NA,NA,NA,NA,NA,NA,NA,NA,NA,NA,NA,NA,NA,NA,NA,NA,NA,NA,NA,NA,NA,NA,NA,NA,NA,NA,NA,NA,NA,NA,NA,NA,NA,NA,NA,NA,NA,NA,NA,NA,NA,NA,NA,NA,NA,NA,NA,NA,NA,NA,NA,NA,NA,NA,NA,NA,NA,NA,NA,NA,NA,NA,NA,NA,NA,NA,NA,NA,NA,NA,NA,NA,NA,NA,NA,NA,NA,NA,NA,NA,NA,NA,NA,NA,true,TRUE,TRUE,3741.172036277364,3790.2495890671853,3741.394483193441,49.077552789821766,49.07755278982131,10.000000000000082,FALSE,150.67700000000002,NA,NA,NA
contaminated_normal,contaminated normal,CN,ESN,48,1000,469,0.469,NA,TRUE,TRUE,TRUE,0,CONVERGENCE: REL_REDUCTION_OF_F <= FACTR*EPSMCH,-1919.7593064621915,3861.518612924383,3915.5039209931865,3861.785819402116,11,15537.5,NA,NA,NA,NA,11,stage2,1920.29158050888;1921.13349002931;1919.82649578864;1920.60617773702;1919.76440997186;1920.60061672541;1920.62253982066;1919.79612980506;1919.77363666173;1920.58551169608;1919.75937757018;1921.16933176879;1921.18124824361;1921.17223642877,proposed_likelihood,stage2,3,5.124692244845592,2.1246922448455923,0.4,0.2238822622122918,-0.17611773778770823,NA,1.401199741385716,NA,NA,-1.4925821305300957,NA,NA,-1.4919282246912835,NA,NA,-1.4919282246912835,NA,NA,NA,-0.7,-1.275133393483692,-0.575133393483692,0.15,0.10926760166157344,-0.04073239833842657,1,0.8604931732672083,-0.1395068267327917,5,7.449732608232193,2.4497326082321926,1.5,1.5257471581452375,0.02574715814523753,0.8,0.7895081723777881,-0.0104918276222119,53.98530806880353,53.985308068803505,2.842170943040401e-14,NA,NA,NA,NA,NA,NA,NA,NA,NA,NA,NA,NA,NA,NA,NA,NA,NA,NA,NA,NA,NA,NA,NA,NA,NA,NA,NA,NA,NA,NA,NA,NA,NA,NA,NA,NA,NA,NA,NA,NA,NA,NA,NA,NA,NA,NA,NA,NA,NA,NA,NA,NA,NA,NA,NA,NA,NA,NA,NA,NA,NA,NA,NA,NA,NA,NA,NA,NA,NA,NA,NA,NA,NA,NA,NA,NA,NA,NA,NA,NA,NA,NA,NA,NA,NA,NA,NA,NA,NA,NA,NA,NA,NA,NA,NA,NA,NA,NA,NA,NA,NA,NA,true,TRUE,TRUE,3861.518612924383,3915.5039209931865,3861.785819402116,53.98530806880353,53.98530806880353,11.000000000000005,FALSE,15537.5,FALSE,TRUE,TRUE
contaminated_normal,contaminated normal,CN,EST,48,1000,469,0.469,NA,TRUE,TRUE,TRUE,0,CONVERGENCE: REL_REDUCTION_OF_F <= FACTR*EPSMCH,-1864.3843475783317,3752.768695156663,3811.6617585044487,3753.0848045791554,12,20160.236,NA,NA,NA,NA,16,stage2,1864.41966518134;1e+12;1e+12;1864.42139252876;1e+12;1e+12;1864.38957239638;1e+12;1e+12;1864.39402935546;1e+12;1e+12;1864.39125284697;1e+12;1e+12;1864.38437656419;1e+12;1e+12;1864.41802921064;1e+12;1e+12;1864.38918625734;1e+12;1e+12;1864.39043324117;1e+12;1e+12;1864.42609988667;1e+12;1e+12;1864.41524722424;1e+12;1e+12;1864.39953923559;1e+12;1e+12;1864.3950865371;1e+12;1e+12;1864.40341453094;1e+12;1e+12,proposed_likelihood,stage2,3,2.614879878819381,-0.38512012118061945,0.4,0.27448107691715234,-0.12551892308284768,NA,-1.100615012290142,NA,NA,0.071831560668157,NA,NA,-1.4925821305300957,NA,NA,-1.4925821305300957,NA,4,NA,-0.7,0.6432859859005622,1.343285985900562,0.15,0.14398002792938933,-0.00601997207061066,1,1.1062954422560294,0.10629544225602938,5,6.139677355548983,1.139677355548983,1.5,1.4832456891005703,-0.01675431089942969,0.8,0.8438658808428274,0.04386588084282739,58.893063347785755,58.89306334778564,1.1368683772161603e-13,NA,NA,NA,NA,NA,NA,NA,NA,NA,NA,NA,NA,NA,NA,NA,NA,NA,NA,NA,NA,NA,NA,NA,NA,NA,NA,NA,NA,NA,NA,NA,NA,NA,NA,NA,NA,NA,NA,NA,NA,NA,NA,NA,NA,NA,NA,NA,NA,NA,NA,NA,NA,NA,NA,NA,NA,NA,NA,NA,NA,NA,NA,NA,NA,NA,NA,NA,NA,NA,NA,NA,NA,NA,NA,NA,NA,NA,NA,NA,NA,NA,NA,NA,NA,NA,NA,NA,NA,NA,NA,NA,NA,NA,NA,NA,NA,NA,NA,NA,NA,NA,NA,true,TRUE,TRUE,3752.7686951566634,3811.661758504449,3753.084804579156,58.893063347785755,58.893063347785755,12.000000000000023,FALSE,20160.236,FALSE,FALSE,TRUE
contaminated_normal,contaminated normal,CN,NH,49,1000,447,0.447,NA,TRUE,TRUE,TRUE,0,NA,-1842.0794409093903,3700.1588818187806,3739.420924050638,3700.30418958871,8,100.514,NA,3686.1588818187806,3691.066637097763,1.000000000000017,NA,HeckmanEM,NA,raw_AIC_BIC_implied_logLik,finite_logLik_no_explicit_code,3,4.653885022493271,1.653885022493271,0.4,0.7025581415578646,0.30255814155786454,NA,NA,NA,NA,NA,NA,NA,NA,NA,NA,NA,NA,NA,NA,-0.7,-0.5630934844084684,0.13690651559153155,0.15,0.1354272948032504,-0.0145727051967496,1,0.7542250586355054,-0.24577494136449465,5,3.329421900739592,-1.6705780992604082,1.5,1.1533215372742118,-0.3466784627257882,0.8,0.8776618179759562,0.07766181797595617,39.26204223185732,39.262042231857095,2.2737367544323206e-13,NA,NA,NA,NA,NA,NA,NA,NA,NA,NA,NA,NA,NA,NA,NA,NA,NA,NA,NA,NA,NA,NA,NA,NA,NA,NA,NA,NA,NA,NA,NA,NA,NA,NA,NA,NA,NA,NA,NA,NA,NA,NA,NA,NA,NA,NA,NA,NA,NA,NA,NA,NA,NA,NA,NA,NA,NA,NA,NA,NA,NA,NA,NA,NA,NA,NA,NA,NA,NA,NA,NA,NA,NA,NA,NA,NA,NA,NA,NA,NA,NA,NA,NA,NA,NA,NA,NA,NA,NA,NA,NA,NA,NA,NA,NA,NA,NA,NA,NA,NA,NA,NA,true,TRUE,TRUE,3700.1588818187806,3739.420924050638,3700.30418958871,39.26204223185732,39.26204223185732,8.000000000000046,FALSE,100.514,NA,NA,NA
contaminated_normal,contaminated normal,CN,HT,49,1000,447,0.447,NA,TRUE,TRUE,TRUE,0,NA,-1771.5204015237637,3559.0408030475273,3598.302845279384,3559.1861108174567,8,148.007,NA,3545.0408030475273,3549.9485583265096,1.000000000000017,NA,HeckmanEM,NA,raw_AIC_BIC_implied_logLik,finite_logLik_no_explicit_code,3,2.7232330532506968,-0.27676694674930324,0.4,0.3141966621189982,-0.0858033378810018,NA,NA,NA,NA,NA,NA,NA,NA,NA,NA,NA,NA,NA,NA,-0.7,-0.6989743878182865,0.00102561218171348,0.15,0.1707658792381529,0.0207658792381529,1,0.9751186658907578,-0.0248813341092422,5,5.332272753842345,0.33227275384234467,1.5,1.210179024952075,-0.28982097504792503,0.8,0.7171568461809974,-0.08284315381900265,39.26204223185687,39.262042231857095,-2.2737367544323206e-13,NA,NA,NA,NA,NA,NA,NA,NA,NA,NA,NA,NA,NA,NA,NA,NA,NA,NA,NA,NA,NA,NA,NA,NA,NA,NA,NA,NA,NA,NA,NA,NA,NA,NA,NA,NA,NA,NA,NA,NA,NA,NA,NA,NA,NA,NA,NA,NA,NA,NA,NA,NA,NA,NA,NA,NA,NA,NA,NA,NA,NA,NA,NA,NA,NA,NA,NA,NA,NA,NA,NA,NA,NA,NA,NA,NA,NA,NA,NA,NA,NA,NA,NA,NA,NA,NA,NA,NA,NA,NA,NA,NA,NA,NA,NA,NA,NA,NA,NA,NA,NA,NA,true,TRUE,TRUE,3559.0408030475273,3598.302845279384,3559.1861108174567,39.26204223185687,39.26204223185687,7.999999999999954,FALSE,148.007,NA,NA,NA
contaminated_normal,contaminated normal,CN,CN,49,1000,447,0.447,NA,TRUE,TRUE,TRUE,0,NA,-1765.1003351144825,3550.200670228965,3599.278223018786,3550.4231171450415,10,243.325,NA,3532.200670228965,3537.108425507947,1.000000000000017,NA,HeckmanEM,NA,raw_AIC_BIC_implied_logLik,finite_logLik_no_explicit_code,3,3.1477374174699473,0.14773741746994729,0.4,0.3450585723249445,-0.0549414276750555,NA,NA,NA,NA,NA,NA,NA,NA,NA,NA,NA,NA,NA,NA,-0.7,-0.6507350133505109,0.04926498664948908,0.15,0.1555109592115954,0.00551095921159541,1,0.8997033551762292,-0.10029664482377076,5,5.176842545086118,0.1768425450861182,1.5,1.2046997966286563,-0.29530020337134366,0.8,0.7292179589678992,-0.07078204103210084,49.07755278982131,49.07755278982137,-5.684341886080802e-14,NA,NA,NA,NA,NA,NA,NA,NA,NA,NA,NA,NA,NA,NA,NA,NA,NA,NA,NA,NA,NA,NA,NA,NA,NA,NA,NA,NA,NA,NA,NA,NA,NA,NA,NA,NA,NA,NA,NA,NA,NA,NA,NA,NA,NA,NA,NA,NA,NA,NA,NA,NA,NA,NA,NA,NA,NA,NA,NA,NA,NA,NA,NA,NA,NA,NA,NA,NA,NA,NA,NA,NA,NA,NA,NA,NA,NA,NA,NA,NA,NA,NA,NA,NA,NA,NA,NA,NA,NA,NA,NA,NA,NA,NA,NA,NA,NA,NA,NA,NA,NA,NA,true,TRUE,TRUE,3550.200670228965,3599.2782230187863,3550.423117145042,49.07755278982086,49.07755278982131,9.999999999999895,FALSE,243.325,NA,NA,NA
contaminated_normal,contaminated normal,CN,ESN,49,1000,447,0.447,NA,TRUE,TRUE,TRUE,0,CONVERGENCE: REL_REDUCTION_OF_F <= FACTR*EPSMCH,-1823.8337729439672,3669.6675458879345,3723.652853956738,3669.934752365667,11,17377.293,NA,NA,NA,NA,10,stage2,1836.73483338671;1836.7263522806;1836.71863322248;1836.86705641162;1836.71967450111;1823.834187106;1842.08464358457;1836.72164235272;1836.7203816547;1823.87614972358;1836.73111798593;1836.71338582413;1836.74077775296;1842.07944063919,proposed_likelihood,stage2,3,5.842770341683987,2.8427703416839867,0.4,0.41995385273041014,0.01995385273041011,NA,0.49835001018132374,NA,NA,1.4925821305300957,NA,NA,-1.4925821305300957,NA,NA,-1.4925821305300957,NA,NA,NA,-0.7,-0.9738060543448234,-0.2738060543448234,0.15,0.14558916833821117,-0.00441083166178882,1,0.8413276133019396,-0.1586723866980604,5,-1.7216312873445108,-6.721631287344511,1.5,1.2143675121173692,-0.28563248788263085,0.8,0.7721921148735931,-0.02780788512640697,53.98530806880353,53.985308068803505,2.842170943040401e-14,NA,NA,NA,NA,NA,NA,NA,NA,NA,NA,NA,NA,NA,NA,NA,NA,NA,NA,NA,NA,NA,NA,NA,NA,NA,NA,NA,NA,NA,NA,NA,NA,NA,NA,NA,NA,NA,NA,NA,NA,NA,NA,NA,NA,NA,NA,NA,NA,NA,NA,NA,NA,NA,NA,NA,NA,NA,NA,NA,NA,NA,NA,NA,NA,NA,NA,NA,NA,NA,NA,NA,NA,NA,NA,NA,NA,NA,NA,NA,NA,NA,NA,NA,NA,NA,NA,NA,NA,NA,NA,NA,NA,NA,NA,NA,NA,NA,NA,NA,NA,NA,NA,true,TRUE,TRUE,3669.6675458879345,3723.652853956738,3669.9347523656675,53.98530806880353,53.98530806880353,11.000000000000005,FALSE,17377.293,FALSE,TRUE,TRUE
contaminated_normal,contaminated normal,CN,EST,49,1000,447,0.447,NA,TRUE,TRUE,TRUE,0,CONVERGENCE: REL_REDUCTION_OF_F <= FACTR*EPSMCH,-1769.1647798600532,3562.3295597201063,3621.222623067892,3562.6456691425988,12,18598.956,NA,NA,NA,NA,7,stage2,1769.16623351796;1e+12;1e+12;1769.16484522251;1e+12;1e+12;1769.1647882168;1e+12;1e+12;1769.16616421989;1e+12;1e+12;1769.16694287458;1e+12;1e+12;1769.16529377296;1e+12;1e+12;1769.16517160758;1e+12;1e+12;1769.18149239874;1e+12;1e+12;1769.16678937409;1e+12;1e+12;1769.16480200118;1e+12;1e+12;1769.19890739393;1e+12;1e+12;1769.17818079859;1e+12;1e+12;1769.16861690755;1e+12;1e+12;1769.23045478866;1e+12;1e+12,proposed_likelihood,stage2,3,3.482096714069976,0.4820967140699759,0.4,0.621025195179043,0.22102519517904295,NA,-1.4772713143515603,NA,NA,-0.2485306295598448,NA,NA,-0.33906999996864245,NA,NA,-0.33906999996864245,NA,4,NA,-0.7,0.27866278921507387,0.978662789215074,0.15,0.1305767545027653,-0.0194232454972347,1,0.7376952354486964,-0.2623047645513036,5,7.10011400435571,2.10011400435571,1.5,1.192814871495422,-0.3071851285045779,0.8,0.7334692548792671,-0.06653074512073298,58.893063347785755,58.89306334778564,1.1368683772161603e-13,NA,NA,NA,NA,NA,NA,NA,NA,NA,NA,NA,NA,NA,NA,NA,NA,NA,NA,NA,NA,NA,NA,NA,NA,NA,NA,NA,NA,NA,NA,NA,NA,NA,NA,NA,NA,NA,NA,NA,NA,NA,NA,NA,NA,NA,NA,NA,NA,NA,NA,NA,NA,NA,NA,NA,NA,NA,NA,NA,NA,NA,NA,NA,NA,NA,NA,NA,NA,NA,NA,NA,NA,NA,NA,NA,NA,NA,NA,NA,NA,NA,NA,NA,NA,NA,NA,NA,NA,NA,NA,NA,NA,NA,NA,NA,NA,NA,NA,NA,NA,NA,NA,true,TRUE,TRUE,3562.3295597201063,3621.222623067892,3562.6456691425988,58.893063347785755,58.893063347785755,12.000000000000023,FALSE,18598.956,TRUE,FALSE,FALSE
contaminated_normal,contaminated normal,CN,NH,50,1000,424,0.424,NA,TRUE,TRUE,TRUE,0,NA,-1799.1069881306212,3614.2139762612424,3653.476018493099,3614.359284031172,8,45.102,NA,3600.2139762612424,3605.1217315402246,1.000000000000017,NA,HeckmanEM,NA,raw_AIC_BIC_implied_logLik,finite_logLik_no_explicit_code,3,4.391816199928486,1.3918161999284857,0.4,0.1286309760832032,-0.27136902391679685,NA,NA,NA,NA,NA,NA,NA,NA,NA,NA,NA,NA,NA,NA,-0.7,-0.7419936960887772,-0.04199369608877723,0.15,0.14424633600999293,-0.00575366399000706,1,0.9892850597007404,-0.01071494029925967,5,6.3977586873908505,1.3977586873908503,1.5,1.4911870789760198,-0.00881292102398023,0.8,0.4050916106524071,-0.3949083893475929,39.26204223185687,39.262042231857095,-2.2737367544323206e-13,NA,NA,NA,NA,NA,NA,NA,NA,NA,NA,NA,NA,NA,NA,NA,NA,NA,NA,NA,NA,NA,NA,NA,NA,NA,NA,NA,NA,NA,NA,NA,NA,NA,NA,NA,NA,NA,NA,NA,NA,NA,NA,NA,NA,NA,NA,NA,NA,NA,NA,NA,NA,NA,NA,NA,NA,NA,NA,NA,NA,NA,NA,NA,NA,NA,NA,NA,NA,NA,NA,NA,NA,NA,NA,NA,NA,NA,NA,NA,NA,NA,NA,NA,NA,NA,NA,NA,NA,NA,NA,NA,NA,NA,NA,NA,NA,NA,NA,NA,NA,NA,NA,true,TRUE,TRUE,3614.2139762612424,3653.476018493099,3614.3592840311717,39.26204223185687,39.26204223185687,7.999999999999954,FALSE,45.102,NA,NA,NA
contaminated_normal,contaminated normal,CN,HT,50,1000,424,0.424,NA,TRUE,TRUE,TRUE,0,NA,-1730.3866746294798,3476.7733492589596,3516.0353914908164,3476.918657028889,8,148.91,NA,3462.7733492589596,3467.681104537942,1.000000000000017,NA,HeckmanEM,NA,raw_AIC_BIC_implied_logLik,finite_logLik_no_explicit_code,3,2.796544267281611,-0.20345573271838904,0.4,0.40075926840248216,7.592684024821383e-4,NA,NA,NA,NA,NA,NA,NA,NA,NA,NA,NA,NA,NA,NA,-0.7,-0.8126354513800079,-0.11263545138000795,0.15,0.16489118611782017,0.01489118611782017,1,1.0779599975826633,0.07795999758266325,5,5.08169349741851,0.0816934974185104,1.5,1.490995057935092,-0.00900494206490787,0.8,0.6033625899823806,-0.19663741001761947,39.26204223185687,39.262042231857095,-2.2737367544323206e-13,NA,NA,NA,NA,NA,NA,NA,NA,NA,NA,NA,NA,NA,NA,NA,NA,NA,NA,NA,NA,NA,NA,NA,NA,NA,NA,NA,NA,NA,NA,NA,NA,NA,NA,NA,NA,NA,NA,NA,NA,NA,NA,NA,NA,NA,NA,NA,NA,NA,NA,NA,NA,NA,NA,NA,NA,NA,NA,NA,NA,NA,NA,NA,NA,NA,NA,NA,NA,NA,NA,NA,NA,NA,NA,NA,NA,NA,NA,NA,NA,NA,NA,NA,NA,NA,NA,NA,NA,NA,NA,NA,NA,NA,NA,NA,NA,NA,NA,NA,NA,NA,NA,true,TRUE,TRUE,3476.7733492589596,3516.0353914908164,3476.918657028889,39.26204223185687,39.26204223185687,7.999999999999954,FALSE,148.91,NA,NA,NA
contaminated_normal,contaminated normal,CN,CN,50,1000,424,0.424,NA,TRUE,TRUE,TRUE,0,NA,-1727.3470987602311,3474.6941975204622,3523.7717503102836,3474.916644436539,10,248.80900000000003,NA,3456.6941975204622,3461.6019527994445,1.000000000000017,NA,HeckmanEM,NA,raw_AIC_BIC_implied_logLik,finite_logLik_no_explicit_code,3,3.0516749777577443,0.05167497775774432,0.4,0.34272822520656554,-0.05727177479343448,NA,NA,NA,NA,NA,NA,NA,NA,NA,NA,NA,NA,NA,NA,-0.7,-0.7885636707121475,-0.08856367071214755,0.15,0.1562954284183837,0.0062954284183837,1,1.046702183799423,0.04670218379942303,5,5.334027007815708,0.33402700781570793,1.5,1.386304678437716,-0.113695321562284,0.8,0.5448257938378466,-0.25517420616215347,49.07755278982131,49.07755278982137,-5.684341886080802e-14,NA,NA,NA,NA,NA,NA,NA,NA,NA,NA,NA,NA,NA,NA,NA,NA,NA,NA,NA,NA,NA,NA,NA,NA,NA,NA,NA,NA,NA,NA,NA,NA,NA,NA,NA,NA,NA,NA,NA,NA,NA,NA,NA,NA,NA,NA,NA,NA,NA,NA,NA,NA,NA,NA,NA,NA,NA,NA,NA,NA,NA,NA,NA,NA,NA,NA,NA,NA,NA,NA,NA,NA,NA,NA,NA,NA,NA,NA,NA,NA,NA,NA,NA,NA,NA,NA,NA,NA,NA,NA,NA,NA,NA,NA,NA,NA,NA,NA,NA,NA,NA,NA,true,TRUE,TRUE,3474.6941975204622,3523.7717503102836,3474.916644436539,49.07755278982131,49.07755278982131,9.999999999999988,FALSE,248.80900000000003,NA,NA,NA
contaminated_normal,contaminated normal,CN,ESN,50,1000,424,0.424,NA,TRUE,TRUE,TRUE,0,CONVERGENCE: REL_REDUCTION_OF_F <= FACTR*EPSMCH,-1769.8842489902086,3561.768497980417,3615.7538060492207,3562.03570445815,11,13746.228,NA,NA,NA,NA,10,stage2,1799.10705243099;1798.88599687617;1799.10761407583;1798.87940301792;1799.10725007208;1769.88484798709;1798.88201647882;1799.1124463902;1799.10907907595;1769.91269964259;1799.09890284333;1799.10707154984;1799.10700600883;1799.10698740734,proposed_likelihood,stage2,3,6.042365441902922,3.0423654419029216,0.4,0.4313613428049294,0.03136134280492936,NA,0.9893010549154916,NA,NA,1.4925821305300957,NA,NA,-1.4925821305300957,NA,NA,-1.4925821305300957,NA,NA,NA,-0.7,-1.2979932150507305,-0.5979932150507303,0.15,0.13096572652063224,-0.01903427347936775,1,0.8951790048440751,-0.10482099515592493,5,-0.7636988616544709,-5.763698861654471,1.5,1.4960001577045157,-0.00399984229548433,0.8,0.5231093088961936,-0.2768906911038065,53.98530806880353,53.985308068803505,2.842170943040401e-14,NA,NA,NA,NA,NA,NA,NA,NA,NA,NA,NA,NA,NA,NA,NA,NA,NA,NA,NA,NA,NA,NA,NA,NA,NA,NA,NA,NA,NA,NA,NA,NA,NA,NA,NA,NA,NA,NA,NA,NA,NA,NA,NA,NA,NA,NA,NA,NA,NA,NA,NA,NA,NA,NA,NA,NA,NA,NA,NA,NA,NA,NA,NA,NA,NA,NA,NA,NA,NA,NA,NA,NA,NA,NA,NA,NA,NA,NA,NA,NA,NA,NA,NA,NA,NA,NA,NA,NA,NA,NA,NA,NA,NA,NA,NA,NA,NA,NA,NA,NA,NA,NA,true,TRUE,TRUE,3561.768497980417,3615.7538060492207,3562.03570445815,53.98530806880353,53.98530806880353,11.000000000000005,FALSE,13746.228,FALSE,TRUE,TRUE
contaminated_normal,contaminated normal,CN,EST,50,1000,424,0.424,NA,TRUE,TRUE,TRUE,0,CONVERGENCE: REL_REDUCTION_OF_F <= FACTR*EPSMCH,-1727.2936162168824,3478.5872324337647,3537.4802957815505,3478.903341856257,12,18693.928000000004,NA,NA,NA,NA,25,stage2,1727.29693819297;1e+12;1e+12;1727.30118728015;1e+12;1e+12;1727.29427493312;1e+12;1e+12;1727.30042489727;1e+12;1e+12;1727.29438583924;1e+12;1e+12;1727.30707000617;1e+12;1e+12;1727.2944404173;1e+12;1e+12;1727.2977183182;1e+12;1e+12;1727.2936185902;1e+12;1e+12;1727.34390844188;1e+12;1e+12;1727.33834104247;1e+12;1e+12;1727.298232329;1e+12;1e+12;1727.29424907043;1e+12;1e+12;1727.3002584024;1e+12;1e+12,proposed_likelihood,stage2,3,3.148497753150609,0.14849775315060887,0.4,-0.206753229526307,-0.6067532295263071,NA,-1.0052851322026064,NA,NA,0.958089355656066,NA,NA,-1.4925821305300957,NA,NA,-1.4925821305300957,NA,4,NA,-0.7,0.14267736824346036,0.8426773682434603,0.15,0.1636570101245907,0.01365701012459069,1,1.0785988994597229,0.07859889945972287,5,2.3478862527944635,-2.6521137472055365,1.5,1.5131055355944,0.01310553559440008,0.8,0.6220539954566487,-0.1779460045433513,58.893063347785755,58.89306334778564,1.1368683772161603e-13,NA,NA,NA,NA,NA,NA,NA,NA,NA,NA,NA,NA,NA,NA,NA,NA,NA,NA,NA,NA,NA,NA,NA,NA,NA,NA,NA,NA,NA,NA,NA,NA,NA,NA,NA,NA,NA,NA,NA,NA,NA,NA,NA,NA,NA,NA,NA,NA,NA,NA,NA,NA,NA,NA,NA,NA,NA,NA,NA,NA,NA,NA,NA,NA,NA,NA,NA,NA,NA,NA,NA,NA,NA,NA,NA,NA,NA,NA,NA,NA,NA,NA,NA,NA,NA,NA,NA,NA,NA,NA,NA,NA,NA,NA,NA,NA,NA,NA,NA,NA,NA,NA,true,TRUE,TRUE,3478.5872324337647,3537.4802957815505,3478.903341856257,58.893063347785755,58.893063347785755,12.000000000000023,FALSE,18693.928000000004,FALSE,FALSE,TRUE
