scenario,scenario_label,dgp_family,fit_family,rep,n,n_selected,selection_rate,hidden_acceptance_rate,success,finite_fit,regular_convergence,convergence,message,logLik,AIC,BIC,AICc,k_params,seconds,em_iterations,raw_package_AIC,raw_package_BIC,k_package_implied,start_id,stage,all_stage1_values,criteria_source,conv_source,sigmaY_true,sigmaY_hat,sigmaY_bias,rho_true,rho_hat,rho_bias,etaS_true,etaS_hat,etaS_bias,etaY_true,etaY_hat,etaY_bias,tau_bar_true,tau_bar_hat,tau_bar_bias,alpha_legacy_true,alpha_legacy_hat,nu_true,nu_hat,nu_bias,betaSel_1_true,betaSel_1_hat,betaSel_1_bias,betaSel_2_true,betaSel_2_hat,betaSel_2_bias,betaSel_3_true,betaSel_3_hat,betaSel_3_bias,betaOut_1_true,betaOut_1_hat,betaOut_1_bias,betaOut_2_true,betaOut_2_hat,betaOut_2_bias,betaOut_3_true,betaOut_3_hat,betaOut_3_bias,BIC_minus_AIC,expected_BIC_minus_AIC,IC_gap_error,betaSel_4_true,betaSel_5_true,betaSel_6_true,betaSel_7_true,betaSel_8_true,betaSel_9_true,betaSel_10_true,betaSel_11_true,betaSel_12_true,betaSel_13_true,betaSel_14_true,betaSel_15_true,betaSel_16_true,betaSel_17_true,betaSel_18_true,betaSel_19_true,betaSel_20_true,betaSel_4_hat,betaSel_5_hat,betaSel_6_hat,betaSel_7_hat,betaSel_8_hat,betaSel_9_hat,betaSel_10_hat,betaSel_11_hat,betaSel_12_hat,betaSel_13_hat,betaSel_14_hat,betaSel_15_hat,betaSel_16_hat,betaSel_17_hat,betaSel_18_hat,betaSel_19_hat,betaSel_20_hat,betaSel_4_bias,betaSel_5_bias,betaSel_6_bias,betaSel_7_bias,betaSel_8_bias,betaSel_9_bias,betaSel_10_bias,betaSel_11_bias,betaSel_12_bias,betaSel_13_bias,betaSel_14_bias,betaSel_15_bias,betaSel_16_bias,betaSel_17_bias,betaSel_18_bias,betaSel_19_bias,betaSel_20_bias,betaOut_4_true,betaOut_5_true,betaOut_6_true,betaOut_7_true,betaOut_8_true,betaOut_9_true,betaOut_10_true,betaOut_11_true,betaOut_12_true,betaOut_13_true,betaOut_14_true,betaOut_15_true,betaOut_16_true,betaOut_17_true,betaOut_18_true,betaOut_19_true,betaOut_20_true,betaOut_4_hat,betaOut_5_hat,betaOut_6_hat,betaOut_7_hat,betaOut_8_hat,betaOut_9_hat,betaOut_10_hat,betaOut_11_hat,betaOut_12_hat,betaOut_13_hat,betaOut_14_hat,betaOut_15_hat,betaOut_16_hat,betaOut_17_hat,betaOut_18_hat,betaOut_19_hat,betaOut_20_hat,betaOut_4_bias,betaOut_5_bias,betaOut_6_bias,betaOut_7_bias,betaOut_8_bias,betaOut_9_bias,betaOut_10_bias,betaOut_11_bias,betaOut_12_bias,betaOut_13_bias,betaOut_14_bias,betaOut_15_bias,betaOut_16_bias,betaOut_17_bias,betaOut_18_bias,betaOut_19_bias,betaOut_20_bias,success_chr,success_bool,converged_regular,AIC_correct,BIC_correct,AICc_correct,raw_BIC_minus_AIC,corrected_BIC_minus_AIC,k_implied_by_raw_BIC,raw_ic_has_wrong_k,seconds_correct,etaS_near_boundary,etaY_near_boundary,tau_near_boundary
skewness_heavy_tails,skewness and heavy tails,EST,NH,1,1000,321,0.321,0.648508430609598,TRUE,TRUE,TRUE,0,NA,-1363.7205243164651,2743.4410486329307,2782.7030908647876,2743.58635640286,8,180.245,NA,2729.4410486329307,2734.348803911913,1.000000000000017,NA,HeckmanEM,NA,raw_AIC_BIC_implied_logLik,finite_logLik_no_explicit_code,3,4.341113285019709,1.3411132850197092,0.4,0.8265062647527114,0.42650626475271136,-0.7,NA,NA,0.7,NA,NA,0.5,NA,NA,0.5,NA,5,NA,NA,-0.7,-0.9795050097165894,-0.2795050097165894,0.15,0.11795837856849448,-0.0320416214315055,1,0.8975972608408763,-0.10240273915912368,5,3.725019520784747,-1.274980479215253,1.5,1.6791147608463732,0.17911476084637323,0.8,0.8634763060693113,0.0634763060693112,39.26204223185687,39.262042231857095,2.2737367544323206e-13,NA,NA,NA,NA,NA,NA,NA,NA,NA,NA,NA,NA,NA,NA,NA,NA,NA,NA,NA,NA,NA,NA,NA,NA,NA,NA,NA,NA,NA,NA,NA,NA,NA,NA,NA,NA,NA,NA,NA,NA,NA,NA,NA,NA,NA,NA,NA,NA,NA,NA,NA,NA,NA,NA,NA,NA,NA,NA,NA,NA,NA,NA,NA,NA,NA,NA,NA,NA,NA,NA,NA,NA,NA,NA,NA,NA,NA,NA,NA,NA,NA,NA,NA,NA,NA,NA,NA,NA,NA,NA,NA,NA,NA,NA,NA,NA,NA,NA,NA,NA,NA,NA,true,TRUE,TRUE,2743.4410486329302,2782.7030908647876,2743.5863564028596,39.26204223185687,39.26204223185732,7.999999999999954,FALSE,180.245,NA,NA,NA
skewness_heavy_tails,skewness and heavy tails,EST,HT,1,1000,321,0.321,0.648508430609598,TRUE,TRUE,TRUE,0,NA,-1343.0776612155305,2704.1553224310605,2748.3251199418996,2704.3371406128786,9,252.161,NA,2688.1553224310605,2693.0630777100428,1.000000000000017,NA,HeckmanEM,NA,raw_AIC_BIC_implied_logLik,finite_logLik_no_explicit_code,3,2.954787916520358,-0.04521208347964212,0.4,0.696145817064867,0.296145817064867,-0.7,NA,NA,0.7,NA,NA,0.5,NA,NA,0.5,NA,5,NA,NA,-0.7,-1.15519546294799,-0.4551954629479899,0.15,0.14469108266476527,-0.00530891733523472,1,1.1070770014209712,0.1070770014209712,5,4.703894798645672,-0.2961052013543277,1.5,1.710141172935188,0.21014117293518808,0.8,0.9139906119344654,0.11399061193446536,44.16979751083909,44.16979751083923,-1.4210854715202004e-13,NA,NA,NA,NA,NA,NA,NA,NA,NA,NA,NA,NA,NA,NA,NA,NA,NA,NA,NA,NA,NA,NA,NA,NA,NA,NA,NA,NA,NA,NA,NA,NA,NA,NA,NA,NA,NA,NA,NA,NA,NA,NA,NA,NA,NA,NA,NA,NA,NA,NA,NA,NA,NA,NA,NA,NA,NA,NA,NA,NA,NA,NA,NA,NA,NA,NA,NA,NA,NA,NA,NA,NA,NA,NA,NA,NA,NA,NA,NA,NA,NA,NA,NA,NA,NA,NA,NA,NA,NA,NA,NA,NA,NA,NA,NA,NA,NA,NA,NA,NA,NA,NA,true,TRUE,TRUE,2704.155322431061,2748.3251199419,2704.337140612879,44.16979751083909,44.16979751083909,8.999999999999972,FALSE,252.161,NA,NA,NA
skewness_heavy_tails,skewness and heavy tails,EST,CN,1,1000,321,0.321,0.648508430609598,TRUE,TRUE,TRUE,0,NA,-1342.851198273638,2705.702396547276,2754.779949337097,2705.9248434633528,10,372.744,NA,2687.702396547276,2692.610151826258,1.000000000000017,NA,HeckmanEM,NA,raw_AIC_BIC_implied_logLik,finite_logLik_no_explicit_code,3,3.271358170965615,0.2713581709656152,0.4,0.7118477207564264,0.3118477207564264,-0.7,NA,NA,0.7,NA,NA,0.5,NA,NA,0.5,NA,5,NA,NA,-0.7,-1.0961413252671444,-0.3961413252671444,0.15,0.13695092981915546,-0.01304907018084453,1,1.0458185061128364,0.04581850611283644,5,4.629230683094205,-0.37076931690579507,1.5,1.7708092385230805,0.2708092385230805,0.8,0.8828773343940425,0.08287733439404243,49.07755278982131,49.07755278982137,-5.684341886080802e-14,NA,NA,NA,NA,NA,NA,NA,NA,NA,NA,NA,NA,NA,NA,NA,NA,NA,NA,NA,NA,NA,NA,NA,NA,NA,NA,NA,NA,NA,NA,NA,NA,NA,NA,NA,NA,NA,NA,NA,NA,NA,NA,NA,NA,NA,NA,NA,NA,NA,NA,NA,NA,NA,NA,NA,NA,NA,NA,NA,NA,NA,NA,NA,NA,NA,NA,NA,NA,NA,NA,NA,NA,NA,NA,NA,NA,NA,NA,NA,NA,NA,NA,NA,NA,NA,NA,NA,NA,NA,NA,NA,NA,NA,NA,NA,NA,NA,NA,NA,NA,NA,NA,true,TRUE,TRUE,2705.702396547276,2754.779949337097,2705.9248434633528,49.07755278982131,49.07755278982131,9.999999999999988,FALSE,372.744,NA,NA,NA
skewness_heavy_tails,skewness and heavy tails,EST,ESN,1,1000,321,0.321,0.648508430609598,TRUE,TRUE,TRUE,0,CONVERGENCE: REL_REDUCTION_OF_F <= FACTR*EPSMCH,-1361.8536341921251,2745.7072683842503,2799.692576453054,2745.9744748619833,11,17605.638,NA,NA,NA,NA,9,stage2,1361.8981718567;1362.22651000851;1361.86630021861;1363.74077685005;1361.87284764677;1363.7206270683;1363.73813192031;1361.88387546452;1361.85363976155;1362.56558334829;1361.86757567577;1361.85884274592;1361.89664047677;1363.72052407684,proposed_likelihood,stage2,3,4.445484674611938,1.4454846746119383,0.4,0.7517321029299752,0.35173210292997514,-0.7,1.4925821305300957,2.192582130530096,0.7,-1.4843694779662422,-2.184369477966242,0.5,-1.4925780447011197,-1.9925780447011197,0.5,-1.4925780447011197,5,NA,NA,-0.7,-1.608457312636014,-0.908457312636014,0.15,0.0970882586973404,-0.0529117413026596,1,0.7525043911631861,-0.24749560883681387,5,3.155994396922792,-1.844005603077208,1.5,1.6375155222474085,0.13751552224740826,0.8,0.8569891398023346,0.05698913980233455,53.98530806880353,53.985308068803505,2.842170943040401e-14,NA,NA,NA,NA,NA,NA,NA,NA,NA,NA,NA,NA,NA,NA,NA,NA,NA,NA,NA,NA,NA,NA,NA,NA,NA,NA,NA,NA,NA,NA,NA,NA,NA,NA,NA,NA,NA,NA,NA,NA,NA,NA,NA,NA,NA,NA,NA,NA,NA,NA,NA,NA,NA,NA,NA,NA,NA,NA,NA,NA,NA,NA,NA,NA,NA,NA,NA,NA,NA,NA,NA,NA,NA,NA,NA,NA,NA,NA,NA,NA,NA,NA,NA,NA,NA,NA,NA,NA,NA,NA,NA,NA,NA,NA,NA,NA,NA,NA,NA,NA,NA,NA,true,TRUE,TRUE,2745.7072683842503,2799.692576453054,2745.9744748619833,53.98530806880353,53.98530806880353,11.000000000000005,FALSE,17605.638,TRUE,TRUE,TRUE
skewness_heavy_tails,skewness and heavy tails,EST,EST,1,1000,321,0.321,0.648508430609598,TRUE,TRUE,TRUE,0,CONVERGENCE: REL_REDUCTION_OF_F <= FACTR*EPSMCH,-1342.0687676806251,2708.1375353612507,2767.0305987090364,2708.453644783743,12,18611.427,NA,NA,NA,NA,22,stage2,1342.07222776355;1e+12;1e+12;1342.07427070216;1e+12;1e+12;1342.08797181367;1e+12;1e+12;1342.07027940709;1e+12;1e+12;1342.07956110128;1e+12;1e+12;1342.07532498646;1e+12;1e+12;1342.07327320837;1e+12;1e+12;1342.0687684115;1e+12;1e+12;1342.09154589504;1e+12;1e+12;1342.07793376611;1e+12;1e+12;1342.08677903339;1e+12;1e+12;1342.07008914092;1e+12;1e+12;1342.09080069904;1e+12;1e+12;1342.08529010833;1e+12;1e+12,proposed_likelihood,stage2,3,3.3734849000064133,0.3734849000064133,0.4,0.7229063413422612,0.32290634134226115,-0.7,-1.4925821305300957,-0.7925821305300957,0.7,0.31973437800357857,-0.3802656219964214,0.5,0.8541587410668974,0.3541587410668974,0.5,0.8541587410668974,5,4,-1,-0.7,-0.4239978187548797,0.27600218124512027,0.15,0.1092857320173818,-0.04071426798261819,1,0.8216549924771956,-0.17834500752280436,5,5.582089758760028,0.582089758760028,1.5,1.7306484507925937,0.2306484507925937,0.8,0.922842806784279,0.12284280678427896,58.893063347785755,58.89306334778564,1.1368683772161603e-13,NA,NA,NA,NA,NA,NA,NA,NA,NA,NA,NA,NA,NA,NA,NA,NA,NA,NA,NA,NA,NA,NA,NA,NA,NA,NA,NA,NA,NA,NA,NA,NA,NA,NA,NA,NA,NA,NA,NA,NA,NA,NA,NA,NA,NA,NA,NA,NA,NA,NA,NA,NA,NA,NA,NA,NA,NA,NA,NA,NA,NA,NA,NA,NA,NA,NA,NA,NA,NA,NA,NA,NA,NA,NA,NA,NA,NA,NA,NA,NA,NA,NA,NA,NA,NA,NA,NA,NA,NA,NA,NA,NA,NA,NA,NA,NA,NA,NA,NA,NA,NA,NA,true,TRUE,TRUE,2708.1375353612502,2767.030598709036,2708.4536447837427,58.893063347785755,58.893063347785755,12.000000000000023,FALSE,18611.427,TRUE,FALSE,FALSE
skewness_heavy_tails,skewness and heavy tails,EST,NH,2,1000,340,0.34,0.6361323155216285,TRUE,TRUE,TRUE,0,NA,-1439.1533612458018,2894.3067224916035,2933.568764723461,2894.452030261533,8,192.353,NA,2880.3067224916035,2885.2144777705857,1.000000000000017,NA,HeckmanEM,NA,raw_AIC_BIC_implied_logLik,finite_logLik_no_explicit_code,3,4.552978809073158,1.5529788090731582,0.4,0.8293701858043651,0.42937018580436503,-0.7,NA,NA,0.7,NA,NA,0.5,NA,NA,0.5,NA,5,NA,NA,-0.7,-0.9253164710561994,-0.22531647105619945,0.15,0.15525932723185512,0.00525932723185512,1,0.8793261843382328,-0.12067381566176716,5,3.769907029051384,-1.230092970948616,1.5,1.534319117975554,0.03431911797555398,0.8,0.7605657082408658,-0.03943429175913426,39.26204223185732,39.262042231857095,2.2737367544323206e-13,NA,NA,NA,NA,NA,NA,NA,NA,NA,NA,NA,NA,NA,NA,NA,NA,NA,NA,NA,NA,NA,NA,NA,NA,NA,NA,NA,NA,NA,NA,NA,NA,NA,NA,NA,NA,NA,NA,NA,NA,NA,NA,NA,NA,NA,NA,NA,NA,NA,NA,NA,NA,NA,NA,NA,NA,NA,NA,NA,NA,NA,NA,NA,NA,NA,NA,NA,NA,NA,NA,NA,NA,NA,NA,NA,NA,NA,NA,NA,NA,NA,NA,NA,NA,NA,NA,NA,NA,NA,NA,NA,NA,NA,NA,NA,NA,NA,NA,NA,NA,NA,NA,true,TRUE,TRUE,2894.3067224916035,2933.568764723461,2894.452030261533,39.26204223185732,39.26204223185732,8.000000000000046,FALSE,192.353,NA,NA,NA
skewness_heavy_tails,skewness and heavy tails,EST,HT,2,1000,340,0.34,0.6361323155216285,TRUE,TRUE,TRUE,0,NA,-1422.4719429042004,2862.943885808401,2907.11368331924,2863.125703990219,9,170.64900000000003,NA,2846.943885808401,2851.851641087383,1.000000000000017,NA,HeckmanEM,NA,raw_AIC_BIC_implied_logLik,finite_logLik_no_explicit_code,3,3.079544286723264,0.07954428672326408,0.4,0.742408414967499,0.34240841496749896,-0.7,NA,NA,0.7,NA,NA,0.5,NA,NA,0.5,NA,5,NA,NA,-0.7,-1.0953739368010575,-0.3953739368010576,0.15,0.19503103623306217,0.04503103623306215,1,1.059109920393194,0.05910992039319396,5,4.669549011183674,-0.3304509888163256,1.5,1.4300615440848414,-0.06993845591515857,0.8,0.7343730583181799,-0.06562694168182015,44.16979751083909,44.16979751083923,-1.4210854715202004e-13,NA,NA,NA,NA,NA,NA,NA,NA,NA,NA,NA,NA,NA,NA,NA,NA,NA,NA,NA,NA,NA,NA,NA,NA,NA,NA,NA,NA,NA,NA,NA,NA,NA,NA,NA,NA,NA,NA,NA,NA,NA,NA,NA,NA,NA,NA,NA,NA,NA,NA,NA,NA,NA,NA,NA,NA,NA,NA,NA,NA,NA,NA,NA,NA,NA,NA,NA,NA,NA,NA,NA,NA,NA,NA,NA,NA,NA,NA,NA,NA,NA,NA,NA,NA,NA,NA,NA,NA,NA,NA,NA,NA,NA,NA,NA,NA,NA,NA,NA,NA,NA,NA,true,TRUE,TRUE,2862.943885808401,2907.11368331924,2863.125703990219,44.16979751083909,44.16979751083909,8.999999999999972,FALSE,170.64900000000003,NA,NA,NA
skewness_heavy_tails,skewness and heavy tails,EST,CN,2,1000,340,0.34,0.6361323155216285,TRUE,TRUE,TRUE,0,NA,-1423.0222350142171,2866.0444700284343,2915.1220228182556,2866.266916944511,10,594.319,NA,2848.0444700284343,2852.9522253074165,1.000000000000017,NA,HeckmanEM,NA,raw_AIC_BIC_implied_logLik,finite_logLik_no_explicit_code,3,2.7623669809299964,-0.23763301907000356,0.4,0.758529255954618,0.35852925595461793,-0.7,NA,NA,0.7,NA,NA,0.5,NA,NA,0.5,NA,5,NA,NA,-0.7,-1.2213345253540309,-0.5213345253540309,0.15,0.21759595317048705,0.06759595317048703,1,1.1805958049398138,0.18059580493981375,5,4.658647078908292,-0.34135292109170834,1.5,1.4397619320616082,-0.06023806793839181,0.8,0.7157945555128388,-0.08420544448716127,49.07755278982131,49.07755278982137,-5.684341886080802e-14,NA,NA,NA,NA,NA,NA,NA,NA,NA,NA,NA,NA,NA,NA,NA,NA,NA,NA,NA,NA,NA,NA,NA,NA,NA,NA,NA,NA,NA,NA,NA,NA,NA,NA,NA,NA,NA,NA,NA,NA,NA,NA,NA,NA,NA,NA,NA,NA,NA,NA,NA,NA,NA,NA,NA,NA,NA,NA,NA,NA,NA,NA,NA,NA,NA,NA,NA,NA,NA,NA,NA,NA,NA,NA,NA,NA,NA,NA,NA,NA,NA,NA,NA,NA,NA,NA,NA,NA,NA,NA,NA,NA,NA,NA,NA,NA,NA,NA,NA,NA,NA,NA,true,TRUE,TRUE,2866.0444700284343,2915.1220228182556,2866.266916944511,49.07755278982131,49.07755278982131,9.999999999999988,FALSE,594.319,NA,NA,NA
skewness_heavy_tails,skewness and heavy tails,EST,ESN,2,1000,340,0.34,0.6361323155216285,TRUE,TRUE,TRUE,0,CONVERGENCE: REL_REDUCTION_OF_F <= FACTR*EPSMCH,-1431.868849615459,2885.737699230918,2939.7230072997218,2886.004905708651,11,18593.313,NA,NA,NA,NA,10,stage2,1438.25614861207;1438.38066857916;1438.26282613275;1439.16222030865;1438.26646314324;1439.15682973565;1439.17360122366;1438.27046778516;1438.25305343164;1434.49534090581;1438.25448468322;1438.24695323748;1438.28557026626;1439.15336101951,proposed_likelihood,stage2,3,5.938904466823762,2.938904466823762,0.4,0.8196552995309038,0.41965529953090375,-0.7,1.4924276475264415,2.1924276475264417,0.7,1.2366605970682645,0.5366605970682643,0.5,-1.4914007271821608,-1.9914007271821608,0.5,-1.4914007271821608,5,NA,NA,-0.7,-1.64938932008302,-0.94938932008302,0.15,0.13683228741641734,-0.01316771258358265,1,0.7630978895583965,-0.23690211044160348,5,-1.9586679791967776,-6.958667979196777,1.5,1.5207156833666695,0.02071568336666951,0.8,0.7791831472680846,-0.02081685273191547,53.98530806880353,53.985308068803505,2.842170943040401e-14,NA,NA,NA,NA,NA,NA,NA,NA,NA,NA,NA,NA,NA,NA,NA,NA,NA,NA,NA,NA,NA,NA,NA,NA,NA,NA,NA,NA,NA,NA,NA,NA,NA,NA,NA,NA,NA,NA,NA,NA,NA,NA,NA,NA,NA,NA,NA,NA,NA,NA,NA,NA,NA,NA,NA,NA,NA,NA,NA,NA,NA,NA,NA,NA,NA,NA,NA,NA,NA,NA,NA,NA,NA,NA,NA,NA,NA,NA,NA,NA,NA,NA,NA,NA,NA,NA,NA,NA,NA,NA,NA,NA,NA,NA,NA,NA,NA,NA,NA,NA,NA,NA,true,TRUE,TRUE,2885.737699230918,2939.7230072997218,2886.004905708651,53.98530806880353,53.98530806880353,11.000000000000005,FALSE,18593.313,TRUE,FALSE,TRUE
skewness_heavy_tails,skewness and heavy tails,EST,EST,2,1000,340,0.34,0.6361323155216285,TRUE,TRUE,TRUE,0,CONVERGENCE: REL_REDUCTION_OF_F <= FACTR*EPSMCH,-1422.3415692261876,2868.6831384523753,2927.576201800161,2868.9992478748677,12,17388.74,NA,NA,NA,NA,28,stage2,1422.46537874914;1e+12;1e+12;1422.46412440764;1e+12;1e+12;1422.46530492285;1e+12;1e+12;1422.41802557193;1e+12;1e+12;1422.46572278165;1e+12;1e+12;1422.36179878646;1e+12;1e+12;1422.46648588254;1e+12;1e+12;1422.45849246864;1e+12;1e+12;1422.46584939192;1e+12;1e+12;1422.34336081852;1e+12;1e+12;1422.40894134296;1e+12;1e+12;1422.44694566542;1e+12;1e+12;1422.46863400157;1e+12;1e+12;1422.39594261952;1e+12;1e+12,proposed_likelihood,stage2,3,3.181469832597558,0.1814698325975579,0.4,0.6901398105065858,0.29013981050658577,-0.7,-0.5698240014861797,0.13017599851382022,0.7,0.4269240732228796,-0.27307592677712034,0.5,1.484692079068319,0.9846920790683188,0.5,1.484692079068319,5,4,-1,-0.7,-0.8953976833561534,-0.19539768335615348,0.15,0.18155735097903597,0.03155735097903597,1,0.9860323496174714,-0.01396765038252856,5,4.8601122588494805,-0.1398877411505195,1.5,1.4345207143123735,-0.06547928568762629,0.8,0.7353658022819974,-0.0646341977180026,58.893063347785755,58.89306334778564,1.1368683772161603e-13,NA,NA,NA,NA,NA,NA,NA,NA,NA,NA,NA,NA,NA,NA,NA,NA,NA,NA,NA,NA,NA,NA,NA,NA,NA,NA,NA,NA,NA,NA,NA,NA,NA,NA,NA,NA,NA,NA,NA,NA,NA,NA,NA,NA,NA,NA,NA,NA,NA,NA,NA,NA,NA,NA,NA,NA,NA,NA,NA,NA,NA,NA,NA,NA,NA,NA,NA,NA,NA,NA,NA,NA,NA,NA,NA,NA,NA,NA,NA,NA,NA,NA,NA,NA,NA,NA,NA,NA,NA,NA,NA,NA,NA,NA,NA,NA,NA,NA,NA,NA,NA,NA,true,TRUE,TRUE,2868.6831384523753,2927.576201800161,2868.9992478748677,58.893063347785755,58.893063347785755,12.000000000000023,FALSE,17388.74,FALSE,FALSE,TRUE
skewness_heavy_tails,skewness and heavy tails,EST,NH,3,1000,343,0.343,0.6207324643078833,TRUE,TRUE,TRUE,0,NA,-1482.0470635288475,2980.0941270576955,3019.356169289553,2980.239434827625,8,197.98,NA,2966.0941270576955,2971.0018823366777,1.000000000000017,NA,HeckmanEM,NA,raw_AIC_BIC_implied_logLik,finite_logLik_no_explicit_code,3,5.101501077021234,2.1015010770212337,0.4,0.8923997668759112,0.49239976687591114,-0.7,NA,NA,0.7,NA,NA,0.5,NA,NA,0.5,NA,5,NA,NA,-0.7,-0.7910477690537618,-0.09104776905376188,0.15,0.1103317262092858,-0.03966827379071419,1,0.7030215206986218,-0.2969784793013782,5,2.8470526194275516,-2.1529473805724484,1.5,1.4080819256274462,-0.09191807437255384,0.8,0.8073747218881691,0.00737472188816901,39.26204223185732,39.262042231857095,-2.2737367544323206e-13,NA,NA,NA,NA,NA,NA,NA,NA,NA,NA,NA,NA,NA,NA,NA,NA,NA,NA,NA,NA,NA,NA,NA,NA,NA,NA,NA,NA,NA,NA,NA,NA,NA,NA,NA,NA,NA,NA,NA,NA,NA,NA,NA,NA,NA,NA,NA,NA,NA,NA,NA,NA,NA,NA,NA,NA,NA,NA,NA,NA,NA,NA,NA,NA,NA,NA,NA,NA,NA,NA,NA,NA,NA,NA,NA,NA,NA,NA,NA,NA,NA,NA,NA,NA,NA,NA,NA,NA,NA,NA,NA,NA,NA,NA,NA,NA,NA,NA,NA,NA,NA,NA,true,TRUE,TRUE,2980.094127057695,3019.356169289552,2980.2394348276243,39.26204223185732,39.26204223185687,8.000000000000046,FALSE,197.98,NA,NA,NA
skewness_heavy_tails,skewness and heavy tails,EST,HT,3,1000,343,0.343,0.6207324643078833,TRUE,TRUE,TRUE,0,NA,-1431.921056062433,2881.842112124866,2926.0119096357053,2882.023930306684,9,217.504,NA,2865.842112124866,2870.7498674038484,1.000000000000017,NA,HeckmanEM,NA,raw_AIC_BIC_implied_logLik,finite_logLik_no_explicit_code,3,2.688764530319233,-0.3112354696807671,0.4,0.6719829353449106,0.2719829353449106,-0.7,NA,NA,0.7,NA,NA,0.5,NA,NA,0.5,NA,5,NA,NA,-0.7,-1.0456830721286905,-0.3456830721286903,0.15,0.15085334609007203,8.53346090072038e-4,1,1.069904989892637,0.06990498989263694,5,4.864306108946869,-0.13569389105313068,1.5,1.48792431142987,-0.01207568857013008,0.8,0.8231678577579002,0.0231678577579002,44.16979751083909,44.16979751083923,-1.4210854715202004e-13,NA,NA,NA,NA,NA,NA,NA,NA,NA,NA,NA,NA,NA,NA,NA,NA,NA,NA,NA,NA,NA,NA,NA,NA,NA,NA,NA,NA,NA,NA,NA,NA,NA,NA,NA,NA,NA,NA,NA,NA,NA,NA,NA,NA,NA,NA,NA,NA,NA,NA,NA,NA,NA,NA,NA,NA,NA,NA,NA,NA,NA,NA,NA,NA,NA,NA,NA,NA,NA,NA,NA,NA,NA,NA,NA,NA,NA,NA,NA,NA,NA,NA,NA,NA,NA,NA,NA,NA,NA,NA,NA,NA,NA,NA,NA,NA,NA,NA,NA,NA,NA,NA,true,TRUE,TRUE,2881.842112124866,2926.0119096357053,2882.023930306684,44.16979751083909,44.16979751083909,8.999999999999972,FALSE,217.504,NA,NA,NA
skewness_heavy_tails,skewness and heavy tails,EST,CN,3,1000,343,0.343,0.6207324643078833,TRUE,TRUE,TRUE,0,NA,-1434.4971714403875,2888.994342880775,2938.0718956705964,2889.216789796852,10,453.266,NA,2870.994342880775,2875.9020981597573,1.000000000000017,NA,HeckmanEM,NA,raw_AIC_BIC_implied_logLik,finite_logLik_no_explicit_code,3,3.067659960203212,0.06765996020321197,0.4,0.6669123572357865,0.26691235723578643,-0.7,NA,NA,0.7,NA,NA,0.5,NA,NA,0.5,NA,5,NA,NA,-0.7,-0.9717140260384668,-0.27171402603846695,0.15,0.14158407767359088,-0.00841592232640911,1,0.9822970897051532,-0.01770291029484683,5,4.885452484532342,-0.11454751546765785,1.5,1.4990453916218902,-9.546083781097892e-4,0.8,0.7906675053692036,-0.00933249463079644,49.07755278982131,49.07755278982137,-5.684341886080802e-14,NA,NA,NA,NA,NA,NA,NA,NA,NA,NA,NA,NA,NA,NA,NA,NA,NA,NA,NA,NA,NA,NA,NA,NA,NA,NA,NA,NA,NA,NA,NA,NA,NA,NA,NA,NA,NA,NA,NA,NA,NA,NA,NA,NA,NA,NA,NA,NA,NA,NA,NA,NA,NA,NA,NA,NA,NA,NA,NA,NA,NA,NA,NA,NA,NA,NA,NA,NA,NA,NA,NA,NA,NA,NA,NA,NA,NA,NA,NA,NA,NA,NA,NA,NA,NA,NA,NA,NA,NA,NA,NA,NA,NA,NA,NA,NA,NA,NA,NA,NA,NA,NA,true,TRUE,TRUE,2888.994342880775,2938.0718956705964,2889.216789796852,49.07755278982131,49.07755278982131,9.999999999999988,FALSE,453.266,NA,NA,NA
skewness_heavy_tails,skewness and heavy tails,EST,ESN,3,1000,343,0.343,0.6207324643078833,TRUE,TRUE,TRUE,0,CONVERGENCE: REL_REDUCTION_OF_F <= FACTR*EPSMCH,-1463.8143070760543,2949.628614152109,3003.6139222209126,2949.895820629842,11,18634.036,NA,NA,NA,NA,10,stage2,1479.08678060721;1479.2752862567;1479.10910928359;1476.87992467974;1479.12905770212;1463.81813402087;1479.25803348773;1479.08513220931;1479.22076783651;1463.99126918926;1479.07671042467;1479.08176587731;1479.24138419068;1482.0470632433,proposed_likelihood,stage2,3,6.027070013646406,3.027070013646406,0.4,0.80073388128705,0.40073388128705,-0.7,1.4925821305300957,2.192582130530096,0.7,1.4925821305300957,0.7925821305300957,0.5,-1.4925821305300957,-1.9925821305300957,0.5,-1.4925821305300957,5,NA,NA,-0.7,-1.5264835435117157,-0.8264835435117157,0.15,0.10945913657797822,-0.04054086342202177,1,0.7364865009681913,-0.26351349903180865,5,-2.0453711361739466,-7.045371136173946,1.5,1.433603318864365,-0.06639668113563468,0.8,0.8318502351633652,0.03185023516336516,53.98530806880353,53.985308068803505,2.842170943040401e-14,NA,NA,NA,NA,NA,NA,NA,NA,NA,NA,NA,NA,NA,NA,NA,NA,NA,NA,NA,NA,NA,NA,NA,NA,NA,NA,NA,NA,NA,NA,NA,NA,NA,NA,NA,NA,NA,NA,NA,NA,NA,NA,NA,NA,NA,NA,NA,NA,NA,NA,NA,NA,NA,NA,NA,NA,NA,NA,NA,NA,NA,NA,NA,NA,NA,NA,NA,NA,NA,NA,NA,NA,NA,NA,NA,NA,NA,NA,NA,NA,NA,NA,NA,NA,NA,NA,NA,NA,NA,NA,NA,NA,NA,NA,NA,NA,NA,NA,NA,NA,NA,NA,true,TRUE,TRUE,2949.6286141521086,3003.613922220912,2949.8958206298416,53.98530806880353,53.98530806880353,11.000000000000005,FALSE,18634.036,TRUE,TRUE,TRUE
skewness_heavy_tails,skewness and heavy tails,EST,EST,3,1000,343,0.343,0.6207324643078833,TRUE,TRUE,TRUE,0,CONVERGENCE: REL_REDUCTION_OF_F <= FACTR*EPSMCH,-1429.6424016944195,2883.284803388839,2942.1778667366248,2883.6009128113315,12,18081.187,NA,NA,NA,NA,34,stage2,1429.64340868647;1e+12;1e+12;1429.64330546181;1e+12;1e+12;1429.64632688959;1e+12;1e+12;1429.65662798096;1e+12;1e+12;1429.64360861722;1e+12;1e+12;1429.65499892325;1e+12;1e+12;1429.64910534424;1e+12;1e+12;1429.64338978442;1e+12;1e+12;1429.64965421753;1e+12;1e+12;1429.64248338793;1e+12;1e+12;1429.64242151082;1e+12;1e+12;1429.64240267242;1e+12;1e+12;1429.645236472;1e+12;1e+12;1429.64438520665;1e+12;1e+12,proposed_likelihood,stage2,3,2.5051549779361975,-0.49484502206380254,0.4,0.3083230272266572,-0.0916769727733428,-0.7,-1.4925821305300957,-0.7925821305300957,0.7,0.73540246867427606,0.0354024686742761,0.5,-1.2652916510557584,-1.7652916510557584,0.5,-1.2652916510557584,5,4,-1,-0.7,0.2319568814403191,0.9319568814403192,0.15,0.12496731501239416,-0.02503268498760584,1,0.8452255706757532,-0.1547744293242468,5,4.919301856673077,-0.08069814332692271,1.5,1.4875849270837318,-0.0124150729162682,0.8,0.8317872194473792,0.03178721944737917,58.893063347785755,58.89306334778564,1.1368683772161603e-13,NA,NA,NA,NA,NA,NA,NA,NA,NA,NA,NA,NA,NA,NA,NA,NA,NA,NA,NA,NA,NA,NA,NA,NA,NA,NA,NA,NA,NA,NA,NA,NA,NA,NA,NA,NA,NA,NA,NA,NA,NA,NA,NA,NA,NA,NA,NA,NA,NA,NA,NA,NA,NA,NA,NA,NA,NA,NA,NA,NA,NA,NA,NA,NA,NA,NA,NA,NA,NA,NA,NA,NA,NA,NA,NA,NA,NA,NA,NA,NA,NA,NA,NA,NA,NA,NA,NA,NA,NA,NA,NA,NA,NA,NA,NA,NA,NA,NA,NA,NA,NA,NA,true,TRUE,TRUE,2883.284803388839,2942.1778667366248,2883.6009128113315,58.893063347785755,58.893063347785755,12.000000000000023,FALSE,18081.187,TRUE,FALSE,FALSE
skewness_heavy_tails,skewness and heavy tails,EST,NH,4,1000,330,0.33,0.6325110689437066,TRUE,TRUE,TRUE,0,NA,-1383.9970408610918,2783.9940817221836,2823.256123954041,2784.139389492113,8,157.764,NA,2769.9940817221836,2774.901837001166,1.000000000000017,NA,HeckmanEM,NA,raw_AIC_BIC_implied_logLik,finite_logLik_no_explicit_code,3,3.835897526077803,0.8358975260778028,0.4,0.6740547593102746,0.27405475931027456,-0.7,NA,NA,0.7,NA,NA,0.5,NA,NA,0.5,NA,5,NA,NA,-0.7,-1.023324843525743,-0.323324843525743,0.15,0.1484575837617517,-0.00154241623824832,1,0.9767500856671976,-0.02324991433280254,5,4.522694891610575,-0.47730510838942486,1.5,1.699385083765094,0.1993850837650939,0.8,0.9574843716469597,0.1574843716469596,39.26204223185732,39.262042231857095,2.2737367544323206e-13,NA,NA,NA,NA,NA,NA,NA,NA,NA,NA,NA,NA,NA,NA,NA,NA,NA,NA,NA,NA,NA,NA,NA,NA,NA,NA,NA,NA,NA,NA,NA,NA,NA,NA,NA,NA,NA,NA,NA,NA,NA,NA,NA,NA,NA,NA,NA,NA,NA,NA,NA,NA,NA,NA,NA,NA,NA,NA,NA,NA,NA,NA,NA,NA,NA,NA,NA,NA,NA,NA,NA,NA,NA,NA,NA,NA,NA,NA,NA,NA,NA,NA,NA,NA,NA,NA,NA,NA,NA,NA,NA,NA,NA,NA,NA,NA,NA,NA,NA,NA,NA,NA,true,TRUE,TRUE,2783.9940817221836,2823.256123954041,2784.139389492113,39.26204223185732,39.26204223185732,8.000000000000046,FALSE,157.764,NA,NA,NA
skewness_heavy_tails,skewness and heavy tails,EST,HT,4,1000,330,0.33,0.6325110689437066,TRUE,TRUE,TRUE,0,NA,-1370.3956689067322,2758.7913378134645,2802.9611353243035,2758.9731559952825,9,183.164,NA,2742.7913378134645,2747.6990930924467,1.000000000000017,NA,HeckmanEM,NA,raw_AIC_BIC_implied_logLik,finite_logLik_no_explicit_code,3,2.884543654778989,-0.11545634522101088,0.4,0.6797839439178336,0.27978394391783357,-0.7,NA,NA,0.7,NA,NA,0.5,NA,NA,0.5,NA,5,NA,NA,-0.7,-1.154380291395492,-0.4543802913954922,0.15,0.16437735591922056,0.01437735591922056,1,1.1131409594639556,0.11314095946395564,5,4.7994927441989885,-0.20050725580101147,1.5,1.6481778882197993,0.14817788821979927,0.8,0.92297869876384675,0.12297869876384682,44.16979751083909,44.16979751083923,-1.4210854715202004e-13,NA,NA,NA,NA,NA,NA,NA,NA,NA,NA,NA,NA,NA,NA,NA,NA,NA,NA,NA,NA,NA,NA,NA,NA,NA,NA,NA,NA,NA,NA,NA,NA,NA,NA,NA,NA,NA,NA,NA,NA,NA,NA,NA,NA,NA,NA,NA,NA,NA,NA,NA,NA,NA,NA,NA,NA,NA,NA,NA,NA,NA,NA,NA,NA,NA,NA,NA,NA,NA,NA,NA,NA,NA,NA,NA,NA,NA,NA,NA,NA,NA,NA,NA,NA,NA,NA,NA,NA,NA,NA,NA,NA,NA,NA,NA,NA,NA,NA,NA,NA,NA,NA,true,TRUE,TRUE,2758.7913378134645,2802.9611353243035,2758.9731559952825,44.16979751083909,44.16979751083909,8.999999999999972,FALSE,183.164,NA,NA,NA
skewness_heavy_tails,skewness and heavy tails,EST,CN,4,1000,330,0.33,0.6325110689437066,TRUE,TRUE,TRUE,0,NA,-1369.588571874115,2759.17714374823,2808.254696538051,2759.3995906643067,10,606.2650000000001,NA,2741.17714374823,2746.084899027212,1.000000000000017,NA,HeckmanEM,NA,raw_AIC_BIC_implied_logLik,finite_logLik_no_explicit_code,3,2.7427095807314568,-0.25729041926854324,0.4,0.6707021957945247,0.2707021957945247,-0.7,NA,NA,0.7,NA,NA,0.5,NA,NA,0.5,NA,5,NA,NA,-0.7,-1.2138941119329358,-0.5138941119329359,0.15,0.17359479942170036,0.02359479942170037,1,1.1704023170056366,0.17040231700563657,5,4.793278439160968,-0.20672156083903204,1.5,1.640562050432899,0.14056205043289904,0.8,0.934569771975884,0.1345697719758839,49.07755278982131,49.07755278982137,-5.684341886080802e-14,NA,NA,NA,NA,NA,NA,NA,NA,NA,NA,NA,NA,NA,NA,NA,NA,NA,NA,NA,NA,NA,NA,NA,NA,NA,NA,NA,NA,NA,NA,NA,NA,NA,NA,NA,NA,NA,NA,NA,NA,NA,NA,NA,NA,NA,NA,NA,NA,NA,NA,NA,NA,NA,NA,NA,NA,NA,NA,NA,NA,NA,NA,NA,NA,NA,NA,NA,NA,NA,NA,NA,NA,NA,NA,NA,NA,NA,NA,NA,NA,NA,NA,NA,NA,NA,NA,NA,NA,NA,NA,NA,NA,NA,NA,NA,NA,NA,NA,NA,NA,NA,NA,true,TRUE,TRUE,2759.17714374823,2808.254696538051,2759.3995906643067,49.07755278982131,49.07755278982131,9.999999999999988,FALSE,606.2650000000001,NA,NA,NA
skewness_heavy_tails,skewness and heavy tails,EST,ESN,4,1000,330,0.33,0.6325110689437066,TRUE,TRUE,TRUE,0,CONVERGENCE: REL_REDUCTION_OF_F <= FACTR*EPSMCH,-1382.1526910537737,2786.3053821075473,2840.290690176351,2786.5725885852803,11,16662.595,NA,NA,NA,NA,1,stage2,1382.15269150095;1382.21602931228;1382.1627440494;1384.00050609721;1382.16291467982;1383.99766914139;1382.30525424657;1382.16302342087;1382.15808018471;1382.34725388817;1382.15836609814;1382.17720555306;1382.15805046865;1383.99704053722,proposed_likelihood,stage2,3,4.053396895858873,1.0533968958588726,0.4,0.5865830193804805,0.1865830193804805,-0.7,1.468659931093928,2.168659931093928,0.7,-1.489959739658095,-2.1899597396580948,0.5,-1.4925821305300957,-1.9925821305300957,0.5,-1.4925821305300957,5,NA,NA,-0.7,-1.6255916769768448,-0.9255916769768447,0.15,0.11989312181325223,-0.03010687818674776,1,0.8022583303247065,-0.1977416696752935,5,4.744163495411648,-0.25583650458835194,1.5,1.692227986455812,0.19222798645581185,0.8,0.9448375570065812,0.1448375570065813,53.98530806880353,53.985308068803505,2.842170943040401e-14,NA,NA,NA,NA,NA,NA,NA,NA,NA,NA,NA,NA,NA,NA,NA,NA,NA,NA,NA,NA,NA,NA,NA,NA,NA,NA,NA,NA,NA,NA,NA,NA,NA,NA,NA,NA,NA,NA,NA,NA,NA,NA,NA,NA,NA,NA,NA,NA,NA,NA,NA,NA,NA,NA,NA,NA,NA,NA,NA,NA,NA,NA,NA,NA,NA,NA,NA,NA,NA,NA,NA,NA,NA,NA,NA,NA,NA,NA,NA,NA,NA,NA,NA,NA,NA,NA,NA,NA,NA,NA,NA,NA,NA,NA,NA,NA,NA,NA,NA,NA,NA,NA,true,TRUE,TRUE,2786.3053821075473,2840.290690176351,2786.5725885852803,53.98530806880353,53.98530806880353,11.000000000000005,FALSE,16662.595,TRUE,TRUE,TRUE
skewness_heavy_tails,skewness and heavy tails,EST,EST,4,1000,330,0.33,0.6325110689437066,TRUE,TRUE,TRUE,0,CONVERGENCE: REL_REDUCTION_OF_F <= FACTR*EPSMCH,-1370.3518755092105,2764.703751018421,2823.5968143662067,2765.019860440914,12,19565.107000000004,NA,NA,NA,NA,40,stage2,1370.44941342337;1e+12;1e+12;1370.57213490678;1e+12;1e+12;1370.69142877077;1e+12;1e+12;1370.36723239663;1e+12;1e+12;1370.71366527921;1e+12;1e+12;1370.35726090171;1e+12;1e+12;1370.44186215242;1e+12;1e+12;1370.38493366997;1e+12;1e+12;1370.76732089624;1e+12;1e+12;1370.37399136814;1e+12;1e+12;1370.41314132489;1e+12;1e+12;1370.36193976604;1e+12;1e+12;1370.66820934587;1e+12;1e+12;1370.3518901409;1e+12;1e+12,proposed_likelihood,stage2,3,3.1364064018871303,0.13640640188713027,0.4,0.704199646677867,0.30419964667786703,-0.7,-0.8429413813512594,-0.14294138135125944,0.7,0.14378688719440186,-0.556213112805598,0.5,1.4859447376389845,0.9859447376389844,0.5,1.4859447376389845,5,4,-1,-0.7,-0.8387452263424703,-0.13874522634247033,0.15,0.1456048756227451,-0.00439512437725489,1,0.9788023348940916,-0.02119766510590826,5,5.102389098810723,0.10238909881072278,1.5,1.6415377517704046,0.14153775177040462,0.8,0.9222442528553294,0.12224425285532936,58.893063347785755,58.89306334778564,1.1368683772161603e-13,NA,NA,NA,NA,NA,NA,NA,NA,NA,NA,NA,NA,NA,NA,NA,NA,NA,NA,NA,NA,NA,NA,NA,NA,NA,NA,NA,NA,NA,NA,NA,NA,NA,NA,NA,NA,NA,NA,NA,NA,NA,NA,NA,NA,NA,NA,NA,NA,NA,NA,NA,NA,NA,NA,NA,NA,NA,NA,NA,NA,NA,NA,NA,NA,NA,NA,NA,NA,NA,NA,NA,NA,NA,NA,NA,NA,NA,NA,NA,NA,NA,NA,NA,NA,NA,NA,NA,NA,NA,NA,NA,NA,NA,NA,NA,NA,NA,NA,NA,NA,NA,NA,true,TRUE,TRUE,2764.703751018421,2823.5968143662067,2765.0198604409134,58.893063347785755,58.893063347785755,12.000000000000023,FALSE,19565.107000000004,FALSE,FALSE,TRUE
skewness_heavy_tails,skewness and heavy tails,EST,NH,5,1000,330,0.33,0.6138735420503376,TRUE,TRUE,TRUE,0,NA,-1371.0862284602122,2758.1724569204243,2797.434499152281,2758.3177646903537,8,137.246,NA,2744.1724569204243,2749.0802121994066,1.000000000000017,NA,HeckmanEM,NA,raw_AIC_BIC_implied_logLik,finite_logLik_no_explicit_code,3,4.038568074540574,1.0385680745405743,0.4,0.8033631040425402,0.40336310404254017,-0.7,NA,NA,0.7,NA,NA,0.5,NA,NA,0.5,NA,5,NA,NA,-0.7,-0.9555108002857458,-0.2555108002857458,0.15,0.13397299102567473,-0.01602700897432527,1,0.9324436790267348,-0.06755632097326525,5,3.937718487721429,-1.0622815122785716,1.5,1.39634334589192,-0.1036566541080799,0.8,1.0041635190366418,0.20416351903664176,39.26204223185687,39.262042231857095,-2.2737367544323206e-13,NA,NA,NA,NA,NA,NA,NA,NA,NA,NA,NA,NA,NA,NA,NA,NA,NA,NA,NA,NA,NA,NA,NA,NA,NA,NA,NA,NA,NA,NA,NA,NA,NA,NA,NA,NA,NA,NA,NA,NA,NA,NA,NA,NA,NA,NA,NA,NA,NA,NA,NA,NA,NA,NA,NA,NA,NA,NA,NA,NA,NA,NA,NA,NA,NA,NA,NA,NA,NA,NA,NA,NA,NA,NA,NA,NA,NA,NA,NA,NA,NA,NA,NA,NA,NA,NA,NA,NA,NA,NA,NA,NA,NA,NA,NA,NA,NA,NA,NA,NA,NA,NA,true,TRUE,TRUE,2758.1724569204243,2797.434499152281,2758.3177646903537,39.26204223185687,39.26204223185687,7.999999999999954,FALSE,137.246,NA,NA,NA
skewness_heavy_tails,skewness and heavy tails,EST,HT,5,1000,330,0.33,0.6138735420503376,TRUE,TRUE,TRUE,0,NA,-1358.7421335351034,2735.484267070207,2779.654064581046,2735.666085252025,9,245.382,NA,2719.484267070207,2724.392022349189,1.000000000000017,NA,HeckmanEM,NA,raw_AIC_BIC_implied_logLik,finite_logLik_no_explicit_code,3,2.831358199340466,-0.16864180065953382,0.4,0.7412165211955676,0.34121652119556756,-0.7,NA,NA,0.7,NA,NA,0.5,NA,NA,0.5,NA,5,NA,NA,-0.7,-1.1222828201233608,-0.4222828201233608,0.15,0.16255051057034298,0.01255051057034298,1,1.110354916777753,0.11035491677775312,5,4.7389819759508525,-0.26101802404914753,1.5,1.4642678755041512,-0.03573212449584884,0.8,0.878812048583072,0.078812048583072,44.16979751083909,44.16979751083923,-1.4210854715202004e-13,NA,NA,NA,NA,NA,NA,NA,NA,NA,NA,NA,NA,NA,NA,NA,NA,NA,NA,NA,NA,NA,NA,NA,NA,NA,NA,NA,NA,NA,NA,NA,NA,NA,NA,NA,NA,NA,NA,NA,NA,NA,NA,NA,NA,NA,NA,NA,NA,NA,NA,NA,NA,NA,NA,NA,NA,NA,NA,NA,NA,NA,NA,NA,NA,NA,NA,NA,NA,NA,NA,NA,NA,NA,NA,NA,NA,NA,NA,NA,NA,NA,NA,NA,NA,NA,NA,NA,NA,NA,NA,NA,NA,NA,NA,NA,NA,NA,NA,NA,NA,NA,NA,true,TRUE,TRUE,2735.484267070207,2779.654064581046,2735.666085252025,44.16979751083909,44.16979751083909,8.999999999999972,FALSE,245.382,NA,NA,NA
skewness_heavy_tails,skewness and heavy tails,EST,CN,5,1000,330,0.33,0.6138735420503376,TRUE,TRUE,TRUE,0,NA,-1355.6453784815535,2731.290756963107,2780.3683097529283,2731.513203879184,10,601.5790000000001,NA,2713.290756963107,2718.1985122420892,1.000000000000017,NA,HeckmanEM,NA,raw_AIC_BIC_implied_logLik,finite_logLik_no_explicit_code,3,2.2994352658692283,-0.7005647341307717,0.4,0.7369255684393121,0.3369255684393121,-0.7,NA,NA,0.7,NA,NA,0.5,NA,NA,0.5,NA,5,NA,NA,-0.7,-1.336414478860132,-0.636414478860132,0.15,0.1951090066492954,0.0451090066492954,1,1.3218625625911578,0.32186256259115775,5,4.804189558128228,-0.19581044187177188,1.5,1.4748560574391003,-0.02514394256089946,0.8,0.8711142186314369,0.07111421863143685,49.07755278982131,49.07755278982137,-5.684341886080802e-14,NA,NA,NA,NA,NA,NA,NA,NA,NA,NA,NA,NA,NA,NA,NA,NA,NA,NA,NA,NA,NA,NA,NA,NA,NA,NA,NA,NA,NA,NA,NA,NA,NA,NA,NA,NA,NA,NA,NA,NA,NA,NA,NA,NA,NA,NA,NA,NA,NA,NA,NA,NA,NA,NA,NA,NA,NA,NA,NA,NA,NA,NA,NA,NA,NA,NA,NA,NA,NA,NA,NA,NA,NA,NA,NA,NA,NA,NA,NA,NA,NA,NA,NA,NA,NA,NA,NA,NA,NA,NA,NA,NA,NA,NA,NA,NA,NA,NA,NA,NA,NA,NA,true,TRUE,TRUE,2731.290756963107,2780.3683097529283,2731.513203879184,49.07755278982131,49.07755278982131,9.999999999999988,FALSE,601.5790000000001,NA,NA,NA
skewness_heavy_tails,skewness and heavy tails,EST,ESN,5,1000,330,0.33,0.6138735420503376,TRUE,TRUE,TRUE,0,CONVERGENCE: REL_REDUCTION_OF_F <= FACTR*EPSMCH,-1369.8295949923674,2761.659189984735,2815.6444980535384,2761.926396462468,11,15960.972999999998,NA,NA,NA,NA,8,stage2,1369.8952415671;1370.1948382768;1369.8378790062;1371.09343945117;1369.84255935906;1371.08540672751;1371.10450236787;1369.83044521748;1369.84227329184;1369.92582091829;1369.83663260242;1369.85041825945;1369.86561181139;1371.08622824449,proposed_likelihood,stage2,3,4.121648122257889,1.121648122257889,0.4,0.7076610338603118,0.30766103386031174,-0.7,1.4585652194208694,2.1585652194208693,0.7,-1.478923513012503,-2.178923513012503,0.5,-1.4925314410096615,-1.9925314410096615,0.5,-1.4925314410096615,5,NA,NA,-0.7,-1.5823483950111552,-0.8823483950111553,0.15,0.1106007560370676,-0.0393992439629324,1,0.7784406663822658,-0.22155933361773417,5,3.7704622998667343,-1.2295377001332657,1.5,1.3956014502866052,-0.1043985497133948,0.8,0.988766817367738,0.18876681736773804,53.98530806880353,53.985308068803505,2.842170943040401e-14,NA,NA,NA,NA,NA,NA,NA,NA,NA,NA,NA,NA,NA,NA,NA,NA,NA,NA,NA,NA,NA,NA,NA,NA,NA,NA,NA,NA,NA,NA,NA,NA,NA,NA,NA,NA,NA,NA,NA,NA,NA,NA,NA,NA,NA,NA,NA,NA,NA,NA,NA,NA,NA,NA,NA,NA,NA,NA,NA,NA,NA,NA,NA,NA,NA,NA,NA,NA,NA,NA,NA,NA,NA,NA,NA,NA,NA,NA,NA,NA,NA,NA,NA,NA,NA,NA,NA,NA,NA,NA,NA,NA,NA,NA,NA,NA,NA,NA,NA,NA,NA,NA,true,TRUE,TRUE,2761.659189984735,2815.6444980535384,2761.926396462468,53.98530806880353,53.98530806880353,11.000000000000005,FALSE,15960.972999999998,TRUE,TRUE,TRUE
skewness_heavy_tails,skewness and heavy tails,EST,EST,5,1000,330,0.33,0.6138735420503376,TRUE,TRUE,TRUE,0,CONVERGENCE: REL_REDUCTION_OF_F <= FACTR*EPSMCH,-1358.2723917678147,2740.5447835356294,2799.437846883415,2740.860892958122,12,19354.090000000004,NA,NA,NA,NA,16,stage2,1358.88911913569;1e+12;1e+12;1358.90837988294;1e+12;1e+12;1358.89334588663;1e+12;1e+12;1358.61960097586;1e+12;1e+12;1358.84561303613;1e+12;1e+12;1358.27332769503;1e+12;1e+12;1358.90379175482;1e+12;1e+12;1358.2733948037;1e+12;1e+12;1358.90341342678;1e+12;1e+12;1358.29069124348;1e+12;1e+12;1358.28746944226;1e+12;1e+12;1358.46190629577;1e+12;1e+12;1358.91300427022;1e+12;1e+12;1358.28042905715;1e+12;1e+12,proposed_likelihood,stage2,3,2.775478982864824,-0.22452101713517617,0.4,0.7015833621349447,0.30158336213494463,-0.7,0.9099243595388165,1.6099243595388164,0.7,0.7056076669498227,0.00560766694982273,0.5,1.4869532986459553,0.9869532986459552,0.5,1.4869532986459553,5,4,-1,-0.7,-1.2881262024947342,-0.5881262024947342,0.15,0.15778079496904468,0.00778079496904468,1,1.081375724527016,0.08137572452701591,5,4.416181848851822,-0.5838181511481784,1.5,1.4716376025803417,-0.02836239741965851,0.8,0.8629273469356553,0.06292734693565527,58.893063347785755,58.89306334778564,1.1368683772161603e-13,NA,NA,NA,NA,NA,NA,NA,NA,NA,NA,NA,NA,NA,NA,NA,NA,NA,NA,NA,NA,NA,NA,NA,NA,NA,NA,NA,NA,NA,NA,NA,NA,NA,NA,NA,NA,NA,NA,NA,NA,NA,NA,NA,NA,NA,NA,NA,NA,NA,NA,NA,NA,NA,NA,NA,NA,NA,NA,NA,NA,NA,NA,NA,NA,NA,NA,NA,NA,NA,NA,NA,NA,NA,NA,NA,NA,NA,NA,NA,NA,NA,NA,NA,NA,NA,NA,NA,NA,NA,NA,NA,NA,NA,NA,NA,NA,NA,NA,NA,NA,NA,NA,true,TRUE,TRUE,2740.5447835356294,2799.437846883415,2740.860892958122,58.893063347785755,58.893063347785755,12.000000000000023,FALSE,19354.090000000004,FALSE,FALSE,TRUE
skewness_heavy_tails,skewness and heavy tails,EST,NH,6,1000,355,0.355,0.6142506142506142,TRUE,TRUE,TRUE,0,NA,-1483.7269177133685,2983.453835426737,3022.715877658594,2983.5991431966663,8,125.684,NA,2969.453835426737,2974.361590705719,1.000000000000017,NA,HeckmanEM,NA,raw_AIC_BIC_implied_logLik,finite_logLik_no_explicit_code,3,4.244749419061931,1.2447494190619306,0.4,0.7660813891794294,0.36608138917942934,-0.7,NA,NA,0.7,NA,NA,0.5,NA,NA,0.5,NA,5,NA,NA,-0.7,-0.8463177998341658,-0.14631779983416582,0.15,0.1507107660013848,7.107660013848105e-4,1,0.8530272557720893,-0.1469727442279107,5,4.416319996337203,-0.5836800036627974,1.5,1.3045343403182461,-0.1954656596817541,0.8,0.9412298346122792,0.14122983461227925,39.26204223185687,39.262042231857095,-2.2737367544323206e-13,NA,NA,NA,NA,NA,NA,NA,NA,NA,NA,NA,NA,NA,NA,NA,NA,NA,NA,NA,NA,NA,NA,NA,NA,NA,NA,NA,NA,NA,NA,NA,NA,NA,NA,NA,NA,NA,NA,NA,NA,NA,NA,NA,NA,NA,NA,NA,NA,NA,NA,NA,NA,NA,NA,NA,NA,NA,NA,NA,NA,NA,NA,NA,NA,NA,NA,NA,NA,NA,NA,NA,NA,NA,NA,NA,NA,NA,NA,NA,NA,NA,NA,NA,NA,NA,NA,NA,NA,NA,NA,NA,NA,NA,NA,NA,NA,NA,NA,NA,NA,NA,NA,true,TRUE,TRUE,2983.453835426737,3022.715877658594,2983.5991431966663,39.26204223185687,39.26204223185687,7.999999999999954,FALSE,125.684,NA,NA,NA
skewness_heavy_tails,skewness and heavy tails,EST,HT,6,1000,355,0.355,0.6142506142506142,TRUE,TRUE,TRUE,0,NA,-1468.491368615756,2954.982737231512,2999.1525347423512,2955.16455541333,9,194.586,NA,2938.982737231512,2943.8904925104944,1.000000000000017,NA,HeckmanEM,NA,raw_AIC_BIC_implied_logLik,finite_logLik_no_explicit_code,3,3.071827195853673,0.07182719585367314,0.4,0.7324620589482312,0.3324620589482312,-0.7,NA,NA,0.7,NA,NA,0.5,NA,NA,0.5,NA,5,NA,NA,-0.7,-0.96917127424706,-0.26917127424706,0.15,0.17146908325165638,0.02146908325165639,1,0.9968486620025834,-0.00315133799741662,5,5.098121099039722,0.0981210990397221,1.5,1.2626651148940928,-0.23733488510590717,0.8,0.7921775373880067,-0.00782246261199337,44.16979751083909,44.16979751083923,-1.4210854715202004e-13,NA,NA,NA,NA,NA,NA,NA,NA,NA,NA,NA,NA,NA,NA,NA,NA,NA,NA,NA,NA,NA,NA,NA,NA,NA,NA,NA,NA,NA,NA,NA,NA,NA,NA,NA,NA,NA,NA,NA,NA,NA,NA,NA,NA,NA,NA,NA,NA,NA,NA,NA,NA,NA,NA,NA,NA,NA,NA,NA,NA,NA,NA,NA,NA,NA,NA,NA,NA,NA,NA,NA,NA,NA,NA,NA,NA,NA,NA,NA,NA,NA,NA,NA,NA,NA,NA,NA,NA,NA,NA,NA,NA,NA,NA,NA,NA,NA,NA,NA,NA,NA,NA,true,TRUE,TRUE,2954.982737231512,2999.1525347423512,2955.16455541333,44.16979751083909,44.16979751083909,8.999999999999972,FALSE,194.586,NA,NA,NA
skewness_heavy_tails,skewness and heavy tails,EST,CN,6,1000,355,0.355,0.6142506142506142,TRUE,TRUE,TRUE,0,NA,-1468.2809195146392,2956.5618390292784,3005.6393918190997,2956.7842859453554,10,588.509,NA,2938.5618390292784,2943.4695943082606,1.000000000000017,NA,HeckmanEM,NA,raw_AIC_BIC_implied_logLik,finite_logLik_no_explicit_code,3,2.8133790548750905,-0.18662094512490943,0.4,0.7223309490043724,0.3223309490043724,-0.7,NA,NA,0.7,NA,NA,0.5,NA,NA,0.5,NA,5,NA,NA,-0.7,-1.060067088552,-0.3600670885520001,0.15,0.18804861223197353,0.03804861223197353,1,1.090162549305213,0.09016254930521296,5,5.121167945129118,0.12116794512911788,1.5,1.2652086133222362,-0.23479138667776375,0.8,0.7906132431122751,-0.00938675688772494,49.07755278982131,49.07755278982137,-5.684341886080802e-14,NA,NA,NA,NA,NA,NA,NA,NA,NA,NA,NA,NA,NA,NA,NA,NA,NA,NA,NA,NA,NA,NA,NA,NA,NA,NA,NA,NA,NA,NA,NA,NA,NA,NA,NA,NA,NA,NA,NA,NA,NA,NA,NA,NA,NA,NA,NA,NA,NA,NA,NA,NA,NA,NA,NA,NA,NA,NA,NA,NA,NA,NA,NA,NA,NA,NA,NA,NA,NA,NA,NA,NA,NA,NA,NA,NA,NA,NA,NA,NA,NA,NA,NA,NA,NA,NA,NA,NA,NA,NA,NA,NA,NA,NA,NA,NA,NA,NA,NA,NA,NA,NA,true,TRUE,TRUE,2956.5618390292784,3005.6393918190997,2956.7842859453554,49.07755278982131,49.07755278982131,9.999999999999988,FALSE,588.509,NA,NA,NA
skewness_heavy_tails,skewness and heavy tails,EST,ESN,6,1000,355,0.355,0.6142506142506142,TRUE,TRUE,TRUE,0,CONVERGENCE: REL_REDUCTION_OF_F <= FACTR*EPSMCH,-1482.4505859725098,2986.9011719450195,3040.886480013823,2987.1683784227525,11,17836.564,NA,NA,NA,NA,13,stage2,1482.51521544613;1482.47846917235;1482.48111319761;1483.74207054072;1482.48361801494;1483.73620525444;1483.73186829715;1482.50464444692;1482.47255865818;1483.38906237833;1482.47580141039;1482.47011568288;1482.47235902117;1483.72691746031,proposed_likelihood,stage2,3,4.370796411421365,1.3707964114213649,0.4,0.6637391375570256,0.2637391375570256,-0.7,1.4908336138556937,2.1908336138556934,0.7,-1.4925821305300957,-2.192582130530096,0.5,-1.4925821305300957,-1.9925821305300957,0.5,-1.4925821305300957,5,NA,NA,-0.7,-1.487427262253247,-0.787427262253247,0.15,0.1223402432639982,-0.02765975673600181,1,0.7049866921732969,-0.2950133078267031,5,4.42410861974746,-0.57589138025254,1.5,1.313573342407434,-0.1864266575925659,0.8,0.9222155907896116,0.12221559078961142,53.98530806880353,53.985308068803505,2.842170943040401e-14,NA,NA,NA,NA,NA,NA,NA,NA,NA,NA,NA,NA,NA,NA,NA,NA,NA,NA,NA,NA,NA,NA,NA,NA,NA,NA,NA,NA,NA,NA,NA,NA,NA,NA,NA,NA,NA,NA,NA,NA,NA,NA,NA,NA,NA,NA,NA,NA,NA,NA,NA,NA,NA,NA,NA,NA,NA,NA,NA,NA,NA,NA,NA,NA,NA,NA,NA,NA,NA,NA,NA,NA,NA,NA,NA,NA,NA,NA,NA,NA,NA,NA,NA,NA,NA,NA,NA,NA,NA,NA,NA,NA,NA,NA,NA,NA,NA,NA,NA,NA,NA,NA,true,TRUE,TRUE,2986.9011719450195,3040.886480013823,2987.1683784227525,53.98530806880353,53.98530806880353,11.000000000000005,FALSE,17836.564,TRUE,TRUE,TRUE
skewness_heavy_tails,skewness and heavy tails,EST,EST,6,1000,355,0.355,0.6142506142506142,TRUE,TRUE,TRUE,0,CONVERGENCE: REL_REDUCTION_OF_F <= FACTR*EPSMCH,-1467.3259706770557,2958.651941354111,3017.5450047018967,2958.9680507766034,12,19380.193,NA,NA,NA,NA,40,stage2,1467.62521759516;1e+12;1e+12;1467.57429833244;1e+12;1e+12;1467.58504646902;1e+12;1e+12;1467.43251305894;1e+12;1e+12;1467.57632523072;1e+12;1e+12;1467.32824972137;1e+12;1e+12;1467.58664529363;1e+12;1e+12;1467.32651502574;1e+12;1e+12;1467.59164129695;1e+12;1e+12;1467.32790773072;1e+12;1e+12;1467.32668838563;1e+12;1e+12;1467.39255604423;1e+12;1e+12;1467.64347248611;1e+12;1e+12;1467.32597210582;1e+12;1e+12,proposed_likelihood,stage2,3,3.049941969547892,0.04994196954789221,0.4,0.5221246232146375,0.12212462321463746,-0.7,-0.5275517389735849,0.17244826102641508,0.7,0.931200131216053,0.2312001312160531,0.5,0.8890776762884269,0.38907767628842693,0.5,0.8890776762884269,5,4,-1,-0.7,-0.7403408467722141,-0.04034084677221417,0.15,0.16454088371755818,0.01454088371755818,1,0.9513497486102642,-0.04865025138973578,5,4.9610075415785175,-0.03899245842148247,1.5,1.242160962509486,-0.25783903749051396,0.8,0.7919194631858141,-0.00808053681418596,58.893063347785755,58.89306334778564,1.1368683772161603e-13,NA,NA,NA,NA,NA,NA,NA,NA,NA,NA,NA,NA,NA,NA,NA,NA,NA,NA,NA,NA,NA,NA,NA,NA,NA,NA,NA,NA,NA,NA,NA,NA,NA,NA,NA,NA,NA,NA,NA,NA,NA,NA,NA,NA,NA,NA,NA,NA,NA,NA,NA,NA,NA,NA,NA,NA,NA,NA,NA,NA,NA,NA,NA,NA,NA,NA,NA,NA,NA,NA,NA,NA,NA,NA,NA,NA,NA,NA,NA,NA,NA,NA,NA,NA,NA,NA,NA,NA,NA,NA,NA,NA,NA,NA,NA,NA,NA,NA,NA,NA,NA,NA,true,TRUE,TRUE,2958.6519413541114,3017.545004701897,2958.968050776604,58.893063347785755,58.893063347785755,12.000000000000023,FALSE,19380.193,FALSE,FALSE,FALSE
skewness_heavy_tails,skewness and heavy tails,EST,NH,7,1000,370,0.37,0.6203473945409429,TRUE,TRUE,TRUE,0,NA,-1474.3606530118666,2964.721306023733,3003.9833482555905,2964.8666137936625,8,151.296,NA,2950.721306023733,2955.6290613027154,1.000000000000017,NA,HeckmanEM,NA,raw_AIC_BIC_implied_logLik,finite_logLik_no_explicit_code,3,3.6281497413100863,0.6281497413100863,0.4,0.6742174480624297,0.27421744806242965,-0.7,NA,NA,0.7,NA,NA,0.5,NA,NA,0.5,NA,5,NA,NA,-0.7,-1.066566340202104,-0.366566340202104,0.15,0.1447315303111621,-0.00526846968883792,1,1.152301337741993,0.15230133774199306,5,5.531431332073065,0.5314313320730646,1.5,1.284087800943872,-0.21591219905612813,0.8,0.7241509130966488,-0.07584908690335124,39.26204223185732,39.262042231857095,2.2737367544323206e-13,NA,NA,NA,NA,NA,NA,NA,NA,NA,NA,NA,NA,NA,NA,NA,NA,NA,NA,NA,NA,NA,NA,NA,NA,NA,NA,NA,NA,NA,NA,NA,NA,NA,NA,NA,NA,NA,NA,NA,NA,NA,NA,NA,NA,NA,NA,NA,NA,NA,NA,NA,NA,NA,NA,NA,NA,NA,NA,NA,NA,NA,NA,NA,NA,NA,NA,NA,NA,NA,NA,NA,NA,NA,NA,NA,NA,NA,NA,NA,NA,NA,NA,NA,NA,NA,NA,NA,NA,NA,NA,NA,NA,NA,NA,NA,NA,NA,NA,NA,NA,NA,NA,true,TRUE,TRUE,2964.721306023733,3003.9833482555905,2964.8666137936625,39.26204223185732,39.26204223185732,8.000000000000046,FALSE,151.296,NA,NA,NA
skewness_heavy_tails,skewness and heavy tails,EST,HT,7,1000,370,0.37,0.6203473945409429,TRUE,TRUE,TRUE,0,NA,-1467.623396523338,2953.246793046676,2997.416590557515,2953.428611228494,9,156.20100000000002,NA,2937.246793046676,2942.154548325658,1.000000000000017,NA,HeckmanEM,NA,raw_AIC_BIC_implied_logLik,finite_logLik_no_explicit_code,3,2.9565687305967088,-0.04343126940329123,0.4,0.6410602984059218,0.2410602984059218,-0.7,NA,NA,0.7,NA,NA,0.5,NA,NA,0.5,NA,5,NA,NA,-0.7,-1.1754774286113223,-0.4754774286113226,0.15,0.1611242424867992,0.01112424248679919,1,1.2665557412139905,0.2665557412139905,5,5.668922739478002,0.6689227394780017,1.5,1.2679009417098033,-0.23209905829019672,0.8,0.7370827019986067,-0.06291729800139334,44.16979751083909,44.16979751083923,-1.4210854715202004e-13,NA,NA,NA,NA,NA,NA,NA,NA,NA,NA,NA,NA,NA,NA,NA,NA,NA,NA,NA,NA,NA,NA,NA,NA,NA,NA,NA,NA,NA,NA,NA,NA,NA,NA,NA,NA,NA,NA,NA,NA,NA,NA,NA,NA,NA,NA,NA,NA,NA,NA,NA,NA,NA,NA,NA,NA,NA,NA,NA,NA,NA,NA,NA,NA,NA,NA,NA,NA,NA,NA,NA,NA,NA,NA,NA,NA,NA,NA,NA,NA,NA,NA,NA,NA,NA,NA,NA,NA,NA,NA,NA,NA,NA,NA,NA,NA,NA,NA,NA,NA,NA,NA,true,TRUE,TRUE,2953.246793046676,2997.416590557515,2953.428611228494,44.16979751083909,44.16979751083909,8.999999999999972,FALSE,156.20100000000002,NA,NA,NA
skewness_heavy_tails,skewness and heavy tails,EST,CN,7,1000,370,0.37,0.6203473945409429,TRUE,TRUE,TRUE,0,NA,-1465.6048955932788,2951.2097911865576,3000.287343976379,2951.4322381026345,10,569.1310000000001,NA,2933.2097911865576,2938.11754646554,1.000000000000017,NA,HeckmanEM,NA,raw_AIC_BIC_implied_logLik,finite_logLik_no_explicit_code,3,2.1216804903871975,-0.8783195096128025,0.4,0.6414387712978544,0.2414387712978544,-0.7,NA,NA,0.7,NA,NA,0.5,NA,NA,0.5,NA,5,NA,NA,-0.7,-1.5757908820600948,-0.8757908820600948,0.15,0.2157108697530527,0.06571086975305271,1,1.6936950345601178,0.6936950345601178,5,5.691132899540406,0.6911328995404062,1.5,1.2609276292845495,-0.2390723707154503,0.8,0.7431556400018876,-0.05684435999811244,49.07755278982131,49.07755278982137,-5.684341886080802e-14,NA,NA,NA,NA,NA,NA,NA,NA,NA,NA,NA,NA,NA,NA,NA,NA,NA,NA,NA,NA,NA,NA,NA,NA,NA,NA,NA,NA,NA,NA,NA,NA,NA,NA,NA,NA,NA,NA,NA,NA,NA,NA,NA,NA,NA,NA,NA,NA,NA,NA,NA,NA,NA,NA,NA,NA,NA,NA,NA,NA,NA,NA,NA,NA,NA,NA,NA,NA,NA,NA,NA,NA,NA,NA,NA,NA,NA,NA,NA,NA,NA,NA,NA,NA,NA,NA,NA,NA,NA,NA,NA,NA,NA,NA,NA,NA,NA,NA,NA,NA,NA,NA,true,TRUE,TRUE,2951.2097911865576,3000.287343976379,2951.4322381026345,49.07755278982131,49.07755278982131,9.999999999999988,FALSE,569.1310000000001,NA,NA,NA
skewness_heavy_tails,skewness and heavy tails,EST,ESN,7,1000,370,0.37,0.6203473945409429,TRUE,TRUE,TRUE,0,CONVERGENCE: REL_REDUCTION_OF_F <= FACTR*EPSMCH,-1466.3787396385485,2954.7574792770965,3008.7427873459,2955.0246857548295,11,14886.660000000002,NA,NA,NA,NA,11,stage2,1474.36467796695;1474.36910363414;1474.36749826715;1474.35364739351;1474.36104168306;1474.36309121383;1474.36405533146;1474.35884032501;1474.36208356004;1473.82665281008;1466.69008592376;1474.36322889639;1474.36883658199;1474.36065270565,proposed_likelihood,stage2,3,5.096397165050319,2.096397165050319,0.4,0.7142223915576471,0.3142223915576471,-0.7,1.3497752694590308,2.0497752694590305,0.7,1.4925821305300957,0.7925821305300957,0.5,-1.4925821305300957,-1.9925821305300957,0.5,-1.4925821305300957,5,NA,NA,-0.7,-1.688497712512078,-0.9884977125120782,0.15,0.1292241000444235,-0.02077589995557649,1,1.013677213190754,0.01367721319075387,5,0.265515824334204,-4.734484175665796,1.5,1.29334999132157,-0.20665000867843,0.8,0.7288447399395962,-0.07115526006040385,53.98530806880353,53.985308068803505,2.842170943040401e-14,NA,NA,NA,NA,NA,NA,NA,NA,NA,NA,NA,NA,NA,NA,NA,NA,NA,NA,NA,NA,NA,NA,NA,NA,NA,NA,NA,NA,NA,NA,NA,NA,NA,NA,NA,NA,NA,NA,NA,NA,NA,NA,NA,NA,NA,NA,NA,NA,NA,NA,NA,NA,NA,NA,NA,NA,NA,NA,NA,NA,NA,NA,NA,NA,NA,NA,NA,NA,NA,NA,NA,NA,NA,NA,NA,NA,NA,NA,NA,NA,NA,NA,NA,NA,NA,NA,NA,NA,NA,NA,NA,NA,NA,NA,NA,NA,NA,NA,NA,NA,NA,NA,true,TRUE,TRUE,2954.757479277097,3008.7427873459005,2955.02468575483,53.98530806880353,53.98530806880353,11.000000000000005,FALSE,14886.660000000002,FALSE,TRUE,TRUE
skewness_heavy_tails,skewness and heavy tails,EST,EST,7,1000,370,0.37,0.6203473945409429,TRUE,TRUE,TRUE,0,CONVERGENCE: REL_REDUCTION_OF_F <= FACTR*EPSMCH,-1467.7529296851817,2959.5058593703634,3018.398922718149,2959.821968792856,12,19702.367,NA,NA,NA,NA,16,stage2,1467.99714017982;1e+12;1e+12;1467.86163816979;1e+12;1e+12;1468.27047144867;1e+12;1e+12;1467.83639012647;1e+12;1e+12;1468.31940274856;1e+12;1e+12;1467.75324430958;1e+12;1e+12;1467.85644779047;1e+12;1e+12;1467.86094714419;1e+12;1e+12;1468.59511767188;1e+12;1e+12;1467.75353705795;1e+12;1e+12;1467.77641515255;1e+12;1e+12;1467.86371003603;1e+12;1e+12;1468.23592057434;1e+12;1e+12;1467.79398086752;1e+12;1e+12,proposed_likelihood,stage2,3,2.8402674065538727,-0.15973259344612734,0.4,0.4348702440782122,0.03487024407821215,-0.7,-1.0666336480225989,-0.3666336480225989,0.7,0.771283486476736,0.07128348647673599,0.5,1.4925821305300957,0.9925821305300956,0.5,1.4925821305300957,5,4,-1,-0.7,-0.8212026915380117,-0.12120269153801178,0.15,0.14630664708992897,-0.00369335291007102,1,1.139407908669889,0.13940790866988895,5,5.841052050658807,0.8410520506588073,1.5,1.2522414180605452,-0.24775858193945477,0.8,0.7476063224434387,-0.05239367755656132,58.893063347785755,58.89306334778564,1.1368683772161603e-13,NA,NA,NA,NA,NA,NA,NA,NA,NA,NA,NA,NA,NA,NA,NA,NA,NA,NA,NA,NA,NA,NA,NA,NA,NA,NA,NA,NA,NA,NA,NA,NA,NA,NA,NA,NA,NA,NA,NA,NA,NA,NA,NA,NA,NA,NA,NA,NA,NA,NA,NA,NA,NA,NA,NA,NA,NA,NA,NA,NA,NA,NA,NA,NA,NA,NA,NA,NA,NA,NA,NA,NA,NA,NA,NA,NA,NA,NA,NA,NA,NA,NA,NA,NA,NA,NA,NA,NA,NA,NA,NA,NA,NA,NA,NA,NA,NA,NA,NA,NA,NA,NA,true,TRUE,TRUE,2959.5058593703634,3018.398922718149,2959.821968792856,58.893063347785755,58.893063347785755,12.000000000000023,FALSE,19702.367,FALSE,FALSE,TRUE
skewness_heavy_tails,skewness and heavy tails,EST,NH,8,1000,333,0.333,0.6406149903907752,TRUE,TRUE,TRUE,0,NA,-1460.2484771879642,2936.4969543759285,2975.758996607786,2936.642262145858,8,220.354,NA,2922.4969543759285,2927.4047096549107,1.000000000000017,NA,HeckmanEM,NA,raw_AIC_BIC_implied_logLik,finite_logLik_no_explicit_code,3,5.096475637004543,2.096475637004543,0.4,0.8670169892439867,0.4670169892439867,-0.7,NA,NA,0.7,NA,NA,0.5,NA,NA,0.5,NA,5,NA,NA,-0.7,-0.7993287092643964,-0.0993287092643964,0.15,0.11373681075724287,-0.03626318924275712,1,0.6403640201591925,-0.35963597984080753,5,3.177426630220923,-1.822573369779077,1.5,1.6189113331866278,0.11891133318662785,0.8,0.7189240737278221,-0.08107592627217797,39.26204223185732,39.262042231857095,2.2737367544323206e-13,NA,NA,NA,NA,NA,NA,NA,NA,NA,NA,NA,NA,NA,NA,NA,NA,NA,NA,NA,NA,NA,NA,NA,NA,NA,NA,NA,NA,NA,NA,NA,NA,NA,NA,NA,NA,NA,NA,NA,NA,NA,NA,NA,NA,NA,NA,NA,NA,NA,NA,NA,NA,NA,NA,NA,NA,NA,NA,NA,NA,NA,NA,NA,NA,NA,NA,NA,NA,NA,NA,NA,NA,NA,NA,NA,NA,NA,NA,NA,NA,NA,NA,NA,NA,NA,NA,NA,NA,NA,NA,NA,NA,NA,NA,NA,NA,NA,NA,NA,NA,NA,NA,true,TRUE,TRUE,2936.4969543759285,2975.758996607786,2936.642262145858,39.26204223185732,39.26204223185732,8.000000000000046,FALSE,220.354,NA,NA,NA
skewness_heavy_tails,skewness and heavy tails,EST,HT,8,1000,333,0.333,0.6406149903907752,TRUE,TRUE,TRUE,0,NA,-1429.1200023300207,2876.2400046600414,2920.4098021708805,2876.4218228418595,9,208.002,NA,2860.2400046600414,2865.1477599390237,1.000000000000017,NA,HeckmanEM,NA,raw_AIC_BIC_implied_logLik,finite_logLik_no_explicit_code,3,2.9222947615533807,-0.07770523844661925,0.4,0.6819436605855639,0.28194366058556386,-0.7,NA,NA,0.7,NA,NA,0.5,NA,NA,0.5,NA,5,NA,NA,-0.7,-1.0290201022906436,-0.3290201022906436,0.15,0.1627487253120566,0.01274872531205659,1,0.9094823203557684,-0.09051767964423174,5,4.885830923727688,-0.11416907627231244,1.5,1.5396248565432349,0.03962485654323489,0.8,0.7293638380888721,-0.07063616191112798,44.16979751083909,44.16979751083923,-1.4210854715202004e-13,NA,NA,NA,NA,NA,NA,NA,NA,NA,NA,NA,NA,NA,NA,NA,NA,NA,NA,NA,NA,NA,NA,NA,NA,NA,NA,NA,NA,NA,NA,NA,NA,NA,NA,NA,NA,NA,NA,NA,NA,NA,NA,NA,NA,NA,NA,NA,NA,NA,NA,NA,NA,NA,NA,NA,NA,NA,NA,NA,NA,NA,NA,NA,NA,NA,NA,NA,NA,NA,NA,NA,NA,NA,NA,NA,NA,NA,NA,NA,NA,NA,NA,NA,NA,NA,NA,NA,NA,NA,NA,NA,NA,NA,NA,NA,NA,NA,NA,NA,NA,NA,NA,true,TRUE,TRUE,2876.2400046600414,2920.4098021708805,2876.4218228418595,44.16979751083909,44.16979751083909,8.999999999999972,FALSE,208.002,NA,NA,NA
skewness_heavy_tails,skewness and heavy tails,EST,CN,8,1000,333,0.333,0.6406149903907752,TRUE,TRUE,TRUE,0,NA,-1429.7720723405585,2879.544144681117,2928.621697470938,2879.766591597194,10,451.615,NA,2861.544144681117,2866.451899960099,1.000000000000017,NA,HeckmanEM,NA,raw_AIC_BIC_implied_logLik,finite_logLik_no_explicit_code,3,3.2185946609306284,0.2185946609306284,0.4,0.7106706374114002,0.3106706374114002,-0.7,NA,NA,0.7,NA,NA,0.5,NA,NA,0.5,NA,5,NA,NA,-0.7,-0.99490155521848,-0.29490155521847994,0.15,0.1570234753256015,0.00702347532560151,1,0.8740303306725526,-0.12596966932744735,5,4.690028269611346,-0.30997173038865444,1.5,1.5307658836451368,0.03076588364513677,0.8,0.7231159525753923,-0.07688404742460775,49.07755278982131,49.07755278982137,-5.684341886080802e-14,NA,NA,NA,NA,NA,NA,NA,NA,NA,NA,NA,NA,NA,NA,NA,NA,NA,NA,NA,NA,NA,NA,NA,NA,NA,NA,NA,NA,NA,NA,NA,NA,NA,NA,NA,NA,NA,NA,NA,NA,NA,NA,NA,NA,NA,NA,NA,NA,NA,NA,NA,NA,NA,NA,NA,NA,NA,NA,NA,NA,NA,NA,NA,NA,NA,NA,NA,NA,NA,NA,NA,NA,NA,NA,NA,NA,NA,NA,NA,NA,NA,NA,NA,NA,NA,NA,NA,NA,NA,NA,NA,NA,NA,NA,NA,NA,NA,NA,NA,NA,NA,NA,true,TRUE,TRUE,2879.544144681117,2928.621697470938,2879.766591597194,49.07755278982131,49.07755278982131,9.999999999999988,FALSE,451.615,NA,NA,NA
skewness_heavy_tails,skewness and heavy tails,EST,ESN,8,1000,333,0.333,0.6406149903907752,TRUE,TRUE,TRUE,0,CONVERGENCE: REL_REDUCTION_OF_F <= FACTR*EPSMCH,-1445.7254414791291,2913.4508829582583,2967.436191027062,2913.7180894359913,11,20479.659,NA,NA,NA,NA,6,stage2,1458.12168526381;1457.92655490651;1458.3370967643;1460.28428228945;1457.99380998131;1454.09123325784;1460.2895830991;1457.99813633472;1457.96186113193;1450.36742236022;1457.9418052495;1457.97725625536;1457.9275560527;1460.24847686673,proposed_likelihood,stage2,3,6.216868331649055,3.2168683316490547,0.4,0.7893530571938738,0.3893530571938738,-0.7,1.4925821305300957,2.192582130530096,0.7,1.4925821305300957,0.7925821305300957,0.5,-1.4925821305300957,-1.9925821305300957,0.5,-1.4925821305300957,5,NA,NA,-0.7,-1.5181870134349484,-0.8181870134349485,0.15,0.1140291348732868,-0.0359708651267132,1,0.6368493009688452,-0.3631506990311548,5,-2.0874599545331436,-7.087459954533143,1.5,1.5700861413002871,0.07008614130028734,0.8,0.7509421556465833,-0.04905784435341676,53.98530806880353,53.985308068803505,2.842170943040401e-14,NA,NA,NA,NA,NA,NA,NA,NA,NA,NA,NA,NA,NA,NA,NA,NA,NA,NA,NA,NA,NA,NA,NA,NA,NA,NA,NA,NA,NA,NA,NA,NA,NA,NA,NA,NA,NA,NA,NA,NA,NA,NA,NA,NA,NA,NA,NA,NA,NA,NA,NA,NA,NA,NA,NA,NA,NA,NA,NA,NA,NA,NA,NA,NA,NA,NA,NA,NA,NA,NA,NA,NA,NA,NA,NA,NA,NA,NA,NA,NA,NA,NA,NA,NA,NA,NA,NA,NA,NA,NA,NA,NA,NA,NA,NA,NA,NA,NA,NA,NA,NA,NA,true,TRUE,TRUE,2913.4508829582583,2967.436191027062,2913.7180894359913,53.98530806880353,53.98530806880353,11.000000000000005,FALSE,20479.659,TRUE,TRUE,TRUE
skewness_heavy_tails,skewness and heavy tails,EST,EST,8,1000,333,0.333,0.6406149903907752,TRUE,TRUE,TRUE,0,CONVERGENCE: REL_REDUCTION_OF_F <= FACTR*EPSMCH,-1428.3782751670492,2880.7565503340984,2939.649613681884,2881.072659756591,12,19295.604,NA,NA,NA,NA,16,stage2,1428.41748529332;1e+12;1e+12;1428.41640686545;1e+12;1e+12;1428.46450542865;1e+12;1e+12;1428.4156256844;1e+12;1e+12;1428.41713587867;1e+12;1e+12;1428.38436820941;1e+12;1e+12;1428.41657871748;1e+12;1e+12;1428.41615505685;1e+12;1e+12;1428.42081163704;1e+12;1e+12;1428.38376388949;1e+12;1e+12;1428.41831403652;1e+12;1e+12;1428.41995201683;1e+12;1e+12;1428.41662019917;1e+12;1e+12;1428.41803201912;1e+12;1e+12,proposed_likelihood,stage2,3,3.0546458015891007,0.0546458015891007,0.4,0.521918776868661,0.12191877686866091,-0.7,-0.37580146247055823,0.3241985375294417,0.7,0.7428678088813411,0.04286780888134112,0.5,1.4214786946174822,0.9214786946174822,0.5,1.4214786946174822,5,4,-1,-0.7,-0.8851070624567572,-0.18510706245675723,0.15,0.15471652630146532,0.00471652630146532,1,0.8607336231262692,-0.13926637687373078,5,4.8927739408262925,-0.10722605917370752,1.5,1.525067205673166,0.025067205673166,0.8,0.7421780764681736,-0.05782192353182647,58.893063347785755,58.89306334778564,1.1368683772161603e-13,NA,NA,NA,NA,NA,NA,NA,NA,NA,NA,NA,NA,NA,NA,NA,NA,NA,NA,NA,NA,NA,NA,NA,NA,NA,NA,NA,NA,NA,NA,NA,NA,NA,NA,NA,NA,NA,NA,NA,NA,NA,NA,NA,NA,NA,NA,NA,NA,NA,NA,NA,NA,NA,NA,NA,NA,NA,NA,NA,NA,NA,NA,NA,NA,NA,NA,NA,NA,NA,NA,NA,NA,NA,NA,NA,NA,NA,NA,NA,NA,NA,NA,NA,NA,NA,NA,NA,NA,NA,NA,NA,NA,NA,NA,NA,NA,NA,NA,NA,NA,NA,NA,true,TRUE,TRUE,2880.7565503340984,2939.649613681884,2881.072659756591,58.893063347785755,58.893063347785755,12.000000000000023,FALSE,19295.604,FALSE,FALSE,FALSE
skewness_heavy_tails,skewness and heavy tails,EST,NH,9,1000,343,0.343,0.6406149903907752,TRUE,TRUE,TRUE,0,NA,-1429.7895855317715,2875.579171063543,2914.8412132954,2875.7244788334724,8,209.177,NA,2861.579171063543,2866.4869263425253,1.000000000000017,NA,HeckmanEM,NA,raw_AIC_BIC_implied_logLik,finite_logLik_no_explicit_code,3,4.251227558884939,1.2512275588849393,0.4,0.8423077521682538,0.4423077521682538,-0.7,NA,NA,0.7,NA,NA,0.5,NA,NA,0.5,NA,5,NA,NA,-0.7,-0.8774900267087895,-0.17749002670878955,0.15,0.13518713029969376,-0.01481286970030623,1,0.821330768446683,-0.17866923155331704,5,4.220848910381267,-0.7791510896187326,1.5,1.645221971900479,0.14522197190047903,0.8,0.7757747601476466,-0.02422523985235347,39.26204223185687,39.262042231857095,-2.2737367544323206e-13,NA,NA,NA,NA,NA,NA,NA,NA,NA,NA,NA,NA,NA,NA,NA,NA,NA,NA,NA,NA,NA,NA,NA,NA,NA,NA,NA,NA,NA,NA,NA,NA,NA,NA,NA,NA,NA,NA,NA,NA,NA,NA,NA,NA,NA,NA,NA,NA,NA,NA,NA,NA,NA,NA,NA,NA,NA,NA,NA,NA,NA,NA,NA,NA,NA,NA,NA,NA,NA,NA,NA,NA,NA,NA,NA,NA,NA,NA,NA,NA,NA,NA,NA,NA,NA,NA,NA,NA,NA,NA,NA,NA,NA,NA,NA,NA,NA,NA,NA,NA,NA,NA,true,TRUE,TRUE,2875.579171063543,2914.8412132954,2875.7244788334724,39.26204223185687,39.26204223185687,7.999999999999954,FALSE,209.177,NA,NA,NA
skewness_heavy_tails,skewness and heavy tails,EST,HT,9,1000,343,0.343,0.6406149903907752,TRUE,TRUE,TRUE,0,NA,-1411.1232355564682,2840.2464711129364,2884.4162686237755,2840.4282892947544,9,191.72000000000003,NA,2824.2464711129364,2829.1542263919187,1.000000000000017,NA,HeckmanEM,NA,raw_AIC_BIC_implied_logLik,finite_logLik_no_explicit_code,3,2.780492800024269,-0.2195071999757312,0.4,0.732882302778066,0.33288230277806596,-0.7,NA,NA,0.7,NA,NA,0.5,NA,NA,0.5,NA,5,NA,NA,-0.7,-1.046299499959963,-0.3462994999599631,0.15,0.16936495861831294,0.01936495861831294,1,1.0151968914321248,0.01519689143212477,5,5.143975497481232,0.1439754974812324,1.5,1.5543506604677912,0.05435066046779124,0.8,0.7811563080031618,-0.01884369199683822,44.16979751083909,44.16979751083923,-1.4210854715202004e-13,NA,NA,NA,NA,NA,NA,NA,NA,NA,NA,NA,NA,NA,NA,NA,NA,NA,NA,NA,NA,NA,NA,NA,NA,NA,NA,NA,NA,NA,NA,NA,NA,NA,NA,NA,NA,NA,NA,NA,NA,NA,NA,NA,NA,NA,NA,NA,NA,NA,NA,NA,NA,NA,NA,NA,NA,NA,NA,NA,NA,NA,NA,NA,NA,NA,NA,NA,NA,NA,NA,NA,NA,NA,NA,NA,NA,NA,NA,NA,NA,NA,NA,NA,NA,NA,NA,NA,NA,NA,NA,NA,NA,NA,NA,NA,NA,NA,NA,NA,NA,NA,NA,true,TRUE,TRUE,2840.2464711129364,2884.4162686237755,2840.4282892947544,44.16979751083909,44.16979751083909,8.999999999999972,FALSE,191.72000000000003,NA,NA,NA
skewness_heavy_tails,skewness and heavy tails,EST,CN,9,1000,343,0.343,0.6406149903907752,TRUE,TRUE,TRUE,0,NA,-1411.0482341960517,2842.0964683921034,2891.1740211819247,2842.3189153081803,10,601.2180000000001,NA,2824.0964683921034,2829.0042236710856,1.000000000000017,NA,HeckmanEM,NA,raw_AIC_BIC_implied_logLik,finite_logLik_no_explicit_code,3,2.78030084507781,-0.21969915492219003,0.4,0.7408244690628197,0.3408244690628197,-0.7,NA,NA,0.7,NA,NA,0.5,NA,NA,0.5,NA,5,NA,NA,-0.7,-1.0680061855012584,-0.3680061855012584,0.15,0.17138325214685318,0.02138325214685318,1,1.0335135048745914,0.03351350487459137,5,5.131689260970282,0.13168926097028244,1.5,1.5854721106244614,0.08547211062446136,0.8,0.7620996180829902,-0.03790038191700984,49.07755278982131,49.07755278982137,-5.684341886080802e-14,NA,NA,NA,NA,NA,NA,NA,NA,NA,NA,NA,NA,NA,NA,NA,NA,NA,NA,NA,NA,NA,NA,NA,NA,NA,NA,NA,NA,NA,NA,NA,NA,NA,NA,NA,NA,NA,NA,NA,NA,NA,NA,NA,NA,NA,NA,NA,NA,NA,NA,NA,NA,NA,NA,NA,NA,NA,NA,NA,NA,NA,NA,NA,NA,NA,NA,NA,NA,NA,NA,NA,NA,NA,NA,NA,NA,NA,NA,NA,NA,NA,NA,NA,NA,NA,NA,NA,NA,NA,NA,NA,NA,NA,NA,NA,NA,NA,NA,NA,NA,NA,NA,true,TRUE,TRUE,2842.0964683921034,2891.1740211819247,2842.3189153081803,49.07755278982131,49.07755278982131,9.999999999999988,FALSE,601.2180000000001,NA,NA,NA
skewness_heavy_tails,skewness and heavy tails,EST,ESN,9,1000,343,0.343,0.6406149903907752,TRUE,TRUE,TRUE,0,CONVERGENCE: REL_REDUCTION_OF_F <= FACTR*EPSMCH,-1422.0176941299726,2866.035388259945,2920.0206963287487,2866.302594737678,11,18425.029,NA,NA,NA,NA,10,stage2,1429.15257305316;1429.14656298521;1429.17803498205;1429.80003427925;1429.04287247386;1429.75017209984;1429.80503101583;1429.00002116319;1429.02202997712;1427.26681996224;1429.01482054069;1429.03902532961;1429.26366523743;1429.78958526203,proposed_likelihood,stage2,3,5.509321931076266,2.5093219310762658,0.4,0.7997690880215294,0.3997690880215294,-0.7,1.489988033784161,2.189988033784161,0.7,1.4588263307303238,0.7588263307303238,0.5,-1.4925821305300957,-1.9925821305300957,0.5,-1.4925821305300957,5,NA,NA,-0.7,-1.5755647625980154,-0.8755647625980154,0.15,0.12420859066158144,-0.02579140933841856,1,0.756935830694022,-0.24306416930597796,5,-0.8840940211184437,-5.884094021118444,1.5,1.5646825585746456,0.06468255857464555,0.8,0.8060675777135221,0.00606757771352206,53.98530806880353,53.985308068803505,2.842170943040401e-14,NA,NA,NA,NA,NA,NA,NA,NA,NA,NA,NA,NA,NA,NA,NA,NA,NA,NA,NA,NA,NA,NA,NA,NA,NA,NA,NA,NA,NA,NA,NA,NA,NA,NA,NA,NA,NA,NA,NA,NA,NA,NA,NA,NA,NA,NA,NA,NA,NA,NA,NA,NA,NA,NA,NA,NA,NA,NA,NA,NA,NA,NA,NA,NA,NA,NA,NA,NA,NA,NA,NA,NA,NA,NA,NA,NA,NA,NA,NA,NA,NA,NA,NA,NA,NA,NA,NA,NA,NA,NA,NA,NA,NA,NA,NA,NA,NA,NA,NA,NA,NA,NA,true,TRUE,TRUE,2866.035388259945,2920.0206963287487,2866.302594737678,53.98530806880353,53.98530806880353,11.000000000000005,FALSE,18425.029,TRUE,TRUE,TRUE
skewness_heavy_tails,skewness and heavy tails,EST,EST,9,1000,343,0.343,0.6406149903907752,TRUE,TRUE,TRUE,0,CONVERGENCE: REL_REDUCTION_OF_F <= FACTR*EPSMCH,-1409.5941848648088,2843.1883697296175,2902.0814330774033,2843.50447915211,12,15589.691000000004,NA,NA,NA,NA,16,stage2,1409.63044593147;1e+12;1e+12;1409.63510709739;1e+12;1e+12;1409.6306933048;1e+12;1e+12;1409.59611062324;1e+12;1e+12;1409.63162869212;1e+12;1e+12;1409.59418557334;1e+12;1e+12;1409.63230509776;1e+12;1e+12;1409.61268415072;1e+12;1e+12;1409.63069959332;1e+12;1e+12;1409.5983343306;1e+12;1e+12;1409.60208693198;1e+12;1e+12;1409.60097180477;1e+12;1e+12;1409.63020452566;1e+12;1e+12;1409.59651470407;1e+12;1e+12,proposed_likelihood,stage2,3,2.793188246742303,-0.2068117532576972,0.4,0.3870007179583374,-0.01299928204166261,-0.7,-1.2642172232275983,-0.5642172232275984,0.7,1.0007239083327608,0.30072390833276086,0.5,0.3639213781340224,-0.13607862186597763,0.5,0.3639213781340224,5,4,-1,-0.7,-0.3948808585772645,0.30511914142273544,0.15,0.14202954535677925,-0.00797045464322074,1,0.8486481729515147,-0.1513518270484853,5,5.175616124006302,0.1756161240063019,1.5,1.5492016396055943,0.04920163960559431,0.8,0.7994445310447756,-5.55468955224403e-4,58.893063347785755,58.89306334778564,1.1368683772161603e-13,NA,NA,NA,NA,NA,NA,NA,NA,NA,NA,NA,NA,NA,NA,NA,NA,NA,NA,NA,NA,NA,NA,NA,NA,NA,NA,NA,NA,NA,NA,NA,NA,NA,NA,NA,NA,NA,NA,NA,NA,NA,NA,NA,NA,NA,NA,NA,NA,NA,NA,NA,NA,NA,NA,NA,NA,NA,NA,NA,NA,NA,NA,NA,NA,NA,NA,NA,NA,NA,NA,NA,NA,NA,NA,NA,NA,NA,NA,NA,NA,NA,NA,NA,NA,NA,NA,NA,NA,NA,NA,NA,NA,NA,NA,NA,NA,NA,NA,NA,NA,NA,NA,true,TRUE,TRUE,2843.1883697296175,2902.0814330774033,2843.50447915211,58.893063347785755,58.893063347785755,12.000000000000023,FALSE,15589.691000000004,FALSE,FALSE,FALSE
skewness_heavy_tails,skewness and heavy tails,EST,NH,10,1000,305,0.305,0.6172839506172839,TRUE,TRUE,TRUE,0,NA,-1312.3733185667363,2640.746637133473,2680.00867936533,2640.8919449034024,8,97.573,NA,2626.746637133473,2631.6543924124553,1.000000000000017,NA,HeckmanEM,NA,raw_AIC_BIC_implied_logLik,finite_logLik_no_explicit_code,3,3.5488101934793885,0.5488101934793885,0.4,0.35537222742634755,-0.04462777257365247,-0.7,NA,NA,0.7,NA,NA,0.5,NA,NA,0.5,NA,5,NA,NA,-0.7,-1.1191025867892657,-0.4191025867892657,0.15,0.1738173513196447,0.02381735131964471,1,0.9442320792605644,-0.0557679207394357,5,6.12393901403004,1.1239390140300405,1.5,1.7840684062755503,0.2840684062755503,0.8,0.7009860696076644,-0.09901393039233564,39.26204223185687,39.262042231857095,2.2737367544323206e-13,NA,NA,NA,NA,NA,NA,NA,NA,NA,NA,NA,NA,NA,NA,NA,NA,NA,NA,NA,NA,NA,NA,NA,NA,NA,NA,NA,NA,NA,NA,NA,NA,NA,NA,NA,NA,NA,NA,NA,NA,NA,NA,NA,NA,NA,NA,NA,NA,NA,NA,NA,NA,NA,NA,NA,NA,NA,NA,NA,NA,NA,NA,NA,NA,NA,NA,NA,NA,NA,NA,NA,NA,NA,NA,NA,NA,NA,NA,NA,NA,NA,NA,NA,NA,NA,NA,NA,NA,NA,NA,NA,NA,NA,NA,NA,NA,NA,NA,NA,NA,NA,NA,true,TRUE,TRUE,2640.7466371334726,2680.00867936533,2640.891944903402,39.26204223185687,39.26204223185732,7.999999999999954,FALSE,97.573,NA,NA,NA
skewness_heavy_tails,skewness and heavy tails,EST,HT,10,1000,305,0.305,0.6172839506172839,TRUE,TRUE,TRUE,0,NA,-1294.1455728892229,2606.2911457784458,2650.460943289285,2606.472963960264,9,166.276,NA,2590.2911457784458,2595.198901057428,1.000000000000017,NA,HeckmanEM,NA,raw_AIC_BIC_implied_logLik,finite_logLik_no_explicit_code,3,2.5372952983604926,-0.4627047016395074,0.4,0.4070596186905262,0.00705961869052618,-0.7,NA,NA,0.7,NA,NA,0.5,NA,NA,0.5,NA,5,NA,NA,-0.7,-1.260991177811307,-0.560991177811307,0.15,0.19442810951006748,0.04442810951006748,1,1.0630497217846222,0.0630497217846222,5,6.222190322407282,1.2221903224072816,1.5,1.7668919978608393,0.2668919978608393,0.8,0.5626385131778817,-0.23736148682211833,44.16979751083909,44.16979751083923,-1.4210854715202004e-13,NA,NA,NA,NA,NA,NA,NA,NA,NA,NA,NA,NA,NA,NA,NA,NA,NA,NA,NA,NA,NA,NA,NA,NA,NA,NA,NA,NA,NA,NA,NA,NA,NA,NA,NA,NA,NA,NA,NA,NA,NA,NA,NA,NA,NA,NA,NA,NA,NA,NA,NA,NA,NA,NA,NA,NA,NA,NA,NA,NA,NA,NA,NA,NA,NA,NA,NA,NA,NA,NA,NA,NA,NA,NA,NA,NA,NA,NA,NA,NA,NA,NA,NA,NA,NA,NA,NA,NA,NA,NA,NA,NA,NA,NA,NA,NA,NA,NA,NA,NA,NA,NA,true,TRUE,TRUE,2606.2911457784458,2650.460943289285,2606.4729639602638,44.16979751083909,44.16979751083909,8.999999999999972,FALSE,166.276,NA,NA,NA
skewness_heavy_tails,skewness and heavy tails,EST,CN,10,1000,305,0.305,0.6172839506172839,TRUE,TRUE,TRUE,0,NA,-1292.35519828091,2604.71039656182,2653.787949351641,2604.9328434778968,10,334.647,NA,2586.71039656182,2591.618151840802,1.000000000000017,NA,HeckmanEM,NA,raw_AIC_BIC_implied_logLik,finite_logLik_no_explicit_code,3,2.5085652082657024,-0.4914347917342976,0.4,0.37662795838902474,-0.02337204161097528,-0.7,NA,NA,0.7,NA,NA,0.5,NA,NA,0.5,NA,5,NA,NA,-0.7,-1.268635436665509,-0.5686354366655091,0.15,0.1961059157984669,0.0461059157984669,1,1.0680880382980928,0.06808803829809285,5,6.3335520126889335,1.3335520126889335,1.5,1.7674018142465413,0.2674018142465413,0.8,0.5620429848010945,-0.23795701519890555,49.07755278982131,49.07755278982137,-5.684341886080802e-14,NA,NA,NA,NA,NA,NA,NA,NA,NA,NA,NA,NA,NA,NA,NA,NA,NA,NA,NA,NA,NA,NA,NA,NA,NA,NA,NA,NA,NA,NA,NA,NA,NA,NA,NA,NA,NA,NA,NA,NA,NA,NA,NA,NA,NA,NA,NA,NA,NA,NA,NA,NA,NA,NA,NA,NA,NA,NA,NA,NA,NA,NA,NA,NA,NA,NA,NA,NA,NA,NA,NA,NA,NA,NA,NA,NA,NA,NA,NA,NA,NA,NA,NA,NA,NA,NA,NA,NA,NA,NA,NA,NA,NA,NA,NA,NA,NA,NA,NA,NA,NA,NA,true,TRUE,TRUE,2604.71039656182,2653.787949351641,2604.9328434778968,49.07755278982131,49.07755278982131,9.999999999999988,FALSE,334.647,NA,NA,NA
skewness_heavy_tails,skewness and heavy tails,EST,ESN,10,1000,305,0.305,0.6172839506172839,TRUE,TRUE,TRUE,0,CONVERGENCE: REL_REDUCTION_OF_F <= FACTR*EPSMCH,-1301.0324710687246,2624.064942137449,2678.0502502062527,2624.332148615182,11,15612.502,NA,NA,NA,NA,10,stage2,1312.37361096402;1312.37442950595;1312.37338961404;1312.3733753201;1312.37323127947;1301.54685161542;1312.376108465;1301.8243679949;1312.37390851827;1301.18174540856;1312.31725146576;1312.37359230567;1312.37371647589;1312.37331802257,proposed_likelihood,stage2,3,4.95971734382409,1.9597173438240896,0.4,0.510021593741059,0.11002159374105902,-0.7,1.053388391875799,1.7533883918757989,0.7,1.4925821305300957,0.7925821305300957,0.5,-1.4925821305300957,-1.9925821305300957,0.5,-1.4925821305300957,5,NA,NA,-0.7,-1.6660720046234798,-0.96607200462348,0.15,0.15736897622563867,0.00736897622563867,1,0.8560589908316312,-0.14394100916836883,5,0.8676010849308736,-4.1323989150691265,1.5,1.7897839224720122,0.28978392247201223,0.8,0.6488864043061072,-0.15111359569389282,53.98530806880353,53.985308068803505,2.842170943040401e-14,NA,NA,NA,NA,NA,NA,NA,NA,NA,NA,NA,NA,NA,NA,NA,NA,NA,NA,NA,NA,NA,NA,NA,NA,NA,NA,NA,NA,NA,NA,NA,NA,NA,NA,NA,NA,NA,NA,NA,NA,NA,NA,NA,NA,NA,NA,NA,NA,NA,NA,NA,NA,NA,NA,NA,NA,NA,NA,NA,NA,NA,NA,NA,NA,NA,NA,NA,NA,NA,NA,NA,NA,NA,NA,NA,NA,NA,NA,NA,NA,NA,NA,NA,NA,NA,NA,NA,NA,NA,NA,NA,NA,NA,NA,NA,NA,NA,NA,NA,NA,NA,NA,true,TRUE,TRUE,2624.064942137449,2678.0502502062527,2624.332148615182,53.98530806880353,53.98530806880353,11.000000000000005,FALSE,15612.502,FALSE,TRUE,TRUE
skewness_heavy_tails,skewness and heavy tails,EST,EST,10,1000,305,0.305,0.6172839506172839,TRUE,TRUE,TRUE,0,CONVERGENCE: REL_REDUCTION_OF_F <= FACTR*EPSMCH,-1291.0566375672176,2606.1132751344353,2665.006338482221,2606.4293845569277,12,16673.030000000002,NA,NA,NA,NA,4,stage2,1291.05808918213;1e+12;1e+12;1291.05663838911;1e+12;1e+12;1291.08163326079;1e+12;1e+12;1291.05696903557;1e+12;1e+12;1291.05712825354;1e+12;1e+12;1291.05725051168;1e+12;1e+12;1291.05700940477;1e+12;1e+12;1291.05710509905;1e+12;1e+12;1291.14202020006;1e+12;1e+12;1291.05683999136;1e+12;1e+12;1291.0576609323;1e+12;1e+12;1291.05680376004;1e+12;1e+12;1291.15314184111;1e+12;1e+12;1291.05710141421;1e+12;1e+12,proposed_likelihood,stage2,3,3.015468812234662,0.01546881223466201,0.4,-0.09434321294373832,-0.49434321294373834,-0.7,-0.9374740469780296,-0.2374740469780295,0.7,1.0730078804468466,0.37300788044684663,0.5,0.8218822815571312,0.32188228155713117,0.5,0.8218822815571312,5,4,-1,-0.7,-0.8030087371263714,-0.10300873712637149,0.15,0.17329639099283636,0.02329639099283637,1,0.9277607381492138,-0.07223926185078622,5,5.84797278745834,0.8479727874583398,1.5,1.805912772529945,0.3059127725299451,0.8,0.5455255022829162,-0.25447449771708386,58.893063347785755,58.89306334778564,1.1368683772161603e-13,NA,NA,NA,NA,NA,NA,NA,NA,NA,NA,NA,NA,NA,NA,NA,NA,NA,NA,NA,NA,NA,NA,NA,NA,NA,NA,NA,NA,NA,NA,NA,NA,NA,NA,NA,NA,NA,NA,NA,NA,NA,NA,NA,NA,NA,NA,NA,NA,NA,NA,NA,NA,NA,NA,NA,NA,NA,NA,NA,NA,NA,NA,NA,NA,NA,NA,NA,NA,NA,NA,NA,NA,NA,NA,NA,NA,NA,NA,NA,NA,NA,NA,NA,NA,NA,NA,NA,NA,NA,NA,NA,NA,NA,NA,NA,NA,NA,NA,NA,NA,NA,NA,true,TRUE,TRUE,2606.1132751344353,2665.006338482221,2606.4293845569277,58.893063347785755,58.893063347785755,12.000000000000023,FALSE,16673.030000000002,FALSE,FALSE,FALSE
skewness_heavy_tails,skewness and heavy tails,EST,NH,11,1000,345,0.345,0.6422607578676943,TRUE,TRUE,TRUE,0,NA,-1492.239704135318,3000.479408270636,3039.7414505024935,3000.6247160405655,8,207.212,NA,2986.479408270636,2991.3871635496184,1.000000000000017,NA,HeckmanEM,NA,raw_AIC_BIC_implied_logLik,finite_logLik_no_explicit_code,3,5.200622787955896,2.200622787955896,0.4,0.9141696830366144,0.5141696830366144,-0.7,NA,NA,0.7,NA,NA,0.5,NA,NA,0.5,NA,5,NA,NA,-0.7,-0.727430023617582,-0.02743002361758206,0.15,0.1026260524732915,-0.04737394752670849,1,0.6418992971366275,-0.3581007028633725,5,2.5798835119461625,-2.4201164880538375,1.5,1.4482954408132616,-0.05170455918673844,0.8,0.9352229091239652,0.13522290912396528,39.26204223185732,39.262042231857095,2.2737367544323206e-13,NA,NA,NA,NA,NA,NA,NA,NA,NA,NA,NA,NA,NA,NA,NA,NA,NA,NA,NA,NA,NA,NA,NA,NA,NA,NA,NA,NA,NA,NA,NA,NA,NA,NA,NA,NA,NA,NA,NA,NA,NA,NA,NA,NA,NA,NA,NA,NA,NA,NA,NA,NA,NA,NA,NA,NA,NA,NA,NA,NA,NA,NA,NA,NA,NA,NA,NA,NA,NA,NA,NA,NA,NA,NA,NA,NA,NA,NA,NA,NA,NA,NA,NA,NA,NA,NA,NA,NA,NA,NA,NA,NA,NA,NA,NA,NA,NA,NA,NA,NA,NA,NA,true,TRUE,TRUE,3000.479408270636,3039.7414505024935,3000.6247160405655,39.26204223185732,39.26204223185732,8.000000000000046,FALSE,207.212,NA,NA,NA
skewness_heavy_tails,skewness and heavy tails,EST,HT,11,1000,345,0.345,0.6422607578676943,TRUE,TRUE,TRUE,0,NA,-1469.0518451479293,2956.1036902958585,3000.2734878066976,2956.285508477677,9,318.657,NA,2940.1036902958585,2945.0114455748408,1.000000000000017,NA,HeckmanEM,NA,raw_AIC_BIC_implied_logLik,finite_logLik_no_explicit_code,3,3.2560448685643935,0.25604486856439346,0.4,0.8029894442626733,0.4029894442626733,-0.7,NA,NA,0.7,NA,NA,0.5,NA,NA,0.5,NA,5,NA,NA,-0.7,-0.8927918495054252,-0.19279184950542527,0.15,0.13474517848907946,-0.01525482151092053,1,0.8798457149773404,-0.12015428502265955,5,4.0537494924444575,-0.9462505075555424,1.5,1.4634093339185517,-0.03659066608144834,0.8,0.9522585379723736,0.15225853797237343,44.16979751083909,44.16979751083923,-1.4210854715202004e-13,NA,NA,NA,NA,NA,NA,NA,NA,NA,NA,NA,NA,NA,NA,NA,NA,NA,NA,NA,NA,NA,NA,NA,NA,NA,NA,NA,NA,NA,NA,NA,NA,NA,NA,NA,NA,NA,NA,NA,NA,NA,NA,NA,NA,NA,NA,NA,NA,NA,NA,NA,NA,NA,NA,NA,NA,NA,NA,NA,NA,NA,NA,NA,NA,NA,NA,NA,NA,NA,NA,NA,NA,NA,NA,NA,NA,NA,NA,NA,NA,NA,NA,NA,NA,NA,NA,NA,NA,NA,NA,NA,NA,NA,NA,NA,NA,NA,NA,NA,NA,NA,NA,true,TRUE,TRUE,2956.1036902958585,3000.2734878066976,2956.2855084776766,44.16979751083909,44.16979751083909,8.999999999999972,FALSE,318.657,NA,NA,NA
skewness_heavy_tails,skewness and heavy tails,EST,CN,11,1000,345,0.345,0.6422607578676943,TRUE,TRUE,TRUE,0,NA,-1464.52119063128,2949.04238126256,2998.1199340523813,2949.264828178637,10,518.5819999999999,NA,2931.04238126256,2935.950136541542,1.000000000000017,NA,HeckmanEM,NA,raw_AIC_BIC_implied_logLik,finite_logLik_no_explicit_code,3,3.407311703716944,0.4073117037169438,0.4,0.7884408787849511,0.38844087878495104,-0.7,NA,NA,0.7,NA,NA,0.5,NA,NA,0.5,NA,5,NA,NA,-0.7,-0.8682771300269136,-0.1682771300269137,0.15,0.1313252528052935,-0.01867474719470649,1,0.8533033906790386,-0.1466966093209614,5,4.119726059093031,-0.8802739409069691,1.5,1.4569219303980268,-0.04307806960197324,0.8,0.9384967162717182,0.1384967162717181,49.07755278982131,49.07755278982137,-5.684341886080802e-14,NA,NA,NA,NA,NA,NA,NA,NA,NA,NA,NA,NA,NA,NA,NA,NA,NA,NA,NA,NA,NA,NA,NA,NA,NA,NA,NA,NA,NA,NA,NA,NA,NA,NA,NA,NA,NA,NA,NA,NA,NA,NA,NA,NA,NA,NA,NA,NA,NA,NA,NA,NA,NA,NA,NA,NA,NA,NA,NA,NA,NA,NA,NA,NA,NA,NA,NA,NA,NA,NA,NA,NA,NA,NA,NA,NA,NA,NA,NA,NA,NA,NA,NA,NA,NA,NA,NA,NA,NA,NA,NA,NA,NA,NA,NA,NA,NA,NA,NA,NA,NA,NA,true,TRUE,TRUE,2949.04238126256,2998.1199340523813,2949.264828178637,49.07755278982131,49.07755278982131,9.999999999999988,FALSE,518.5819999999999,NA,NA,NA
skewness_heavy_tails,skewness and heavy tails,EST,ESN,11,1000,345,0.345,0.6422607578676943,TRUE,TRUE,TRUE,0,CONVERGENCE: REL_REDUCTION_OF_F <= FACTR*EPSMCH,-1483.528904746929,2989.057809493858,3043.0431175626613,2989.325015971591,11,19975.478,NA,NA,NA,NA,10,stage2,1490.41332612915;1490.34052743629;1490.11442236333;1491.00324555457;1490.19141333134;1490.6279442158;1490.44816238842;1490.12305884113;1490.29217418366;1489.72562075201;1490.18150417772;1490.59697716923;1490.28566782933;1492.23970391,proposed_likelihood,stage2,3,6.554711445650815,3.554711445650815,0.4,0.9145439935901954,0.5145439935901954,-0.7,1.4925821305300957,2.192582130530096,0.7,0.947021411994694,0.24702141199469396,0.5,-1.4873952746706465,-1.9873952746706465,0.5,-1.4873952746706465,5,NA,NA,-0.7,-1.5398179529033071,-0.8398179529033072,0.15,0.08767876288082298,-0.06232123711917702,1,0.5523634965324002,-0.44763650346759976,5,-3.7967431078699594,-8.79674310786996,1.5,1.4417002104304186,-0.05829978956958137,0.8,0.9300323618903162,0.1300323618903162,53.98530806880353,53.985308068803505,2.842170943040401e-14,NA,NA,NA,NA,NA,NA,NA,NA,NA,NA,NA,NA,NA,NA,NA,NA,NA,NA,NA,NA,NA,NA,NA,NA,NA,NA,NA,NA,NA,NA,NA,NA,NA,NA,NA,NA,NA,NA,NA,NA,NA,NA,NA,NA,NA,NA,NA,NA,NA,NA,NA,NA,NA,NA,NA,NA,NA,NA,NA,NA,NA,NA,NA,NA,NA,NA,NA,NA,NA,NA,NA,NA,NA,NA,NA,NA,NA,NA,NA,NA,NA,NA,NA,NA,NA,NA,NA,NA,NA,NA,NA,NA,NA,NA,NA,NA,NA,NA,NA,NA,NA,NA,true,TRUE,TRUE,2989.057809493858,3043.0431175626613,2989.325015971591,53.98530806880353,53.98530806880353,11.000000000000005,FALSE,19975.478,TRUE,FALSE,TRUE
skewness_heavy_tails,skewness and heavy tails,EST,EST,11,1000,345,0.345,0.6422607578676943,TRUE,TRUE,TRUE,0,CONVERGENCE: REL_REDUCTION_OF_F <= FACTR*EPSMCH,-1468.0034571678843,2960.0069143357687,3018.8999776835544,2960.323023758261,12,19450.892,NA,NA,NA,NA,25,stage2,1468.02172908783;1e+12;1e+12;1468.0097412461;1e+12;1e+12;1468.00405686074;1e+12;1e+12;1468.01741715795;1e+12;1e+12;1468.0037517868;1e+12;1e+12;1468.01163094868;1e+12;1e+12;1468.00770883341;1e+12;1e+12;1468.02380545023;1e+12;1e+12;1468.00403956775;1e+12;1e+12;1468.04092026516;1e+12;1e+12;1468.02075046129;1e+12;1e+12;1468.01853874939;1e+12;1e+12;1468.00496423072;1e+12;1e+12;1468.03098318572;1e+12;1e+12,proposed_likelihood,stage2,3,3.898901476161499,0.8989014761614991,0.4,0.8429047751373394,0.4429047751373394,-0.7,-1.4925821305300957,-0.7925821305300957,0.7,0.327955699631401,-0.372044300368599,0.5,-0.5947609349701202,-1.0947609349701202,0.5,-0.5947609349701202,5,4,-1,-0.7,0.2355418267320911,0.9355418267320912,0.15,0.09825698595569318,-0.05174301404430681,1,0.630123032446191,-0.36987696755380906,5,6.583284912725224,1.5832849127252242,1.5,1.4775285734652213,-0.02247142653477873,0.8,0.9461522359780709,0.1461522359780707,58.893063347785755,58.89306334778564,1.1368683772161603e-13,NA,NA,NA,NA,NA,NA,NA,NA,NA,NA,NA,NA,NA,NA,NA,NA,NA,NA,NA,NA,NA,NA,NA,NA,NA,NA,NA,NA,NA,NA,NA,NA,NA,NA,NA,NA,NA,NA,NA,NA,NA,NA,NA,NA,NA,NA,NA,NA,NA,NA,NA,NA,NA,NA,NA,NA,NA,NA,NA,NA,NA,NA,NA,NA,NA,NA,NA,NA,NA,NA,NA,NA,NA,NA,NA,NA,NA,NA,NA,NA,NA,NA,NA,NA,NA,NA,NA,NA,NA,NA,NA,NA,NA,NA,NA,NA,NA,NA,NA,NA,NA,NA,true,TRUE,TRUE,2960.0069143357687,3018.8999776835544,2960.323023758261,58.893063347785755,58.893063347785755,12.000000000000023,FALSE,19450.892,TRUE,FALSE,FALSE
skewness_heavy_tails,skewness and heavy tails,EST,NH,12,1000,336,0.336,0.6172839506172839,TRUE,TRUE,TRUE,0,NA,-1352.2745086772036,2720.549017354407,2759.8110595862645,2720.6943251243365,8,128.37,NA,2706.549017354407,2711.4567726333894,1.000000000000017,NA,HeckmanEM,NA,raw_AIC_BIC_implied_logLik,finite_logLik_no_explicit_code,3,3.355277933054595,0.35527793305459543,0.4,0.4544977022443916,0.0544977022443916,-0.7,NA,NA,0.7,NA,NA,0.5,NA,NA,0.5,NA,5,NA,NA,-0.7,-1.1677886591488205,-0.4677886591488205,0.15,0.16573112657245476,0.01573112657245476,1,1.2476360031814755,0.24763600318147572,5,6.111773719622625,1.111773719622625,1.5,1.5165017156085006,0.01650171560850055,0.8,0.6715211431306871,-0.12847885686931293,39.26204223185732,39.262042231857095,2.2737367544323206e-13,NA,NA,NA,NA,NA,NA,NA,NA,NA,NA,NA,NA,NA,NA,NA,NA,NA,NA,NA,NA,NA,NA,NA,NA,NA,NA,NA,NA,NA,NA,NA,NA,NA,NA,NA,NA,NA,NA,NA,NA,NA,NA,NA,NA,NA,NA,NA,NA,NA,NA,NA,NA,NA,NA,NA,NA,NA,NA,NA,NA,NA,NA,NA,NA,NA,NA,NA,NA,NA,NA,NA,NA,NA,NA,NA,NA,NA,NA,NA,NA,NA,NA,NA,NA,NA,NA,NA,NA,NA,NA,NA,NA,NA,NA,NA,NA,NA,NA,NA,NA,NA,NA,true,TRUE,TRUE,2720.549017354407,2759.8110595862645,2720.6943251243365,39.26204223185732,39.26204223185732,8.000000000000046,FALSE,128.37,NA,NA,NA
skewness_heavy_tails,skewness and heavy tails,EST,HT,12,1000,336,0.336,0.6172839506172839,TRUE,TRUE,TRUE,0,NA,-1341.7857553051576,2701.5715106103153,2745.7413081211544,2701.7533287921333,9,132.77900000000002,NA,2685.5715106103153,2690.4792658892975,1.000000000000017,NA,HeckmanEM,NA,raw_AIC_BIC_implied_logLik,finite_logLik_no_explicit_code,3,2.6179727331989113,-0.3820272668010886,0.4,0.45244123426065663,0.05244123426065661,-0.7,NA,NA,0.7,NA,NA,0.5,NA,NA,0.5,NA,5,NA,NA,-0.7,-1.286444843305602,-0.586444843305602,0.15,0.1818223388853132,0.03182233888531322,1,1.3748814930283824,0.3748814930283824,5,5.92824262861129,0.92824262861129,1.5,1.5534407383972932,0.05344073839729324,0.8,0.7890046119001064,-0.01099538809989364,44.16979751083909,44.16979751083923,-1.4210854715202004e-13,NA,NA,NA,NA,NA,NA,NA,NA,NA,NA,NA,NA,NA,NA,NA,NA,NA,NA,NA,NA,NA,NA,NA,NA,NA,NA,NA,NA,NA,NA,NA,NA,NA,NA,NA,NA,NA,NA,NA,NA,NA,NA,NA,NA,NA,NA,NA,NA,NA,NA,NA,NA,NA,NA,NA,NA,NA,NA,NA,NA,NA,NA,NA,NA,NA,NA,NA,NA,NA,NA,NA,NA,NA,NA,NA,NA,NA,NA,NA,NA,NA,NA,NA,NA,NA,NA,NA,NA,NA,NA,NA,NA,NA,NA,NA,NA,NA,NA,NA,NA,NA,NA,true,TRUE,TRUE,2701.5715106103153,2745.7413081211544,2701.7533287921333,44.16979751083909,44.16979751083909,8.999999999999972,FALSE,132.77900000000002,NA,NA,NA
skewness_heavy_tails,skewness and heavy tails,EST,CN,12,1000,336,0.336,0.6172839506172839,TRUE,TRUE,TRUE,0,NA,-1340.3916355352335,2700.783271070467,2749.8608238602887,2701.0057179865444,10,599.568,NA,2682.783271070467,2687.6910263494497,1.000000000000017,NA,HeckmanEM,NA,raw_AIC_BIC_implied_logLik,finite_logLik_no_explicit_code,3,2.4192961497111214,-0.5807038502888786,0.4,0.46793986069236226,0.06793986069236224,-0.7,NA,NA,0.7,NA,NA,0.5,NA,NA,0.5,NA,5,NA,NA,-0.7,-1.370295042837586,-0.670295042837586,0.15,0.1941276051041475,0.04412760510414751,1,1.4626455344355371,0.46264553443553713,5,5.856661427334879,0.8566614273348794,1.5,1.5697534143153458,0.06975341431534576,0.8,0.8052262623031896,0.00522626230318956,49.07755278982131,49.07755278982137,-5.684341886080802e-14,NA,NA,NA,NA,NA,NA,NA,NA,NA,NA,NA,NA,NA,NA,NA,NA,NA,NA,NA,NA,NA,NA,NA,NA,NA,NA,NA,NA,NA,NA,NA,NA,NA,NA,NA,NA,NA,NA,NA,NA,NA,NA,NA,NA,NA,NA,NA,NA,NA,NA,NA,NA,NA,NA,NA,NA,NA,NA,NA,NA,NA,NA,NA,NA,NA,NA,NA,NA,NA,NA,NA,NA,NA,NA,NA,NA,NA,NA,NA,NA,NA,NA,NA,NA,NA,NA,NA,NA,NA,NA,NA,NA,NA,NA,NA,NA,NA,NA,NA,NA,NA,NA,true,TRUE,TRUE,2700.783271070467,2749.8608238602883,2701.005717986544,49.077552789821766,49.07755278982131,10.000000000000082,FALSE,599.568,NA,NA,NA
skewness_heavy_tails,skewness and heavy tails,EST,ESN,12,1000,336,0.336,0.6172839506172839,TRUE,TRUE,TRUE,0,CONVERGENCE: REL_REDUCTION_OF_F <= FACTR*EPSMCH,-1345.630841212506,2713.261682425012,2767.2469904938157,2713.528888902745,11,18544.667,NA,NA,NA,NA,10,stage2,1350.817297296;1347.73867150377;1348.58612179713;1347.09123881249;1351.56868792114;1347.10270285303;1347.14171607995;1347.37887176057;1351.92680153277;1345.67176280464;1349.80932815551;1347.09410781745;1348.26131162609;1352.27450827195,proposed_likelihood,stage2,3,4.761366134037386,1.7613661340373865,0.4,0.4845180432529239,0.08451804325292389,-0.7,0.6758251087732476,1.3758251087732476,0.7,1.4925821305300957,0.7925821305300957,0.5,-1.4787994515382414,-1.9787994515382417,0.5,-1.4787994515382414,5,NA,NA,-0.7,-1.590106640710039,-0.8901066407100391,0.15,0.1597736045009654,0.0097736045009654,1,1.1945674704717604,0.19456747047176037,5,0.8050481508905358,-4.194951849109464,1.5,1.518129704261106,0.01812970426110594,0.8,0.7123395312121531,-0.08766046878784695,53.98530806880353,53.985308068803505,2.842170943040401e-14,NA,NA,NA,NA,NA,NA,NA,NA,NA,NA,NA,NA,NA,NA,NA,NA,NA,NA,NA,NA,NA,NA,NA,NA,NA,NA,NA,NA,NA,NA,NA,NA,NA,NA,NA,NA,NA,NA,NA,NA,NA,NA,NA,NA,NA,NA,NA,NA,NA,NA,NA,NA,NA,NA,NA,NA,NA,NA,NA,NA,NA,NA,NA,NA,NA,NA,NA,NA,NA,NA,NA,NA,NA,NA,NA,NA,NA,NA,NA,NA,NA,NA,NA,NA,NA,NA,NA,NA,NA,NA,NA,NA,NA,NA,NA,NA,NA,NA,NA,NA,NA,NA,true,TRUE,TRUE,2713.261682425012,2767.2469904938157,2713.528888902745,53.98530806880353,53.98530806880353,11.000000000000005,FALSE,18544.667,FALSE,TRUE,TRUE
skewness_heavy_tails,skewness and heavy tails,EST,EST,12,1000,336,0.336,0.6172839506172839,TRUE,TRUE,TRUE,0,CONVERGENCE: REL_REDUCTION_OF_F <= FACTR*EPSMCH,-1339.4946302151177,2702.9892604302354,2761.882323778021,2703.305369852728,12,19501.44,NA,NA,NA,NA,16,stage2,1339.55989755455;1e+12;1e+12;1339.50276539867;1e+12;1e+12;1339.59621968495;1e+12;1e+12;1339.50716174104;1e+12;1e+12;1339.7583621214;1e+12;1e+12;1339.49463184084;1e+12;1e+12;1339.51003524331;1e+12;1e+12;1339.49668665975;1e+12;1e+12;1340.2329200472;1e+12;1e+12;1339.49668173586;1e+12;1e+12;1339.50384016604;1e+12;1e+12;1339.50554433686;1e+12;1e+12;1339.59499106827;1e+12;1e+12;1339.50076379552;1e+12;1e+12,proposed_likelihood,stage2,3,2.680316869360464,-0.319683130639536,0.4,0.259477323691002,-0.140522676308998,-0.7,-1.4925821305300957,-0.7925821305300957,0.7,0.5601834249127224,-0.13981657508727752,0.5,1.4904641606169688,0.9904641606169688,0.5,1.4904641606169688,5,4,-1,-0.7,-0.7121213342405361,-0.01212133424053618,0.15,0.151133487258457,0.00113348725845699,1,1.099649798792673,0.099649798792673,5,6.053264294607074,1.0532642946070745,1.5,1.5632941928097948,0.06329419280979476,0.8,0.8098100130938678,0.00981001309386775,58.893063347785755,58.89306334778564,1.1368683772161603e-13,NA,NA,NA,NA,NA,NA,NA,NA,NA,NA,NA,NA,NA,NA,NA,NA,NA,NA,NA,NA,NA,NA,NA,NA,NA,NA,NA,NA,NA,NA,NA,NA,NA,NA,NA,NA,NA,NA,NA,NA,NA,NA,NA,NA,NA,NA,NA,NA,NA,NA,NA,NA,NA,NA,NA,NA,NA,NA,NA,NA,NA,NA,NA,NA,NA,NA,NA,NA,NA,NA,NA,NA,NA,NA,NA,NA,NA,NA,NA,NA,NA,NA,NA,NA,NA,NA,NA,NA,NA,NA,NA,NA,NA,NA,NA,NA,NA,NA,NA,NA,NA,NA,true,TRUE,TRUE,2702.9892604302354,2761.882323778021,2703.305369852728,58.893063347785755,58.893063347785755,12.000000000000023,FALSE,19501.44,TRUE,FALSE,TRUE
skewness_heavy_tails,skewness and heavy tails,EST,NH,13,1000,311,0.311,0.6406149903907752,TRUE,TRUE,TRUE,0,NA,-1309.2089821481168,2634.4179642962335,2673.6800065280904,2634.563272066163,8,122.143,NA,2620.4179642962335,2625.325719575216,1.000000000000017,NA,HeckmanEM,NA,raw_AIC_BIC_implied_logLik,finite_logLik_no_explicit_code,3,3.3768034476880624,0.3768034476880624,0.4,0.4285694937866476,0.02856949378664758,-0.7,NA,NA,0.7,NA,NA,0.5,NA,NA,0.5,NA,5,NA,NA,-0.7,-1.0663563653855237,-0.36635636538552374,0.15,0.15048139756163015,4.813975616301536e-4,1,1.0123227309752652,0.01232273097526515,5,5.451373573054948,0.45137357305494774,1.5,1.7277112196704096,0.22771121967040964,0.8,0.9033363279135758,0.10333632791357572,39.26204223185687,39.262042231857095,-2.2737367544323206e-13,NA,NA,NA,NA,NA,NA,NA,NA,NA,NA,NA,NA,NA,NA,NA,NA,NA,NA,NA,NA,NA,NA,NA,NA,NA,NA,NA,NA,NA,NA,NA,NA,NA,NA,NA,NA,NA,NA,NA,NA,NA,NA,NA,NA,NA,NA,NA,NA,NA,NA,NA,NA,NA,NA,NA,NA,NA,NA,NA,NA,NA,NA,NA,NA,NA,NA,NA,NA,NA,NA,NA,NA,NA,NA,NA,NA,NA,NA,NA,NA,NA,NA,NA,NA,NA,NA,NA,NA,NA,NA,NA,NA,NA,NA,NA,NA,NA,NA,NA,NA,NA,NA,true,TRUE,TRUE,2634.4179642962335,2673.6800065280904,2634.563272066163,39.26204223185687,39.26204223185687,7.999999999999954,FALSE,122.143,NA,NA,NA
skewness_heavy_tails,skewness and heavy tails,EST,HT,13,1000,311,0.311,0.6406149903907752,TRUE,TRUE,TRUE,0,NA,-1305.2844083964178,2628.5688167928356,2672.7386143036747,2628.7506349746536,9,205.515,NA,2612.5688167928356,2617.476572071818,1.000000000000017,NA,HeckmanEM,NA,raw_AIC_BIC_implied_logLik,finite_logLik_no_explicit_code,3,2.952301463846848,-0.04769853615315211,0.4,0.5041242453372764,0.10412424533727638,-0.7,NA,NA,0.7,NA,NA,0.5,NA,NA,0.5,NA,5,NA,NA,-0.7,-1.1409866182761317,-0.4409866182761317,0.15,0.16100677878234176,0.01100677878234177,1,1.0838212814902497,0.08382128149024948,5,5.232249708479263,0.2322497084792632,1.5,1.7104384501820902,0.21043845018209015,0.8,0.8938425725448259,0.09384257254482586,44.16979751083909,44.16979751083923,-1.4210854715202004e-13,NA,NA,NA,NA,NA,NA,NA,NA,NA,NA,NA,NA,NA,NA,NA,NA,NA,NA,NA,NA,NA,NA,NA,NA,NA,NA,NA,NA,NA,NA,NA,NA,NA,NA,NA,NA,NA,NA,NA,NA,NA,NA,NA,NA,NA,NA,NA,NA,NA,NA,NA,NA,NA,NA,NA,NA,NA,NA,NA,NA,NA,NA,NA,NA,NA,NA,NA,NA,NA,NA,NA,NA,NA,NA,NA,NA,NA,NA,NA,NA,NA,NA,NA,NA,NA,NA,NA,NA,NA,NA,NA,NA,NA,NA,NA,NA,NA,NA,NA,NA,NA,NA,true,TRUE,TRUE,2628.5688167928356,2672.7386143036747,2628.7506349746536,44.16979751083909,44.16979751083909,8.999999999999972,FALSE,205.515,NA,NA,NA
skewness_heavy_tails,skewness and heavy tails,EST,CN,13,1000,311,0.311,0.6406149903907752,TRUE,TRUE,TRUE,0,NA,-1304.58045295059,2629.1609059011803,2678.2384586910016,2629.383352817257,10,628.3380000000001,NA,2611.1609059011803,2616.0686611801625,1.000000000000017,NA,HeckmanEM,NA,raw_AIC_BIC_implied_logLik,finite_logLik_no_explicit_code,3,2.6111282697141855,-0.38887173028581445,0.4,0.5134967725681705,0.11349677256817048,-0.7,NA,NA,0.7,NA,NA,0.5,NA,NA,0.5,NA,5,NA,NA,-0.7,-1.2796509977010928,-0.5796509977010929,0.15,0.1807503731069159,0.03075037310691594,1,1.2155909242068794,0.21559092420687945,5,5.2241441804420035,0.22414418044200343,1.5,1.7134156906089406,0.2134156906089406,0.8,0.887909989529099,0.08790998952909901,49.07755278982131,49.07755278982137,-5.684341886080802e-14,NA,NA,NA,NA,NA,NA,NA,NA,NA,NA,NA,NA,NA,NA,NA,NA,NA,NA,NA,NA,NA,NA,NA,NA,NA,NA,NA,NA,NA,NA,NA,NA,NA,NA,NA,NA,NA,NA,NA,NA,NA,NA,NA,NA,NA,NA,NA,NA,NA,NA,NA,NA,NA,NA,NA,NA,NA,NA,NA,NA,NA,NA,NA,NA,NA,NA,NA,NA,NA,NA,NA,NA,NA,NA,NA,NA,NA,NA,NA,NA,NA,NA,NA,NA,NA,NA,NA,NA,NA,NA,NA,NA,NA,NA,NA,NA,NA,NA,NA,NA,NA,NA,true,TRUE,TRUE,2629.16090590118,2678.238458691001,2629.3833528172568,49.07755278982131,49.07755278982131,9.999999999999988,FALSE,628.3380000000001,NA,NA,NA
skewness_heavy_tails,skewness and heavy tails,EST,ESN,13,1000,311,0.311,0.6406149903907752,TRUE,TRUE,TRUE,0,CONVERGENCE: REL_REDUCTION_OF_F <= FACTR*EPSMCH,-1305.8763839875612,2633.7527679751224,2687.738076043926,2634.0199744528554,11,14695.868,NA,NA,NA,NA,10,stage2,1309.20896749488;1309.20872958239;1309.20896295876;1308.36462731403;1309.20898293197;1309.20689895172;1309.20725604278;1309.20900572572;1309.20889830684;1306.24398619472;1309.20956361368;1309.20894535767;1309.20896410195;1309.20898177503,proposed_likelihood,stage2,3,4.607399987512676,1.607399987512676,0.4,0.6255570028415275,0.2255570028415275,-0.7,1.4925821305300957,2.192582130530096,0.7,1.2295562049686644,0.5295562049686644,0.5,-1.410207971673088,-1.910207971673088,0.5,-1.410207971673088,5,NA,NA,-0.7,-1.7162134257599828,-1.0162134257599829,0.15,0.1227381823915358,-0.02726181760846419,1,0.8265303925146482,-0.17346960748535178,5,0.8370455891503212,-4.162954410849679,1.5,1.721431946695933,0.2214319466959329,0.8,0.8846713697682739,0.08467136976827383,53.98530806880353,53.985308068803505,2.842170943040401e-14,NA,NA,NA,NA,NA,NA,NA,NA,NA,NA,NA,NA,NA,NA,NA,NA,NA,NA,NA,NA,NA,NA,NA,NA,NA,NA,NA,NA,NA,NA,NA,NA,NA,NA,NA,NA,NA,NA,NA,NA,NA,NA,NA,NA,NA,NA,NA,NA,NA,NA,NA,NA,NA,NA,NA,NA,NA,NA,NA,NA,NA,NA,NA,NA,NA,NA,NA,NA,NA,NA,NA,NA,NA,NA,NA,NA,NA,NA,NA,NA,NA,NA,NA,NA,NA,NA,NA,NA,NA,NA,NA,NA,NA,NA,NA,NA,NA,NA,NA,NA,NA,NA,true,TRUE,TRUE,2633.7527679751224,2687.738076043926,2634.0199744528554,53.98530806880353,53.98530806880353,11.000000000000005,FALSE,14695.868,TRUE,FALSE,FALSE
skewness_heavy_tails,skewness and heavy tails,EST,EST,13,1000,311,0.311,0.6406149903907752,TRUE,TRUE,TRUE,0,CONVERGENCE: REL_REDUCTION_OF_F <= FACTR*EPSMCH,-1306.9638174321742,2637.9276348643484,2696.820698212134,2638.243744286841,12,19957.804000000004,NA,NA,NA,NA,34,stage2,1306.9733720799;1e+12;1e+12;1306.97368984355;1e+12;1e+12;1307.14981645527;1e+12;1e+12;1306.97874649224;1e+12;1e+12;1307.11682184252;1e+12;1e+12;1306.97799508903;1e+12;1e+12;1306.9853259728;1e+12;1e+12;1306.97552749312;1e+12;1e+12;1307.4021544831;1e+12;1e+12;1306.98416009931;1e+12;1e+12;1306.99544385235;1e+12;1e+12;1306.96382443777;1e+12;1e+12;1307.11394996074;1e+12;1e+12;1306.96565745708;1e+12;1e+12,proposed_likelihood,stage2,3,2.923914315492769,-0.07608568450723086,0.4,0.50318674373844,0.10318674373843996,-0.7,-1.0366374576301796,-0.3366374576301796,0.7,0.2671430226933499,-0.43285697730665007,0.5,1.4925821305300957,0.9925821305300956,0.5,1.4925821305300957,5,4,-1,-0.7,-0.7823534114323645,-0.08235341143236452,0.15,0.14321540589383652,-0.00678459410616347,1,0.948243152436718,-0.05175684756328191,5,5.422174106218059,0.4221741062180593,1.5,1.6926494041520643,0.19264940415206433,0.8,0.8927111058628097,0.09271110586280962,58.893063347785755,58.89306334778564,1.1368683772161603e-13,NA,NA,NA,NA,NA,NA,NA,NA,NA,NA,NA,NA,NA,NA,NA,NA,NA,NA,NA,NA,NA,NA,NA,NA,NA,NA,NA,NA,NA,NA,NA,NA,NA,NA,NA,NA,NA,NA,NA,NA,NA,NA,NA,NA,NA,NA,NA,NA,NA,NA,NA,NA,NA,NA,NA,NA,NA,NA,NA,NA,NA,NA,NA,NA,NA,NA,NA,NA,NA,NA,NA,NA,NA,NA,NA,NA,NA,NA,NA,NA,NA,NA,NA,NA,NA,NA,NA,NA,NA,NA,NA,NA,NA,NA,NA,NA,NA,NA,NA,NA,NA,NA,true,TRUE,TRUE,2637.9276348643484,2696.820698212134,2638.243744286841,58.893063347785755,58.893063347785755,12.000000000000023,FALSE,19957.804000000004,FALSE,FALSE,TRUE
skewness_heavy_tails,skewness and heavy tails,EST,NH,14,1000,318,0.318,0.6373486297004461,TRUE,TRUE,TRUE,0,NA,-1374.394086297384,2764.7881725947677,2804.050214826625,2764.933480364697,8,225.292,NA,2750.7881725947677,2755.69592787375,1.000000000000017,NA,HeckmanEM,NA,raw_AIC_BIC_implied_logLik,finite_logLik_no_explicit_code,3,4.704923462540993,1.704923462540993,0.4,0.857886442353362,0.4578864423533619,-0.7,NA,NA,0.7,NA,NA,0.5,NA,NA,0.5,NA,5,NA,NA,-0.7,-0.957427923144608,-0.25742792314460794,0.15,0.12512430370707267,-0.02487569629292732,1,0.8475428509680589,-0.15245714903194107,5,3.748838399963724,-1.251161600036276,1.5,1.3604038397937488,-0.1395961602062512,0.8,0.6516105992690461,-0.14838940073095397,39.26204223185732,39.262042231857095,-2.2737367544323206e-13,NA,NA,NA,NA,NA,NA,NA,NA,NA,NA,NA,NA,NA,NA,NA,NA,NA,NA,NA,NA,NA,NA,NA,NA,NA,NA,NA,NA,NA,NA,NA,NA,NA,NA,NA,NA,NA,NA,NA,NA,NA,NA,NA,NA,NA,NA,NA,NA,NA,NA,NA,NA,NA,NA,NA,NA,NA,NA,NA,NA,NA,NA,NA,NA,NA,NA,NA,NA,NA,NA,NA,NA,NA,NA,NA,NA,NA,NA,NA,NA,NA,NA,NA,NA,NA,NA,NA,NA,NA,NA,NA,NA,NA,NA,NA,NA,NA,NA,NA,NA,NA,NA,true,TRUE,TRUE,2764.788172594768,2804.050214826625,2764.9334803646975,39.26204223185732,39.26204223185687,8.000000000000046,FALSE,225.292,NA,NA,NA
skewness_heavy_tails,skewness and heavy tails,EST,HT,14,1000,318,0.318,0.6373486297004461,TRUE,TRUE,TRUE,0,NA,-1356.197991082826,2730.395982165652,2774.5657796764913,2730.57780034747,9,255.22,NA,2714.395982165652,2719.3037374446344,1.000000000000017,NA,HeckmanEM,NA,raw_AIC_BIC_implied_logLik,finite_logLik_no_explicit_code,3,2.968173595583708,-0.03182640441629214,0.4,0.7421279030116171,0.3421279030116171,-0.7,NA,NA,0.7,NA,NA,0.5,NA,NA,0.5,NA,5,NA,NA,-0.7,-1.1615376263623394,-0.4615376263623394,0.15,0.15929553915544534,0.00929553915544534,1,1.0774983766583894,0.07749837665838943,5,4.975407726695842,-0.02459227330415814,1.5,1.319423238554997,-0.18057676144500268,0.8,0.6499763414705362,-0.1500236585294639,44.16979751083909,44.16979751083923,-1.4210854715202004e-13,NA,NA,NA,NA,NA,NA,NA,NA,NA,NA,NA,NA,NA,NA,NA,NA,NA,NA,NA,NA,NA,NA,NA,NA,NA,NA,NA,NA,NA,NA,NA,NA,NA,NA,NA,NA,NA,NA,NA,NA,NA,NA,NA,NA,NA,NA,NA,NA,NA,NA,NA,NA,NA,NA,NA,NA,NA,NA,NA,NA,NA,NA,NA,NA,NA,NA,NA,NA,NA,NA,NA,NA,NA,NA,NA,NA,NA,NA,NA,NA,NA,NA,NA,NA,NA,NA,NA,NA,NA,NA,NA,NA,NA,NA,NA,NA,NA,NA,NA,NA,NA,NA,true,TRUE,TRUE,2730.395982165652,2774.5657796764913,2730.57780034747,44.16979751083909,44.16979751083909,8.999999999999972,FALSE,255.22,NA,NA,NA
skewness_heavy_tails,skewness and heavy tails,EST,CN,14,1000,318,0.318,0.6373486297004461,TRUE,TRUE,TRUE,0,NA,-1353.17401716581,2726.34803433162,2775.425587121442,2726.570481247697,10,375.658,NA,2708.34803433162,2713.2557896106023,1.000000000000017,NA,HeckmanEM,NA,raw_AIC_BIC_implied_logLik,finite_logLik_no_explicit_code,3,2.898372425453879,-0.10162757454612104,0.4,0.7425935842954587,0.3425935842954587,-0.7,NA,NA,0.7,NA,NA,0.5,NA,NA,0.5,NA,5,NA,NA,-0.7,-1.184818291491246,-0.484818291491246,0.15,0.16198512475167187,0.01198512475167187,1,1.0957467010296078,0.0957467010296078,5,4.982598453069881,-0.01740154693011941,1.5,1.345625828139215,-0.15437417186078495,0.8,0.6519176677671756,-0.1480823322328244,49.07755278982131,49.07755278982137,-5.684341886080802e-14,NA,NA,NA,NA,NA,NA,NA,NA,NA,NA,NA,NA,NA,NA,NA,NA,NA,NA,NA,NA,NA,NA,NA,NA,NA,NA,NA,NA,NA,NA,NA,NA,NA,NA,NA,NA,NA,NA,NA,NA,NA,NA,NA,NA,NA,NA,NA,NA,NA,NA,NA,NA,NA,NA,NA,NA,NA,NA,NA,NA,NA,NA,NA,NA,NA,NA,NA,NA,NA,NA,NA,NA,NA,NA,NA,NA,NA,NA,NA,NA,NA,NA,NA,NA,NA,NA,NA,NA,NA,NA,NA,NA,NA,NA,NA,NA,NA,NA,NA,NA,NA,NA,true,TRUE,TRUE,2726.34803433162,2775.4255871214414,2726.570481247697,49.077552789821766,49.07755278982131,10.000000000000082,FALSE,375.658,NA,NA,NA
skewness_heavy_tails,skewness and heavy tails,EST,ESN,14,1000,318,0.318,0.6373486297004461,TRUE,TRUE,TRUE,0,CONVERGENCE: REL_REDUCTION_OF_F <= FACTR*EPSMCH,-1366.981571315136,2755.963142630272,2809.9484506990757,2756.230349108005,11,19986.036,NA,NA,NA,NA,10,stage2,1373.450484461;1373.19393733883;1373.38030614531;1374.41292141003;1373.20060732804;1374.39778071957;1374.43020182159;1373.4039506599;1373.16215590136;1372.68777042212;1373.18788793574;1373.47575491807;1373.38790121328;1374.3940859703,proposed_likelihood,stage2,3,5.964807876037254,2.964807876037254,0.4,0.7846890962033815,0.38468909620338143,-0.7,1.2623665560401216,1.9623665560401216,0.7,1.4925821305300957,0.7925821305300957,0.5,-1.4925821305300957,-1.9925821305300957,0.5,-1.4925821305300957,5,NA,NA,-0.7,-1.6159733942434953,-0.9159733942434952,0.15,0.12430658670728811,-0.02569341329271186,1,0.8185303230583303,-0.1814696769416697,5,-1.6522465172964145,-6.6522465172964145,1.5,1.3448478417150256,-0.15515215828497442,0.8,0.6629822024413988,-0.13701779755860122,53.98530806880353,53.985308068803505,2.842170943040401e-14,NA,NA,NA,NA,NA,NA,NA,NA,NA,NA,NA,NA,NA,NA,NA,NA,NA,NA,NA,NA,NA,NA,NA,NA,NA,NA,NA,NA,NA,NA,NA,NA,NA,NA,NA,NA,NA,NA,NA,NA,NA,NA,NA,NA,NA,NA,NA,NA,NA,NA,NA,NA,NA,NA,NA,NA,NA,NA,NA,NA,NA,NA,NA,NA,NA,NA,NA,NA,NA,NA,NA,NA,NA,NA,NA,NA,NA,NA,NA,NA,NA,NA,NA,NA,NA,NA,NA,NA,NA,NA,NA,NA,NA,NA,NA,NA,NA,NA,NA,NA,NA,NA,true,TRUE,TRUE,2755.963142630272,2809.9484506990757,2756.230349108005,53.98530806880353,53.98530806880353,11.000000000000005,FALSE,19986.036,FALSE,TRUE,TRUE
skewness_heavy_tails,skewness and heavy tails,EST,EST,14,1000,318,0.318,0.6373486297004461,TRUE,TRUE,TRUE,0,CONVERGENCE: REL_REDUCTION_OF_F <= FACTR*EPSMCH,-1355.3656037880016,2734.7312075760033,2793.624270923789,2735.0473169984957,12,18124.823,NA,NA,NA,NA,1,stage2,1355.36560399458;1e+12;1e+12;1355.36638657302;1e+12;1e+12;1355.36748714779;1e+12;1e+12;1355.37269864063;1e+12;1e+12;1355.36810654146;1e+12;1e+12;1355.380784142;1e+12;1e+12;1355.36949957201;1e+12;1e+12;1355.36741520099;1e+12;1e+12;1355.36595794529;1e+12;1e+12;1355.39256923427;1e+12;1e+12;1355.37932778958;1e+12;1e+12;1355.3717285885;1e+12;1e+12;1355.36655655251;1e+12;1e+12;1355.3971910826;1e+12;1e+12,proposed_likelihood,stage2,3,2.767351593727498,-0.23264840627250205,0.4,0.6097495937993654,0.20974959379936545,-0.7,-1.399415760022069,-0.6994157600220687,0.7,0.5903206371618175,-0.10967936283818248,0.5,-1.3548224587212203,-1.8548224587212203,0.5,-1.3548224587212203,5,4,-1,-0.7,0.20502665524561048,0.9050266552456104,0.15,0.1296052388452204,-0.02039476115477959,1,0.852155087315052,-0.14784491268494804,5,6.122609239361536,1.1226092393615357,1.5,1.3488131729495738,-0.1511868270504262,0.8,0.6553254235483555,-0.1446745764516445,58.893063347785755,58.89306334778564,1.1368683772161603e-13,NA,NA,NA,NA,NA,NA,NA,NA,NA,NA,NA,NA,NA,NA,NA,NA,NA,NA,NA,NA,NA,NA,NA,NA,NA,NA,NA,NA,NA,NA,NA,NA,NA,NA,NA,NA,NA,NA,NA,NA,NA,NA,NA,NA,NA,NA,NA,NA,NA,NA,NA,NA,NA,NA,NA,NA,NA,NA,NA,NA,NA,NA,NA,NA,NA,NA,NA,NA,NA,NA,NA,NA,NA,NA,NA,NA,NA,NA,NA,NA,NA,NA,NA,NA,NA,NA,NA,NA,NA,NA,NA,NA,NA,NA,NA,NA,NA,NA,NA,NA,NA,NA,true,TRUE,TRUE,2734.7312075760033,2793.624270923789,2735.0473169984957,58.893063347785755,58.893063347785755,12.000000000000023,FALSE,18124.823,FALSE,FALSE,FALSE
skewness_heavy_tails,skewness and heavy tails,EST,NH,15,1000,342,0.342,0.6218905472636815,TRUE,TRUE,TRUE,0,NA,-1451.6361879257006,2919.272375851401,2958.534418083258,2919.4176836213305,8,180.612,NA,2905.272375851401,2910.1801311303834,1.000000000000017,NA,HeckmanEM,NA,raw_AIC_BIC_implied_logLik,finite_logLik_no_explicit_code,3,4.766348464813029,1.7663484648130288,0.4,0.8664878714395307,0.46648787143953063,-0.7,NA,NA,0.7,NA,NA,0.5,NA,NA,0.5,NA,5,NA,NA,-0.7,-0.9103576281256144,-0.21035762812561457,0.15,0.13141509226406084,-0.01858490773593915,1,0.8765186483264956,-0.12348135167350438,5,3.963700462282806,-1.036299537717194,1.5,1.413386965627584,-0.08661303437241585,0.8,0.5436821227277344,-0.2563178772722656,39.26204223185687,39.262042231857095,-2.2737367544323206e-13,NA,NA,NA,NA,NA,NA,NA,NA,NA,NA,NA,NA,NA,NA,NA,NA,NA,NA,NA,NA,NA,NA,NA,NA,NA,NA,NA,NA,NA,NA,NA,NA,NA,NA,NA,NA,NA,NA,NA,NA,NA,NA,NA,NA,NA,NA,NA,NA,NA,NA,NA,NA,NA,NA,NA,NA,NA,NA,NA,NA,NA,NA,NA,NA,NA,NA,NA,NA,NA,NA,NA,NA,NA,NA,NA,NA,NA,NA,NA,NA,NA,NA,NA,NA,NA,NA,NA,NA,NA,NA,NA,NA,NA,NA,NA,NA,NA,NA,NA,NA,NA,NA,true,TRUE,TRUE,2919.272375851401,2958.534418083258,2919.4176836213305,39.26204223185687,39.26204223185687,7.999999999999954,FALSE,180.612,NA,NA,NA
skewness_heavy_tails,skewness and heavy tails,EST,HT,15,1000,342,0.342,0.6218905472636815,TRUE,TRUE,TRUE,0,NA,-1433.5299673183256,2885.059934636651,2929.2297321474903,2885.241752818469,9,262.847,NA,2869.059934636651,2873.9676899156334,1.000000000000017,NA,HeckmanEM,NA,raw_AIC_BIC_implied_logLik,finite_logLik_no_explicit_code,3,3.047516486280177,0.0475164862801769,0.4,0.73317406376179906,0.33317406376179903,-0.7,NA,NA,0.7,NA,NA,0.5,NA,NA,0.5,NA,5,NA,NA,-0.7,-1.098670044341208,-0.3986700443412081,0.15,0.16222762004269276,0.01222762004269276,1,1.109282396823698,0.109282396823698,5,5.065532224531695,0.06553222453169472,1.5,1.4813120376282725,-0.01868796237172754,0.8,0.6423333804148847,-0.1576666195851153,44.16979751083909,44.16979751083923,-1.4210854715202004e-13,NA,NA,NA,NA,NA,NA,NA,NA,NA,NA,NA,NA,NA,NA,NA,NA,NA,NA,NA,NA,NA,NA,NA,NA,NA,NA,NA,NA,NA,NA,NA,NA,NA,NA,NA,NA,NA,NA,NA,NA,NA,NA,NA,NA,NA,NA,NA,NA,NA,NA,NA,NA,NA,NA,NA,NA,NA,NA,NA,NA,NA,NA,NA,NA,NA,NA,NA,NA,NA,NA,NA,NA,NA,NA,NA,NA,NA,NA,NA,NA,NA,NA,NA,NA,NA,NA,NA,NA,NA,NA,NA,NA,NA,NA,NA,NA,NA,NA,NA,NA,NA,NA,true,TRUE,TRUE,2885.059934636651,2929.2297321474903,2885.241752818469,44.16979751083909,44.16979751083909,8.999999999999972,FALSE,262.847,NA,NA,NA
skewness_heavy_tails,skewness and heavy tails,EST,CN,15,1000,342,0.342,0.6218905472636815,TRUE,TRUE,TRUE,0,NA,-1436.224091026338,2892.448182052676,2941.5257348424975,2892.670628968753,10,594.395,NA,2874.448182052676,2879.3559373316584,1.000000000000017,NA,HeckmanEM,NA,raw_AIC_BIC_implied_logLik,finite_logLik_no_explicit_code,3,3.2959666194146147,0.29596661941461466,0.4,0.7696841892177377,0.3696841892177377,-0.7,NA,NA,0.7,NA,NA,0.5,NA,NA,0.5,NA,5,NA,NA,-0.7,-1.082849474874341,-0.38284947487434096,0.15,0.1591733490662153,0.0091733490662153,1,1.0832746342605653,0.08327463426056525,5,4.858331990000721,-0.1416680099992789,1.5,1.4401096459231804,-0.05989035407681964,0.8,0.6165979146682551,-0.18340208533174496,49.07755278982131,49.07755278982137,-5.684341886080802e-14,NA,NA,NA,NA,NA,NA,NA,NA,NA,NA,NA,NA,NA,NA,NA,NA,NA,NA,NA,NA,NA,NA,NA,NA,NA,NA,NA,NA,NA,NA,NA,NA,NA,NA,NA,NA,NA,NA,NA,NA,NA,NA,NA,NA,NA,NA,NA,NA,NA,NA,NA,NA,NA,NA,NA,NA,NA,NA,NA,NA,NA,NA,NA,NA,NA,NA,NA,NA,NA,NA,NA,NA,NA,NA,NA,NA,NA,NA,NA,NA,NA,NA,NA,NA,NA,NA,NA,NA,NA,NA,NA,NA,NA,NA,NA,NA,NA,NA,NA,NA,NA,NA,true,TRUE,TRUE,2892.448182052676,2941.5257348424975,2892.670628968753,49.07755278982131,49.07755278982131,9.999999999999988,FALSE,594.395,NA,NA,NA
skewness_heavy_tails,skewness and heavy tails,EST,ESN,15,1000,342,0.342,0.6218905472636815,TRUE,TRUE,TRUE,0,CONVERGENCE: REL_REDUCTION_OF_F <= FACTR*EPSMCH,-1450.8718360149817,2923.7436720299634,2977.728980098767,2924.0108785076964,11,15612.255,NA,NA,NA,NA,9,stage2,1450.87424481894;1450.87646095569;1450.88426479658;1450.87726031361;1450.87655725931;1450.8741940911;1450.88058668362;1450.87645717394;1450.87183645707;1451.31237372633;1450.87414911878;1450.87510744677;1450.87446348143;1451.63618764061,proposed_likelihood,stage2,3,4.94235969263015,1.9423596926301503,0.4,0.7743366898821995,0.3743366898821995,-0.7,0.6392368908767658,1.3392368908767658,0.7,-1.4925821305300957,-2.192582130530096,0.5,-1.4508070884962012,-1.9508070884962012,0.5,-1.4508070884962012,5,NA,NA,-0.7,-1.30591876159313,-0.6059187615931301,0.15,0.12311564007479751,-0.02688435992520246,1,0.8220754565064947,-0.17792454349350528,5,5.3136179734629545,0.3136179734629545,1.5,1.3988000121258604,-0.10119998787413964,0.8,0.5535229736875361,-0.24647702631246393,53.98530806880353,53.985308068803505,2.842170943040401e-14,NA,NA,NA,NA,NA,NA,NA,NA,NA,NA,NA,NA,NA,NA,NA,NA,NA,NA,NA,NA,NA,NA,NA,NA,NA,NA,NA,NA,NA,NA,NA,NA,NA,NA,NA,NA,NA,NA,NA,NA,NA,NA,NA,NA,NA,NA,NA,NA,NA,NA,NA,NA,NA,NA,NA,NA,NA,NA,NA,NA,NA,NA,NA,NA,NA,NA,NA,NA,NA,NA,NA,NA,NA,NA,NA,NA,NA,NA,NA,NA,NA,NA,NA,NA,NA,NA,NA,NA,NA,NA,NA,NA,NA,NA,NA,NA,NA,NA,NA,NA,NA,NA,true,TRUE,TRUE,2923.7436720299634,2977.728980098767,2924.0108785076964,53.98530806880353,53.98530806880353,11.000000000000005,FALSE,15612.255,FALSE,TRUE,TRUE
skewness_heavy_tails,skewness and heavy tails,EST,EST,15,1000,342,0.342,0.6218905472636815,TRUE,TRUE,TRUE,0,CONVERGENCE: REL_REDUCTION_OF_F <= FACTR*EPSMCH,-1432.2160280286887,2888.4320560573774,2947.325119405163,2888.74816547987,12,20110.382,NA,NA,NA,NA,40,stage2,1432.24382618193;1e+12;1e+12;1432.2328485845;1e+12;1e+12;1432.24749727423;1e+12;1e+12;1432.23820559341;1e+12;1e+12;1432.24980658837;1e+12;1e+12;1432.25698353019;1e+12;1e+12;1432.2364623991;1e+12;1e+12;1432.23990635768;1e+12;1e+12;1432.23763183534;1e+12;1e+12;1432.24060089663;1e+12;1e+12;1432.28349215795;1e+12;1e+12;1432.2484207591;1e+12;1e+12;1432.24149461303;1e+12;1e+12;1432.22583388107;1e+12;1e+12,proposed_likelihood,stage2,3,3.378596771535522,0.37859677153552207,0.4,0.8230699002023574,0.42306990020235735,-0.7,-1.2948742175046664,-0.5948742175046664,0.7,0.2109739929633206,-0.48902600703667937,0.5,-1.3883208105930174,-1.8883208105930176,0.5,-1.3883208105930174,5,4,-1,-0.7,0.3528708335228532,1.0528708335228532,0.15,0.13223698268298234,-0.01776301731701765,1,0.8757845379006843,-0.12421546209931568,5,7.951434472890596,2.951434472890596,1.5,1.4750695011861032,-0.02493049881389675,0.8,0.6322671407567187,-0.1677328592432813,58.893063347785755,58.89306334778564,1.1368683772161603e-13,NA,NA,NA,NA,NA,NA,NA,NA,NA,NA,NA,NA,NA,NA,NA,NA,NA,NA,NA,NA,NA,NA,NA,NA,NA,NA,NA,NA,NA,NA,NA,NA,NA,NA,NA,NA,NA,NA,NA,NA,NA,NA,NA,NA,NA,NA,NA,NA,NA,NA,NA,NA,NA,NA,NA,NA,NA,NA,NA,NA,NA,NA,NA,NA,NA,NA,NA,NA,NA,NA,NA,NA,NA,NA,NA,NA,NA,NA,NA,NA,NA,NA,NA,NA,NA,NA,NA,NA,NA,NA,NA,NA,NA,NA,NA,NA,NA,NA,NA,NA,NA,NA,true,TRUE,TRUE,2888.4320560573774,2947.325119405163,2888.74816547987,58.893063347785755,58.893063347785755,12.000000000000023,FALSE,20110.382,FALSE,FALSE,FALSE
skewness_heavy_tails,skewness and heavy tails,EST,NH,16,1000,314,0.314,0.6309148264984227,TRUE,TRUE,TRUE,0,NA,-1349.1365049034666,2714.2730098069333,2753.53505203879,2714.4183175768626,8,226.05,NA,2700.2730098069333,2705.1807650859155,1.000000000000017,NA,HeckmanEM,NA,raw_AIC_BIC_implied_logLik,finite_logLik_no_explicit_code,3,4.64995357329245,1.64995357329245,0.4,0.8861081110180797,0.4861081110180797,-0.7,NA,NA,0.7,NA,NA,0.5,NA,NA,0.5,NA,5,NA,NA,-0.7,-0.9213318003654304,-0.22133180036543032,0.15,0.1223942264803044,-0.0276057735196956,1,0.7710567517750555,-0.2289432482249445,5,3.6204249861054087,-1.3795750138945913,1.5,1.733811137367082,0.23381113736708192,0.8,0.6520448066871457,-0.14795519331285434,39.26204223185687,39.262042231857095,-2.2737367544323206e-13,NA,NA,NA,NA,NA,NA,NA,NA,NA,NA,NA,NA,NA,NA,NA,NA,NA,NA,NA,NA,NA,NA,NA,NA,NA,NA,NA,NA,NA,NA,NA,NA,NA,NA,NA,NA,NA,NA,NA,NA,NA,NA,NA,NA,NA,NA,NA,NA,NA,NA,NA,NA,NA,NA,NA,NA,NA,NA,NA,NA,NA,NA,NA,NA,NA,NA,NA,NA,NA,NA,NA,NA,NA,NA,NA,NA,NA,NA,NA,NA,NA,NA,NA,NA,NA,NA,NA,NA,NA,NA,NA,NA,NA,NA,NA,NA,NA,NA,NA,NA,NA,NA,true,TRUE,TRUE,2714.2730098069333,2753.53505203879,2714.4183175768626,39.26204223185687,39.26204223185687,7.999999999999954,FALSE,226.05,NA,NA,NA
skewness_heavy_tails,skewness and heavy tails,EST,HT,16,1000,314,0.314,0.6309148264984227,TRUE,TRUE,TRUE,0,NA,-1332.5144401047362,2683.0288802094724,2727.1986777203115,2683.2106983912904,9,311.106,NA,2667.0288802094724,2671.9366354884546,1.000000000000017,NA,HeckmanEM,NA,raw_AIC_BIC_implied_logLik,finite_logLik_no_explicit_code,3,3.0549962640224764,0.05499626402247637,0.4,0.7247625172426007,0.32476251724260063,-0.7,NA,NA,0.7,NA,NA,0.5,NA,NA,0.5,NA,5,NA,NA,-0.7,-1.1086551097519362,-0.4086551097519362,0.15,0.15717356020195378,0.00717356020195378,1,0.9875044073567668,-0.01249559264323318,5,5.076416123985607,0.07641612398560671,1.5,1.701273730440736,0.20127373044073593,0.8,0.643927898869163,-0.15607210113083703,44.16979751083909,44.16979751083923,-1.4210854715202004e-13,NA,NA,NA,NA,NA,NA,NA,NA,NA,NA,NA,NA,NA,NA,NA,NA,NA,NA,NA,NA,NA,NA,NA,NA,NA,NA,NA,NA,NA,NA,NA,NA,NA,NA,NA,NA,NA,NA,NA,NA,NA,NA,NA,NA,NA,NA,NA,NA,NA,NA,NA,NA,NA,NA,NA,NA,NA,NA,NA,NA,NA,NA,NA,NA,NA,NA,NA,NA,NA,NA,NA,NA,NA,NA,NA,NA,NA,NA,NA,NA,NA,NA,NA,NA,NA,NA,NA,NA,NA,NA,NA,NA,NA,NA,NA,NA,NA,NA,NA,NA,NA,NA,true,TRUE,TRUE,2683.0288802094724,2727.1986777203115,2683.2106983912904,44.16979751083909,44.16979751083909,8.999999999999972,FALSE,311.106,NA,NA,NA
skewness_heavy_tails,skewness and heavy tails,EST,CN,16,1000,314,0.314,0.6309148264984227,TRUE,TRUE,TRUE,0,NA,-1331.060356799388,2682.120713598776,2731.1982663885974,2682.343160514853,10,584.449,NA,2664.120713598776,2669.0284688777583,1.000000000000017,NA,HeckmanEM,NA,raw_AIC_BIC_implied_logLik,finite_logLik_no_explicit_code,3,3.31565249160005,0.31565249160005004,0.4,0.7251595503879152,0.3251595503879152,-0.7,NA,NA,0.7,NA,NA,0.5,NA,NA,0.5,NA,5,NA,NA,-0.7,-1.0603523408446949,-0.3603523408446947,0.15,0.15122049704160312,0.00122049704160312,1,0.9400705976113574,-0.05992940238864264,5,5.03055190098131,0.03055190098131,1.5,1.657736868843931,0.1577368688439309,0.8,0.6389569628685774,-0.16104303713142265,49.07755278982131,49.07755278982137,-5.684341886080802e-14,NA,NA,NA,NA,NA,NA,NA,NA,NA,NA,NA,NA,NA,NA,NA,NA,NA,NA,NA,NA,NA,NA,NA,NA,NA,NA,NA,NA,NA,NA,NA,NA,NA,NA,NA,NA,NA,NA,NA,NA,NA,NA,NA,NA,NA,NA,NA,NA,NA,NA,NA,NA,NA,NA,NA,NA,NA,NA,NA,NA,NA,NA,NA,NA,NA,NA,NA,NA,NA,NA,NA,NA,NA,NA,NA,NA,NA,NA,NA,NA,NA,NA,NA,NA,NA,NA,NA,NA,NA,NA,NA,NA,NA,NA,NA,NA,NA,NA,NA,NA,NA,NA,true,TRUE,TRUE,2682.120713598776,2731.1982663885974,2682.343160514853,49.07755278982131,49.07755278982131,9.999999999999988,FALSE,584.449,NA,NA,NA
skewness_heavy_tails,skewness and heavy tails,EST,ESN,16,1000,314,0.314,0.6309148264984227,TRUE,TRUE,TRUE,0,CONVERGENCE: REL_REDUCTION_OF_F <= FACTR*EPSMCH,-1339.9928711401265,2701.985742280253,2755.9710503490564,2702.252948757986,11,18397.786,NA,NA,NA,NA,6,stage2,1349.17901266054;1349.1861957293;1349.18560549282;1349.14893868482;1349.18681166505;1340.45906966811;1349.18556797084;1349.05832589505;1349.20496051824;1345.37758839831;1349.14578686089;1349.15686335701;1349.18841561253;1349.13599193386,proposed_likelihood,stage2,3,5.81606854615315,2.81606854615315,0.4,0.8232863793160992,0.42328637931609914,-0.7,1.4922468601475374,2.192246860147537,0.7,1.4925821305300957,0.7925821305300957,0.5,-1.4925821305300957,-1.9925821305300957,0.5,-1.4925821305300957,5,NA,NA,-0.7,-1.6194327667528914,-0.9194327667528914,0.15,0.11861278106649016,-0.03138721893350985,1,0.7347183032037297,-0.26528169679627034,5,-1.4065550001817124,-6.406555000181712,1.5,1.7272281890573111,0.22722818905731113,0.8,0.6406084797834677,-0.15939152021653236,53.98530806880353,53.985308068803505,2.842170943040401e-14,NA,NA,NA,NA,NA,NA,NA,NA,NA,NA,NA,NA,NA,NA,NA,NA,NA,NA,NA,NA,NA,NA,NA,NA,NA,NA,NA,NA,NA,NA,NA,NA,NA,NA,NA,NA,NA,NA,NA,NA,NA,NA,NA,NA,NA,NA,NA,NA,NA,NA,NA,NA,NA,NA,NA,NA,NA,NA,NA,NA,NA,NA,NA,NA,NA,NA,NA,NA,NA,NA,NA,NA,NA,NA,NA,NA,NA,NA,NA,NA,NA,NA,NA,NA,NA,NA,NA,NA,NA,NA,NA,NA,NA,NA,NA,NA,NA,NA,NA,NA,NA,NA,true,TRUE,TRUE,2701.985742280253,2755.9710503490564,2702.252948757986,53.98530806880353,53.98530806880353,11.000000000000005,FALSE,18397.786,TRUE,TRUE,TRUE
skewness_heavy_tails,skewness and heavy tails,EST,EST,16,1000,314,0.314,0.6309148264984227,TRUE,TRUE,TRUE,0,CONVERGENCE: REL_REDUCTION_OF_F <= FACTR*EPSMCH,-1330.006429425037,2684.012858850074,2742.9059221978596,2684.3289682725663,12,19375.553000000004,NA,NA,NA,NA,10,stage2,1330.07952458537;1e+12;1e+12;1330.19305172107;1e+12;1e+12;1330.10075934089;1e+12;1e+12;1330.00643124347;1e+12;1e+12;1330.07332978337;1e+12;1e+12;1330.00905078101;1e+12;1e+12;1330.69129350791;1e+12;1e+12;1330.01226206681;1e+12;1e+12;1331.6505858261;1e+12;1e+12;1330.01805211483;1e+12;1e+12;1330.16478834858;1e+12;1e+12;1330.00907459401;1e+12;1e+12;1330.24464421731;1e+12;1e+12;1330.02982670306;1e+12;1e+12,proposed_likelihood,stage2,3,3.021959988924463,0.02195998892446304,0.4,0.3990140749548241,-9.85925045175973e-4,-0.7,-1.4925821305300957,-0.7925821305300957,0.7,1.23935591433927,0.5393559143392701,0.5,1.489424484007194,0.989424484007194,0.5,1.489424484007194,5,4,-1,-0.7,-0.646067844637635,0.05393215536236495,0.15,0.13840163816962991,-0.01159836183037008,1,0.8491298109570109,-0.1508701890429891,5,5.394033662299888,0.3940336622998881,1.5,1.6959588314964626,0.19595883149646265,0.8,0.6135621628062833,-0.18643783719371676,58.893063347785755,58.89306334778564,1.1368683772161603e-13,NA,NA,NA,NA,NA,NA,NA,NA,NA,NA,NA,NA,NA,NA,NA,NA,NA,NA,NA,NA,NA,NA,NA,NA,NA,NA,NA,NA,NA,NA,NA,NA,NA,NA,NA,NA,NA,NA,NA,NA,NA,NA,NA,NA,NA,NA,NA,NA,NA,NA,NA,NA,NA,NA,NA,NA,NA,NA,NA,NA,NA,NA,NA,NA,NA,NA,NA,NA,NA,NA,NA,NA,NA,NA,NA,NA,NA,NA,NA,NA,NA,NA,NA,NA,NA,NA,NA,NA,NA,NA,NA,NA,NA,NA,NA,NA,NA,NA,NA,NA,NA,NA,true,TRUE,TRUE,2684.012858850074,2742.9059221978596,2684.3289682725663,58.893063347785755,58.893063347785755,12.000000000000023,FALSE,19375.553000000004,TRUE,FALSE,TRUE
skewness_heavy_tails,skewness and heavy tails,EST,NH,17,1000,335,0.335,0.6261740763932373,TRUE,TRUE,TRUE,0,NA,-1418.0491989942252,2852.0983979884504,2891.3604402203073,2852.2437057583797,8,123.292,NA,2838.0983979884504,2843.0061532674326,1.000000000000017,NA,HeckmanEM,NA,raw_AIC_BIC_implied_logLik,finite_logLik_no_explicit_code,3,4.109108363972981,1.1091083639729806,0.4,0.6013517944691293,0.20135179446912932,-0.7,NA,NA,0.7,NA,NA,0.5,NA,NA,0.5,NA,5,NA,NA,-0.7,-1.135709802736653,-0.43570980273665305,0.15,0.14972260486648142,-2.773951335185709e-4,1,1.1982910474206507,0.1982910474206507,5,4.947553882951705,-0.05244611704829527,1.5,1.523938179858848,0.02393817985884805,0.8,0.9666800299429122,0.1666800299429122,39.26204223185687,39.262042231857095,-2.2737367544323206e-13,NA,NA,NA,NA,NA,NA,NA,NA,NA,NA,NA,NA,NA,NA,NA,NA,NA,NA,NA,NA,NA,NA,NA,NA,NA,NA,NA,NA,NA,NA,NA,NA,NA,NA,NA,NA,NA,NA,NA,NA,NA,NA,NA,NA,NA,NA,NA,NA,NA,NA,NA,NA,NA,NA,NA,NA,NA,NA,NA,NA,NA,NA,NA,NA,NA,NA,NA,NA,NA,NA,NA,NA,NA,NA,NA,NA,NA,NA,NA,NA,NA,NA,NA,NA,NA,NA,NA,NA,NA,NA,NA,NA,NA,NA,NA,NA,NA,NA,NA,NA,NA,NA,true,TRUE,TRUE,2852.0983979884504,2891.3604402203073,2852.2437057583797,39.26204223185687,39.26204223185687,7.999999999999954,FALSE,123.292,NA,NA,NA
skewness_heavy_tails,skewness and heavy tails,EST,HT,17,1000,335,0.335,0.6261740763932373,TRUE,TRUE,TRUE,0,NA,-1409.091979569165,2836.18395913833,2880.353756649169,2836.365777320148,9,175.71400000000003,NA,2820.18395913833,2825.091714417312,1.000000000000017,NA,HeckmanEM,NA,raw_AIC_BIC_implied_logLik,finite_logLik_no_explicit_code,3,3.40670909320935,0.4067090932093498,0.4,0.6419358950357432,0.2419358950357432,-0.7,NA,NA,0.7,NA,NA,0.5,NA,NA,0.5,NA,5,NA,NA,-0.7,-1.2356169053920802,-0.5356169053920803,0.15,0.1630270495969939,0.01302704959699391,1,1.3032546187767338,0.30325461877673376,5,4.936623538710571,-0.06337646128942875,1.5,1.5620940040770055,0.06209400407700549,0.8,0.928781668324864,0.12878166832486404,44.16979751083909,44.16979751083923,-1.4210854715202004e-13,NA,NA,NA,NA,NA,NA,NA,NA,NA,NA,NA,NA,NA,NA,NA,NA,NA,NA,NA,NA,NA,NA,NA,NA,NA,NA,NA,NA,NA,NA,NA,NA,NA,NA,NA,NA,NA,NA,NA,NA,NA,NA,NA,NA,NA,NA,NA,NA,NA,NA,NA,NA,NA,NA,NA,NA,NA,NA,NA,NA,NA,NA,NA,NA,NA,NA,NA,NA,NA,NA,NA,NA,NA,NA,NA,NA,NA,NA,NA,NA,NA,NA,NA,NA,NA,NA,NA,NA,NA,NA,NA,NA,NA,NA,NA,NA,NA,NA,NA,NA,NA,NA,true,TRUE,TRUE,2836.18395913833,2880.353756649169,2836.365777320148,44.16979751083909,44.16979751083909,8.999999999999972,FALSE,175.71400000000003,NA,NA,NA
skewness_heavy_tails,skewness and heavy tails,EST,CN,17,1000,335,0.335,0.6261740763932373,TRUE,TRUE,TRUE,0,NA,-1409.562191489949,2839.124382979898,2888.2019357697195,2839.346829895975,10,605.701,NA,2821.124382979898,2826.0321382588804,1.000000000000017,NA,HeckmanEM,NA,raw_AIC_BIC_implied_logLik,finite_logLik_no_explicit_code,3,3.550841567747508,0.5508415677475078,0.4,0.6322479008747061,0.23224790087470604,-0.7,NA,NA,0.7,NA,NA,0.5,NA,NA,0.5,NA,5,NA,NA,-0.7,-1.214676738649312,-0.5146767386493121,0.15,0.16016850626029666,0.01016850626029666,1,1.2839008778930328,0.28390087789303275,5,4.963526855759946,-0.03647314424005365,1.5,1.5364738922098404,0.03647389220984043,0.8,0.9417690585449916,0.14176905854499167,49.07755278982131,49.07755278982137,-5.684341886080802e-14,NA,NA,NA,NA,NA,NA,NA,NA,NA,NA,NA,NA,NA,NA,NA,NA,NA,NA,NA,NA,NA,NA,NA,NA,NA,NA,NA,NA,NA,NA,NA,NA,NA,NA,NA,NA,NA,NA,NA,NA,NA,NA,NA,NA,NA,NA,NA,NA,NA,NA,NA,NA,NA,NA,NA,NA,NA,NA,NA,NA,NA,NA,NA,NA,NA,NA,NA,NA,NA,NA,NA,NA,NA,NA,NA,NA,NA,NA,NA,NA,NA,NA,NA,NA,NA,NA,NA,NA,NA,NA,NA,NA,NA,NA,NA,NA,NA,NA,NA,NA,NA,NA,true,TRUE,TRUE,2839.124382979898,2888.2019357697195,2839.346829895975,49.07755278982131,49.07755278982131,9.999999999999988,FALSE,605.701,NA,NA,NA
skewness_heavy_tails,skewness and heavy tails,EST,ESN,17,1000,335,0.335,0.6261740763932373,TRUE,TRUE,TRUE,0,CONVERGENCE: REL_REDUCTION_OF_F <= FACTR*EPSMCH,-1413.5443889502003,2849.0887779004006,2903.074085969204,2849.3559843781336,11,17877.078,NA,NA,NA,NA,10,stage2,1418.04939807379;1418.04946021961;1417.39565581547;1418.05616869395;1417.3911005045;1418.05113488048;1418.05168744507;1417.39450383549;1417.39711882854;1416.67459782977;1417.39408154115;1418.04931729335;1417.44098469109;1418.04919867766,proposed_likelihood,stage2,3,5.771661536995696,2.771661536995696,0.4,0.633960945938966,0.233960945938966,-0.7,1.0609172704059031,1.7609172704059033,0.7,1.4564651325101494,0.7564651325101495,0.5,-1.4925821305300957,-1.9925821305300957,0.5,-1.4925821305300957,5,NA,NA,-0.7,-1.701960397089927,-1.0019603970899271,0.15,0.13753701822791498,-0.01246298177208501,1,1.092032345451782,0.09203234545178196,5,-0.9986408390407346,-5.998640839040735,1.5,1.5587409531885774,0.05874095318857741,0.8,0.8968825904071764,0.0968825904071764,53.98530806880353,53.985308068803505,2.842170943040401e-14,NA,NA,NA,NA,NA,NA,NA,NA,NA,NA,NA,NA,NA,NA,NA,NA,NA,NA,NA,NA,NA,NA,NA,NA,NA,NA,NA,NA,NA,NA,NA,NA,NA,NA,NA,NA,NA,NA,NA,NA,NA,NA,NA,NA,NA,NA,NA,NA,NA,NA,NA,NA,NA,NA,NA,NA,NA,NA,NA,NA,NA,NA,NA,NA,NA,NA,NA,NA,NA,NA,NA,NA,NA,NA,NA,NA,NA,NA,NA,NA,NA,NA,NA,NA,NA,NA,NA,NA,NA,NA,NA,NA,NA,NA,NA,NA,NA,NA,NA,NA,NA,NA,true,TRUE,TRUE,2849.0887779004006,2903.074085969204,2849.3559843781336,53.98530806880353,53.98530806880353,11.000000000000005,FALSE,17877.078,FALSE,TRUE,TRUE
skewness_heavy_tails,skewness and heavy tails,EST,EST,17,1000,335,0.335,0.6261740763932373,TRUE,TRUE,TRUE,0,CONVERGENCE: REL_REDUCTION_OF_F <= FACTR*EPSMCH,-1409.3775314069542,2842.7550628139084,2901.648126161694,2843.071172236401,12,21156.26,NA,NA,NA,NA,16,stage2,1409.62676618387;1e+12;1e+12;1409.39898111045;1e+12;1e+12;1409.44152764039;1e+12;1e+12;1409.40961823676;1e+12;1e+12;1409.65775779251;1e+12;1e+12;1409.39617706533;1e+12;1e+12;1409.43098560808;1e+12;1e+12;1409.40384943929;1e+12;1e+12;1409.97808807714;1e+12;1e+12;1409.38756038158;1e+12;1e+12;1409.4137505608;1e+12;1e+12;1409.40692250625;1e+12;1e+12;1409.72245687038;1e+12;1e+12;1409.40960901803;1e+12;1e+12,proposed_likelihood,stage2,3,3.341832821767182,0.341832821767182,0.4,0.5134016104488673,0.11340161044886732,-0.7,-1.263062870216207,-0.563062870216207,0.7,0.6406706832513167,-0.05932931674868325,0.5,1.4925821305300957,0.9925821305300956,0.5,1.4925821305300957,5,4,-1,-0.7,-0.780747603645069,-0.08074760364506905,0.15,0.1397464250869965,-0.01025357491300349,1,1.1069918352204164,0.10699183522041644,5,5.3139338239513245,0.3139338239513245,1.5,1.5785152064708117,0.07851520647081167,0.8,0.9054794257356372,0.10547942573563718,58.893063347785755,58.89306334778564,1.1368683772161603e-13,NA,NA,NA,NA,NA,NA,NA,NA,NA,NA,NA,NA,NA,NA,NA,NA,NA,NA,NA,NA,NA,NA,NA,NA,NA,NA,NA,NA,NA,NA,NA,NA,NA,NA,NA,NA,NA,NA,NA,NA,NA,NA,NA,NA,NA,NA,NA,NA,NA,NA,NA,NA,NA,NA,NA,NA,NA,NA,NA,NA,NA,NA,NA,NA,NA,NA,NA,NA,NA,NA,NA,NA,NA,NA,NA,NA,NA,NA,NA,NA,NA,NA,NA,NA,NA,NA,NA,NA,NA,NA,NA,NA,NA,NA,NA,NA,NA,NA,NA,NA,NA,NA,true,TRUE,TRUE,2842.7550628139084,2901.648126161694,2843.071172236401,58.893063347785755,58.893063347785755,12.000000000000023,FALSE,21156.26,FALSE,FALSE,TRUE
skewness_heavy_tails,skewness and heavy tails,EST,NH,18,1000,354,0.354,0.6472491909385113,TRUE,TRUE,TRUE,0,NA,-1483.0584040068013,2982.1168080136026,3021.37885024546,2982.262115783532,8,219.3,NA,2968.1168080136026,2973.024563292585,1.000000000000017,NA,HeckmanEM,NA,raw_AIC_BIC_implied_logLik,finite_logLik_no_explicit_code,3,3.888768324697246,0.8887683246972466,0.4,0.6828946747446807,0.28289467474468066,-0.7,NA,NA,0.7,NA,NA,0.5,NA,NA,0.5,NA,5,NA,NA,-0.7,-0.8994815012981519,-0.1994815012981519,0.15,0.12887682694144825,-0.02112317305855174,1,0.8631446220887776,-0.13685537791122238,5,4.640866201904139,-0.3591337980958613,1.5,1.6566993297805668,0.15669932978056678,0.8,0.7657090794315032,-0.03429092056849681,39.26204223185732,39.262042231857095,2.2737367544323206e-13,NA,NA,NA,NA,NA,NA,NA,NA,NA,NA,NA,NA,NA,NA,NA,NA,NA,NA,NA,NA,NA,NA,NA,NA,NA,NA,NA,NA,NA,NA,NA,NA,NA,NA,NA,NA,NA,NA,NA,NA,NA,NA,NA,NA,NA,NA,NA,NA,NA,NA,NA,NA,NA,NA,NA,NA,NA,NA,NA,NA,NA,NA,NA,NA,NA,NA,NA,NA,NA,NA,NA,NA,NA,NA,NA,NA,NA,NA,NA,NA,NA,NA,NA,NA,NA,NA,NA,NA,NA,NA,NA,NA,NA,NA,NA,NA,NA,NA,NA,NA,NA,NA,true,TRUE,TRUE,2982.1168080136026,3021.37885024546,2982.262115783532,39.26204223185732,39.26204223185732,8.000000000000046,FALSE,219.3,NA,NA,NA
skewness_heavy_tails,skewness and heavy tails,EST,HT,18,1000,354,0.354,0.6472491909385113,TRUE,TRUE,TRUE,0,NA,-1472.8304155666904,2963.6608311333807,3007.83062864422,2963.8426493151987,9,180.532,NA,2947.6608311333807,2952.568586412363,1.000000000000017,NA,HeckmanEM,NA,raw_AIC_BIC_implied_logLik,finite_logLik_no_explicit_code,3,2.95980025717698,-0.04019974282301986,0.4,0.6101489643568117,0.21014896435681163,-0.7,NA,NA,0.7,NA,NA,0.5,NA,NA,0.5,NA,5,NA,NA,-0.7,-0.9944546932448202,-0.2944546932448202,0.15,0.1415896489345496,-0.0084103510654504,1,0.9659608337169894,-0.03403916628301062,5,4.943260492886986,-0.05673950711301412,1.5,1.4988637533669429,-0.00113624663305733,0.8,0.8521386236141537,0.05213862361415367,44.16979751083909,44.16979751083923,-1.4210854715202004e-13,NA,NA,NA,NA,NA,NA,NA,NA,NA,NA,NA,NA,NA,NA,NA,NA,NA,NA,NA,NA,NA,NA,NA,NA,NA,NA,NA,NA,NA,NA,NA,NA,NA,NA,NA,NA,NA,NA,NA,NA,NA,NA,NA,NA,NA,NA,NA,NA,NA,NA,NA,NA,NA,NA,NA,NA,NA,NA,NA,NA,NA,NA,NA,NA,NA,NA,NA,NA,NA,NA,NA,NA,NA,NA,NA,NA,NA,NA,NA,NA,NA,NA,NA,NA,NA,NA,NA,NA,NA,NA,NA,NA,NA,NA,NA,NA,NA,NA,NA,NA,NA,NA,true,TRUE,TRUE,2963.6608311333807,3007.83062864422,2963.8426493151987,44.16979751083909,44.16979751083909,8.999999999999972,FALSE,180.532,NA,NA,NA
skewness_heavy_tails,skewness and heavy tails,EST,CN,18,1000,354,0.354,0.6472491909385113,TRUE,TRUE,TRUE,0,NA,-1471.974870162106,2963.949740324212,3013.0272931140335,2964.172187240289,10,591.9090000000001,NA,2945.949740324212,2950.8574956031944,1.000000000000017,NA,HeckmanEM,NA,raw_AIC_BIC_implied_logLik,finite_logLik_no_explicit_code,3,2.81819160209624,-0.1818083979037599,0.4,0.6137636206041471,0.2137636206041471,-0.7,NA,NA,0.7,NA,NA,0.5,NA,NA,0.5,NA,5,NA,NA,-0.7,-1.0473191363780243,-0.3473191363780246,0.15,0.14881860546591966,-0.00118139453408033,1,1.0170008315650718,0.01700083156507181,5,4.905987162707727,-0.09401283729227304,1.5,1.501028121477885,0.00102812147788489,0.8,0.8551262600994005,0.05512626009940047,49.07755278982131,49.07755278982137,-5.684341886080802e-14,NA,NA,NA,NA,NA,NA,NA,NA,NA,NA,NA,NA,NA,NA,NA,NA,NA,NA,NA,NA,NA,NA,NA,NA,NA,NA,NA,NA,NA,NA,NA,NA,NA,NA,NA,NA,NA,NA,NA,NA,NA,NA,NA,NA,NA,NA,NA,NA,NA,NA,NA,NA,NA,NA,NA,NA,NA,NA,NA,NA,NA,NA,NA,NA,NA,NA,NA,NA,NA,NA,NA,NA,NA,NA,NA,NA,NA,NA,NA,NA,NA,NA,NA,NA,NA,NA,NA,NA,NA,NA,NA,NA,NA,NA,NA,NA,NA,NA,NA,NA,NA,NA,true,TRUE,TRUE,2963.949740324212,3013.0272931140335,2964.172187240289,49.07755278982131,49.07755278982131,9.999999999999988,FALSE,591.9090000000001,NA,NA,NA
skewness_heavy_tails,skewness and heavy tails,EST,ESN,18,1000,354,0.354,0.6472491909385113,TRUE,TRUE,TRUE,0,CONVERGENCE: REL_REDUCTION_OF_F <= FACTR*EPSMCH,-1482.6382761100235,2987.276552220047,3041.2618602888506,2987.54375869778,11,14616.964000000002,NA,NA,NA,NA,11,stage2,1483.0585911719;1483.0583099975;1483.05851230187;1483.05668668944;1483.05842279849;1483.04928340907;1483.05804453641;1483.05843084658;1483.05958868776;1483.0460159154;1482.80429645443;1483.05843387853;1483.05838533803;1483.0584034869,proposed_likelihood,stage2,3,4.042965591977931,1.0429655919779313,0.4,0.6755307325270695,0.2755307325270695,-0.7,1.4895625082062032,2.189562508206203,0.7,-1.3224652232839913,-2.0224652232839913,0.5,0.7114425199833766,0.2114425199833766,0.5,0.7114425199833766,5,NA,NA,-0.7,-1.1664903686980717,-0.4664903686980717,0.15,0.11065529559624476,-0.03934470440375523,1,0.7403961531414451,-0.25960384685855487,5,4.179004467110807,-0.8209955328891931,1.5,1.6442804049366673,0.14428040493666727,0.8,0.7730979465550086,-0.02690205344499141,53.98530806880353,53.985308068803505,2.842170943040401e-14,NA,NA,NA,NA,NA,NA,NA,NA,NA,NA,NA,NA,NA,NA,NA,NA,NA,NA,NA,NA,NA,NA,NA,NA,NA,NA,NA,NA,NA,NA,NA,NA,NA,NA,NA,NA,NA,NA,NA,NA,NA,NA,NA,NA,NA,NA,NA,NA,NA,NA,NA,NA,NA,NA,NA,NA,NA,NA,NA,NA,NA,NA,NA,NA,NA,NA,NA,NA,NA,NA,NA,NA,NA,NA,NA,NA,NA,NA,NA,NA,NA,NA,NA,NA,NA,NA,NA,NA,NA,NA,NA,NA,NA,NA,NA,NA,NA,NA,NA,NA,NA,NA,true,TRUE,TRUE,2987.276552220047,3041.2618602888506,2987.54375869778,53.98530806880353,53.98530806880353,11.000000000000005,FALSE,14616.964000000002,TRUE,FALSE,FALSE
skewness_heavy_tails,skewness and heavy tails,EST,EST,18,1000,354,0.354,0.6472491909385113,TRUE,TRUE,TRUE,0,CONVERGENCE: REL_REDUCTION_OF_F <= FACTR*EPSMCH,-1471.7740156519883,2967.548031303977,3026.441094651763,2967.8641407264695,12,19380.727,NA,NA,NA,NA,40,stage2,1471.91402147933;1e+12;1e+12;1471.84733392307;1e+12;1e+12;1472.00184731487;1e+12;1e+12;1471.80914070889;1e+12;1e+12;1472.1693896026;1e+12;1e+12;1471.77555171194;1e+12;1e+12;1471.83555436569;1e+12;1e+12;1471.83011398206;1e+12;1e+12;1472.25326880143;1e+12;1e+12;1471.77983677669;1e+12;1e+12;1471.82470663679;1e+12;1e+12;1471.82547503722;1e+12;1e+12;1472.26751562348;1e+12;1e+12;1471.77401658025;1e+12;1e+12,proposed_likelihood,stage2,3,3.1025558875109684,0.10255588751096845,0.4,0.560519472698596,0.160519472698596,-0.7,-1.4925821305300957,-0.7925821305300957,0.7,0.4004888314582957,-0.29951116854170423,0.5,1.436385413886469,0.9363854138864688,0.5,1.436385413886469,5,4,-1,-0.7,-0.4839154780150208,0.2160845219849792,0.15,0.11456257234060382,-0.03543742765939617,1,0.777021306840317,-0.222978693159683,5,5.445429996099545,0.4454299960995449,1.5,1.475719593740654,-0.02428040625934602,0.8,0.8599833288616189,0.05998332886161883,58.893063347785755,58.89306334778564,1.1368683772161603e-13,NA,NA,NA,NA,NA,NA,NA,NA,NA,NA,NA,NA,NA,NA,NA,NA,NA,NA,NA,NA,NA,NA,NA,NA,NA,NA,NA,NA,NA,NA,NA,NA,NA,NA,NA,NA,NA,NA,NA,NA,NA,NA,NA,NA,NA,NA,NA,NA,NA,NA,NA,NA,NA,NA,NA,NA,NA,NA,NA,NA,NA,NA,NA,NA,NA,NA,NA,NA,NA,NA,NA,NA,NA,NA,NA,NA,NA,NA,NA,NA,NA,NA,NA,NA,NA,NA,NA,NA,NA,NA,NA,NA,NA,NA,NA,NA,NA,NA,NA,NA,NA,NA,true,TRUE,TRUE,2967.5480313039766,3026.4410946517623,2967.864140726469,58.893063347785755,58.893063347785755,12.000000000000023,FALSE,19380.727,TRUE,FALSE,TRUE
skewness_heavy_tails,skewness and heavy tails,EST,NH,19,1000,324,0.324,0.6373486297004461,TRUE,TRUE,TRUE,0,NA,-1390.4320382693404,2796.864076538681,2836.1261187705377,2797.00938430861,8,224.503,NA,2782.864076538681,2787.771831817663,1.000000000000017,NA,HeckmanEM,NA,raw_AIC_BIC_implied_logLik,finite_logLik_no_explicit_code,3,4.069450301589016,1.0694503015890158,0.4,0.594313560913898,0.19431356091389795,-0.7,NA,NA,0.7,NA,NA,0.5,NA,NA,0.5,NA,5,NA,NA,-0.7,-1.0963097170931433,-0.3963097170931434,0.15,0.14785855483064234,-0.00214144516935765,1,1.07596600361016,0.07596600361016015,5,5.450500720142917,0.4505007201429168,1.5,1.5556396331369058,0.05563963313690578,0.8,0.6559749832775376,-0.14402501672246248,39.26204223185687,39.262042231857095,-2.2737367544323206e-13,NA,NA,NA,NA,NA,NA,NA,NA,NA,NA,NA,NA,NA,NA,NA,NA,NA,NA,NA,NA,NA,NA,NA,NA,NA,NA,NA,NA,NA,NA,NA,NA,NA,NA,NA,NA,NA,NA,NA,NA,NA,NA,NA,NA,NA,NA,NA,NA,NA,NA,NA,NA,NA,NA,NA,NA,NA,NA,NA,NA,NA,NA,NA,NA,NA,NA,NA,NA,NA,NA,NA,NA,NA,NA,NA,NA,NA,NA,NA,NA,NA,NA,NA,NA,NA,NA,NA,NA,NA,NA,NA,NA,NA,NA,NA,NA,NA,NA,NA,NA,NA,NA,true,TRUE,TRUE,2796.864076538681,2836.1261187705377,2797.00938430861,39.26204223185687,39.26204223185687,7.999999999999954,FALSE,224.503,NA,NA,NA
skewness_heavy_tails,skewness and heavy tails,EST,HT,19,1000,324,0.324,0.6373486297004461,TRUE,TRUE,TRUE,0,NA,-1365.8583788336082,2749.7167576672164,2793.8865551780555,2749.8985758490344,9,215.715,NA,2733.7167576672164,2738.6245129461986,1.000000000000017,NA,HeckmanEM,NA,raw_AIC_BIC_implied_logLik,finite_logLik_no_explicit_code,3,2.754631784449342,-0.24536821555065735,0.4,0.5271647350756858,0.12716473507568582,-0.7,NA,NA,0.7,NA,NA,0.5,NA,NA,0.5,NA,5,NA,NA,-0.7,-1.2474397328979123,-0.5474397328979124,0.15,0.16872526280515465,0.01872526280515465,1,1.2296099146966046,0.22960991469660463,5,5.565302762689432,0.5653027626894316,1.5,1.668582060204357,0.16858206020435706,0.8,0.7844862447136972,-0.01551375528630283,44.16979751083909,44.16979751083923,-1.4210854715202004e-13,NA,NA,NA,NA,NA,NA,NA,NA,NA,NA,NA,NA,NA,NA,NA,NA,NA,NA,NA,NA,NA,NA,NA,NA,NA,NA,NA,NA,NA,NA,NA,NA,NA,NA,NA,NA,NA,NA,NA,NA,NA,NA,NA,NA,NA,NA,NA,NA,NA,NA,NA,NA,NA,NA,NA,NA,NA,NA,NA,NA,NA,NA,NA,NA,NA,NA,NA,NA,NA,NA,NA,NA,NA,NA,NA,NA,NA,NA,NA,NA,NA,NA,NA,NA,NA,NA,NA,NA,NA,NA,NA,NA,NA,NA,NA,NA,NA,NA,NA,NA,NA,NA,true,TRUE,TRUE,2749.7167576672164,2793.8865551780555,2749.8985758490344,44.16979751083909,44.16979751083909,8.999999999999972,FALSE,215.715,NA,NA,NA
skewness_heavy_tails,skewness and heavy tails,EST,CN,19,1000,324,0.324,0.6373486297004461,TRUE,TRUE,TRUE,0,NA,-1366.6715811237268,2753.3431622474536,2802.420715037275,2753.5656091635306,10,396.5450000000001,NA,2735.3431622474536,2740.250917526436,1.000000000000017,NA,HeckmanEM,NA,raw_AIC_BIC_implied_logLik,finite_logLik_no_explicit_code,3,2.8506813032777263,-0.14931869672227371,0.4,0.525229724359584,0.12522972435958402,-0.7,NA,NA,0.7,NA,NA,0.5,NA,NA,0.5,NA,5,NA,NA,-0.7,-1.242722197461267,-0.542722197461267,0.15,0.16678131939239643,0.01678131939239643,1,1.2279368900569676,0.2279368900569676,5,5.571470333581293,0.571470333581293,1.5,1.6204705240196924,0.12047052401969238,0.8,0.779139910388544,-0.02086008961145602,49.07755278982131,49.07755278982137,-5.684341886080802e-14,NA,NA,NA,NA,NA,NA,NA,NA,NA,NA,NA,NA,NA,NA,NA,NA,NA,NA,NA,NA,NA,NA,NA,NA,NA,NA,NA,NA,NA,NA,NA,NA,NA,NA,NA,NA,NA,NA,NA,NA,NA,NA,NA,NA,NA,NA,NA,NA,NA,NA,NA,NA,NA,NA,NA,NA,NA,NA,NA,NA,NA,NA,NA,NA,NA,NA,NA,NA,NA,NA,NA,NA,NA,NA,NA,NA,NA,NA,NA,NA,NA,NA,NA,NA,NA,NA,NA,NA,NA,NA,NA,NA,NA,NA,NA,NA,NA,NA,NA,NA,NA,NA,true,TRUE,TRUE,2753.3431622474536,2802.420715037275,2753.5656091635306,49.07755278982131,49.07755278982131,9.999999999999988,FALSE,396.5450000000001,NA,NA,NA
skewness_heavy_tails,skewness and heavy tails,EST,ESN,19,1000,324,0.324,0.6373486297004461,TRUE,TRUE,TRUE,0,CONVERGENCE: REL_REDUCTION_OF_F <= FACTR*EPSMCH,-1374.9484966424573,2771.8969932849145,2825.882301353718,2772.1641997626475,11,17628.174,NA,NA,NA,NA,10,stage2,1390.24118478484;1390.41912396061;1390.43417631691;1380.28191699551;1390.42987325997;1375.09019103827;1389.96257700398;1380.67964181731;1390.43183070686;1375.13030316094;1390.42899393258;1390.42863091009;1390.43292318034;1390.42885569904,proposed_likelihood,stage2,3,5.465804483390346,2.465804483390346,0.4,0.6214845123482273,0.2214845123482273,-0.7,1.2430867991161236,1.9430867991161236,0.7,1.4925821305300957,0.7925821305300957,0.5,-1.4925821305300957,-1.9925821305300957,0.5,-1.4925821305300957,5,NA,NA,-0.7,-1.7028819501444206,-1.0028819501444206,0.15,0.13485761152765302,-0.01514238847234697,1,0.973376309620144,-0.02662369037985612,5,0.10069665362214893,-4.8993033463778515,1.5,1.61825756735648,0.11825756735648008,0.8,0.6529164834758707,-0.14708351652412932,53.98530806880353,53.985308068803505,2.842170943040401e-14,NA,NA,NA,NA,NA,NA,NA,NA,NA,NA,NA,NA,NA,NA,NA,NA,NA,NA,NA,NA,NA,NA,NA,NA,NA,NA,NA,NA,NA,NA,NA,NA,NA,NA,NA,NA,NA,NA,NA,NA,NA,NA,NA,NA,NA,NA,NA,NA,NA,NA,NA,NA,NA,NA,NA,NA,NA,NA,NA,NA,NA,NA,NA,NA,NA,NA,NA,NA,NA,NA,NA,NA,NA,NA,NA,NA,NA,NA,NA,NA,NA,NA,NA,NA,NA,NA,NA,NA,NA,NA,NA,NA,NA,NA,NA,NA,NA,NA,NA,NA,NA,NA,true,TRUE,TRUE,2771.8969932849145,2825.882301353718,2772.1641997626475,53.98530806880353,53.98530806880353,11.000000000000005,FALSE,17628.174,FALSE,TRUE,TRUE
skewness_heavy_tails,skewness and heavy tails,EST,EST,19,1000,324,0.324,0.6373486297004461,TRUE,TRUE,TRUE,0,CONVERGENCE: REL_REDUCTION_OF_F <= FACTR*EPSMCH,-1360.8987627527092,2745.7975255054184,2804.690588853204,2746.113634927911,12,19332.626000000004,NA,NA,NA,NA,40,stage2,1361.21276913889;1e+12;1e+12;1361.15724146399;1e+12;1e+12;1361.21119792961;1e+12;1e+12;1360.90220223534;1e+12;1e+12;1361.32493212239;1e+12;1e+12;1360.91200869362;1e+12;1e+12;1360.90339049197;1e+12;1e+12;1360.90520206939;1e+12;1e+12;1361.3393841166;1e+12;1e+12;1360.90060500739;1e+12;1e+12;1360.90949629378;1e+12;1e+12;1360.90155337202;1e+12;1e+12;1361.32443002204;1e+12;1e+12;1360.89876436797;1e+12;1e+12,proposed_likelihood,stage2,3,3.217127805432797,0.21712780543279697,0.4,-0.06147088449579545,-0.4614708844957955,-0.7,-1.4925821305300957,-0.7925821305300957,0.7,1.1747403817247537,0.4747403817247535,0.5,0.9093842041478356,0.4093842041478355,0.5,0.9093842041478356,5,4,-1,-0.7,-0.6310100604305807,0.06898993956941923,0.15,0.14181407049104447,-0.00818592950895552,1,1.0275382661504946,0.02753826615049459,5,5.380879618247294,0.3808796182472944,1.5,1.6866761044591736,0.1866761044591736,0.8,0.7460192434724532,-0.05398075652754686,58.893063347785755,58.89306334778564,1.1368683772161603e-13,NA,NA,NA,NA,NA,NA,NA,NA,NA,NA,NA,NA,NA,NA,NA,NA,NA,NA,NA,NA,NA,NA,NA,NA,NA,NA,NA,NA,NA,NA,NA,NA,NA,NA,NA,NA,NA,NA,NA,NA,NA,NA,NA,NA,NA,NA,NA,NA,NA,NA,NA,NA,NA,NA,NA,NA,NA,NA,NA,NA,NA,NA,NA,NA,NA,NA,NA,NA,NA,NA,NA,NA,NA,NA,NA,NA,NA,NA,NA,NA,NA,NA,NA,NA,NA,NA,NA,NA,NA,NA,NA,NA,NA,NA,NA,NA,NA,NA,NA,NA,NA,NA,true,TRUE,TRUE,2745.7975255054184,2804.690588853204,2746.113634927911,58.893063347785755,58.893063347785755,12.000000000000023,FALSE,19332.626000000004,TRUE,FALSE,FALSE
skewness_heavy_tails,skewness and heavy tails,EST,NH,20,1000,360,0.36,0.6402048655569782,TRUE,TRUE,TRUE,0,NA,-1452.860257968745,2921.72051593749,2960.9825581693467,2921.865823707419,8,141.541,NA,2907.72051593749,2912.628271216472,1.000000000000017,NA,HeckmanEM,NA,raw_AIC_BIC_implied_logLik,finite_logLik_no_explicit_code,3,3.6192736893847623,0.6192736893847623,0.4,0.6886421893901133,0.2886421893901133,-0.7,NA,NA,0.7,NA,NA,0.5,NA,NA,0.5,NA,5,NA,NA,-0.7,-0.968423126371843,-0.26842312637184307,0.15,0.1291125642823705,-0.02088743571762949,1,1.0401753394980655,0.04017533949806573,5,5.013912671588262,0.01391267158826181,1.5,1.3428683098056122,-0.15713169019438775,0.8,0.7643654120006854,-0.03563458799931462,39.26204223185687,39.262042231857095,-2.2737367544323206e-13,NA,NA,NA,NA,NA,NA,NA,NA,NA,NA,NA,NA,NA,NA,NA,NA,NA,NA,NA,NA,NA,NA,NA,NA,NA,NA,NA,NA,NA,NA,NA,NA,NA,NA,NA,NA,NA,NA,NA,NA,NA,NA,NA,NA,NA,NA,NA,NA,NA,NA,NA,NA,NA,NA,NA,NA,NA,NA,NA,NA,NA,NA,NA,NA,NA,NA,NA,NA,NA,NA,NA,NA,NA,NA,NA,NA,NA,NA,NA,NA,NA,NA,NA,NA,NA,NA,NA,NA,NA,NA,NA,NA,NA,NA,NA,NA,NA,NA,NA,NA,NA,NA,true,TRUE,TRUE,2921.72051593749,2960.9825581693467,2921.865823707419,39.26204223185687,39.26204223185687,7.999999999999954,FALSE,141.541,NA,NA,NA
skewness_heavy_tails,skewness and heavy tails,EST,HT,20,1000,360,0.36,0.6402048655569782,TRUE,TRUE,TRUE,0,NA,-1447.4784833796546,2912.956966759309,2957.126764270148,2913.138784941127,9,137.068,NA,2896.956966759309,2901.8647220382913,1.000000000000017,NA,HeckmanEM,NA,raw_AIC_BIC_implied_logLik,finite_logLik_no_explicit_code,3,3.015400218220918,0.01540021822091786,0.4,0.640253148214733,0.24025314821473295,-0.7,NA,NA,0.7,NA,NA,0.5,NA,NA,0.5,NA,5,NA,NA,-0.7,-1.0495808236638977,-0.34958082366389753,0.15,0.1385604281170929,-0.01143957188290709,1,1.1363278955537062,0.13632789555370617,5,5.219953705129029,0.21995370512902923,1.5,1.3765155077415403,-0.12348449225845948,0.8,0.790165778766505,-0.00983422123349508,44.16979751083909,44.16979751083923,-1.4210854715202004e-13,NA,NA,NA,NA,NA,NA,NA,NA,NA,NA,NA,NA,NA,NA,NA,NA,NA,NA,NA,NA,NA,NA,NA,NA,NA,NA,NA,NA,NA,NA,NA,NA,NA,NA,NA,NA,NA,NA,NA,NA,NA,NA,NA,NA,NA,NA,NA,NA,NA,NA,NA,NA,NA,NA,NA,NA,NA,NA,NA,NA,NA,NA,NA,NA,NA,NA,NA,NA,NA,NA,NA,NA,NA,NA,NA,NA,NA,NA,NA,NA,NA,NA,NA,NA,NA,NA,NA,NA,NA,NA,NA,NA,NA,NA,NA,NA,NA,NA,NA,NA,NA,NA,true,TRUE,TRUE,2912.956966759309,2957.126764270148,2913.138784941127,44.16979751083909,44.16979751083909,8.999999999999972,FALSE,137.068,NA,NA,NA
skewness_heavy_tails,skewness and heavy tails,EST,CN,20,1000,360,0.36,0.6402048655569782,TRUE,TRUE,TRUE,0,NA,-1447.0409315826362,2914.0818631652724,2963.1594159550937,2914.3043100813493,10,587.679,NA,2896.0818631652724,2900.9896184442546,1.000000000000017,NA,HeckmanEM,NA,raw_AIC_BIC_implied_logLik,finite_logLik_no_explicit_code,3,2.7835606606271837,-0.21643933937281631,0.4,0.635903723641021,0.23590372364102097,-0.7,NA,NA,0.7,NA,NA,0.5,NA,NA,0.5,NA,5,NA,NA,-0.7,-1.1324877035534366,-0.4324877035534367,0.15,0.1492025182937625,-7.974817062375017e-4,1,1.2263246585056742,0.22632465850567415,5,5.229877131877378,0.22987713187737757,1.5,1.3743517036324693,-0.12564829636753072,0.8,0.7916025053943356,-0.00839749460566441,49.07755278982131,49.07755278982137,-5.684341886080802e-14,NA,NA,NA,NA,NA,NA,NA,NA,NA,NA,NA,NA,NA,NA,NA,NA,NA,NA,NA,NA,NA,NA,NA,NA,NA,NA,NA,NA,NA,NA,NA,NA,NA,NA,NA,NA,NA,NA,NA,NA,NA,NA,NA,NA,NA,NA,NA,NA,NA,NA,NA,NA,NA,NA,NA,NA,NA,NA,NA,NA,NA,NA,NA,NA,NA,NA,NA,NA,NA,NA,NA,NA,NA,NA,NA,NA,NA,NA,NA,NA,NA,NA,NA,NA,NA,NA,NA,NA,NA,NA,NA,NA,NA,NA,NA,NA,NA,NA,NA,NA,NA,NA,true,TRUE,TRUE,2914.0818631652724,2963.1594159550937,2914.3043100813493,49.07755278982131,49.07755278982131,9.999999999999988,FALSE,587.679,NA,NA,NA
skewness_heavy_tails,skewness and heavy tails,EST,ESN,20,1000,360,0.36,0.6402048655569782,TRUE,TRUE,TRUE,0,CONVERGENCE: REL_REDUCTION_OF_F <= FACTR*EPSMCH,-1452.3660301412838,2926.7320602825675,2980.717368351371,2926.9992667603005,11,18103.591,NA,NA,NA,NA,10,stage2,1452.85061642895;1452.82308205746;1452.85106670226;1452.50165734647;1452.85978400443;1452.37500449456;1452.72747504743;1452.86021345974;1452.85600737301;1452.37970040152;1452.8603942656;1452.85989903986;1452.83370949128;1452.86025761271,proposed_likelihood,stage2,3,3.815567546015528,0.8155675460155276,0.4,0.7019751242050751,0.3019751242050751,-0.7,-1.4925821305300957,-0.7925821305300957,0.7,0.2981295281678804,-0.40187047183211955,0.5,1.2692524839711423,0.7692524839711423,0.5,1.2692524839711423,5,NA,NA,-0.7,-0.47424574116743606,0.2257542588325639,0.15,0.10580361907190876,-0.04419638092809122,1,0.8404139102159788,-0.15958608978402122,5,5.812494136633976,0.8124941366339762,1.5,1.340678209393288,-0.15932179060671214,0.8,0.7597206734727195,-0.0402793265272805,53.98530806880353,53.985308068803505,2.842170943040401e-14,NA,NA,NA,NA,NA,NA,NA,NA,NA,NA,NA,NA,NA,NA,NA,NA,NA,NA,NA,NA,NA,NA,NA,NA,NA,NA,NA,NA,NA,NA,NA,NA,NA,NA,NA,NA,NA,NA,NA,NA,NA,NA,NA,NA,NA,NA,NA,NA,NA,NA,NA,NA,NA,NA,NA,NA,NA,NA,NA,NA,NA,NA,NA,NA,NA,NA,NA,NA,NA,NA,NA,NA,NA,NA,NA,NA,NA,NA,NA,NA,NA,NA,NA,NA,NA,NA,NA,NA,NA,NA,NA,NA,NA,NA,NA,NA,NA,NA,NA,NA,NA,NA,true,TRUE,TRUE,2926.7320602825675,2980.717368351371,2926.9992667603005,53.98530806880353,53.98530806880353,11.000000000000005,FALSE,18103.591,TRUE,FALSE,FALSE
skewness_heavy_tails,skewness and heavy tails,EST,EST,20,1000,360,0.36,0.6402048655569782,TRUE,TRUE,TRUE,0,CONVERGENCE: REL_REDUCTION_OF_F <= FACTR*EPSMCH,-1447.2203073623812,2918.4406147247623,2977.333678072548,2918.7567241472548,12,19782.334000000003,NA,NA,NA,NA,10,stage2,1447.22538851408;1e+12;1e+12;1447.22662218081;1e+12;1e+12;1447.25796316143;1e+12;1e+12;1447.22096101782;1e+12;1e+12;1447.26920604334;1e+12;1e+12;1447.22620242933;1e+12;1e+12;1447.22344489342;1e+12;1e+12;1447.23592351001;1e+12;1e+12;1447.24986781078;1e+12;1e+12;1447.23009842217;1e+12;1e+12;1447.23666157909;1e+12;1e+12;1447.23215137754;1e+12;1e+12;1447.33067074803;1e+12;1e+12;1447.22392590238;1e+12;1e+12,proposed_likelihood,stage2,3,3.140335695101234,0.14033569510123378,0.4,0.6470552059377225,0.24705520593772248,-0.7,-1.4925821305300957,-0.7925821305300957,0.7,0.32106122370827295,-0.378938776291727,0.5,1.3992435651577622,0.8992435651577622,0.5,1.3992435651577622,5,4,-1,-0.7,-0.5276379971663797,0.17236200283362024,0.15,0.11773427881364744,-0.03226572118635255,1,0.9272436479729256,-0.07275635202707431,5,5.818125057829859,0.8181250578298593,1.5,1.383167136388294,-0.11683286361170596,0.8,0.7862954971626385,-0.01370450283736157,58.893063347785755,58.89306334778564,1.1368683772161603e-13,NA,NA,NA,NA,NA,NA,NA,NA,NA,NA,NA,NA,NA,NA,NA,NA,NA,NA,NA,NA,NA,NA,NA,NA,NA,NA,NA,NA,NA,NA,NA,NA,NA,NA,NA,NA,NA,NA,NA,NA,NA,NA,NA,NA,NA,NA,NA,NA,NA,NA,NA,NA,NA,NA,NA,NA,NA,NA,NA,NA,NA,NA,NA,NA,NA,NA,NA,NA,NA,NA,NA,NA,NA,NA,NA,NA,NA,NA,NA,NA,NA,NA,NA,NA,NA,NA,NA,NA,NA,NA,NA,NA,NA,NA,NA,NA,NA,NA,NA,NA,NA,NA,true,TRUE,TRUE,2918.4406147247623,2977.333678072548,2918.7567241472548,58.893063347785755,58.893063347785755,12.000000000000023,FALSE,19782.334000000003,TRUE,FALSE,FALSE
skewness_heavy_tails,skewness and heavy tails,EST,NH,21,1000,351,0.351,0.6215040397762586,TRUE,TRUE,TRUE,0,NA,-1462.1888327204106,2940.377665440821,2979.639707672678,2940.5229732107505,8,118.761,NA,2926.377665440821,2931.2854207198034,1.000000000000017,NA,HeckmanEM,NA,raw_AIC_BIC_implied_logLik,finite_logLik_no_explicit_code,3,4.177907432056715,1.177907432056715,0.4,0.6931723526321669,0.2931723526321669,-0.7,NA,NA,0.7,NA,NA,0.5,NA,NA,0.5,NA,5,NA,NA,-0.7,-0.9817736566794312,-0.28177365667943133,0.15,0.14661937307676726,-0.00338062692323273,1,1.0701002098527332,0.07010020985273324,5,4.980806477934206,-0.01919352206579372,1.5,1.396826353398481,-0.10317364660151895,0.8,0.6255122094693627,-0.17448779053063734,39.26204223185687,39.262042231857095,-2.2737367544323206e-13,NA,NA,NA,NA,NA,NA,NA,NA,NA,NA,NA,NA,NA,NA,NA,NA,NA,NA,NA,NA,NA,NA,NA,NA,NA,NA,NA,NA,NA,NA,NA,NA,NA,NA,NA,NA,NA,NA,NA,NA,NA,NA,NA,NA,NA,NA,NA,NA,NA,NA,NA,NA,NA,NA,NA,NA,NA,NA,NA,NA,NA,NA,NA,NA,NA,NA,NA,NA,NA,NA,NA,NA,NA,NA,NA,NA,NA,NA,NA,NA,NA,NA,NA,NA,NA,NA,NA,NA,NA,NA,NA,NA,NA,NA,NA,NA,NA,NA,NA,NA,NA,NA,true,TRUE,TRUE,2940.377665440821,2979.639707672678,2940.5229732107505,39.26204223185687,39.26204223185687,7.999999999999954,FALSE,118.761,NA,NA,NA
skewness_heavy_tails,skewness and heavy tails,EST,HT,21,1000,351,0.351,0.6215040397762586,TRUE,TRUE,TRUE,0,NA,-1428.8620389283903,2875.7240778567807,2919.89387536762,2875.9058960385987,9,158.41200000000003,NA,2859.7240778567807,2864.631833135763,1.000000000000017,NA,HeckmanEM,NA,raw_AIC_BIC_implied_logLik,finite_logLik_no_explicit_code,3,2.650752730143589,-0.3492472698564111,0.4,0.6196980140891912,0.2196980140891912,-0.7,NA,NA,0.7,NA,NA,0.5,NA,NA,0.5,NA,5,NA,NA,-0.7,-1.2143556982428925,-0.5143556982428925,0.15,0.18451692686089516,0.03451692686089516,1,1.3438844053809438,0.3438844053809438,5,5.328665936269825,0.3286659362698252,1.5,1.3138333637450264,-0.18616663625497365,0.8,0.771794415428694,-0.02820558457130606,44.16979751083909,44.16979751083923,-1.4210854715202004e-13,NA,NA,NA,NA,NA,NA,NA,NA,NA,NA,NA,NA,NA,NA,NA,NA,NA,NA,NA,NA,NA,NA,NA,NA,NA,NA,NA,NA,NA,NA,NA,NA,NA,NA,NA,NA,NA,NA,NA,NA,NA,NA,NA,NA,NA,NA,NA,NA,NA,NA,NA,NA,NA,NA,NA,NA,NA,NA,NA,NA,NA,NA,NA,NA,NA,NA,NA,NA,NA,NA,NA,NA,NA,NA,NA,NA,NA,NA,NA,NA,NA,NA,NA,NA,NA,NA,NA,NA,NA,NA,NA,NA,NA,NA,NA,NA,NA,NA,NA,NA,NA,NA,true,TRUE,TRUE,2875.7240778567807,2919.89387536762,2875.9058960385987,44.16979751083909,44.16979751083909,8.999999999999972,FALSE,158.41200000000003,NA,NA,NA
skewness_heavy_tails,skewness and heavy tails,EST,CN,21,1000,351,0.351,0.6215040397762586,TRUE,TRUE,TRUE,0,NA,-1429.2905375912053,2878.5810751824106,2927.658627972232,2878.8035220984875,10,384.28,NA,2860.5810751824106,2865.488830461393,1.000000000000017,NA,HeckmanEM,NA,raw_AIC_BIC_implied_logLik,finite_logLik_no_explicit_code,3,2.639032167394894,-0.3609678326051058,0.4,0.6374979950240899,0.23749799502408983,-0.7,NA,NA,0.7,NA,NA,0.5,NA,NA,0.5,NA,5,NA,NA,-0.7,-1.2353324831634778,-0.5353324831634778,0.15,0.18791871501911572,0.03791871501911573,1,1.3679896915291412,0.3679896915291412,5,5.313056223831526,0.3130562238315262,1.5,1.3062100431126968,-0.19378995688730316,0.8,0.7487276234592575,-0.05127237654074257,49.07755278982131,49.07755278982137,-5.684341886080802e-14,NA,NA,NA,NA,NA,NA,NA,NA,NA,NA,NA,NA,NA,NA,NA,NA,NA,NA,NA,NA,NA,NA,NA,NA,NA,NA,NA,NA,NA,NA,NA,NA,NA,NA,NA,NA,NA,NA,NA,NA,NA,NA,NA,NA,NA,NA,NA,NA,NA,NA,NA,NA,NA,NA,NA,NA,NA,NA,NA,NA,NA,NA,NA,NA,NA,NA,NA,NA,NA,NA,NA,NA,NA,NA,NA,NA,NA,NA,NA,NA,NA,NA,NA,NA,NA,NA,NA,NA,NA,NA,NA,NA,NA,NA,NA,NA,NA,NA,NA,NA,NA,NA,true,TRUE,TRUE,2878.5810751824106,2927.658627972232,2878.8035220984875,49.07755278982131,49.07755278982131,9.999999999999988,FALSE,384.28,NA,NA,NA
skewness_heavy_tails,skewness and heavy tails,EST,ESN,21,1000,351,0.351,0.6215040397762586,TRUE,TRUE,TRUE,0,CONVERGENCE: REL_REDUCTION_OF_F <= FACTR*EPSMCH,-1451.3046291364165,2924.609258272833,2978.5945663416364,2924.876464750566,11,16902.491,NA,NA,NA,NA,10,stage2,1459.26480281245;1462.1900072691;1459.27431159117;1462.18908001018;1459.26370083175;1459.68471359758;1462.19713574172;1459.26687561166;1459.26110098794;1451.60093043514;1459.27029528011;1459.26497182591;1459.27891005245;1462.18883249147,proposed_likelihood,stage2,3,5.622884694008517,2.6228846940085173,0.4,0.7488209313380242,0.34882093133802416,-0.7,1.4915118598783226,2.1915118598783225,0.7,1.2237660740155318,0.5237660740155319,0.5,-1.4925821305300957,-1.9925821305300957,0.5,-1.4925821305300957,5,NA,NA,-0.7,-1.6852438355221135,-0.9852438355221136,0.15,0.12434815284898844,-0.02565184715101154,1,0.9039083165319016,-0.09609168346809838,5,-0.7199818790693026,-5.7199818790693024,1.5,1.3907486154669204,-0.1092513845330796,0.8,0.6724777166194084,-0.12752228338059168,53.98530806880353,53.985308068803505,2.842170943040401e-14,NA,NA,NA,NA,NA,NA,NA,NA,NA,NA,NA,NA,NA,NA,NA,NA,NA,NA,NA,NA,NA,NA,NA,NA,NA,NA,NA,NA,NA,NA,NA,NA,NA,NA,NA,NA,NA,NA,NA,NA,NA,NA,NA,NA,NA,NA,NA,NA,NA,NA,NA,NA,NA,NA,NA,NA,NA,NA,NA,NA,NA,NA,NA,NA,NA,NA,NA,NA,NA,NA,NA,NA,NA,NA,NA,NA,NA,NA,NA,NA,NA,NA,NA,NA,NA,NA,NA,NA,NA,NA,NA,NA,NA,NA,NA,NA,NA,NA,NA,NA,NA,NA,true,TRUE,TRUE,2924.609258272833,2978.5945663416364,2924.876464750566,53.98530806880353,53.98530806880353,11.000000000000005,FALSE,16902.491,TRUE,FALSE,TRUE
skewness_heavy_tails,skewness and heavy tails,EST,EST,21,1000,351,0.351,0.6215040397762586,TRUE,TRUE,TRUE,0,CONVERGENCE: REL_REDUCTION_OF_F <= FACTR*EPSMCH,-1428.796279807031,2881.592559614062,2940.4856229618476,2881.9086690365543,12,17587.528000000002,NA,NA,NA,NA,10,stage2,1428.80774464033;1e+12;1e+12;1428.79794019237;1e+12;1e+12;1428.79914608981;1e+12;1e+12;1428.79627994309;1e+12;1e+12;1428.80982451382;1e+12;1e+12;1428.79814754956;1e+12;1e+12;1428.79656966047;1e+12;1e+12;1428.8077465238;1e+12;1e+12;1428.79990176573;1e+12;1e+12;1428.82711123639;1e+12;1e+12;1428.81271801475;1e+12;1e+12;1428.80354762357;1e+12;1e+12;1428.79737689778;1e+12;1e+12;1428.80019152735;1e+12;1e+12,proposed_likelihood,stage2,3,2.0258014672326943,-0.9741985327673056,0.4,0.6367596262792009,0.23675962627920089,-0.7,0.01012941601848263,0.7101294160184826,0.7,-0.1381172263003065,-0.8381172263003065,0.5,-1.4767092098710777,-1.9767092098710777,0.5,-1.4767092098710777,5,4,-1,-0.7,-1.634216924854647,-0.934216924854647,0.15,0.24444708046781072,0.09444708046781072,1,1.7827255886311313,0.7827255886311313,5,5.720993658716318,0.7209936587163179,1.5,1.3120165331077085,-0.18798346689229173,0.8,0.771547841296245,-0.02845215870375506,58.893063347785755,58.89306334778564,1.1368683772161603e-13,NA,NA,NA,NA,NA,NA,NA,NA,NA,NA,NA,NA,NA,NA,NA,NA,NA,NA,NA,NA,NA,NA,NA,NA,NA,NA,NA,NA,NA,NA,NA,NA,NA,NA,NA,NA,NA,NA,NA,NA,NA,NA,NA,NA,NA,NA,NA,NA,NA,NA,NA,NA,NA,NA,NA,NA,NA,NA,NA,NA,NA,NA,NA,NA,NA,NA,NA,NA,NA,NA,NA,NA,NA,NA,NA,NA,NA,NA,NA,NA,NA,NA,NA,NA,NA,NA,NA,NA,NA,NA,NA,NA,NA,NA,NA,NA,NA,NA,NA,NA,NA,NA,true,TRUE,TRUE,2881.592559614062,2940.4856229618476,2881.9086690365543,58.893063347785755,58.893063347785755,12.000000000000023,FALSE,17587.528000000002,FALSE,FALSE,TRUE
skewness_heavy_tails,skewness and heavy tails,EST,NH,22,1000,346,0.346,0.6540222367560498,TRUE,TRUE,TRUE,0,NA,-1455.7573775374317,2927.5147550748634,2966.7767973067203,2927.6600628447927,8,196.259,NA,2913.5147550748634,2918.4225103538456,1.000000000000017,NA,HeckmanEM,NA,raw_AIC_BIC_implied_logLik,finite_logLik_no_explicit_code,3,4.596983271864293,1.596983271864293,0.4,0.8615681395495097,0.4615681395495097,-0.7,NA,NA,0.7,NA,NA,0.5,NA,NA,0.5,NA,5,NA,NA,-0.7,-0.900820947098092,-0.20082094709809217,0.15,0.1302204916030871,-0.01977950839691289,1,0.8776793102535817,-0.1223206897464183,5,3.2280998860173127,-1.771900113982687,1.5,1.5632823908377491,0.06328239083774911,0.8,0.9821724290582062,0.1821724290582062,39.26204223185687,39.262042231857095,-2.2737367544323206e-13,NA,NA,NA,NA,NA,NA,NA,NA,NA,NA,NA,NA,NA,NA,NA,NA,NA,NA,NA,NA,NA,NA,NA,NA,NA,NA,NA,NA,NA,NA,NA,NA,NA,NA,NA,NA,NA,NA,NA,NA,NA,NA,NA,NA,NA,NA,NA,NA,NA,NA,NA,NA,NA,NA,NA,NA,NA,NA,NA,NA,NA,NA,NA,NA,NA,NA,NA,NA,NA,NA,NA,NA,NA,NA,NA,NA,NA,NA,NA,NA,NA,NA,NA,NA,NA,NA,NA,NA,NA,NA,NA,NA,NA,NA,NA,NA,NA,NA,NA,NA,NA,NA,true,TRUE,TRUE,2927.5147550748634,2966.7767973067203,2927.6600628447927,39.26204223185687,39.26204223185687,7.999999999999954,FALSE,196.259,NA,NA,NA
skewness_heavy_tails,skewness and heavy tails,EST,HT,22,1000,346,0.346,0.6540222367560498,TRUE,TRUE,TRUE,0,NA,-1435.107259323559,2888.214518647118,2932.384316157957,2888.396336828936,9,215.666,NA,2872.214518647118,2877.1222739261,1.000000000000017,NA,HeckmanEM,NA,raw_AIC_BIC_implied_logLik,finite_logLik_no_explicit_code,3,2.931278800407338,-0.06872119959266199,0.4,0.6910342841060432,0.29103428410604315,-0.7,NA,NA,0.7,NA,NA,0.5,NA,NA,0.5,NA,5,NA,NA,-0.7,-1.0798033864278056,-0.3798033864278056,0.15,0.1717369502420518,0.0217369502420518,1,1.084135664710936,0.08413566471093592,5,4.617081630754138,-0.3829183692458624,1.5,1.4018374630457546,-0.09816253695424536,0.8,0.9380208282818446,0.1380208282818446,44.16979751083909,44.16979751083923,-1.4210854715202004e-13,NA,NA,NA,NA,NA,NA,NA,NA,NA,NA,NA,NA,NA,NA,NA,NA,NA,NA,NA,NA,NA,NA,NA,NA,NA,NA,NA,NA,NA,NA,NA,NA,NA,NA,NA,NA,NA,NA,NA,NA,NA,NA,NA,NA,NA,NA,NA,NA,NA,NA,NA,NA,NA,NA,NA,NA,NA,NA,NA,NA,NA,NA,NA,NA,NA,NA,NA,NA,NA,NA,NA,NA,NA,NA,NA,NA,NA,NA,NA,NA,NA,NA,NA,NA,NA,NA,NA,NA,NA,NA,NA,NA,NA,NA,NA,NA,NA,NA,NA,NA,NA,NA,true,TRUE,TRUE,2888.214518647118,2932.384316157957,2888.396336828936,44.16979751083909,44.16979751083909,8.999999999999972,FALSE,215.666,NA,NA,NA
skewness_heavy_tails,skewness and heavy tails,EST,CN,22,1000,346,0.346,0.6540222367560498,TRUE,TRUE,TRUE,0,NA,-1434.1454039267987,2888.2908078535975,2937.368360643419,2888.5132547696744,10,372.7440000000001,NA,2870.2908078535975,2875.1985631325797,1.000000000000017,NA,HeckmanEM,NA,raw_AIC_BIC_implied_logLik,finite_logLik_no_explicit_code,3,3.06855700572657,0.06855700572657009,0.4,0.7093389646365394,0.3093389646365394,-0.7,NA,NA,0.7,NA,NA,0.5,NA,NA,0.5,NA,5,NA,NA,-0.7,-1.0687135978553917,-0.3687135978553917,0.15,0.16620741238480244,0.01620741238480244,1,1.075256191850885,0.07525619185088495,5,4.4643615457167,-0.5356384542833004,1.5,1.4430006491617997,-0.05699935083820029,0.8,0.9481586676385152,0.14815866763851504,49.07755278982131,49.07755278982137,-5.684341886080802e-14,NA,NA,NA,NA,NA,NA,NA,NA,NA,NA,NA,NA,NA,NA,NA,NA,NA,NA,NA,NA,NA,NA,NA,NA,NA,NA,NA,NA,NA,NA,NA,NA,NA,NA,NA,NA,NA,NA,NA,NA,NA,NA,NA,NA,NA,NA,NA,NA,NA,NA,NA,NA,NA,NA,NA,NA,NA,NA,NA,NA,NA,NA,NA,NA,NA,NA,NA,NA,NA,NA,NA,NA,NA,NA,NA,NA,NA,NA,NA,NA,NA,NA,NA,NA,NA,NA,NA,NA,NA,NA,NA,NA,NA,NA,NA,NA,NA,NA,NA,NA,NA,NA,true,TRUE,TRUE,2888.2908078535975,2937.368360643419,2888.5132547696744,49.07755278982131,49.07755278982131,9.999999999999988,FALSE,372.7440000000001,NA,NA,NA
skewness_heavy_tails,skewness and heavy tails,EST,ESN,22,1000,346,0.346,0.6540222367560498,TRUE,TRUE,TRUE,0,CONVERGENCE: REL_REDUCTION_OF_F <= FACTR*EPSMCH,-1444.5591576259017,2911.1183152518033,2965.103623320607,2911.3855217295363,11,18786.361,NA,NA,NA,NA,10,stage2,1455.77929446648;1455.77961944947;1455.78203632034;1455.77959455424;1455.77655248103;1444.77978426527;1455.78520200676;1455.76032739068;1455.77178283475;1450.79765448162;1455.75667532233;1455.76019846844;1455.78831873477;1455.75737731767,proposed_likelihood,stage2,3,5.836348229524708,2.836348229524708,0.4,0.8076760509635521,0.4076760509635521,-0.7,1.4925821305300957,2.192582130530096,0.7,1.4925821305300957,0.7925821305300957,0.5,-1.4925821305300957,-1.9925821305300957,0.5,-1.4925821305300957,5,NA,NA,-0.7,-1.5942951182617573,-0.8942951182617573,0.15,0.12218316135989904,-0.02781683864010095,1,0.8173890440150355,-0.1826109559849645,5,-1.92921706706266,-6.92921706706266,1.5,1.5356153808924955,0.03561538089249549,0.8,0.9347679358874948,0.1347679358874948,53.98530806880353,53.985308068803505,2.842170943040401e-14,NA,NA,NA,NA,NA,NA,NA,NA,NA,NA,NA,NA,NA,NA,NA,NA,NA,NA,NA,NA,NA,NA,NA,NA,NA,NA,NA,NA,NA,NA,NA,NA,NA,NA,NA,NA,NA,NA,NA,NA,NA,NA,NA,NA,NA,NA,NA,NA,NA,NA,NA,NA,NA,NA,NA,NA,NA,NA,NA,NA,NA,NA,NA,NA,NA,NA,NA,NA,NA,NA,NA,NA,NA,NA,NA,NA,NA,NA,NA,NA,NA,NA,NA,NA,NA,NA,NA,NA,NA,NA,NA,NA,NA,NA,NA,NA,NA,NA,NA,NA,NA,NA,true,TRUE,TRUE,2911.1183152518033,2965.103623320607,2911.3855217295363,53.98530806880353,53.98530806880353,11.000000000000005,FALSE,18786.361,TRUE,TRUE,TRUE
skewness_heavy_tails,skewness and heavy tails,EST,EST,22,1000,346,0.346,0.6540222367560498,TRUE,TRUE,TRUE,0,CONVERGENCE: REL_REDUCTION_OF_F <= FACTR*EPSMCH,-1432.9925240259604,2889.985048051921,2948.8781113997065,2890.3011574744132,12,19998.086,NA,NA,NA,NA,16,stage2,1433.67300751322;1e+12;1e+12;1433.0609975067;1e+12;1e+12;1433.78577081814;1e+12;1e+12;1433.02363687724;1e+12;1e+12;1433.74495652701;1e+12;1e+12;1432.99784930864;1e+12;1e+12;1433.62238997056;1e+12;1e+12;1433.48487469163;1e+12;1e+12;1433.76346261524;1e+12;1e+12;1433.00102087297;1e+12;1e+12;1433.04906739942;1e+12;1e+12;1433.07384483416;1e+12;1e+12;1433.75737450597;1e+12;1e+12;1433.58401562263;1e+12;1e+12,proposed_likelihood,stage2,3,3.014572576024354,0.0145725760243538,0.4,0.4696976543979251,0.06969765439792514,-0.7,-1.4925821305300957,-0.7925821305300957,0.7,0.9356987927794244,0.23569879277942452,0.5,1.471496710029771,0.9714967100297708,0.5,1.471496710029771,5,4,-1,-0.7,-0.5836922786678997,0.1163077213321002,0.15,0.13815993535787477,-0.01184006464212522,1,0.9105584155098588,-0.08944158449014128,5,4.924511434513909,-0.07548856548609084,1.5,1.421478766057871,-0.07852123394212907,0.8,0.9301733766629872,0.13017337666298723,58.893063347785755,58.89306334778564,1.1368683772161603e-13,NA,NA,NA,NA,NA,NA,NA,NA,NA,NA,NA,NA,NA,NA,NA,NA,NA,NA,NA,NA,NA,NA,NA,NA,NA,NA,NA,NA,NA,NA,NA,NA,NA,NA,NA,NA,NA,NA,NA,NA,NA,NA,NA,NA,NA,NA,NA,NA,NA,NA,NA,NA,NA,NA,NA,NA,NA,NA,NA,NA,NA,NA,NA,NA,NA,NA,NA,NA,NA,NA,NA,NA,NA,NA,NA,NA,NA,NA,NA,NA,NA,NA,NA,NA,NA,NA,NA,NA,NA,NA,NA,NA,NA,NA,NA,NA,NA,NA,NA,NA,NA,NA,true,TRUE,TRUE,2889.985048051921,2948.8781113997065,2890.3011574744132,58.893063347785755,58.893063347785755,12.000000000000023,FALSE,19998.086,TRUE,FALSE,TRUE
skewness_heavy_tails,skewness and heavy tails,EST,NH,23,1000,340,0.34,0.6341154090044389,TRUE,TRUE,TRUE,0,NA,-1447.8351253545147,2911.6702507090295,2950.9322929408863,2911.815558478959,8,192.368,NA,2897.6702507090295,2902.5780059880117,1.000000000000017,NA,HeckmanEM,NA,raw_AIC_BIC_implied_logLik,finite_logLik_no_explicit_code,3,4.8129386903861855,1.8129386903861855,0.4,0.8564598684071265,0.4564598684071265,-0.7,NA,NA,0.7,NA,NA,0.5,NA,NA,0.5,NA,5,NA,NA,-0.7,-0.8562876792069483,-0.1562876792069483,0.15,0.14629647339358132,-0.00370352660641867,1,0.808371269423531,-0.191628730576469,5,3.703576440027369,-1.2964235599726308,1.5,1.3986329850362966,-0.10136701496370336,0.8,0.7766015926522916,-0.02339840734770848,39.26204223185687,39.262042231857095,-2.2737367544323206e-13,NA,NA,NA,NA,NA,NA,NA,NA,NA,NA,NA,NA,NA,NA,NA,NA,NA,NA,NA,NA,NA,NA,NA,NA,NA,NA,NA,NA,NA,NA,NA,NA,NA,NA,NA,NA,NA,NA,NA,NA,NA,NA,NA,NA,NA,NA,NA,NA,NA,NA,NA,NA,NA,NA,NA,NA,NA,NA,NA,NA,NA,NA,NA,NA,NA,NA,NA,NA,NA,NA,NA,NA,NA,NA,NA,NA,NA,NA,NA,NA,NA,NA,NA,NA,NA,NA,NA,NA,NA,NA,NA,NA,NA,NA,NA,NA,NA,NA,NA,NA,NA,NA,true,TRUE,TRUE,2911.6702507090295,2950.9322929408863,2911.815558478959,39.26204223185687,39.26204223185687,7.999999999999954,FALSE,192.368,NA,NA,NA
skewness_heavy_tails,skewness and heavy tails,EST,HT,23,1000,340,0.34,0.6341154090044389,TRUE,TRUE,TRUE,0,NA,-1415.2219964591322,2848.4439929182645,2892.6137904291036,2848.6258111000825,9,106.552,NA,2832.4439929182645,2837.3517481972467,1.000000000000017,NA,HeckmanEM,NA,raw_AIC_BIC_implied_logLik,finite_logLik_no_explicit_code,3,2.800659966591887,-0.19934003340811257,0.4,0.6902417821226099,0.29024178212260987,-0.7,NA,NA,0.7,NA,NA,0.5,NA,NA,0.5,NA,5,NA,NA,-0.7,-1.068512785935823,-0.36851278593582304,0.15,0.2000011668538161,0.05000116685381611,1,1.056527908894246,0.05652790889424608,5,5.162845787644452,0.1628457876444518,1.5,1.4649240388161682,-0.03507596118383183,0.8,0.7634678803099194,-0.03653211969008063,44.16979751083909,44.16979751083923,-1.4210854715202004e-13,NA,NA,NA,NA,NA,NA,NA,NA,NA,NA,NA,NA,NA,NA,NA,NA,NA,NA,NA,NA,NA,NA,NA,NA,NA,NA,NA,NA,NA,NA,NA,NA,NA,NA,NA,NA,NA,NA,NA,NA,NA,NA,NA,NA,NA,NA,NA,NA,NA,NA,NA,NA,NA,NA,NA,NA,NA,NA,NA,NA,NA,NA,NA,NA,NA,NA,NA,NA,NA,NA,NA,NA,NA,NA,NA,NA,NA,NA,NA,NA,NA,NA,NA,NA,NA,NA,NA,NA,NA,NA,NA,NA,NA,NA,NA,NA,NA,NA,NA,NA,NA,NA,true,TRUE,TRUE,2848.4439929182645,2892.6137904291036,2848.6258111000825,44.16979751083909,44.16979751083909,8.999999999999972,FALSE,106.552,NA,NA,NA
skewness_heavy_tails,skewness and heavy tails,EST,CN,23,1000,340,0.34,0.6341154090044389,TRUE,TRUE,TRUE,0,NA,-1415.2791988167085,2850.558397633417,2899.6359504232382,2850.780844549494,10,318.27399999999994,NA,2832.558397633417,2837.466152912399,1.000000000000017,NA,HeckmanEM,NA,raw_AIC_BIC_implied_logLik,finite_logLik_no_explicit_code,3,3.2107718993656222,0.21077189936562224,0.4,0.6842075080362653,0.28420750803626527,-0.7,NA,NA,0.7,NA,NA,0.5,NA,NA,0.5,NA,5,NA,NA,-0.7,-0.996438764384136,-0.2964387643841362,0.15,0.1824829495176372,0.03248294951763722,1,0.9856631302786388,-0.01433686972136116,5,5.045048917166988,0.04504891716698811,1.5,1.4134226526276232,-0.08657734737237677,0.8,0.7874366980884407,-0.0125633019115593,49.07755278982131,49.07755278982137,-5.684341886080802e-14,NA,NA,NA,NA,NA,NA,NA,NA,NA,NA,NA,NA,NA,NA,NA,NA,NA,NA,NA,NA,NA,NA,NA,NA,NA,NA,NA,NA,NA,NA,NA,NA,NA,NA,NA,NA,NA,NA,NA,NA,NA,NA,NA,NA,NA,NA,NA,NA,NA,NA,NA,NA,NA,NA,NA,NA,NA,NA,NA,NA,NA,NA,NA,NA,NA,NA,NA,NA,NA,NA,NA,NA,NA,NA,NA,NA,NA,NA,NA,NA,NA,NA,NA,NA,NA,NA,NA,NA,NA,NA,NA,NA,NA,NA,NA,NA,NA,NA,NA,NA,NA,NA,true,TRUE,TRUE,2850.558397633417,2899.6359504232382,2850.780844549494,49.07755278982131,49.07755278982131,9.999999999999988,FALSE,318.27399999999994,NA,NA,NA
skewness_heavy_tails,skewness and heavy tails,EST,ESN,23,1000,340,0.34,0.6341154090044389,TRUE,TRUE,TRUE,0,CONVERGENCE: REL_REDUCTION_OF_F <= FACTR*EPSMCH,-1433.507309539263,2889.014619078526,2942.999927147329,2889.2818255562584,11,17073.743000000002,NA,NA,NA,NA,10,stage2,1446.6244521577;1446.81075517309;1446.72280018382;1447.84482092946;1446.65324956442;1446.7430723165;1447.8764618329;1446.72683714368;1446.64255883587;1440.24668797283;1446.62929312471;1446.58269814003;1447.85244493832;1447.83512516377,proposed_likelihood,stage2,3,6.042360057456001,3.0423600574560012,0.4,0.7902129112286507,0.39021291122865065,-0.7,1.4803251666221082,2.180325166622108,0.7,1.4925821305300957,0.7925821305300957,0.5,-1.4925821305300957,-1.9925821305300957,0.5,-1.4925821305300957,5,NA,NA,-0.7,-1.556954867685641,-0.8569548676856411,0.15,0.1403679830637355,-0.0096320169362645,1,0.7650652918774041,-0.23493470812259587,5,-1.6473765614653486,-6.647376561465348,1.5,1.4147036997740703,-0.08529630022592949,0.8,0.7995848789556237,-4.151210443763542e-4,53.98530806880353,53.985308068803505,2.842170943040401e-14,NA,NA,NA,NA,NA,NA,NA,NA,NA,NA,NA,NA,NA,NA,NA,NA,NA,NA,NA,NA,NA,NA,NA,NA,NA,NA,NA,NA,NA,NA,NA,NA,NA,NA,NA,NA,NA,NA,NA,NA,NA,NA,NA,NA,NA,NA,NA,NA,NA,NA,NA,NA,NA,NA,NA,NA,NA,NA,NA,NA,NA,NA,NA,NA,NA,NA,NA,NA,NA,NA,NA,NA,NA,NA,NA,NA,NA,NA,NA,NA,NA,NA,NA,NA,NA,NA,NA,NA,NA,NA,NA,NA,NA,NA,NA,NA,NA,NA,NA,NA,NA,NA,true,TRUE,TRUE,2889.014619078526,2942.9999271473293,2889.281825556259,53.98530806880308,53.98530806880353,10.999999999999913,FALSE,17073.743000000002,TRUE,TRUE,TRUE
skewness_heavy_tails,skewness and heavy tails,EST,EST,23,1000,340,0.34,0.6341154090044389,TRUE,TRUE,TRUE,0,CONVERGENCE: REL_REDUCTION_OF_F <= FACTR*EPSMCH,-1413.8784877146848,2851.7569754293695,2910.6500387771553,2852.073084851862,12,18641.146,NA,NA,NA,NA,40,stage2,1413.87865113313;1e+12;1e+12;1413.88327820874;1e+12;1e+12;1413.87855118769;1e+12;1e+12;1413.88196941128;1e+12;1e+12;1413.88027281375;1e+12;1e+12;1413.89001690404;1e+12;1e+12;1413.87995610481;1e+12;1e+12;1413.92084263073;1e+12;1e+12;1413.87883044403;1e+12;1e+12;1413.9933505835;1e+12;1e+12;1413.87992729049;1e+12;1e+12;1413.88556349529;1e+12;1e+12;1413.88505560345;1e+12;1e+12;1413.87848818393;1e+12;1e+12,proposed_likelihood,stage2,3,2.61726311840966,-0.38273688159034025,0.4,0.45015163601721825,0.05015163601721822,-0.7,-1.4892458777823274,-0.7892458777823275,0.7,0.6762840789413197,-0.02371592105868025,0.5,-1.4728457350258677,-1.9728457350258677,0.5,-1.4728457350258677,5,4,-1,-0.7,0.3054501003297325,1.0054501003297325,0.15,0.15965559216939007,0.00965559216939007,1,0.8544146664585236,-0.1455853335414764,5,5.599804327934064,0.5998043279340637,1.5,1.4868287978434205,-0.01317120215657974,0.8,0.7765121686180808,-0.02348783138191923,58.893063347785755,58.89306334778564,1.1368683772161603e-13,NA,NA,NA,NA,NA,NA,NA,NA,NA,NA,NA,NA,NA,NA,NA,NA,NA,NA,NA,NA,NA,NA,NA,NA,NA,NA,NA,NA,NA,NA,NA,NA,NA,NA,NA,NA,NA,NA,NA,NA,NA,NA,NA,NA,NA,NA,NA,NA,NA,NA,NA,NA,NA,NA,NA,NA,NA,NA,NA,NA,NA,NA,NA,NA,NA,NA,NA,NA,NA,NA,NA,NA,NA,NA,NA,NA,NA,NA,NA,NA,NA,NA,NA,NA,NA,NA,NA,NA,NA,NA,NA,NA,NA,NA,NA,NA,NA,NA,NA,NA,NA,NA,true,TRUE,TRUE,2851.7569754293695,2910.6500387771553,2852.073084851862,58.893063347785755,58.893063347785755,12.000000000000023,FALSE,18641.146,TRUE,FALSE,TRUE
skewness_heavy_tails,skewness and heavy tails,EST,NH,24,1000,348,0.348,0.6203473945409429,TRUE,TRUE,TRUE,0,NA,-1508.708329790304,3033.416659580608,3072.678701812465,3033.561967350537,8,162.345,NA,3019.416659580608,3024.32441485959,1.000000000000017,NA,HeckmanEM,NA,raw_AIC_BIC_implied_logLik,finite_logLik_no_explicit_code,3,5.158687459257057,2.158687459257057,0.4,0.8809554478401791,0.4809554478401791,-0.7,NA,NA,0.7,NA,NA,0.5,NA,NA,0.5,NA,5,NA,NA,-0.7,-0.8382063317075599,-0.13820633170755992,0.15,0.08730790027019864,-0.06269209972980136,1,0.7523925193590013,-0.2476074806409987,5,2.9615635546130537,-2.0384364453869463,1.5,1.4554714952367094,-0.04452850476329062,0.8,0.8421063663010778,0.04210636630107778,39.26204223185732,39.262042231857095,-2.2737367544323206e-13,NA,NA,NA,NA,NA,NA,NA,NA,NA,NA,NA,NA,NA,NA,NA,NA,NA,NA,NA,NA,NA,NA,NA,NA,NA,NA,NA,NA,NA,NA,NA,NA,NA,NA,NA,NA,NA,NA,NA,NA,NA,NA,NA,NA,NA,NA,NA,NA,NA,NA,NA,NA,NA,NA,NA,NA,NA,NA,NA,NA,NA,NA,NA,NA,NA,NA,NA,NA,NA,NA,NA,NA,NA,NA,NA,NA,NA,NA,NA,NA,NA,NA,NA,NA,NA,NA,NA,NA,NA,NA,NA,NA,NA,NA,NA,NA,NA,NA,NA,NA,NA,NA,true,TRUE,TRUE,3033.416659580608,3072.678701812465,3033.5619673505375,39.26204223185687,39.26204223185687,7.999999999999954,FALSE,162.345,NA,NA,NA
skewness_heavy_tails,skewness and heavy tails,EST,HT,24,1000,348,0.348,0.6203473945409429,TRUE,TRUE,TRUE,0,NA,-1462.4535813325415,2942.907162665083,2987.076960175922,2943.088980846901,9,208.973,NA,2926.907162665083,2931.814917944065,1.000000000000017,NA,HeckmanEM,NA,raw_AIC_BIC_implied_logLik,finite_logLik_no_explicit_code,3,2.773454991877201,-0.2265450081227991,0.4,0.6935746882115036,0.29357468821150356,-0.7,NA,NA,0.7,NA,NA,0.5,NA,NA,0.5,NA,5,NA,NA,-0.7,-1.1063522008310176,-0.4063522008310176,0.15,0.12341393833340374,-0.02658606166659626,1,1.097700174301926,0.09770017430192612,5,4.905535806256492,-0.09446419374350778,1.5,1.4515595780009287,-0.04844042199907128,0.8,0.8163712524040301,0.01637125240403003,44.16979751083909,44.16979751083923,-1.4210854715202004e-13,NA,NA,NA,NA,NA,NA,NA,NA,NA,NA,NA,NA,NA,NA,NA,NA,NA,NA,NA,NA,NA,NA,NA,NA,NA,NA,NA,NA,NA,NA,NA,NA,NA,NA,NA,NA,NA,NA,NA,NA,NA,NA,NA,NA,NA,NA,NA,NA,NA,NA,NA,NA,NA,NA,NA,NA,NA,NA,NA,NA,NA,NA,NA,NA,NA,NA,NA,NA,NA,NA,NA,NA,NA,NA,NA,NA,NA,NA,NA,NA,NA,NA,NA,NA,NA,NA,NA,NA,NA,NA,NA,NA,NA,NA,NA,NA,NA,NA,NA,NA,NA,NA,true,TRUE,TRUE,2942.907162665083,2987.076960175922,2943.088980846901,44.16979751083909,44.16979751083909,8.999999999999972,FALSE,208.973,NA,NA,NA
skewness_heavy_tails,skewness and heavy tails,EST,CN,24,1000,348,0.348,0.6203473945409429,TRUE,TRUE,TRUE,0,NA,-1464.822443886377,2949.644887772754,2998.7224405625752,2949.867334688831,10,368.659,NA,2931.644887772754,2936.552643051736,1.000000000000017,NA,HeckmanEM,NA,raw_AIC_BIC_implied_logLik,finite_logLik_no_explicit_code,3,3.0072521230099105,0.00725212300991051,0.4,0.7122185498920411,0.3122185498920411,-0.7,NA,NA,0.7,NA,NA,0.5,NA,NA,0.5,NA,5,NA,NA,-0.7,-1.0585265838473563,-0.3585265838473566,0.15,0.11604345392611098,-0.03395654607388901,1,1.0491982386457337,0.04919823864573347,5,4.802998445955008,-0.1970015540449923,1.5,1.4639606604670865,-0.03603933953291349,0.8,0.8116473625748186,0.01164736257481857,49.07755278982131,49.07755278982137,-5.684341886080802e-14,NA,NA,NA,NA,NA,NA,NA,NA,NA,NA,NA,NA,NA,NA,NA,NA,NA,NA,NA,NA,NA,NA,NA,NA,NA,NA,NA,NA,NA,NA,NA,NA,NA,NA,NA,NA,NA,NA,NA,NA,NA,NA,NA,NA,NA,NA,NA,NA,NA,NA,NA,NA,NA,NA,NA,NA,NA,NA,NA,NA,NA,NA,NA,NA,NA,NA,NA,NA,NA,NA,NA,NA,NA,NA,NA,NA,NA,NA,NA,NA,NA,NA,NA,NA,NA,NA,NA,NA,NA,NA,NA,NA,NA,NA,NA,NA,NA,NA,NA,NA,NA,NA,true,TRUE,TRUE,2949.644887772754,2998.7224405625752,2949.867334688831,49.07755278982131,49.07755278982131,9.999999999999988,FALSE,368.659,NA,NA,NA
skewness_heavy_tails,skewness and heavy tails,EST,ESN,24,1000,348,0.348,0.6203473945409429,TRUE,TRUE,TRUE,0,CONVERGENCE: REL_REDUCTION_OF_F <= FACTR*EPSMCH,-1493.075545033394,3008.151090066788,3062.1363981355917,3008.418296544521,11,19315.16,NA,NA,NA,NA,6,stage2,1505.62201309479;1505.73907390329;1505.49433360914;1508.52747335295;1505.60517757372;1503.25547222093;1506.10786920481;1505.47193275724;1505.56810598518;1493.29844671003;1505.48998539774;1505.53344053303;1505.46653709534;1508.70832949457,proposed_likelihood,stage2,3,6.2863870523718015,3.2863870523718015,0.4,0.8148056062936956,0.4148056062936955,-0.7,1.4925821305300957,2.192582130530096,0.7,1.4804918823983408,0.7804918823983409,0.5,-1.4925821305300957,-1.9925821305300957,0.5,-1.4925821305300957,5,NA,NA,-0.7,-1.556446576142518,-0.856446576142518,0.15,0.08514531076041261,-0.06485468923958738,1,0.7484114940900184,-0.2515885059099816,5,-2.4179606692461215,-7.4179606692461215,1.5,1.4671040028290268,-0.03289599717097324,0.8,0.8454804784514722,0.04548047845147218,53.98530806880353,53.985308068803505,2.842170943040401e-14,NA,NA,NA,NA,NA,NA,NA,NA,NA,NA,NA,NA,NA,NA,NA,NA,NA,NA,NA,NA,NA,NA,NA,NA,NA,NA,NA,NA,NA,NA,NA,NA,NA,NA,NA,NA,NA,NA,NA,NA,NA,NA,NA,NA,NA,NA,NA,NA,NA,NA,NA,NA,NA,NA,NA,NA,NA,NA,NA,NA,NA,NA,NA,NA,NA,NA,NA,NA,NA,NA,NA,NA,NA,NA,NA,NA,NA,NA,NA,NA,NA,NA,NA,NA,NA,NA,NA,NA,NA,NA,NA,NA,NA,NA,NA,NA,NA,NA,NA,NA,NA,NA,true,TRUE,TRUE,3008.151090066788,3062.1363981355917,3008.418296544521,53.98530806880353,53.98530806880353,11.000000000000005,FALSE,19315.16,TRUE,TRUE,TRUE
skewness_heavy_tails,skewness and heavy tails,EST,EST,24,1000,348,0.348,0.6203473945409429,TRUE,TRUE,TRUE,0,CONVERGENCE: REL_REDUCTION_OF_F <= FACTR*EPSMCH,-1462.4309801681943,2948.8619603363886,3007.7550236841744,2949.178069758881,12,18410.322999999997,NA,NA,NA,NA,31,stage2,1462.481927941;1e+12;1e+12;1462.48491660686;1e+12;1e+12;1462.47695380492;1e+12;1e+12;1462.47467094837;1e+12;1e+12;1462.46816531692;1e+12;1e+12;1462.43350011585;1e+12;1e+12;1462.48520613952;1e+12;1e+12;1462.43907175552;1e+12;1e+12;1462.47251109515;1e+12;1e+12;1462.45066680989;1e+12;1e+12;1462.43098110609;1e+12;1e+12;1462.47641499549;1e+12;1e+12;1462.4774244177;1e+12;1e+12;1462.43152285003;1e+12;1e+12,proposed_likelihood,stage2,3,2.81192722371569,-0.18807277628431063,0.4,0.7079742429243995,0.30797424292439946,-0.7,0.27690692865321903,0.976906928653219,0.7,-0.2751568241970288,-0.9751568241970288,0.5,0.07583465252538657,-0.42416534747461343,0.5,0.07583465252538657,5,4,-1,-0.7,-1.2998202010899085,-0.5998202010899083,0.15,0.12041588129142466,-0.02958411870857533,1,1.0807978683785595,0.08079786837855951,5,4.811133829506255,-0.18886617049374532,1.5,1.4438650910053368,-0.05613490899466322,0.8,0.81256582991491,0.01256582991490995,58.893063347785755,58.89306334778564,1.1368683772161603e-13,NA,NA,NA,NA,NA,NA,NA,NA,NA,NA,NA,NA,NA,NA,NA,NA,NA,NA,NA,NA,NA,NA,NA,NA,NA,NA,NA,NA,NA,NA,NA,NA,NA,NA,NA,NA,NA,NA,NA,NA,NA,NA,NA,NA,NA,NA,NA,NA,NA,NA,NA,NA,NA,NA,NA,NA,NA,NA,NA,NA,NA,NA,NA,NA,NA,NA,NA,NA,NA,NA,NA,NA,NA,NA,NA,NA,NA,NA,NA,NA,NA,NA,NA,NA,NA,NA,NA,NA,NA,NA,NA,NA,NA,NA,NA,NA,NA,NA,NA,NA,NA,NA,true,TRUE,TRUE,2948.8619603363886,3007.7550236841744,2949.178069758881,58.893063347785755,58.893063347785755,12.000000000000023,FALSE,18410.322999999997,FALSE,FALSE,FALSE
skewness_heavy_tails,skewness and heavy tails,EST,NH,25,1000,324,0.324,0.6544502617801047,TRUE,TRUE,TRUE,0,NA,-1394.8169766732176,2805.633953346435,2844.895995578292,2805.7792611163645,8,165.357,NA,2791.633953346435,2796.5417086254174,1.000000000000017,NA,HeckmanEM,NA,raw_AIC_BIC_implied_logLik,finite_logLik_no_explicit_code,3,4.22835562395651,1.22835562395651,0.4,0.6812356871064764,0.2812356871064764,-0.7,NA,NA,0.7,NA,NA,0.5,NA,NA,0.5,NA,5,NA,NA,-0.7,-1.006221404072868,-0.30622140407286813,0.15,0.13937050791870756,-0.01062949208129243,1,1.002396202278523,0.0023962022785231,5,4.8858632290749195,-0.11413677092508046,1.5,1.3959121880757972,-0.1040878119242028,0.8,0.7371690971909345,-0.06283090280906556,39.26204223185687,39.262042231857095,-2.2737367544323206e-13,NA,NA,NA,NA,NA,NA,NA,NA,NA,NA,NA,NA,NA,NA,NA,NA,NA,NA,NA,NA,NA,NA,NA,NA,NA,NA,NA,NA,NA,NA,NA,NA,NA,NA,NA,NA,NA,NA,NA,NA,NA,NA,NA,NA,NA,NA,NA,NA,NA,NA,NA,NA,NA,NA,NA,NA,NA,NA,NA,NA,NA,NA,NA,NA,NA,NA,NA,NA,NA,NA,NA,NA,NA,NA,NA,NA,NA,NA,NA,NA,NA,NA,NA,NA,NA,NA,NA,NA,NA,NA,NA,NA,NA,NA,NA,NA,NA,NA,NA,NA,NA,NA,true,TRUE,TRUE,2805.633953346435,2844.895995578292,2805.7792611163645,39.26204223185687,39.26204223185687,7.999999999999954,FALSE,165.357,NA,NA,NA
skewness_heavy_tails,skewness and heavy tails,EST,HT,25,1000,324,0.324,0.6544502617801047,TRUE,TRUE,TRUE,0,NA,-1369.3895572464376,2756.779114492875,2800.948912003714,2756.960932674693,9,168.919,NA,2740.779114492875,2745.6868697718573,1.000000000000017,NA,HeckmanEM,NA,raw_AIC_BIC_implied_logLik,finite_logLik_no_explicit_code,3,2.880333414728241,-0.11966658527175912,0.4,0.5591304527019414,0.15913045270194137,-0.7,NA,NA,0.7,NA,NA,0.5,NA,NA,0.5,NA,5,NA,NA,-0.7,-1.193400137556372,-0.4934001375563719,0.15,0.1671542795250811,0.01715427952508114,1,1.2158180771295433,0.2158180771295433,5,5.486671931373619,0.4866719313736194,1.5,1.506721052645568,0.0067210526455681,0.8,0.8222450765773448,0.02224507657734475,44.16979751083909,44.16979751083923,-1.4210854715202004e-13,NA,NA,NA,NA,NA,NA,NA,NA,NA,NA,NA,NA,NA,NA,NA,NA,NA,NA,NA,NA,NA,NA,NA,NA,NA,NA,NA,NA,NA,NA,NA,NA,NA,NA,NA,NA,NA,NA,NA,NA,NA,NA,NA,NA,NA,NA,NA,NA,NA,NA,NA,NA,NA,NA,NA,NA,NA,NA,NA,NA,NA,NA,NA,NA,NA,NA,NA,NA,NA,NA,NA,NA,NA,NA,NA,NA,NA,NA,NA,NA,NA,NA,NA,NA,NA,NA,NA,NA,NA,NA,NA,NA,NA,NA,NA,NA,NA,NA,NA,NA,NA,NA,true,TRUE,TRUE,2756.779114492875,2800.948912003714,2756.960932674693,44.16979751083909,44.16979751083909,8.999999999999972,FALSE,168.919,NA,NA,NA
skewness_heavy_tails,skewness and heavy tails,EST,CN,25,1000,324,0.324,0.6544502617801047,TRUE,TRUE,TRUE,0,NA,-1373.0425895022154,2766.0851790044308,2815.162731794252,2766.3076259205077,10,603.3810000000001,NA,2748.0851790044308,2752.992934283413,1.000000000000017,NA,HeckmanEM,NA,raw_AIC_BIC_implied_logLik,finite_logLik_no_explicit_code,3,3.2129829276726425,0.21298292767264249,0.4,0.5677989967718318,0.16779899677183174,-0.7,NA,NA,0.7,NA,NA,0.5,NA,NA,0.5,NA,5,NA,NA,-0.7,-1.1288876502147742,-0.42888765021477426,0.15,0.15941445949515717,0.00941445949515718,1,1.149269944500994,0.14926994450099396,5,5.475554106164663,0.47555410616466265,1.5,1.521103418078835,0.02110341807883498,0.8,0.7861862904553371,-0.01381370954466298,49.07755278982131,49.07755278982137,-5.684341886080802e-14,NA,NA,NA,NA,NA,NA,NA,NA,NA,NA,NA,NA,NA,NA,NA,NA,NA,NA,NA,NA,NA,NA,NA,NA,NA,NA,NA,NA,NA,NA,NA,NA,NA,NA,NA,NA,NA,NA,NA,NA,NA,NA,NA,NA,NA,NA,NA,NA,NA,NA,NA,NA,NA,NA,NA,NA,NA,NA,NA,NA,NA,NA,NA,NA,NA,NA,NA,NA,NA,NA,NA,NA,NA,NA,NA,NA,NA,NA,NA,NA,NA,NA,NA,NA,NA,NA,NA,NA,NA,NA,NA,NA,NA,NA,NA,NA,NA,NA,NA,NA,NA,NA,true,TRUE,TRUE,2766.0851790044308,2815.162731794252,2766.3076259205077,49.07755278982131,49.07755278982131,9.999999999999988,FALSE,603.3810000000001,NA,NA,NA
skewness_heavy_tails,skewness and heavy tails,EST,ESN,25,1000,324,0.324,0.6544502617801047,TRUE,TRUE,TRUE,0,CONVERGENCE: REL_REDUCTION_OF_F <= FACTR*EPSMCH,-1381.4225349629642,2784.8450699259283,2838.830377994732,2785.1122764036613,11,18259.955,NA,NA,NA,NA,10,stage2,1394.81920341971;1394.79363155889;1394.82245496476;1394.82073617007;1393.34941359656;1393.48023015713;1394.77237621512;1393.38670771644;1393.35510811994;1381.59682659705;1393.34797859302;1393.44742207885;1394.82225447051;1394.8169764506,proposed_likelihood,stage2,3,5.649611678116019,2.6496116781160186,0.4,0.7001915265400859,0.30019152654008585,-0.7,1.4540170250660245,2.1540170250660244,0.7,1.4925821305300957,0.7925821305300957,0.5,-1.4925821305300957,-1.9925821305300957,0.5,-1.4925821305300957,5,NA,NA,-0.7,-1.6560325086452026,-0.9560325086452026,0.15,0.12445509287522552,-0.02554490712477446,1,0.8952525075339596,-0.10474749246604044,5,-0.48455532014036434,-5.484555320140364,1.5,1.5121280928624987,0.01212809286249871,0.8,0.7265307441776758,-0.07346925582232422,53.98530806880353,53.985308068803505,2.842170943040401e-14,NA,NA,NA,NA,NA,NA,NA,NA,NA,NA,NA,NA,NA,NA,NA,NA,NA,NA,NA,NA,NA,NA,NA,NA,NA,NA,NA,NA,NA,NA,NA,NA,NA,NA,NA,NA,NA,NA,NA,NA,NA,NA,NA,NA,NA,NA,NA,NA,NA,NA,NA,NA,NA,NA,NA,NA,NA,NA,NA,NA,NA,NA,NA,NA,NA,NA,NA,NA,NA,NA,NA,NA,NA,NA,NA,NA,NA,NA,NA,NA,NA,NA,NA,NA,NA,NA,NA,NA,NA,NA,NA,NA,NA,NA,NA,NA,NA,NA,NA,NA,NA,NA,true,TRUE,TRUE,2784.8450699259283,2838.830377994732,2785.1122764036613,53.98530806880353,53.98530806880353,11.000000000000005,FALSE,18259.955,TRUE,TRUE,TRUE
skewness_heavy_tails,skewness and heavy tails,EST,EST,25,1000,324,0.324,0.6544502617801047,TRUE,TRUE,TRUE,0,CONVERGENCE: REL_REDUCTION_OF_F <= FACTR*EPSMCH,-1369.2202543269327,2762.4405086538654,2821.333572001651,2762.756618076358,12,20046.081,NA,NA,NA,NA,16,stage2,1369.64276638506;1e+12;1e+12;1369.40132842029;1e+12;1e+12;1370.00702288508;1e+12;1e+12;1369.42647349396;1e+12;1e+12;1369.39687376529;1e+12;1e+12;1369.2211674582;1e+12;1e+12;1369.96156256919;1e+12;1e+12;1369.27032667985;1e+12;1e+12;1369.50209509688;1e+12;1e+12;1369.22815430318;1e+12;1e+12;1369.24248289256;1e+12;1e+12;1369.26801514566;1e+12;1e+12;1369.74122618479;1e+12;1e+12;1369.22866926295;1e+12;1e+12,proposed_likelihood,stage2,3,2.8094760071583837,-0.19052399284161625,0.4,0.516062753168845,0.11606275316884496,-0.7,0.589641951709288,1.289641951709288,0.7,0.519153984328416,-0.180846015671584,0.5,1.491091862699434,0.991091862699434,0.5,1.491091862699434,5,4,-1,-0.7,-1.3106991885803323,-0.6106991885803323,0.15,0.16465260438021248,0.01465260438021248,1,1.2087661704144417,0.20876617041444168,5,5.295736205094441,0.29573620509444076,1.5,1.506603082951662,0.00660308295166212,0.8,0.8158535844588594,0.01585358445885931,58.893063347785755,58.89306334778564,1.1368683772161603e-13,NA,NA,NA,NA,NA,NA,NA,NA,NA,NA,NA,NA,NA,NA,NA,NA,NA,NA,NA,NA,NA,NA,NA,NA,NA,NA,NA,NA,NA,NA,NA,NA,NA,NA,NA,NA,NA,NA,NA,NA,NA,NA,NA,NA,NA,NA,NA,NA,NA,NA,NA,NA,NA,NA,NA,NA,NA,NA,NA,NA,NA,NA,NA,NA,NA,NA,NA,NA,NA,NA,NA,NA,NA,NA,NA,NA,NA,NA,NA,NA,NA,NA,NA,NA,NA,NA,NA,NA,NA,NA,NA,NA,NA,NA,NA,NA,NA,NA,NA,NA,NA,NA,true,TRUE,TRUE,2762.4405086538654,2821.333572001651,2762.756618076358,58.893063347785755,58.893063347785755,12.000000000000023,FALSE,20046.081,FALSE,FALSE,TRUE
skewness_heavy_tails,skewness and heavy tails,EST,NH,26,1000,353,0.353,0.639386189258312,TRUE,TRUE,TRUE,0,NA,-1430.120910589168,2876.241821178336,2915.503863410193,2876.3871289482654,8,87.529,NA,2862.241821178336,2867.1495764573183,1.000000000000017,NA,HeckmanEM,NA,raw_AIC_BIC_implied_logLik,finite_logLik_no_explicit_code,3,3.5400921227918514,0.5400921227918514,0.4,0.5350429921770068,0.13504299217700677,-0.7,NA,NA,0.7,NA,NA,0.5,NA,NA,0.5,NA,5,NA,NA,-0.7,-1.088752940664233,-0.3887529406642327,0.15,0.1514177802306889,0.00141778023068889,1,1.1862721903229831,0.18627219032298312,5,5.154718415674131,0.15471841567413058,1.5,1.3001496762388025,-0.1998503237611975,0.8,0.9291443805264112,0.12914438052641108,39.26204223185687,39.262042231857095,-2.2737367544323206e-13,NA,NA,NA,NA,NA,NA,NA,NA,NA,NA,NA,NA,NA,NA,NA,NA,NA,NA,NA,NA,NA,NA,NA,NA,NA,NA,NA,NA,NA,NA,NA,NA,NA,NA,NA,NA,NA,NA,NA,NA,NA,NA,NA,NA,NA,NA,NA,NA,NA,NA,NA,NA,NA,NA,NA,NA,NA,NA,NA,NA,NA,NA,NA,NA,NA,NA,NA,NA,NA,NA,NA,NA,NA,NA,NA,NA,NA,NA,NA,NA,NA,NA,NA,NA,NA,NA,NA,NA,NA,NA,NA,NA,NA,NA,NA,NA,NA,NA,NA,NA,NA,NA,true,TRUE,TRUE,2876.241821178336,2915.503863410193,2876.3871289482654,39.26204223185687,39.26204223185687,7.999999999999954,FALSE,87.529,NA,NA,NA
skewness_heavy_tails,skewness and heavy tails,EST,HT,26,1000,353,0.353,0.639386189258312,TRUE,TRUE,TRUE,0,NA,-1414.5690513984998,2847.1381027969996,2891.3079003078387,2847.3199209788177,9,147.894,NA,2831.1381027969996,2836.045858075982,1.000000000000017,NA,HeckmanEM,NA,raw_AIC_BIC_implied_logLik,finite_logLik_no_explicit_code,3,2.5070900086217094,-0.4929099913782906,0.4,0.5228906560936488,0.1228906560936488,-0.7,NA,NA,0.7,NA,NA,0.5,NA,NA,0.5,NA,5,NA,NA,-0.7,-1.2568142563314413,-0.5568142563314413,0.15,0.17913928424908332,0.02913928424908332,1,1.3674770408723316,0.3674770408723316,5,5.342627993165757,0.342627993165757,1.5,1.194912921638569,-0.305087078361431,0.8,0.8955481257215819,0.09554812572158188,44.16979751083909,44.16979751083923,-1.4210854715202004e-13,NA,NA,NA,NA,NA,NA,NA,NA,NA,NA,NA,NA,NA,NA,NA,NA,NA,NA,NA,NA,NA,NA,NA,NA,NA,NA,NA,NA,NA,NA,NA,NA,NA,NA,NA,NA,NA,NA,NA,NA,NA,NA,NA,NA,NA,NA,NA,NA,NA,NA,NA,NA,NA,NA,NA,NA,NA,NA,NA,NA,NA,NA,NA,NA,NA,NA,NA,NA,NA,NA,NA,NA,NA,NA,NA,NA,NA,NA,NA,NA,NA,NA,NA,NA,NA,NA,NA,NA,NA,NA,NA,NA,NA,NA,NA,NA,NA,NA,NA,NA,NA,NA,true,TRUE,TRUE,2847.1381027969996,2891.3079003078387,2847.3199209788177,44.16979751083909,44.16979751083909,8.999999999999972,FALSE,147.894,NA,NA,NA
skewness_heavy_tails,skewness and heavy tails,EST,CN,26,1000,353,0.353,0.639386189258312,TRUE,TRUE,TRUE,0,NA,-1411.1151090312446,2842.2302180624893,2891.3077708523106,2842.452664978566,10,583.437,NA,2824.2302180624893,2829.1379733414715,1.000000000000017,NA,HeckmanEM,NA,raw_AIC_BIC_implied_logLik,finite_logLik_no_explicit_code,3,1.624520798294623,-1.375479201705377,0.4,0.5369372451841978,0.1369372451841978,-0.7,NA,NA,0.7,NA,NA,0.5,NA,NA,0.5,NA,5,NA,NA,-0.7,-1.822561277205203,-1.1225612772052027,0.15,0.27028255010858754,0.12028255010858754,1,1.981405743463194,0.981405743463194,5,5.367911224841696,0.3679112248416958,1.5,1.139038010790261,-0.3609619892097393,0.8,0.8835678832802941,0.08356788328029408,49.07755278982131,49.07755278982137,-5.684341886080802e-14,NA,NA,NA,NA,NA,NA,NA,NA,NA,NA,NA,NA,NA,NA,NA,NA,NA,NA,NA,NA,NA,NA,NA,NA,NA,NA,NA,NA,NA,NA,NA,NA,NA,NA,NA,NA,NA,NA,NA,NA,NA,NA,NA,NA,NA,NA,NA,NA,NA,NA,NA,NA,NA,NA,NA,NA,NA,NA,NA,NA,NA,NA,NA,NA,NA,NA,NA,NA,NA,NA,NA,NA,NA,NA,NA,NA,NA,NA,NA,NA,NA,NA,NA,NA,NA,NA,NA,NA,NA,NA,NA,NA,NA,NA,NA,NA,NA,NA,NA,NA,NA,NA,true,TRUE,TRUE,2842.2302180624893,2891.3077708523106,2842.452664978566,49.07755278982131,49.07755278982131,9.999999999999988,FALSE,583.437,NA,NA,NA
skewness_heavy_tails,skewness and heavy tails,EST,ESN,26,1000,353,0.353,0.639386189258312,TRUE,TRUE,TRUE,0,CONVERGENCE: REL_REDUCTION_OF_F <= FACTR*EPSMCH,-1429.7940807198795,2881.588161439759,2935.5734695085625,2881.855367917492,11,14033.868,NA,NA,NA,NA,7,stage2,1430.12087727766;1430.11485428263;1430.12119297615;1429.80149852347;1430.05797447276;1429.79484871451;1429.79411611386;1430.05039862264;1430.08512899302;1429.79518316911;1430.05137102794;1430.12095459229;1430.12072529933;1430.12091035168,proposed_likelihood,stage2,3,3.687042703272059,0.6870427032720592,0.4,0.5611523682778671,0.16115236827786705,-0.7,-1.4839851972532017,-0.7839851972532017,0.7,0.22460219491749608,-0.47539780508250384,0.5,0.22026475211548097,-0.27973524788451903,0.5,0.22026475211548097,5,NA,NA,-0.7,-0.23128645062130104,0.4687135493786989,0.15,0.1121672238477886,-0.03783277615221138,1,0.8689737944917653,-0.13102620550823474,5,6.154161500885799,1.1541615008857988,1.5,1.3050797878390594,-0.19492021216094055,0.8,0.9312881891682524,0.13128818916825247,53.98530806880353,53.985308068803505,2.842170943040401e-14,NA,NA,NA,NA,NA,NA,NA,NA,NA,NA,NA,NA,NA,NA,NA,NA,NA,NA,NA,NA,NA,NA,NA,NA,NA,NA,NA,NA,NA,NA,NA,NA,NA,NA,NA,NA,NA,NA,NA,NA,NA,NA,NA,NA,NA,NA,NA,NA,NA,NA,NA,NA,NA,NA,NA,NA,NA,NA,NA,NA,NA,NA,NA,NA,NA,NA,NA,NA,NA,NA,NA,NA,NA,NA,NA,NA,NA,NA,NA,NA,NA,NA,NA,NA,NA,NA,NA,NA,NA,NA,NA,NA,NA,NA,NA,NA,NA,NA,NA,NA,NA,NA,true,TRUE,TRUE,2881.588161439759,2935.5734695085625,2881.855367917492,53.98530806880353,53.98530806880353,11.000000000000005,FALSE,14033.868,TRUE,FALSE,FALSE
skewness_heavy_tails,skewness and heavy tails,EST,EST,26,1000,353,0.353,0.639386189258312,TRUE,TRUE,TRUE,0,CONVERGENCE: REL_REDUCTION_OF_F <= FACTR*EPSMCH,-1413.2212106993074,2850.442421398615,2909.3354847464007,2850.7585308211073,12,18584.503000000004,NA,NA,NA,NA,28,stage2,1413.23135061392;1e+12;1e+12;1413.2258869166;1e+12;1e+12;1413.22749329911;1e+12;1e+12;1413.22681940838;1e+12;1e+12;1413.22844779914;1e+12;1e+12;1413.25238240835;1e+12;1e+12;1413.22776223348;1e+12;1e+12;1413.22747324838;1e+12;1e+12;1413.22603554405;1e+12;1e+12;1413.22121201033;1e+12;1e+12;1413.22897448148;1e+12;1e+12;1413.22663753132;1e+12;1e+12;1413.22935580032;1e+12;1e+12;1413.26308797886;1e+12;1e+12,proposed_likelihood,stage2,3,2.262965073593461,-0.7370349264065394,0.4,0.21829901403940685,-0.18170098596059317,-0.7,-1.1977955230977635,-0.49779552309776354,0.7,0.5633848120997264,-0.1366151879002736,0.5,-1.477447283511722,-1.977447283511722,0.5,-1.477447283511722,5,4,-1,-0.7,0.07964574540709922,0.7796457454070992,0.15,0.15835972678897364,0.00835972678897364,1,1.198230700412817,0.19823070041281696,5,4.964036493599317,-0.03596350640068291,1.5,1.220188090657884,-0.27981190934211586,0.8,0.9049447559787704,0.1049447559787704,58.893063347785755,58.89306334778564,1.1368683772161603e-13,NA,NA,NA,NA,NA,NA,NA,NA,NA,NA,NA,NA,NA,NA,NA,NA,NA,NA,NA,NA,NA,NA,NA,NA,NA,NA,NA,NA,NA,NA,NA,NA,NA,NA,NA,NA,NA,NA,NA,NA,NA,NA,NA,NA,NA,NA,NA,NA,NA,NA,NA,NA,NA,NA,NA,NA,NA,NA,NA,NA,NA,NA,NA,NA,NA,NA,NA,NA,NA,NA,NA,NA,NA,NA,NA,NA,NA,NA,NA,NA,NA,NA,NA,NA,NA,NA,NA,NA,NA,NA,NA,NA,NA,NA,NA,NA,NA,NA,NA,NA,NA,NA,true,TRUE,TRUE,2850.442421398615,2909.3354847464007,2850.7585308211073,58.893063347785755,58.893063347785755,12.000000000000023,FALSE,18584.503000000004,FALSE,FALSE,TRUE
skewness_heavy_tails,skewness and heavy tails,EST,NH,27,1000,297,0.297,0.6277463904582549,TRUE,TRUE,TRUE,0,NA,-1299.8331029787205,2615.666205957441,2654.928248189298,2615.8115137273703,8,231.72,NA,2601.666205957441,2606.573961236423,1.000000000000017,NA,HeckmanEM,NA,raw_AIC_BIC_implied_logLik,finite_logLik_no_explicit_code,3,3.641178354436219,0.6411783544362195,0.4,0.5672236867056011,0.16722368670560106,-0.7,NA,NA,0.7,NA,NA,0.5,NA,NA,0.5,NA,5,NA,NA,-0.7,-0.9880926657056872,-0.28809266570568726,0.15,0.13292784757079495,-0.01707215242920504,1,0.779255532321158,-0.22074446767884204,5,5.175619193170947,0.175619193170947,1.5,1.4875908407808256,-0.0124091592191744,0.8,0.8024755817377487,0.00247558173774864,39.26204223185687,39.262042231857095,-2.2737367544323206e-13,NA,NA,NA,NA,NA,NA,NA,NA,NA,NA,NA,NA,NA,NA,NA,NA,NA,NA,NA,NA,NA,NA,NA,NA,NA,NA,NA,NA,NA,NA,NA,NA,NA,NA,NA,NA,NA,NA,NA,NA,NA,NA,NA,NA,NA,NA,NA,NA,NA,NA,NA,NA,NA,NA,NA,NA,NA,NA,NA,NA,NA,NA,NA,NA,NA,NA,NA,NA,NA,NA,NA,NA,NA,NA,NA,NA,NA,NA,NA,NA,NA,NA,NA,NA,NA,NA,NA,NA,NA,NA,NA,NA,NA,NA,NA,NA,NA,NA,NA,NA,NA,NA,true,TRUE,TRUE,2615.666205957441,2654.928248189298,2615.8115137273703,39.26204223185687,39.26204223185687,7.999999999999954,FALSE,231.72,NA,NA,NA
skewness_heavy_tails,skewness and heavy tails,EST,HT,27,1000,297,0.297,0.6277463904582549,TRUE,TRUE,TRUE,0,NA,-1294.5458508137826,2607.0917016275653,2651.2614991384044,2607.2735198093833,9,242.98300000000003,NA,2591.0917016275653,2595.9994569065475,1.000000000000017,NA,HeckmanEM,NA,raw_AIC_BIC_implied_logLik,finite_logLik_no_explicit_code,3,2.9436435594459174,-0.05635644055408262,0.4,0.5345563387515293,0.13455633875152928,-0.7,NA,NA,0.7,NA,NA,0.5,NA,NA,0.5,NA,5,NA,NA,-0.7,-1.0615329788780512,-0.3615329788780513,0.15,0.1477381153051702,-0.00226188469482979,1,0.8354222764403503,-0.16457772355964972,5,5.425768736651462,0.4257687366514622,1.5,1.4508603232031911,-0.04913967679680886,0.8,0.8031099603518675,0.0031099603518675,44.16979751083909,44.16979751083923,-1.4210854715202004e-13,NA,NA,NA,NA,NA,NA,NA,NA,NA,NA,NA,NA,NA,NA,NA,NA,NA,NA,NA,NA,NA,NA,NA,NA,NA,NA,NA,NA,NA,NA,NA,NA,NA,NA,NA,NA,NA,NA,NA,NA,NA,NA,NA,NA,NA,NA,NA,NA,NA,NA,NA,NA,NA,NA,NA,NA,NA,NA,NA,NA,NA,NA,NA,NA,NA,NA,NA,NA,NA,NA,NA,NA,NA,NA,NA,NA,NA,NA,NA,NA,NA,NA,NA,NA,NA,NA,NA,NA,NA,NA,NA,NA,NA,NA,NA,NA,NA,NA,NA,NA,NA,NA,true,TRUE,TRUE,2607.0917016275653,2651.2614991384044,2607.2735198093833,44.16979751083909,44.16979751083909,8.999999999999972,FALSE,242.98300000000003,NA,NA,NA
skewness_heavy_tails,skewness and heavy tails,EST,CN,27,1000,297,0.297,0.6277463904582549,TRUE,TRUE,TRUE,0,NA,-1294.2676977673657,2608.5353955347314,2657.6129483245527,2608.7578424508083,10,633.422,NA,2590.5353955347314,2595.4431508137136,1.000000000000017,NA,HeckmanEM,NA,raw_AIC_BIC_implied_logLik,finite_logLik_no_explicit_code,3,2.6588426448378617,-0.3411573551621383,0.4,0.5455790226339231,0.14557902263392308,-0.7,NA,NA,0.7,NA,NA,0.5,NA,NA,0.5,NA,5,NA,NA,-0.7,-1.1724283306594483,-0.47242833065944856,0.15,0.16293735312754762,0.01293735312754762,1,0.9206062872882924,-0.07939371271170748,5,5.371607127593904,0.3716071275939043,1.5,1.4408606886702104,-0.05913931132978956,0.8,0.8104555508523219,0.01045555085232186,49.07755278982131,49.07755278982137,-5.684341886080802e-14,NA,NA,NA,NA,NA,NA,NA,NA,NA,NA,NA,NA,NA,NA,NA,NA,NA,NA,NA,NA,NA,NA,NA,NA,NA,NA,NA,NA,NA,NA,NA,NA,NA,NA,NA,NA,NA,NA,NA,NA,NA,NA,NA,NA,NA,NA,NA,NA,NA,NA,NA,NA,NA,NA,NA,NA,NA,NA,NA,NA,NA,NA,NA,NA,NA,NA,NA,NA,NA,NA,NA,NA,NA,NA,NA,NA,NA,NA,NA,NA,NA,NA,NA,NA,NA,NA,NA,NA,NA,NA,NA,NA,NA,NA,NA,NA,NA,NA,NA,NA,NA,NA,true,TRUE,TRUE,2608.5353955347314,2657.6129483245527,2608.7578424508083,49.07755278982131,49.07755278982131,9.999999999999988,FALSE,633.422,NA,NA,NA
skewness_heavy_tails,skewness and heavy tails,EST,ESN,27,1000,297,0.297,0.6277463904582549,TRUE,TRUE,TRUE,0,CONVERGENCE: REL_REDUCTION_OF_F <= FACTR*EPSMCH,-1296.7809657831167,2615.5619315662334,2669.547239635037,2615.8291380439664,11,19345.44,NA,NA,NA,NA,10,stage2,1299.78313592164;1299.7954425826;1299.79016179864;1299.60656251093;1299.83323333964;1297.3776339449;1299.79686246756;1299.82108450652;1299.83251506437;1297.36415840139;1299.83313200732;1299.58151464664;1299.7805715198;1299.83310180068,proposed_likelihood,stage2,3,5.004526507576781,2.004526507576781,0.4,0.5038184762726956,0.10381847627269558,-0.7,0.5815829324973929,1.2815829324973929,0.7,1.4925821305300957,0.7925821305300957,0.5,-1.4925821305300957,-1.9925821305300957,0.5,-1.4925821305300957,5,NA,NA,-0.7,-1.383208601499495,-0.6832086014994951,0.15,0.12978555251318052,-0.02021444748681947,1,0.7690009733734763,-0.23099902662652372,5,-0.10875828505998904,-5.108758285059989,1.5,1.4959686232161806,-0.00403137678381937,0.8,0.8379675017638104,0.03796750176381036,53.98530806880353,53.985308068803505,2.842170943040401e-14,NA,NA,NA,NA,NA,NA,NA,NA,NA,NA,NA,NA,NA,NA,NA,NA,NA,NA,NA,NA,NA,NA,NA,NA,NA,NA,NA,NA,NA,NA,NA,NA,NA,NA,NA,NA,NA,NA,NA,NA,NA,NA,NA,NA,NA,NA,NA,NA,NA,NA,NA,NA,NA,NA,NA,NA,NA,NA,NA,NA,NA,NA,NA,NA,NA,NA,NA,NA,NA,NA,NA,NA,NA,NA,NA,NA,NA,NA,NA,NA,NA,NA,NA,NA,NA,NA,NA,NA,NA,NA,NA,NA,NA,NA,NA,NA,NA,NA,NA,NA,NA,NA,true,TRUE,TRUE,2615.5619315662334,2669.547239635037,2615.8291380439664,53.98530806880353,53.98530806880353,11.000000000000005,FALSE,19345.44,FALSE,TRUE,TRUE
skewness_heavy_tails,skewness and heavy tails,EST,EST,27,1000,297,0.297,0.6277463904582549,TRUE,TRUE,TRUE,0,CONVERGENCE: REL_REDUCTION_OF_F <= FACTR*EPSMCH,-1294.8671961479529,2613.7343922959053,2672.627455643691,2614.0505017183978,12,19354.427,NA,NA,NA,NA,34,stage2,1294.97447494898;1e+12;1e+12;1294.90263001573;1e+12;1e+12;1294.91708699927;1e+12;1e+12;1294.87673462207;1e+12;1e+12;1295.13175966905;1e+12;1e+12;1294.87472209346;1e+12;1e+12;1294.87299659312;1e+12;1e+12;1294.88720884607;1e+12;1e+12;1295.38030611233;1e+12;1e+12;1294.86964581084;1e+12;1e+12;1294.88931960033;1e+12;1e+12;1294.86719691206;1e+12;1e+12;1294.96605417236;1e+12;1e+12;1294.86779134131;1e+12;1e+12,proposed_likelihood,stage2,3,2.8976312101383814,-0.10236878986161856,0.4,0.3618184720299723,-0.03818152797002772,-0.7,-1.4925821305300957,-0.7925821305300957,0.7,0.5330595973242374,-0.1669404026757626,0.5,1.481836400310107,0.981836400310107,0.5,1.481836400310107,5,4,-1,-0.7,-0.5534883265327413,0.14651167346725869,0.15,0.11808835958671636,-0.03191164041328362,1,0.6691932892787136,-0.3308067107212864,5,5.785519311791048,0.785519311791048,1.5,1.4575256231427327,-0.04247437685726729,0.8,0.8184195829826737,0.01841958298267365,58.893063347785755,58.89306334778564,1.1368683772161603e-13,NA,NA,NA,NA,NA,NA,NA,NA,NA,NA,NA,NA,NA,NA,NA,NA,NA,NA,NA,NA,NA,NA,NA,NA,NA,NA,NA,NA,NA,NA,NA,NA,NA,NA,NA,NA,NA,NA,NA,NA,NA,NA,NA,NA,NA,NA,NA,NA,NA,NA,NA,NA,NA,NA,NA,NA,NA,NA,NA,NA,NA,NA,NA,NA,NA,NA,NA,NA,NA,NA,NA,NA,NA,NA,NA,NA,NA,NA,NA,NA,NA,NA,NA,NA,NA,NA,NA,NA,NA,NA,NA,NA,NA,NA,NA,NA,NA,NA,NA,NA,NA,NA,true,TRUE,TRUE,2613.7343922959058,2672.6274556436915,2614.050501718398,58.893063347785755,58.893063347785755,12.000000000000023,FALSE,19354.427,TRUE,FALSE,TRUE
skewness_heavy_tails,skewness and heavy tails,EST,NH,28,1000,359,0.359,0.6195786864931846,TRUE,TRUE,TRUE,0,NA,-1515.3062347169346,3046.612469433869,3085.8745116657265,3046.7577772037985,8,82.174,NA,3032.612469433869,3037.5202247128514,1.000000000000017,NA,HeckmanEM,NA,raw_AIC_BIC_implied_logLik,finite_logLik_no_explicit_code,3,4.065589757546379,1.0655897575463786,0.4,0.5906271748838275,0.19062717488382752,-0.7,NA,NA,0.7,NA,NA,0.5,NA,NA,0.5,NA,5,NA,NA,-0.7,-0.9477174727729996,-0.2477174727729996,0.15,0.1471145198115668,-0.0028854801884332,1,0.9630100650679904,-0.03698993493200953,5,5.365468405517164,0.36546840551716375,1.5,1.5202391708174396,0.02023917081743964,0.8,0.7467492350962034,-0.05325076490379665,39.26204223185732,39.262042231857095,2.2737367544323206e-13,NA,NA,NA,NA,NA,NA,NA,NA,NA,NA,NA,NA,NA,NA,NA,NA,NA,NA,NA,NA,NA,NA,NA,NA,NA,NA,NA,NA,NA,NA,NA,NA,NA,NA,NA,NA,NA,NA,NA,NA,NA,NA,NA,NA,NA,NA,NA,NA,NA,NA,NA,NA,NA,NA,NA,NA,NA,NA,NA,NA,NA,NA,NA,NA,NA,NA,NA,NA,NA,NA,NA,NA,NA,NA,NA,NA,NA,NA,NA,NA,NA,NA,NA,NA,NA,NA,NA,NA,NA,NA,NA,NA,NA,NA,NA,NA,NA,NA,NA,NA,NA,NA,true,TRUE,TRUE,3046.612469433869,3085.8745116657265,3046.7577772037985,39.26204223185732,39.26204223185732,8.000000000000046,FALSE,82.174,NA,NA,NA
skewness_heavy_tails,skewness and heavy tails,EST,HT,28,1000,359,0.359,0.6195786864931846,TRUE,TRUE,TRUE,0,NA,-1499.829110164153,3017.658220328306,3061.828017839145,3017.840038510124,9,153.993,NA,3001.658220328306,3006.565975607288,1.000000000000017,NA,HeckmanEM,NA,raw_AIC_BIC_implied_logLik,finite_logLik_no_explicit_code,3,3.0587459250216513,0.05874592502165132,0.4,0.5926400776979761,0.1926400776979761,-0.7,NA,NA,0.7,NA,NA,0.5,NA,NA,0.5,NA,5,NA,NA,-0.7,-1.0884907941166475,-0.3884907941166475,0.15,0.16840147987551693,0.01840147987551693,1,1.111261067393717,0.11126106739371731,5,5.3506827546309355,0.35068275463093546,1.5,1.4728191797473114,-0.02718082025268864,0.8,0.8132099137134148,0.01320991371341473,44.16979751083909,44.16979751083923,-1.4210854715202004e-13,NA,NA,NA,NA,NA,NA,NA,NA,NA,NA,NA,NA,NA,NA,NA,NA,NA,NA,NA,NA,NA,NA,NA,NA,NA,NA,NA,NA,NA,NA,NA,NA,NA,NA,NA,NA,NA,NA,NA,NA,NA,NA,NA,NA,NA,NA,NA,NA,NA,NA,NA,NA,NA,NA,NA,NA,NA,NA,NA,NA,NA,NA,NA,NA,NA,NA,NA,NA,NA,NA,NA,NA,NA,NA,NA,NA,NA,NA,NA,NA,NA,NA,NA,NA,NA,NA,NA,NA,NA,NA,NA,NA,NA,NA,NA,NA,NA,NA,NA,NA,NA,NA,true,TRUE,TRUE,3017.658220328306,3061.828017839145,3017.840038510124,44.16979751083909,44.16979751083909,8.999999999999972,FALSE,153.993,NA,NA,NA
skewness_heavy_tails,skewness and heavy tails,EST,CN,28,1000,359,0.359,0.6195786864931846,TRUE,TRUE,TRUE,0,NA,-1498.6054573182792,3017.2109146365583,3066.2884674263796,3017.4333615526352,10,586.5910000000001,NA,2999.2109146365583,3004.1186699155405,1.000000000000017,NA,HeckmanEM,NA,raw_AIC_BIC_implied_logLik,finite_logLik_no_explicit_code,3,2.719008830804865,-0.28099116919513545,0.4,0.5967558136253384,0.1967558136253383,-0.7,NA,NA,0.7,NA,NA,0.5,NA,NA,0.5,NA,5,NA,NA,-0.7,-1.2179833385660204,-0.5179833385660204,0.15,0.18930711035193443,0.03930711035193446,1,1.2424365834644182,0.2424365834644182,5,5.336726426208991,0.3367264262089913,1.5,1.5122585940760118,0.01225859407601182,0.8,0.8179083639665576,0.01790836396655759,49.07755278982131,49.07755278982137,-5.684341886080802e-14,NA,NA,NA,NA,NA,NA,NA,NA,NA,NA,NA,NA,NA,NA,NA,NA,NA,NA,NA,NA,NA,NA,NA,NA,NA,NA,NA,NA,NA,NA,NA,NA,NA,NA,NA,NA,NA,NA,NA,NA,NA,NA,NA,NA,NA,NA,NA,NA,NA,NA,NA,NA,NA,NA,NA,NA,NA,NA,NA,NA,NA,NA,NA,NA,NA,NA,NA,NA,NA,NA,NA,NA,NA,NA,NA,NA,NA,NA,NA,NA,NA,NA,NA,NA,NA,NA,NA,NA,NA,NA,NA,NA,NA,NA,NA,NA,NA,NA,NA,NA,NA,NA,true,TRUE,TRUE,3017.2109146365583,3066.2884674263796,3017.4333615526352,49.07755278982131,49.07755278982131,9.999999999999988,FALSE,586.5910000000001,NA,NA,NA
skewness_heavy_tails,skewness and heavy tails,EST,ESN,28,1000,359,0.359,0.6195786864931846,TRUE,TRUE,TRUE,0,CONVERGENCE: REL_REDUCTION_OF_F <= FACTR*EPSMCH,-1513.747998876964,3049.495997753928,3103.481305822731,3049.763204231661,11,16584.29,NA,NA,NA,NA,5,stage2,1515.30643265908;1515.31297241865;1513.97860807378;1515.29307054278;1513.7657737585;1515.29392276307;1515.30667501176;1513.77112531456;1513.774051339;1515.30645742541;1513.75892026497;1513.82287771868;1515.30695612997;1515.30623449256,proposed_likelihood,stage2,3,4.167201259790136,1.1672012597901364,0.4,0.4886441794570515,0.0886441794570515,-0.7,1.4925821305300957,2.192582130530096,0.7,-0.9533250629861943,-1.6533250629861942,0.5,-1.476106796379162,-1.976106796379162,0.5,-1.476106796379162,5,NA,NA,-0.7,-1.683248032806156,-0.983248032806156,0.15,0.11306786349517564,-0.03693213650482437,1,0.7482063046077135,-0.25179369539228647,5,5.310176756216572,0.31017675621657226,1.5,1.5056320208344702,0.00563202083447023,0.8,0.7447889753969658,-0.05521102460303429,53.98530806880353,53.985308068803505,2.842170943040401e-14,NA,NA,NA,NA,NA,NA,NA,NA,NA,NA,NA,NA,NA,NA,NA,NA,NA,NA,NA,NA,NA,NA,NA,NA,NA,NA,NA,NA,NA,NA,NA,NA,NA,NA,NA,NA,NA,NA,NA,NA,NA,NA,NA,NA,NA,NA,NA,NA,NA,NA,NA,NA,NA,NA,NA,NA,NA,NA,NA,NA,NA,NA,NA,NA,NA,NA,NA,NA,NA,NA,NA,NA,NA,NA,NA,NA,NA,NA,NA,NA,NA,NA,NA,NA,NA,NA,NA,NA,NA,NA,NA,NA,NA,NA,NA,NA,NA,NA,NA,NA,NA,NA,true,TRUE,TRUE,3049.495997753928,3103.4813058227314,3049.763204231661,53.98530806880308,53.98530806880353,10.999999999999913,FALSE,16584.29,TRUE,FALSE,TRUE
skewness_heavy_tails,skewness and heavy tails,EST,EST,28,1000,359,0.359,0.6195786864931846,TRUE,TRUE,TRUE,0,CONVERGENCE: REL_REDUCTION_OF_F <= FACTR*EPSMCH,-1499.545489138182,3023.090978276364,3081.98404162415,3023.4070876988567,12,20144.35,NA,NA,NA,NA,31,stage2,1500.57493023346;1e+12;1e+12;1500.53590466338;1e+12;1e+12;1500.37281536834;1e+12;1e+12;1500.56885036579;1e+12;1e+12;1500.14437255424;1e+12;1e+12;1499.55406111718;1e+12;1e+12;1500.56412961513;1e+12;1e+12;1499.55335331924;1e+12;1e+12;1500.55572631733;1e+12;1e+12;1499.56095091089;1e+12;1e+12;1499.54948895746;1e+12;1e+12;1499.56667578965;1e+12;1e+12;1500.53588934704;1e+12;1e+12;1499.57256543315;1e+12;1e+12,proposed_likelihood,stage2,3,2.982832526865612,-0.01716747313438782,0.4,0.585533858917881,0.185533858917881,-0.7,1.0633763912897236,1.7633763912897236,0.7,0.5189980406170651,-0.18100195938293484,0.5,1.4925821305300957,0.9925821305300956,0.5,1.4925821305300957,5,4,-1,-0.7,-1.2688507658940946,-0.5688507658940947,0.15,0.1589580285640485,0.0089580285640485,1,1.0649337422064633,0.06493374220646331,5,4.911243311876544,-0.08875668812345605,1.5,1.463075664145438,-0.03692433585456189,0.8,0.8264478175438437,0.02644781754384362,58.893063347785755,58.89306334778564,1.1368683772161603e-13,NA,NA,NA,NA,NA,NA,NA,NA,NA,NA,NA,NA,NA,NA,NA,NA,NA,NA,NA,NA,NA,NA,NA,NA,NA,NA,NA,NA,NA,NA,NA,NA,NA,NA,NA,NA,NA,NA,NA,NA,NA,NA,NA,NA,NA,NA,NA,NA,NA,NA,NA,NA,NA,NA,NA,NA,NA,NA,NA,NA,NA,NA,NA,NA,NA,NA,NA,NA,NA,NA,NA,NA,NA,NA,NA,NA,NA,NA,NA,NA,NA,NA,NA,NA,NA,NA,NA,NA,NA,NA,NA,NA,NA,NA,NA,NA,NA,NA,NA,NA,NA,NA,true,TRUE,TRUE,3023.090978276364,3081.9840416241495,3023.4070876988562,58.89306334778621,58.893063347785755,12.000000000000115,FALSE,20144.35,FALSE,FALSE,TRUE
skewness_heavy_tails,skewness and heavy tails,EST,NH,29,1000,331,0.331,0.6253908692933083,TRUE,TRUE,TRUE,0,NA,-1421.7337263602103,2859.4674527204206,2898.7294949522775,2859.61276049035,8,222.943,NA,2845.4674527204206,2850.375207999403,1.000000000000017,NA,HeckmanEM,NA,raw_AIC_BIC_implied_logLik,finite_logLik_no_explicit_code,3,4.900973982449813,1.9009739824498129,0.4,0.87325951414605,0.47325951414604994,-0.7,NA,NA,0.7,NA,NA,0.5,NA,NA,0.5,NA,5,NA,NA,-0.7,-0.9152833890776586,-0.21528338907765865,0.15,0.117644873663553,-0.03235512633644699,1,0.8406944737474998,-0.15930552625250016,5,3.848214412736631,-1.1517855872633689,1.5,1.5080662632316248,0.00806626323162484,0.8,0.5351549312710835,-0.26484506872891656,39.26204223185687,39.262042231857095,-2.2737367544323206e-13,NA,NA,NA,NA,NA,NA,NA,NA,NA,NA,NA,NA,NA,NA,NA,NA,NA,NA,NA,NA,NA,NA,NA,NA,NA,NA,NA,NA,NA,NA,NA,NA,NA,NA,NA,NA,NA,NA,NA,NA,NA,NA,NA,NA,NA,NA,NA,NA,NA,NA,NA,NA,NA,NA,NA,NA,NA,NA,NA,NA,NA,NA,NA,NA,NA,NA,NA,NA,NA,NA,NA,NA,NA,NA,NA,NA,NA,NA,NA,NA,NA,NA,NA,NA,NA,NA,NA,NA,NA,NA,NA,NA,NA,NA,NA,NA,NA,NA,NA,NA,NA,NA,true,TRUE,TRUE,2859.4674527204206,2898.7294949522775,2859.61276049035,39.26204223185687,39.26204223185687,7.999999999999954,FALSE,222.943,NA,NA,NA
skewness_heavy_tails,skewness and heavy tails,EST,HT,29,1000,331,0.331,0.6253908692933083,TRUE,TRUE,TRUE,0,NA,-1387.227834024452,2792.455668048904,2836.625465559743,2792.637486230722,9,292.84000000000003,NA,2776.455668048904,2781.3634233278863,1.000000000000017,NA,HeckmanEM,NA,raw_AIC_BIC_implied_logLik,finite_logLik_no_explicit_code,3,2.875095970760752,-0.12490402923924782,0.4,0.7305358464145103,0.3305358464145103,-0.7,NA,NA,0.7,NA,NA,0.5,NA,NA,0.5,NA,5,NA,NA,-0.7,-1.1333156134066742,-0.43331561340667424,0.15,0.16740034411739166,0.01740034411739166,1,1.0977291091128656,0.0977291091128656,5,5.047396183070155,0.04739618307015458,1.5,1.2555091144102992,-0.2444908855897008,0.8,0.6322270368349605,-0.1677729631650395,44.16979751083909,44.16979751083923,-1.4210854715202004e-13,NA,NA,NA,NA,NA,NA,NA,NA,NA,NA,NA,NA,NA,NA,NA,NA,NA,NA,NA,NA,NA,NA,NA,NA,NA,NA,NA,NA,NA,NA,NA,NA,NA,NA,NA,NA,NA,NA,NA,NA,NA,NA,NA,NA,NA,NA,NA,NA,NA,NA,NA,NA,NA,NA,NA,NA,NA,NA,NA,NA,NA,NA,NA,NA,NA,NA,NA,NA,NA,NA,NA,NA,NA,NA,NA,NA,NA,NA,NA,NA,NA,NA,NA,NA,NA,NA,NA,NA,NA,NA,NA,NA,NA,NA,NA,NA,NA,NA,NA,NA,NA,NA,true,TRUE,TRUE,2792.455668048904,2836.625465559743,2792.637486230722,44.16979751083909,44.16979751083909,8.999999999999972,FALSE,292.84000000000003,NA,NA,NA
skewness_heavy_tails,skewness and heavy tails,EST,CN,29,1000,331,0.331,0.6253908692933083,TRUE,TRUE,TRUE,0,NA,-1387.524811310638,2795.049622621276,2844.127175411097,2795.2720695373528,10,607.2800000000001,NA,2777.049622621276,2781.957377900258,1.000000000000017,NA,HeckmanEM,NA,raw_AIC_BIC_implied_logLik,finite_logLik_no_explicit_code,3,3.010048396836799,0.01004839683679881,0.4,0.7324793971623718,0.33247939716237174,-0.7,NA,NA,0.7,NA,NA,0.5,NA,NA,0.5,NA,5,NA,NA,-0.7,-1.1178555552931828,-0.41785555529318286,0.15,0.16429814378119273,0.01429814378119273,1,1.0777677219752182,0.0777677219752182,5,5.042924227255642,0.04292422725564204,1.5,1.265057645177252,-0.23494235482274808,0.8,0.6278104758718466,-0.17218952412815347,49.07755278982131,49.07755278982137,-5.684341886080802e-14,NA,NA,NA,NA,NA,NA,NA,NA,NA,NA,NA,NA,NA,NA,NA,NA,NA,NA,NA,NA,NA,NA,NA,NA,NA,NA,NA,NA,NA,NA,NA,NA,NA,NA,NA,NA,NA,NA,NA,NA,NA,NA,NA,NA,NA,NA,NA,NA,NA,NA,NA,NA,NA,NA,NA,NA,NA,NA,NA,NA,NA,NA,NA,NA,NA,NA,NA,NA,NA,NA,NA,NA,NA,NA,NA,NA,NA,NA,NA,NA,NA,NA,NA,NA,NA,NA,NA,NA,NA,NA,NA,NA,NA,NA,NA,NA,NA,NA,NA,NA,NA,NA,true,TRUE,TRUE,2795.049622621276,2844.127175411097,2795.2720695373528,49.07755278982131,49.07755278982131,9.999999999999988,FALSE,607.2800000000001,NA,NA,NA
skewness_heavy_tails,skewness and heavy tails,EST,ESN,29,1000,331,0.331,0.6253908692933083,TRUE,TRUE,TRUE,0,CONVERGENCE: REL_REDUCTION_OF_F <= FACTR*EPSMCH,-1404.890528456544,2831.781056913088,2885.7663649818915,2832.048263390821,11,20540.215,NA,NA,NA,NA,10,stage2,1420.21457694297;1421.7569962388;1420.58643197879;1421.75029155293;1420.32887642645;1418.7902418298;1421.7828831937;1420.30336542169;1420.3355390349;1414.64736963242;1420.20371775848;1420.24853110537;1420.2362681321;1421.73372505277,proposed_likelihood,stage2,3,5.977189649231982,2.977189649231982,0.4,0.7895337373578446,0.3895337373578446,-0.7,1.4925821305300957,2.192582130530096,0.7,1.4925821305300957,0.7925821305300957,0.5,-1.4925821305300957,-1.9925821305300957,0.5,-1.4925821305300957,5,NA,NA,-0.7,-1.6294263338539756,-0.9294263338539756,0.15,0.11799470902144948,-0.03200529097855051,1,0.8206003740877228,-0.1793996259122772,5,-1.1997610291747076,-6.199761029174708,1.5,1.4524180606362356,-0.04758193936376442,0.8,0.5604169713197918,-0.2395830286802082,53.98530806880353,53.985308068803505,2.842170943040401e-14,NA,NA,NA,NA,NA,NA,NA,NA,NA,NA,NA,NA,NA,NA,NA,NA,NA,NA,NA,NA,NA,NA,NA,NA,NA,NA,NA,NA,NA,NA,NA,NA,NA,NA,NA,NA,NA,NA,NA,NA,NA,NA,NA,NA,NA,NA,NA,NA,NA,NA,NA,NA,NA,NA,NA,NA,NA,NA,NA,NA,NA,NA,NA,NA,NA,NA,NA,NA,NA,NA,NA,NA,NA,NA,NA,NA,NA,NA,NA,NA,NA,NA,NA,NA,NA,NA,NA,NA,NA,NA,NA,NA,NA,NA,NA,NA,NA,NA,NA,NA,NA,NA,true,TRUE,TRUE,2831.781056913088,2885.7663649818915,2832.048263390821,53.98530806880353,53.98530806880353,11.000000000000005,FALSE,20540.215,TRUE,TRUE,TRUE
skewness_heavy_tails,skewness and heavy tails,EST,EST,29,1000,331,0.331,0.6253908692933083,TRUE,TRUE,TRUE,0,CONVERGENCE: REL_REDUCTION_OF_F <= FACTR*EPSMCH,-1383.3041267942374,2790.608253588475,2849.5013169362605,2790.9243630109672,12,16994.818,NA,NA,NA,NA,40,stage2,1383.32400773136;1e+12;1e+12;1383.32587779589;1e+12;1e+12;1383.32535976355;1e+12;1e+12;1383.31874921569;1e+12;1e+12;1383.32454451812;1e+12;1e+12;1383.57323653284;1e+12;1e+12;1383.32629891739;1e+12;1e+12;1383.31575293618;1e+12;1e+12;1383.32635854409;1e+12;1e+12;1383.31676101112;1e+12;1e+12;1383.31005516274;1e+12;1e+12;1383.31467795937;1e+12;1e+12;1383.32461305948;1e+12;1e+12;1383.30412754706;1e+12;1e+12,proposed_likelihood,stage2,3,2.874878529027557,-0.12512147097244286,0.4,0.17628577572481144,-0.22371422427518856,-0.7,-1.4925821305300957,-0.7925821305300957,0.7,1.151228854378361,0.45122885437836113,0.5,-0.6996790569156273,-1.1996790569156273,0.5,-0.6996790569156273,5,4,-1,-0.7,-0.17690933104023857,0.5230906689597614,0.15,0.14178858852192203,-0.00821141147807794,1,0.92656182322324,-0.07343817677676012,5,4.548887583637898,-0.4511124163621023,1.5,1.283953929518046,-0.216046070481954,0.8,0.6308732240684355,-0.16912677593156455,58.893063347785755,58.89306334778564,1.1368683772161603e-13,NA,NA,NA,NA,NA,NA,NA,NA,NA,NA,NA,NA,NA,NA,NA,NA,NA,NA,NA,NA,NA,NA,NA,NA,NA,NA,NA,NA,NA,NA,NA,NA,NA,NA,NA,NA,NA,NA,NA,NA,NA,NA,NA,NA,NA,NA,NA,NA,NA,NA,NA,NA,NA,NA,NA,NA,NA,NA,NA,NA,NA,NA,NA,NA,NA,NA,NA,NA,NA,NA,NA,NA,NA,NA,NA,NA,NA,NA,NA,NA,NA,NA,NA,NA,NA,NA,NA,NA,NA,NA,NA,NA,NA,NA,NA,NA,NA,NA,NA,NA,NA,NA,true,TRUE,TRUE,2790.608253588475,2849.5013169362605,2790.9243630109672,58.893063347785755,58.893063347785755,12.000000000000023,FALSE,16994.818,TRUE,FALSE,FALSE
skewness_heavy_tails,skewness and heavy tails,EST,NH,30,1000,353,0.353,0.6176652254478073,TRUE,TRUE,TRUE,0,NA,-1500.8986233541275,3017.797246708255,3057.0592889401123,3017.942554478185,8,165.84,NA,3003.797246708255,3008.7050019872377,1.000000000000017,NA,HeckmanEM,NA,raw_AIC_BIC_implied_logLik,finite_logLik_no_explicit_code,3,4.106250735667334,1.1062507356673343,0.4,0.5901222728034379,0.19012227280343785,-0.7,NA,NA,0.7,NA,NA,0.5,NA,NA,0.5,NA,5,NA,NA,-0.7,-0.9837949678301527,-0.2837949678301528,0.15,0.1407636117637295,-0.00923638823627046,1,0.9734949440424208,-0.02650505595757935,5,5.006834406327632,0.00683440632763243,1.5,1.4794695058968244,-0.02053049410317564,0.8,0.9067998590378245,0.1067998590378243,39.26204223185687,39.262042231857095,2.2737367544323206e-13,NA,NA,NA,NA,NA,NA,NA,NA,NA,NA,NA,NA,NA,NA,NA,NA,NA,NA,NA,NA,NA,NA,NA,NA,NA,NA,NA,NA,NA,NA,NA,NA,NA,NA,NA,NA,NA,NA,NA,NA,NA,NA,NA,NA,NA,NA,NA,NA,NA,NA,NA,NA,NA,NA,NA,NA,NA,NA,NA,NA,NA,NA,NA,NA,NA,NA,NA,NA,NA,NA,NA,NA,NA,NA,NA,NA,NA,NA,NA,NA,NA,NA,NA,NA,NA,NA,NA,NA,NA,NA,NA,NA,NA,NA,NA,NA,NA,NA,NA,NA,NA,NA,true,TRUE,TRUE,3017.797246708255,3057.0592889401123,3017.9425544781843,39.26204223185732,39.26204223185732,8.000000000000046,FALSE,165.84,NA,NA,NA
skewness_heavy_tails,skewness and heavy tails,EST,HT,30,1000,353,0.353,0.6176652254478073,TRUE,TRUE,TRUE,0,NA,-1471.5822698016025,2961.164539603205,3005.334337114044,2961.346357785023,9,120.43600000000004,NA,2945.164539603205,2950.072294882187,1.000000000000017,NA,HeckmanEM,NA,raw_AIC_BIC_implied_logLik,finite_logLik_no_explicit_code,3,2.7127203660690857,-0.28727963393091427,0.4,0.5723040595015327,0.1723040595015327,-0.7,NA,NA,0.7,NA,NA,0.5,NA,NA,0.5,NA,5,NA,NA,-0.7,-1.1571126123323818,-0.4571126123323819,0.15,0.16926280474990213,0.01926280474990213,1,1.140122715486083,0.14012271548608268,5,5.486710066226113,0.486710066226113,1.5,1.4978387464436058,-0.00216125355639418,0.8,0.7769636299570302,-0.02303637004296987,44.16979751083909,44.16979751083923,-1.4210854715202004e-13,NA,NA,NA,NA,NA,NA,NA,NA,NA,NA,NA,NA,NA,NA,NA,NA,NA,NA,NA,NA,NA,NA,NA,NA,NA,NA,NA,NA,NA,NA,NA,NA,NA,NA,NA,NA,NA,NA,NA,NA,NA,NA,NA,NA,NA,NA,NA,NA,NA,NA,NA,NA,NA,NA,NA,NA,NA,NA,NA,NA,NA,NA,NA,NA,NA,NA,NA,NA,NA,NA,NA,NA,NA,NA,NA,NA,NA,NA,NA,NA,NA,NA,NA,NA,NA,NA,NA,NA,NA,NA,NA,NA,NA,NA,NA,NA,NA,NA,NA,NA,NA,NA,true,TRUE,TRUE,2961.164539603205,3005.334337114044,2961.346357785023,44.16979751083909,44.16979751083909,8.999999999999972,FALSE,120.43600000000004,NA,NA,NA
skewness_heavy_tails,skewness and heavy tails,EST,CN,30,1000,353,0.353,0.6176652254478073,TRUE,TRUE,TRUE,0,NA,-1472.9234839646278,2965.8469679292557,3014.924520719077,2966.0694148453326,10,442.6230000000001,NA,2947.8469679292557,2952.754723208238,1.000000000000017,NA,HeckmanEM,NA,raw_AIC_BIC_implied_logLik,finite_logLik_no_explicit_code,3,2.534566650898422,-0.46543334910157785,0.4,0.5765895374869098,0.17658953748690975,-0.7,NA,NA,0.7,NA,NA,0.5,NA,NA,0.5,NA,5,NA,NA,-0.7,-1.2436799060762216,-0.5436799060762216,0.15,0.1832822044822731,0.03328220448227309,1,1.2268899205472128,0.2268899205472128,5,5.500473787066544,0.5004737870665439,1.5,1.507858012335315,0.00785801233531491,0.8,0.7877617048321748,-0.01223829516782526,49.07755278982131,49.07755278982137,-5.684341886080802e-14,NA,NA,NA,NA,NA,NA,NA,NA,NA,NA,NA,NA,NA,NA,NA,NA,NA,NA,NA,NA,NA,NA,NA,NA,NA,NA,NA,NA,NA,NA,NA,NA,NA,NA,NA,NA,NA,NA,NA,NA,NA,NA,NA,NA,NA,NA,NA,NA,NA,NA,NA,NA,NA,NA,NA,NA,NA,NA,NA,NA,NA,NA,NA,NA,NA,NA,NA,NA,NA,NA,NA,NA,NA,NA,NA,NA,NA,NA,NA,NA,NA,NA,NA,NA,NA,NA,NA,NA,NA,NA,NA,NA,NA,NA,NA,NA,NA,NA,NA,NA,NA,NA,true,TRUE,TRUE,2965.8469679292557,3014.924520719077,2966.0694148453326,49.07755278982131,49.07755278982131,9.999999999999988,FALSE,442.6230000000001,NA,NA,NA
skewness_heavy_tails,skewness and heavy tails,EST,ESN,30,1000,353,0.353,0.6176652254478073,TRUE,TRUE,TRUE,0,CONVERGENCE: REL_REDUCTION_OF_F <= FACTR*EPSMCH,-1485.8496946990997,2993.6993893981994,3047.684697467003,2993.9665958759324,11,16146.443,NA,NA,NA,NA,10,stage2,1500.90113140704;1500.91368483789;1499.23129500101;1500.89842904717;1499.09636999306;1499.17605791695;1500.90846585094;1499.09468119464;1499.10445297055;1486.06202902618;1499.12081270315;1500.89868909178;1500.9014166866;1500.89862292958,proposed_likelihood,stage2,3,5.541842285351801,2.541842285351801,0.4,0.6404412502791513,0.2404412502791513,-0.7,1.4087983050857902,2.10879830508579,0.7,1.4925821305300957,0.7925821305300957,0.5,-1.4925821305300957,-1.9925821305300957,0.5,-1.4925821305300957,5,NA,NA,-0.7,-1.627129782625562,-0.927129782625562,0.15,0.12471161613612572,-0.02528838386387426,1,0.86422074045709,-0.13577925954291004,5,-0.23705408180277615,-5.237054081802776,1.5,1.5050407386646647,0.0050407386646647,0.8,0.8370195888588882,0.03701958885888812,53.98530806880353,53.985308068803505,2.842170943040401e-14,NA,NA,NA,NA,NA,NA,NA,NA,NA,NA,NA,NA,NA,NA,NA,NA,NA,NA,NA,NA,NA,NA,NA,NA,NA,NA,NA,NA,NA,NA,NA,NA,NA,NA,NA,NA,NA,NA,NA,NA,NA,NA,NA,NA,NA,NA,NA,NA,NA,NA,NA,NA,NA,NA,NA,NA,NA,NA,NA,NA,NA,NA,NA,NA,NA,NA,NA,NA,NA,NA,NA,NA,NA,NA,NA,NA,NA,NA,NA,NA,NA,NA,NA,NA,NA,NA,NA,NA,NA,NA,NA,NA,NA,NA,NA,NA,NA,NA,NA,NA,NA,NA,true,TRUE,TRUE,2993.6993893981994,3047.684697467003,2993.9665958759324,53.98530806880353,53.98530806880353,11.000000000000005,FALSE,16146.443,FALSE,TRUE,TRUE
skewness_heavy_tails,skewness and heavy tails,EST,EST,30,1000,353,0.353,0.6176652254478073,TRUE,TRUE,TRUE,0,CONVERGENCE: REL_REDUCTION_OF_F <= FACTR*EPSMCH,-1469.4917278060336,2962.9834556120672,3021.876518959853,2963.2995650345597,12,18335.769,NA,NA,NA,NA,16,stage2,1469.64629188621;1e+12;1e+12;1469.70083142627;1e+12;1e+12;1469.70522413996;1e+12;1e+12;1469.49193000031;1e+12;1e+12;1469.61935433187;1e+12;1e+12;1469.49172891931;1e+12;1e+12;1469.7097405739;1e+12;1e+12;1469.4918755971;1e+12;1e+12;1469.69768703761;1e+12;1e+12;1469.49185823402;1e+12;1e+12;1469.49178791568;1e+12;1e+12;1469.49236078547;1e+12;1e+12;1469.71184625723;1e+12;1e+12;1469.49199756486;1e+12;1e+12,proposed_likelihood,stage2,3,2.809236409202971,-0.1907635907970291,0.4,0.4970614499574772,0.09706144995747716,-0.7,0.6793038932290729,1.3793038932290729,0.7,0.7602256049169653,0.06022560491696538,0.5,-0.07477388531942422,-0.5747738853194242,0.5,-0.07477388531942422,5,4,-1,-0.7,-1.5661495581307403,-0.8661495581307406,0.15,0.16446550743424537,0.01446550743424537,1,1.1269087954546215,0.12690879545462175,5,4.23980629661527,-0.7601937033847301,1.5,1.49651747313567,-0.00348252686433014,0.8,0.7664338659888607,-0.03356613401113939,58.893063347785755,58.89306334778564,1.1368683772161603e-13,NA,NA,NA,NA,NA,NA,NA,NA,NA,NA,NA,NA,NA,NA,NA,NA,NA,NA,NA,NA,NA,NA,NA,NA,NA,NA,NA,NA,NA,NA,NA,NA,NA,NA,NA,NA,NA,NA,NA,NA,NA,NA,NA,NA,NA,NA,NA,NA,NA,NA,NA,NA,NA,NA,NA,NA,NA,NA,NA,NA,NA,NA,NA,NA,NA,NA,NA,NA,NA,NA,NA,NA,NA,NA,NA,NA,NA,NA,NA,NA,NA,NA,NA,NA,NA,NA,NA,NA,NA,NA,NA,NA,NA,NA,NA,NA,NA,NA,NA,NA,NA,NA,true,TRUE,TRUE,2962.9834556120672,3021.876518959853,2963.2995650345597,58.893063347785755,58.893063347785755,12.000000000000023,FALSE,18335.769,FALSE,FALSE,FALSE
skewness_heavy_tails,skewness and heavy tails,EST,NH,31,1000,322,0.322,0.6527415143603134,TRUE,TRUE,TRUE,0,NA,-1361.8353631290208,2739.6707262580417,2778.932768489899,2739.816034027971,8,224.70200000000003,NA,2725.6707262580417,2730.578481537024,1.000000000000017,NA,HeckmanEM,NA,raw_AIC_BIC_implied_logLik,finite_logLik_no_explicit_code,3,4.365357062054229,1.3653570620542288,0.4,0.8648474478128012,0.4648474478128012,-0.7,NA,NA,0.7,NA,NA,0.5,NA,NA,0.5,NA,5,NA,NA,-0.7,-0.8702965430161635,-0.1702965430161636,0.15,0.15309724244638778,0.00309724244638778,1,0.6939064714597426,-0.3060935285402574,5,3.4105473131995763,-1.5894526868004235,1.5,1.3296362723581314,-0.17036372764186858,0.8,0.8167438341777206,0.01674383417772051,39.26204223185732,39.262042231857095,2.2737367544323206e-13,NA,NA,NA,NA,NA,NA,NA,NA,NA,NA,NA,NA,NA,NA,NA,NA,NA,NA,NA,NA,NA,NA,NA,NA,NA,NA,NA,NA,NA,NA,NA,NA,NA,NA,NA,NA,NA,NA,NA,NA,NA,NA,NA,NA,NA,NA,NA,NA,NA,NA,NA,NA,NA,NA,NA,NA,NA,NA,NA,NA,NA,NA,NA,NA,NA,NA,NA,NA,NA,NA,NA,NA,NA,NA,NA,NA,NA,NA,NA,NA,NA,NA,NA,NA,NA,NA,NA,NA,NA,NA,NA,NA,NA,NA,NA,NA,NA,NA,NA,NA,NA,NA,true,TRUE,TRUE,2739.6707262580417,2778.932768489899,2739.816034027971,39.26204223185732,39.26204223185732,8.000000000000046,FALSE,224.70200000000003,NA,NA,NA
skewness_heavy_tails,skewness and heavy tails,EST,HT,31,1000,322,0.322,0.6527415143603134,TRUE,TRUE,TRUE,0,NA,-1348.25755100564,2714.51510201128,2758.684899522119,2714.696920193098,9,124.76299999999998,NA,2698.51510201128,2703.422857290262,1.000000000000017,NA,HeckmanEM,NA,raw_AIC_BIC_implied_logLik,finite_logLik_no_explicit_code,3,3.03160971026467,0.03160971026467063,0.4,0.7544413079956008,0.3544413079956008,-0.7,NA,NA,0.7,NA,NA,0.5,NA,NA,0.5,NA,5,NA,NA,-0.7,-1.0401173004255615,-0.34011730042556176,0.15,0.18618599582194564,0.03618599582194565,1,0.8843598032138824,-0.1156401967861176,5,4.432106499469353,-0.5678935005306469,1.5,1.3217181683473185,-0.17828183165268152,0.8,0.8085130432508232,0.00851304325082313,44.16979751083909,44.16979751083923,-1.4210854715202004e-13,NA,NA,NA,NA,NA,NA,NA,NA,NA,NA,NA,NA,NA,NA,NA,NA,NA,NA,NA,NA,NA,NA,NA,NA,NA,NA,NA,NA,NA,NA,NA,NA,NA,NA,NA,NA,NA,NA,NA,NA,NA,NA,NA,NA,NA,NA,NA,NA,NA,NA,NA,NA,NA,NA,NA,NA,NA,NA,NA,NA,NA,NA,NA,NA,NA,NA,NA,NA,NA,NA,NA,NA,NA,NA,NA,NA,NA,NA,NA,NA,NA,NA,NA,NA,NA,NA,NA,NA,NA,NA,NA,NA,NA,NA,NA,NA,NA,NA,NA,NA,NA,NA,true,TRUE,TRUE,2714.51510201128,2758.684899522119,2714.696920193098,44.16979751083909,44.16979751083909,8.999999999999972,FALSE,124.76299999999998,NA,NA,NA
skewness_heavy_tails,skewness and heavy tails,EST,CN,31,1000,322,0.322,0.6527415143603134,TRUE,TRUE,TRUE,0,NA,-1346.9410784658294,2713.8821569316588,2762.95970972148,2714.1046038477357,10,328.79699999999997,NA,2695.8821569316588,2700.789912210641,1.000000000000017,NA,HeckmanEM,NA,raw_AIC_BIC_implied_logLik,finite_logLik_no_explicit_code,3,3.261555181119272,0.261555181119272,0.4,0.7510075468612222,0.35100754686122215,-0.7,NA,NA,0.7,NA,NA,0.5,NA,NA,0.5,NA,5,NA,NA,-0.7,-0.9978982196826932,-0.29789821968269337,0.15,0.17965681393989455,0.02965681393989455,1,0.8465208322289799,-0.1534791677710201,5,4.374111842554235,-0.6258881574457646,1.5,1.3102294832032484,-0.1897705167967516,0.8,0.8142934045062863,0.01429340450628624,49.07755278982131,49.07755278982137,-5.684341886080802e-14,NA,NA,NA,NA,NA,NA,NA,NA,NA,NA,NA,NA,NA,NA,NA,NA,NA,NA,NA,NA,NA,NA,NA,NA,NA,NA,NA,NA,NA,NA,NA,NA,NA,NA,NA,NA,NA,NA,NA,NA,NA,NA,NA,NA,NA,NA,NA,NA,NA,NA,NA,NA,NA,NA,NA,NA,NA,NA,NA,NA,NA,NA,NA,NA,NA,NA,NA,NA,NA,NA,NA,NA,NA,NA,NA,NA,NA,NA,NA,NA,NA,NA,NA,NA,NA,NA,NA,NA,NA,NA,NA,NA,NA,NA,NA,NA,NA,NA,NA,NA,NA,NA,true,TRUE,TRUE,2713.8821569316588,2762.95970972148,2714.1046038477357,49.07755278982131,49.07755278982131,9.999999999999988,FALSE,328.79699999999997,NA,NA,NA
skewness_heavy_tails,skewness and heavy tails,EST,ESN,31,1000,322,0.322,0.6527415143603134,TRUE,TRUE,TRUE,0,CONVERGENCE: REL_REDUCTION_OF_F <= FACTR*EPSMCH,-1354.049363020691,2730.098726041382,2784.084034110186,2730.3659325191156,11,17751.729000000003,NA,NA,NA,NA,10,stage2,1361.85080230415;1361.86649258694;1361.88184376334;1361.85789811533;1361.85448921315;1361.82963383527;1361.88107550056;1361.84873504422;1361.87624610426;1358.11048598374;1361.84015559889;1361.85357789416;1361.84690646674;1361.83536281233,proposed_likelihood,stage2,3,5.6730648942825175,2.6730648942825175,0.4,0.832723155606726,0.432723155606726,-0.7,1.4925722011968892,2.192572201196889,0.7,1.4925821305300957,0.7925821305300957,0.5,-1.4925821305300957,-1.9925821305300957,0.5,-1.4925821305300957,5,NA,NA,-0.7,-1.5661369912845604,-0.8661369912845605,0.15,0.14075560926270309,-0.00924439073729691,1,0.6580805964504374,-0.34191940354956263,5,-1.8652157637229592,-6.86521576372296,1.5,1.39362295856397,-0.10637704143602988,0.8,0.8227725026629783,0.02277250266297825,53.98530806880353,53.985308068803505,2.842170943040401e-14,NA,NA,NA,NA,NA,NA,NA,NA,NA,NA,NA,NA,NA,NA,NA,NA,NA,NA,NA,NA,NA,NA,NA,NA,NA,NA,NA,NA,NA,NA,NA,NA,NA,NA,NA,NA,NA,NA,NA,NA,NA,NA,NA,NA,NA,NA,NA,NA,NA,NA,NA,NA,NA,NA,NA,NA,NA,NA,NA,NA,NA,NA,NA,NA,NA,NA,NA,NA,NA,NA,NA,NA,NA,NA,NA,NA,NA,NA,NA,NA,NA,NA,NA,NA,NA,NA,NA,NA,NA,NA,NA,NA,NA,NA,NA,NA,NA,NA,NA,NA,NA,NA,true,TRUE,TRUE,2730.098726041382,2784.0840341101857,2730.365932519115,53.98530806880399,53.98530806880353,11.000000000000098,FALSE,17751.729000000003,TRUE,TRUE,TRUE
skewness_heavy_tails,skewness and heavy tails,EST,EST,31,1000,322,0.322,0.6527415143603134,TRUE,TRUE,TRUE,0,CONVERGENCE: REL_REDUCTION_OF_F <= FACTR*EPSMCH,-1348.5302170947402,2721.0604341894805,2779.9534975372662,2721.376543611973,12,19807.76,NA,NA,NA,NA,28,stage2,1348.57094925886;1e+12;1e+12;1348.60334770409;1e+12;1e+12;1348.89903304864;1e+12;1e+12;1348.5615660535;1e+12;1e+12;1348.70747575075;1e+12;1e+12;1348.53477486532;1e+12;1e+12;1348.57355139383;1e+12;1e+12;1348.55233037888;1e+12;1e+12;1348.76898422446;1e+12;1e+12;1348.53021751762;1e+12;1e+12;1348.56194639778;1e+12;1e+12;1348.55390610989;1e+12;1e+12;1348.7580848791;1e+12;1e+12;1348.5544811255;1e+12;1e+12,proposed_likelihood,stage2,3,2.966099959055463,-0.03390004094453713,0.4,0.6576665099514586,0.25766650995145857,-0.7,-0.6843647305853021,0.01563526941469784,0.7,0.6465756644567899,-0.05342433554321002,0.5,1.4925821305300957,0.9925821305300956,0.5,1.4925821305300957,5,4,-1,-0.7,-0.820165817555688,-0.120165817555688,0.15,0.1742641917287386,0.02426419172873861,1,0.8261818065159766,-0.1738181934840234,5,4.618889629014697,-0.3811103709853034,1.5,1.3298540142439046,-0.1701459857560954,0.8,0.8249203657288314,0.02492036572883138,58.893063347785755,58.89306334778564,1.1368683772161603e-13,NA,NA,NA,NA,NA,NA,NA,NA,NA,NA,NA,NA,NA,NA,NA,NA,NA,NA,NA,NA,NA,NA,NA,NA,NA,NA,NA,NA,NA,NA,NA,NA,NA,NA,NA,NA,NA,NA,NA,NA,NA,NA,NA,NA,NA,NA,NA,NA,NA,NA,NA,NA,NA,NA,NA,NA,NA,NA,NA,NA,NA,NA,NA,NA,NA,NA,NA,NA,NA,NA,NA,NA,NA,NA,NA,NA,NA,NA,NA,NA,NA,NA,NA,NA,NA,NA,NA,NA,NA,NA,NA,NA,NA,NA,NA,NA,NA,NA,NA,NA,NA,NA,true,TRUE,TRUE,2721.0604341894805,2779.9534975372662,2721.376543611973,58.893063347785755,58.893063347785755,12.000000000000023,FALSE,19807.76,FALSE,FALSE,TRUE
skewness_heavy_tails,skewness and heavy tails,EST,NH,32,1000,341,0.341,0.6357279084551812,TRUE,TRUE,TRUE,0,NA,-1480.4007676295707,2976.8015352591415,3016.063577490999,2976.946843029071,8,180.767,NA,2962.8015352591415,2967.7092905381237,1.000000000000017,NA,HeckmanEM,NA,raw_AIC_BIC_implied_logLik,finite_logLik_no_explicit_code,3,4.513253588797197,1.5132535887971974,0.4,0.7337617042643974,0.33376170426439733,-0.7,NA,NA,0.7,NA,NA,0.5,NA,NA,0.5,NA,5,NA,NA,-0.7,-0.9107177491223044,-0.21071774912230457,0.15,0.11356087280042557,-0.03643912719957444,1,0.8950816497713249,-0.10491835022867511,5,4.187416532576932,-0.8125834674230683,1.5,1.56966807205101,0.06966807205100989,0.8,0.7001824839869761,-0.09981751601302392,39.26204223185732,39.262042231857095,2.2737367544323206e-13,NA,NA,NA,NA,NA,NA,NA,NA,NA,NA,NA,NA,NA,NA,NA,NA,NA,NA,NA,NA,NA,NA,NA,NA,NA,NA,NA,NA,NA,NA,NA,NA,NA,NA,NA,NA,NA,NA,NA,NA,NA,NA,NA,NA,NA,NA,NA,NA,NA,NA,NA,NA,NA,NA,NA,NA,NA,NA,NA,NA,NA,NA,NA,NA,NA,NA,NA,NA,NA,NA,NA,NA,NA,NA,NA,NA,NA,NA,NA,NA,NA,NA,NA,NA,NA,NA,NA,NA,NA,NA,NA,NA,NA,NA,NA,NA,NA,NA,NA,NA,NA,NA,true,TRUE,TRUE,2976.8015352591415,3016.063577490999,2976.946843029071,39.26204223185732,39.26204223185732,8.000000000000046,FALSE,180.767,NA,NA,NA
skewness_heavy_tails,skewness and heavy tails,EST,HT,32,1000,341,0.341,0.6357279084551812,TRUE,TRUE,TRUE,0,NA,-1460.7588478292191,2939.5176956584382,2983.6874931692773,2939.6995138402563,9,217.449,NA,2923.5176956584382,2928.4254509374205,1.000000000000017,NA,HeckmanEM,NA,raw_AIC_BIC_implied_logLik,finite_logLik_no_explicit_code,3,3.075474428688337,0.07547442868833709,0.4,0.6641102781145141,0.26411027811451404,-0.7,NA,NA,0.7,NA,NA,0.5,NA,NA,0.5,NA,5,NA,NA,-0.7,-1.0927908533788564,-0.3927908533788565,0.15,0.14512541922776104,-0.00487458077223895,1,1.1046012540101269,0.10460125401012664,5,4.631911556244266,-0.3680884437557337,1.5,1.3930662584042124,-0.1069337415957876,0.8,0.8004413169515119,4.413169515118387e-4,44.16979751083909,44.16979751083923,-1.4210854715202004e-13,NA,NA,NA,NA,NA,NA,NA,NA,NA,NA,NA,NA,NA,NA,NA,NA,NA,NA,NA,NA,NA,NA,NA,NA,NA,NA,NA,NA,NA,NA,NA,NA,NA,NA,NA,NA,NA,NA,NA,NA,NA,NA,NA,NA,NA,NA,NA,NA,NA,NA,NA,NA,NA,NA,NA,NA,NA,NA,NA,NA,NA,NA,NA,NA,NA,NA,NA,NA,NA,NA,NA,NA,NA,NA,NA,NA,NA,NA,NA,NA,NA,NA,NA,NA,NA,NA,NA,NA,NA,NA,NA,NA,NA,NA,NA,NA,NA,NA,NA,NA,NA,NA,true,TRUE,TRUE,2939.5176956584382,2983.6874931692773,2939.6995138402563,44.16979751083909,44.16979751083909,8.999999999999972,FALSE,217.449,NA,NA,NA
skewness_heavy_tails,skewness and heavy tails,EST,CN,32,1000,341,0.341,0.6357279084551812,TRUE,TRUE,TRUE,0,NA,-1460.8253252689,2941.6506505377997,2990.728203327621,2941.8730974538767,10,595.502,NA,2923.6506505377997,2928.558405816782,1.000000000000017,NA,HeckmanEM,NA,raw_AIC_BIC_implied_logLik,finite_logLik_no_explicit_code,3,2.559313706526546,-0.4406862934734539,0.4,0.6733412302371015,0.27334123023710144,-0.7,NA,NA,0.7,NA,NA,0.5,NA,NA,0.5,NA,5,NA,NA,-0.7,-1.2958431354046702,-0.5958431354046703,0.15,0.17372678459456453,0.02372678459456453,1,1.3095787081621135,0.30957870816211375,5,4.604778353658143,-0.39522164634185675,1.5,1.405555121341073,-0.09444487865892692,0.8,0.8037915451844833,0.00379154518448321,49.07755278982131,49.07755278982137,-5.684341886080802e-14,NA,NA,NA,NA,NA,NA,NA,NA,NA,NA,NA,NA,NA,NA,NA,NA,NA,NA,NA,NA,NA,NA,NA,NA,NA,NA,NA,NA,NA,NA,NA,NA,NA,NA,NA,NA,NA,NA,NA,NA,NA,NA,NA,NA,NA,NA,NA,NA,NA,NA,NA,NA,NA,NA,NA,NA,NA,NA,NA,NA,NA,NA,NA,NA,NA,NA,NA,NA,NA,NA,NA,NA,NA,NA,NA,NA,NA,NA,NA,NA,NA,NA,NA,NA,NA,NA,NA,NA,NA,NA,NA,NA,NA,NA,NA,NA,NA,NA,NA,NA,NA,NA,true,TRUE,TRUE,2941.6506505378,2990.7282033276215,2941.873097453877,49.07755278982131,49.07755278982131,9.999999999999988,FALSE,595.502,NA,NA,NA
skewness_heavy_tails,skewness and heavy tails,EST,ESN,32,1000,341,0.341,0.6357279084551812,TRUE,TRUE,TRUE,0,CONVERGENCE: REL_REDUCTION_OF_F <= FACTR*EPSMCH,-1471.250845444732,2964.501690889464,3018.4869989582676,2964.768897367197,11,17983.58,NA,NA,NA,NA,10,stage2,1478.27493131906;1480.40862716836;1478.37654985299;1480.41322230348;1478.2777486978;1480.39806848661;1480.41777417465;1478.17338684534;1478.21132535838;1474.66633625783;1478.18268748239;1478.23810472666;1478.81678584189;1480.40076737198,proposed_likelihood,stage2,3,6.037722064948681,3.0377220649486807,0.4,0.7386631989498642,0.3386631989498642,-0.7,1.4895469265361871,2.1895469265361873,0.7,1.4725365172040137,0.7725365172040135,0.5,-1.4925821305300957,-1.9925821305300957,0.5,-1.4925821305300957,5,NA,NA,-0.7,-1.5858156176578246,-0.8858156176578247,0.15,0.10099060984246087,-0.04900939015753912,1,0.8021214063105363,-0.1978785936894637,5,-1.5526609906609576,-6.552660990660957,1.5,1.4448002518126897,-0.05519974818731055,0.8,0.7003292198595844,-0.09967078014041564,53.98530806880353,53.985308068803505,2.842170943040401e-14,NA,NA,NA,NA,NA,NA,NA,NA,NA,NA,NA,NA,NA,NA,NA,NA,NA,NA,NA,NA,NA,NA,NA,NA,NA,NA,NA,NA,NA,NA,NA,NA,NA,NA,NA,NA,NA,NA,NA,NA,NA,NA,NA,NA,NA,NA,NA,NA,NA,NA,NA,NA,NA,NA,NA,NA,NA,NA,NA,NA,NA,NA,NA,NA,NA,NA,NA,NA,NA,NA,NA,NA,NA,NA,NA,NA,NA,NA,NA,NA,NA,NA,NA,NA,NA,NA,NA,NA,NA,NA,NA,NA,NA,NA,NA,NA,NA,NA,NA,NA,NA,NA,true,TRUE,TRUE,2964.501690889464,3018.4869989582676,2964.768897367197,53.98530806880353,53.98530806880353,11.000000000000005,FALSE,17983.58,TRUE,TRUE,TRUE
skewness_heavy_tails,skewness and heavy tails,EST,EST,32,1000,341,0.341,0.6357279084551812,TRUE,TRUE,TRUE,0,CONVERGENCE: REL_REDUCTION_OF_F <= FACTR*EPSMCH,-1460.3315286490408,2944.6630572980816,3003.5561206458674,2944.979166720574,12,17739.082000000002,NA,NA,NA,NA,40,stage2,1460.55262908389;1e+12;1e+12;1460.55866871334;1e+12;1e+12;1460.5504206174;1e+12;1e+12;1460.55305083487;1e+12;1e+12;1460.54723945008;1e+12;1e+12;1460.33486873269;1e+12;1e+12;1460.55440113109;1e+12;1e+12;1460.40685456925;1e+12;1e+12;1460.54589481039;1e+12;1e+12;1460.3456791829;1e+12;1e+12;1460.33181266862;1e+12;1e+12;1460.54827705537;1e+12;1e+12;1460.55206277447;1e+12;1e+12;1460.3317573945;1e+12;1e+12,proposed_likelihood,stage2,3,3.10176461729674,0.10176461729674012,0.4,0.5601030926922465,0.16010309269224643,-0.7,0.03878919634889529,0.7387891963488953,0.7,0.5445899633544975,-0.15541003664550246,0.5,0.9032809389749358,0.4032809389749358,0.5,0.9032809389749358,5,4,-1,-0.7,-1.0873546625655994,-0.3873546625655995,0.15,0.14226579798262998,-0.00773420201737001,1,1.0892467387709388,0.0892467387709388,5,4.439569332399816,-0.5604306676001842,1.5,1.3778485174858903,-0.12215148251410946,0.8,0.7897688809868543,-0.01023111901314577,58.893063347785755,58.89306334778564,1.1368683772161603e-13,NA,NA,NA,NA,NA,NA,NA,NA,NA,NA,NA,NA,NA,NA,NA,NA,NA,NA,NA,NA,NA,NA,NA,NA,NA,NA,NA,NA,NA,NA,NA,NA,NA,NA,NA,NA,NA,NA,NA,NA,NA,NA,NA,NA,NA,NA,NA,NA,NA,NA,NA,NA,NA,NA,NA,NA,NA,NA,NA,NA,NA,NA,NA,NA,NA,NA,NA,NA,NA,NA,NA,NA,NA,NA,NA,NA,NA,NA,NA,NA,NA,NA,NA,NA,NA,NA,NA,NA,NA,NA,NA,NA,NA,NA,NA,NA,NA,NA,NA,NA,NA,NA,true,TRUE,TRUE,2944.6630572980816,3003.5561206458674,2944.979166720574,58.893063347785755,58.893063347785755,12.000000000000023,FALSE,17739.082000000002,FALSE,FALSE,FALSE
skewness_heavy_tails,skewness and heavy tails,EST,NH,33,1000,324,0.324,0.6242197253433208,TRUE,TRUE,TRUE,0,NA,-1405.876383456079,2827.7527669121587,2867.014809144016,2827.898074682088,8,99.835,NA,2813.7527669121587,2818.660522191141,1.000000000000017,NA,HeckmanEM,NA,raw_AIC_BIC_implied_logLik,finite_logLik_no_explicit_code,3,4.62762300761808,1.6276230076180802,0.4,0.7675821165772628,0.3675821165772628,-0.7,NA,NA,0.7,NA,NA,0.5,NA,NA,0.5,NA,5,NA,NA,-0.7,-0.9917157928660514,-0.2917157928660514,0.15,0.1364298533072679,-0.01357014669273209,1,0.9166097807060668,-0.08339021929393331,5,3.767244194337017,-1.232755805662983,1.5,1.4565490809609238,-0.04345091903907616,0.8,0.9217271594893476,0.12172715948934744,39.26204223185732,39.262042231857095,-2.2737367544323206e-13,NA,NA,NA,NA,NA,NA,NA,NA,NA,NA,NA,NA,NA,NA,NA,NA,NA,NA,NA,NA,NA,NA,NA,NA,NA,NA,NA,NA,NA,NA,NA,NA,NA,NA,NA,NA,NA,NA,NA,NA,NA,NA,NA,NA,NA,NA,NA,NA,NA,NA,NA,NA,NA,NA,NA,NA,NA,NA,NA,NA,NA,NA,NA,NA,NA,NA,NA,NA,NA,NA,NA,NA,NA,NA,NA,NA,NA,NA,NA,NA,NA,NA,NA,NA,NA,NA,NA,NA,NA,NA,NA,NA,NA,NA,NA,NA,NA,NA,NA,NA,NA,NA,true,TRUE,TRUE,2827.752766912158,2867.014809144015,2827.8980746820876,39.26204223185732,39.26204223185687,8.000000000000046,FALSE,99.835,NA,NA,NA
skewness_heavy_tails,skewness and heavy tails,EST,HT,33,1000,324,0.324,0.6242197253433208,TRUE,TRUE,TRUE,0,NA,-1389.865584864442,2797.731169728884,2841.9009672397233,2797.912987910702,9,265.02,NA,2781.731169728884,2786.6389250078664,1.000000000000017,NA,HeckmanEM,NA,raw_AIC_BIC_implied_logLik,finite_logLik_no_explicit_code,3,3.227364662879103,0.22736466287910284,0.4,0.6635843537817964,0.26358435378179634,-0.7,NA,NA,0.7,NA,NA,0.5,NA,NA,0.5,NA,5,NA,NA,-0.7,-1.1507357214609302,-0.4507357214609302,0.15,0.16495043723976,0.01495043723976,1,1.0819167634418518,0.08191676344185184,5,4.668178005229236,-0.33182199477076413,1.5,1.3566521142651564,-0.14334788573484358,0.8,0.8684529805399378,0.06845298053993776,44.16979751083909,44.16979751083923,-1.4210854715202004e-13,NA,NA,NA,NA,NA,NA,NA,NA,NA,NA,NA,NA,NA,NA,NA,NA,NA,NA,NA,NA,NA,NA,NA,NA,NA,NA,NA,NA,NA,NA,NA,NA,NA,NA,NA,NA,NA,NA,NA,NA,NA,NA,NA,NA,NA,NA,NA,NA,NA,NA,NA,NA,NA,NA,NA,NA,NA,NA,NA,NA,NA,NA,NA,NA,NA,NA,NA,NA,NA,NA,NA,NA,NA,NA,NA,NA,NA,NA,NA,NA,NA,NA,NA,NA,NA,NA,NA,NA,NA,NA,NA,NA,NA,NA,NA,NA,NA,NA,NA,NA,NA,NA,true,TRUE,TRUE,2797.731169728884,2841.9009672397233,2797.912987910702,44.16979751083909,44.16979751083909,8.999999999999972,FALSE,265.02,NA,NA,NA
skewness_heavy_tails,skewness and heavy tails,EST,CN,33,1000,324,0.324,0.6242197253433208,TRUE,TRUE,TRUE,0,NA,-1388.9465319453464,2797.8930638906927,2846.970616680514,2798.1155108067696,10,589.736,NA,2779.8930638906927,2784.800819169675,1.000000000000017,NA,HeckmanEM,NA,raw_AIC_BIC_implied_logLik,finite_logLik_no_explicit_code,3,3.1342450423962287,0.1342450423962287,0.4,0.6683643157527942,0.2683643157527942,-0.7,NA,NA,0.7,NA,NA,0.5,NA,NA,0.5,NA,5,NA,NA,-0.7,-1.186653562821382,-0.48665356282138195,0.15,0.17001867892662045,0.02001867892662046,1,1.1128758469046651,0.11287584690466512,5,4.629119654919773,-0.3708803450802272,1.5,1.3361707590334493,-0.16382924096655072,0.8,0.868009209504912,0.06800920950491196,49.07755278982131,49.07755278982137,-5.684341886080802e-14,NA,NA,NA,NA,NA,NA,NA,NA,NA,NA,NA,NA,NA,NA,NA,NA,NA,NA,NA,NA,NA,NA,NA,NA,NA,NA,NA,NA,NA,NA,NA,NA,NA,NA,NA,NA,NA,NA,NA,NA,NA,NA,NA,NA,NA,NA,NA,NA,NA,NA,NA,NA,NA,NA,NA,NA,NA,NA,NA,NA,NA,NA,NA,NA,NA,NA,NA,NA,NA,NA,NA,NA,NA,NA,NA,NA,NA,NA,NA,NA,NA,NA,NA,NA,NA,NA,NA,NA,NA,NA,NA,NA,NA,NA,NA,NA,NA,NA,NA,NA,NA,NA,true,TRUE,TRUE,2797.8930638906927,2846.970616680514,2798.1155108067696,49.07755278982131,49.07755278982131,9.999999999999988,FALSE,589.736,NA,NA,NA
skewness_heavy_tails,skewness and heavy tails,EST,ESN,33,1000,324,0.324,0.6242197253433208,TRUE,TRUE,TRUE,0,CONVERGENCE: REL_REDUCTION_OF_F <= FACTR*EPSMCH,-1405.8763831118026,2833.7527662236052,2887.738074292409,2834.0199727013382,11,14629,NA,NA,NA,NA,14,stage2,1405.88711644793;1405.87901626111;1405.89868897731;1405.88549252406;1405.88598322497;1405.88041308841;1405.88560783259;1405.8794850419;1405.88545124803;1405.87642601639;1405.87705213465;1405.88230217745;1405.89988108689;1405.87638322446,proposed_likelihood,stage2,3,4.627642464218288,1.6276424642182876,0.4,0.767587564011073,0.36758756401107295,-0.7,-4.427676529935891e-7,0.699999557232347,0.7,-1.8043502603101427e-5,-0.7000180435026031,0.5,-2.445450711607532e-11,-0.5000000000244545,0.5,-2.445450711607532e-11,5,NA,NA,-0.7,-0.9917042664494748,-0.2917042664494748,0.15,0.1364288062668803,-0.01357119373311968,1,0.9166131146667204,-0.08338688533327965,5,3.767240815567439,-1.2327591844325605,1.5,1.4565491656197802,-0.04345083438021979,0.8,0.9217202593955888,0.1217202593955886,53.98530806880353,53.985308068803505,2.842170943040401e-14,NA,NA,NA,NA,NA,NA,NA,NA,NA,NA,NA,NA,NA,NA,NA,NA,NA,NA,NA,NA,NA,NA,NA,NA,NA,NA,NA,NA,NA,NA,NA,NA,NA,NA,NA,NA,NA,NA,NA,NA,NA,NA,NA,NA,NA,NA,NA,NA,NA,NA,NA,NA,NA,NA,NA,NA,NA,NA,NA,NA,NA,NA,NA,NA,NA,NA,NA,NA,NA,NA,NA,NA,NA,NA,NA,NA,NA,NA,NA,NA,NA,NA,NA,NA,NA,NA,NA,NA,NA,NA,NA,NA,NA,NA,NA,NA,NA,NA,NA,NA,NA,NA,true,TRUE,TRUE,2833.7527662236052,2887.738074292409,2834.0199727013382,53.98530806880353,53.98530806880353,11.000000000000005,FALSE,14629,FALSE,FALSE,FALSE
skewness_heavy_tails,skewness and heavy tails,EST,EST,33,1000,324,0.324,0.6242197253433208,TRUE,TRUE,TRUE,0,CONVERGENCE: REL_REDUCTION_OF_F <= FACTR*EPSMCH,-1388.2171394496534,2800.4342788993067,2859.3273422470925,2800.750388321799,12,19903.409,NA,NA,NA,NA,28,stage2,1388.85885108123;1e+12;1e+12;1388.93679561761;1e+12;1e+12;1389.10091653824;1e+12;1e+12;1388.31438079418;1e+12;1e+12;1389.0807102768;1e+12;1e+12;1388.22009690914;1e+12;1e+12;1388.47972601155;1e+12;1e+12;1388.58956420985;1e+12;1e+12;1389.10606284847;1e+12;1e+12;1388.2281597604;1e+12;1e+12;1388.24427665016;1e+12;1e+12;1388.33784074962;1e+12;1e+12;1389.04288271916;1e+12;1e+12;1388.25012281775;1e+12;1e+12,proposed_likelihood,stage2,3,3.2541583315778797,0.2541583315778797,0.4,0.3893656743720677,-0.01063432562793231,-0.7,-0.904943523491395,-0.204943523491395,0.7,1.056594973733776,0.3565949737337759,0.5,1.4925821305300957,0.9925821305300956,0.5,1.4925821305300957,5,4,-1,-0.7,-0.8443559289156036,-0.14435592891560367,0.15,0.15079580423803482,7.958042380348251e-4,1,0.9823429799088428,-0.01765702009115732,5,4.748343517087117,-0.2516564829128827,1.5,1.3426311542249152,-0.1573688457750848,0.8,0.8559567837054668,0.05595678370546675,58.893063347785755,58.89306334778564,1.1368683772161603e-13,NA,NA,NA,NA,NA,NA,NA,NA,NA,NA,NA,NA,NA,NA,NA,NA,NA,NA,NA,NA,NA,NA,NA,NA,NA,NA,NA,NA,NA,NA,NA,NA,NA,NA,NA,NA,NA,NA,NA,NA,NA,NA,NA,NA,NA,NA,NA,NA,NA,NA,NA,NA,NA,NA,NA,NA,NA,NA,NA,NA,NA,NA,NA,NA,NA,NA,NA,NA,NA,NA,NA,NA,NA,NA,NA,NA,NA,NA,NA,NA,NA,NA,NA,NA,NA,NA,NA,NA,NA,NA,NA,NA,NA,NA,NA,NA,NA,NA,NA,NA,NA,NA,true,TRUE,TRUE,2800.4342788993067,2859.3273422470925,2800.750388321799,58.893063347785755,58.893063347785755,12.000000000000023,FALSE,19903.409,FALSE,FALSE,TRUE
skewness_heavy_tails,skewness and heavy tails,EST,NH,34,1000,338,0.338,0.6134969325153374,TRUE,TRUE,TRUE,0,NA,-1376.4638166154757,2768.927633230951,2808.189675462808,2769.0729410008803,8,150.38,NA,2754.927633230951,2759.835388509933,1.000000000000017,NA,HeckmanEM,NA,raw_AIC_BIC_implied_logLik,finite_logLik_no_explicit_code,3,3.871711199912107,0.8717111999121072,0.4,0.7764582995458803,0.3764582995458803,-0.7,NA,NA,0.7,NA,NA,0.5,NA,NA,0.5,NA,5,NA,NA,-0.7,-1.0826267275231234,-0.38262672752312343,0.15,0.1496703979291591,-3.296020708409009e-4,1,1.0734298234377468,0.07342982343774684,5,5.061612501183595,0.06161250118359529,1.5,1.6634668132339443,0.16346681323394452,0.8,0.5677491923402027,-0.23225080765979733,39.26204223185687,39.262042231857095,2.2737367544323206e-13,NA,NA,NA,NA,NA,NA,NA,NA,NA,NA,NA,NA,NA,NA,NA,NA,NA,NA,NA,NA,NA,NA,NA,NA,NA,NA,NA,NA,NA,NA,NA,NA,NA,NA,NA,NA,NA,NA,NA,NA,NA,NA,NA,NA,NA,NA,NA,NA,NA,NA,NA,NA,NA,NA,NA,NA,NA,NA,NA,NA,NA,NA,NA,NA,NA,NA,NA,NA,NA,NA,NA,NA,NA,NA,NA,NA,NA,NA,NA,NA,NA,NA,NA,NA,NA,NA,NA,NA,NA,NA,NA,NA,NA,NA,NA,NA,NA,NA,NA,NA,NA,NA,true,TRUE,TRUE,2768.9276332309514,2808.1896754628087,2769.0729410008807,39.26204223185687,39.26204223185732,7.999999999999954,FALSE,150.38,NA,NA,NA
skewness_heavy_tails,skewness and heavy tails,EST,HT,34,1000,338,0.338,0.6134969325153374,TRUE,TRUE,TRUE,0,NA,-1371.1019491639818,2760.2038983279635,2804.373695838802,2760.3857165097816,9,181.129,NA,2744.2038983279635,2749.1116536069458,1.000000000000017,NA,HeckmanEM,NA,raw_AIC_BIC_implied_logLik,finite_logLik_no_explicit_code,3,3.2609348737741075,0.2609348737741075,0.4,0.7228677776664447,0.3228677776664447,-0.7,NA,NA,0.7,NA,NA,0.5,NA,NA,0.5,NA,5,NA,NA,-0.7,-1.1756628263535531,-0.4756628263535532,0.15,0.16381342676142796,0.01381342676142796,1,1.1771528728856775,0.1771528728856775,5,5.386967810664213,0.3869678106642134,1.5,1.6768657208267626,0.17686572082676255,0.8,0.5857207694462934,-0.21427923055370668,44.16979751083909,44.16979751083923,-1.4210854715202004e-13,NA,NA,NA,NA,NA,NA,NA,NA,NA,NA,NA,NA,NA,NA,NA,NA,NA,NA,NA,NA,NA,NA,NA,NA,NA,NA,NA,NA,NA,NA,NA,NA,NA,NA,NA,NA,NA,NA,NA,NA,NA,NA,NA,NA,NA,NA,NA,NA,NA,NA,NA,NA,NA,NA,NA,NA,NA,NA,NA,NA,NA,NA,NA,NA,NA,NA,NA,NA,NA,NA,NA,NA,NA,NA,NA,NA,NA,NA,NA,NA,NA,NA,NA,NA,NA,NA,NA,NA,NA,NA,NA,NA,NA,NA,NA,NA,NA,NA,NA,NA,NA,NA,true,TRUE,TRUE,2760.2038983279635,2804.3736958388026,2760.3857165097816,44.169797510838634,44.16979751083909,8.99999999999988,FALSE,181.129,NA,NA,NA
skewness_heavy_tails,skewness and heavy tails,EST,CN,34,1000,338,0.338,0.6134969325153374,TRUE,TRUE,TRUE,0,NA,-1369.5072867768924,2759.014573553785,2808.092126343606,2759.237020469862,10,323.32699999999994,NA,2741.014573553785,2745.922328832767,1.000000000000017,NA,HeckmanEM,NA,raw_AIC_BIC_implied_logLik,finite_logLik_no_explicit_code,3,3.4248986999236837,0.4248986999236837,0.4,0.7195366378207828,0.3195366378207828,-0.7,NA,NA,0.7,NA,NA,0.5,NA,NA,0.5,NA,5,NA,NA,-0.7,-1.1409186759490797,-0.4409186759490795,0.15,0.15914809273989497,0.00914809273989497,1,1.1413180489409347,0.1413180489409347,5,5.416608964897894,0.4166089648978941,1.5,1.6700698431244474,0.1700698431244474,0.8,0.5685025380875147,-0.23149746191248533,49.07755278982131,49.07755278982137,-5.684341886080802e-14,NA,NA,NA,NA,NA,NA,NA,NA,NA,NA,NA,NA,NA,NA,NA,NA,NA,NA,NA,NA,NA,NA,NA,NA,NA,NA,NA,NA,NA,NA,NA,NA,NA,NA,NA,NA,NA,NA,NA,NA,NA,NA,NA,NA,NA,NA,NA,NA,NA,NA,NA,NA,NA,NA,NA,NA,NA,NA,NA,NA,NA,NA,NA,NA,NA,NA,NA,NA,NA,NA,NA,NA,NA,NA,NA,NA,NA,NA,NA,NA,NA,NA,NA,NA,NA,NA,NA,NA,NA,NA,NA,NA,NA,NA,NA,NA,NA,NA,NA,NA,NA,NA,true,TRUE,TRUE,2759.014573553785,2808.092126343606,2759.237020469862,49.07755278982131,49.07755278982131,9.999999999999988,FALSE,323.32699999999994,NA,NA,NA
skewness_heavy_tails,skewness and heavy tails,EST,ESN,34,1000,338,0.338,0.6134969325153374,TRUE,TRUE,TRUE,0,CONVERGENCE: REL_REDUCTION_OF_F <= FACTR*EPSMCH,-1373.3673857895838,2768.7347715791675,2822.720079647971,2769.0019780569005,11,17736.345,NA,NA,NA,NA,6,stage2,1376.46476609258;1376.46566514591;1376.46659211708;1376.47265346076;1376.46457175719;1376.44091030965;1376.47115798064;1376.46385226036;1376.46457484454;1376.42937189697;1376.4641954811;1376.46375733168;1376.46896908694;1376.46381629851,proposed_likelihood,stage2,3,5.220284206431827,2.2202842064318267,0.4,0.7322884283284101,0.3322884283284101,-0.7,0.9266430376056104,1.6266430376056102,0.7,1.4872179491302988,0.7872179491302989,0.5,-1.492270862187932,-1.992270862187932,0.5,-1.492270862187932,5,NA,NA,-0.7,-1.6235273181040313,-0.9235273181040312,0.15,0.14272964941148353,-0.00727035058851646,1,1.0180811758102637,0.01808117581026347,5,-0.25032035639985734,-5.2503203563998575,1.5,1.6817349468314091,0.18173494683140937,0.8,0.566235424179456,-0.233764575820544,53.98530806880353,53.985308068803505,2.842170943040401e-14,NA,NA,NA,NA,NA,NA,NA,NA,NA,NA,NA,NA,NA,NA,NA,NA,NA,NA,NA,NA,NA,NA,NA,NA,NA,NA,NA,NA,NA,NA,NA,NA,NA,NA,NA,NA,NA,NA,NA,NA,NA,NA,NA,NA,NA,NA,NA,NA,NA,NA,NA,NA,NA,NA,NA,NA,NA,NA,NA,NA,NA,NA,NA,NA,NA,NA,NA,NA,NA,NA,NA,NA,NA,NA,NA,NA,NA,NA,NA,NA,NA,NA,NA,NA,NA,NA,NA,NA,NA,NA,NA,NA,NA,NA,NA,NA,NA,NA,NA,NA,NA,NA,true,TRUE,TRUE,2768.7347715791675,2822.720079647971,2769.0019780569005,53.98530806880353,53.98530806880353,11.000000000000005,FALSE,17736.345,FALSE,TRUE,TRUE
skewness_heavy_tails,skewness and heavy tails,EST,EST,34,1000,338,0.338,0.6134969325153374,TRUE,TRUE,TRUE,0,CONVERGENCE: REL_REDUCTION_OF_F <= FACTR*EPSMCH,-1372.2515287368149,2768.5030574736297,2827.3961208214155,2768.819166896122,12,19066.766999999996,NA,NA,NA,NA,31,stage2,1372.27600476368;1e+12;1e+12;1372.26955499642;1e+12;1e+12;1372.26920323763;1e+12;1e+12;1372.27089982955;1e+12;1e+12;1372.2567493817;1e+12;1e+12;1372.26555237582;1e+12;1e+12;1372.25879964124;1e+12;1e+12;1372.25854875625;1e+12;1e+12;1372.27937216267;1e+12;1e+12;1372.26159840298;1e+12;1e+12;1372.25153076287;1e+12;1e+12;1372.2545404915;1e+12;1e+12;1372.28071042369;1e+12;1e+12;1372.25942989339;1e+12;1e+12,proposed_likelihood,stage2,3,3.536953813164535,0.5369538131645348,0.4,0.7713254213791277,0.3713254213791277,-0.7,-1.4925821305300957,-0.7925821305300957,0.7,0.26895561372597443,-0.4310443862740255,0.5,1.4925821305300957,0.9925821305300956,0.5,1.4925821305300957,5,4,-1,-0.7,-0.6503294206284445,0.0496705793715555,0.15,0.1363645706636679,-0.0136354293363321,1,0.9615010994708554,-0.03849890052914462,5,6.071145049859581,1.071145049859581,1.5,1.6907600333376862,0.1907600333376862,0.8,0.5970057120941129,-0.2029942879058871,58.893063347785755,58.89306334778564,1.1368683772161603e-13,NA,NA,NA,NA,NA,NA,NA,NA,NA,NA,NA,NA,NA,NA,NA,NA,NA,NA,NA,NA,NA,NA,NA,NA,NA,NA,NA,NA,NA,NA,NA,NA,NA,NA,NA,NA,NA,NA,NA,NA,NA,NA,NA,NA,NA,NA,NA,NA,NA,NA,NA,NA,NA,NA,NA,NA,NA,NA,NA,NA,NA,NA,NA,NA,NA,NA,NA,NA,NA,NA,NA,NA,NA,NA,NA,NA,NA,NA,NA,NA,NA,NA,NA,NA,NA,NA,NA,NA,NA,NA,NA,NA,NA,NA,NA,NA,NA,NA,NA,NA,NA,NA,true,TRUE,TRUE,2768.5030574736297,2827.3961208214155,2768.819166896122,58.893063347785755,58.893063347785755,12.000000000000023,FALSE,19066.766999999996,TRUE,FALSE,TRUE
skewness_heavy_tails,skewness and heavy tails,EST,NH,35,1000,328,0.328,0.6325110689437066,TRUE,TRUE,TRUE,0,NA,-1387.2172574911283,2790.4345149822566,2829.6965572141135,2790.579822752186,8,148.589,NA,2776.4345149822566,2781.342270261239,1.000000000000017,NA,HeckmanEM,NA,raw_AIC_BIC_implied_logLik,finite_logLik_no_explicit_code,3,3.9538277682286016,0.9538277682286016,0.4,0.6049716219478414,0.20497162194784135,-0.7,NA,NA,0.7,NA,NA,0.5,NA,NA,0.5,NA,5,NA,NA,-0.7,-1.0864689615262684,-0.3864689615262684,0.15,0.16881702797695203,0.01881702797695203,1,1.0786106465852572,0.07861064658525718,5,4.787376760885137,-0.2126232391148628,1.5,1.5884659852890408,0.08846598528904082,0.8,0.8795360108485603,0.07953601084856021,39.26204223185687,39.262042231857095,-2.2737367544323206e-13,NA,NA,NA,NA,NA,NA,NA,NA,NA,NA,NA,NA,NA,NA,NA,NA,NA,NA,NA,NA,NA,NA,NA,NA,NA,NA,NA,NA,NA,NA,NA,NA,NA,NA,NA,NA,NA,NA,NA,NA,NA,NA,NA,NA,NA,NA,NA,NA,NA,NA,NA,NA,NA,NA,NA,NA,NA,NA,NA,NA,NA,NA,NA,NA,NA,NA,NA,NA,NA,NA,NA,NA,NA,NA,NA,NA,NA,NA,NA,NA,NA,NA,NA,NA,NA,NA,NA,NA,NA,NA,NA,NA,NA,NA,NA,NA,NA,NA,NA,NA,NA,NA,true,TRUE,TRUE,2790.4345149822566,2829.6965572141135,2790.579822752186,39.26204223185687,39.26204223185687,7.999999999999954,FALSE,148.589,NA,NA,NA
skewness_heavy_tails,skewness and heavy tails,EST,HT,35,1000,328,0.328,0.6325110689437066,TRUE,TRUE,TRUE,0,NA,-1361.1222705851042,2740.2445411702083,2784.4143386810474,2740.4263593520263,9,149.81199999999998,NA,2724.2445411702083,2729.1522964491905,1.000000000000017,NA,HeckmanEM,NA,raw_AIC_BIC_implied_logLik,finite_logLik_no_explicit_code,3,2.5287919133393753,-0.47120808666062475,0.4,0.5716127678564337,0.17161276785643365,-0.7,NA,NA,0.7,NA,NA,0.5,NA,NA,0.5,NA,5,NA,NA,-0.7,-1.3005656091197522,-0.6005656091197522,0.15,0.20810542075377467,0.05810542075377467,1,1.2927475453753416,0.29274754537534164,5,5.123560862707106,0.12356086270710608,1.5,1.5798290628695395,0.07982906286953972,0.8,0.9067425555818128,0.10674255558181288,44.16979751083909,44.16979751083923,-1.4210854715202004e-13,NA,NA,NA,NA,NA,NA,NA,NA,NA,NA,NA,NA,NA,NA,NA,NA,NA,NA,NA,NA,NA,NA,NA,NA,NA,NA,NA,NA,NA,NA,NA,NA,NA,NA,NA,NA,NA,NA,NA,NA,NA,NA,NA,NA,NA,NA,NA,NA,NA,NA,NA,NA,NA,NA,NA,NA,NA,NA,NA,NA,NA,NA,NA,NA,NA,NA,NA,NA,NA,NA,NA,NA,NA,NA,NA,NA,NA,NA,NA,NA,NA,NA,NA,NA,NA,NA,NA,NA,NA,NA,NA,NA,NA,NA,NA,NA,NA,NA,NA,NA,NA,NA,true,TRUE,TRUE,2740.2445411702083,2784.4143386810474,2740.4263593520263,44.16979751083909,44.16979751083909,8.999999999999972,FALSE,149.81199999999998,NA,NA,NA
skewness_heavy_tails,skewness and heavy tails,EST,CN,35,1000,328,0.328,0.6325110689437066,TRUE,TRUE,TRUE,0,NA,-1362.9604328705664,2745.9208657411327,2794.998418530954,2746.1433126572097,10,608.4079999999999,NA,2727.9208657411327,2732.828621020115,1.000000000000017,NA,HeckmanEM,NA,raw_AIC_BIC_implied_logLik,finite_logLik_no_explicit_code,3,2.5033002404557116,-0.4966997595442883,0.4,0.5821106179977646,0.18211061799776465,-0.7,NA,NA,0.7,NA,NA,0.5,NA,NA,0.5,NA,5,NA,NA,-0.7,-1.355513455887161,-0.6555134558871614,0.15,0.21636065928008505,0.06636065928008503,1,1.3506595032966568,0.35065950329665685,5,5.116128829786794,0.11612882978679372,1.5,1.5541139085600597,0.05411390856005949,0.8,0.8915979536083952,0.09159795360839518,49.07755278982131,49.07755278982137,-5.684341886080802e-14,NA,NA,NA,NA,NA,NA,NA,NA,NA,NA,NA,NA,NA,NA,NA,NA,NA,NA,NA,NA,NA,NA,NA,NA,NA,NA,NA,NA,NA,NA,NA,NA,NA,NA,NA,NA,NA,NA,NA,NA,NA,NA,NA,NA,NA,NA,NA,NA,NA,NA,NA,NA,NA,NA,NA,NA,NA,NA,NA,NA,NA,NA,NA,NA,NA,NA,NA,NA,NA,NA,NA,NA,NA,NA,NA,NA,NA,NA,NA,NA,NA,NA,NA,NA,NA,NA,NA,NA,NA,NA,NA,NA,NA,NA,NA,NA,NA,NA,NA,NA,NA,NA,true,TRUE,TRUE,2745.9208657411327,2794.998418530954,2746.1433126572097,49.07755278982131,49.07755278982131,9.999999999999988,FALSE,608.4079999999999,NA,NA,NA
skewness_heavy_tails,skewness and heavy tails,EST,ESN,35,1000,328,0.328,0.6325110689437066,TRUE,TRUE,TRUE,0,CONVERGENCE: REL_REDUCTION_OF_F <= FACTR*EPSMCH,-1381.7510098019427,2785.5020196038854,2839.487327672689,2785.7692260816184,11,16801.85,NA,NA,NA,NA,10,stage2,1386.13244565228;1387.21493409378;1386.13374297029;1387.22151783612;1386.1341064269;1387.21207973652;1387.21772816445;1386.13702282314;1386.13085881776;1383.55285150996;1386.13384772791;1386.14043720911;1386.15058862224;1387.21725711885,proposed_likelihood,stage2,3,5.264328870832507,2.2643288708325073,0.4,0.7491331596365659,0.3491331596365659,-0.7,1.4916155667322504,2.19161556673225,0.7,0.8891610381725054,0.1891610381725054,0.5,-1.4925821305300957,-1.9925821305300957,0.5,-1.4925821305300957,5,NA,NA,-0.7,-1.8120976458195548,-1.1120976458195548,0.15,0.1321800758228657,-0.01781992417713429,1,0.8377302944155154,-0.1622697055844846,5,-0.69379722426693,-5.69379722426693,1.5,1.595827102824803,0.095827102824803,0.8,0.8960393037717056,0.09603930377170555,53.98530806880353,53.985308068803505,2.842170943040401e-14,NA,NA,NA,NA,NA,NA,NA,NA,NA,NA,NA,NA,NA,NA,NA,NA,NA,NA,NA,NA,NA,NA,NA,NA,NA,NA,NA,NA,NA,NA,NA,NA,NA,NA,NA,NA,NA,NA,NA,NA,NA,NA,NA,NA,NA,NA,NA,NA,NA,NA,NA,NA,NA,NA,NA,NA,NA,NA,NA,NA,NA,NA,NA,NA,NA,NA,NA,NA,NA,NA,NA,NA,NA,NA,NA,NA,NA,NA,NA,NA,NA,NA,NA,NA,NA,NA,NA,NA,NA,NA,NA,NA,NA,NA,NA,NA,NA,NA,NA,NA,NA,NA,true,TRUE,TRUE,2785.5020196038854,2839.487327672689,2785.7692260816184,53.98530806880353,53.98530806880353,11.000000000000005,FALSE,16801.85,TRUE,FALSE,TRUE
skewness_heavy_tails,skewness and heavy tails,EST,EST,35,1000,328,0.328,0.6325110689437066,TRUE,TRUE,TRUE,0,CONVERGENCE: REL_REDUCTION_OF_F <= FACTR*EPSMCH,-1360.815443398907,2745.630886797814,2804.5239501456,2745.9469962203066,12,17428.320000000003,NA,NA,NA,NA,19,stage2,1360.81720433485;1e+12;1e+12;1360.81609142949;1e+12;1e+12;1360.8171856825;1e+12;1e+12;1360.81816707799;1e+12;1e+12;1360.81933222518;1e+12;1e+12;1360.82753059996;1e+12;1e+12;1360.8154440834;1e+12;1e+12;1360.82488095197;1e+12;1e+12;1360.81739503571;1e+12;1e+12;1360.84552487047;1e+12;1e+12;1360.82791555421;1e+12;1e+12;1360.81860722789;1e+12;1e+12;1360.81568508344;1e+12;1e+12;1360.81608831131;1e+12;1e+12,proposed_likelihood,stage2,3,1.927153055008734,-1.072846944991266,0.4,0.500457944817826,0.100457944817826,-0.7,0.05414499433613125,0.7541449943361312,0.7,0.3131021618573196,-0.3868978381426803,0.5,-1.4925805457525485,-1.9925805457525485,0.5,-1.4925805457525485,5,4,-1,-0.7,-1.8329121410709333,-1.1329121410709333,0.15,0.2758402499579854,0.1258402499579854,1,1.7103181642597811,0.7103181642597811,5,4.095829288970891,-0.9041707110291092,1.5,1.5776481711803123,0.07764817118031231,0.8,0.9048710263188408,0.10487102631884072,58.893063347785755,58.89306334778564,1.1368683772161603e-13,NA,NA,NA,NA,NA,NA,NA,NA,NA,NA,NA,NA,NA,NA,NA,NA,NA,NA,NA,NA,NA,NA,NA,NA,NA,NA,NA,NA,NA,NA,NA,NA,NA,NA,NA,NA,NA,NA,NA,NA,NA,NA,NA,NA,NA,NA,NA,NA,NA,NA,NA,NA,NA,NA,NA,NA,NA,NA,NA,NA,NA,NA,NA,NA,NA,NA,NA,NA,NA,NA,NA,NA,NA,NA,NA,NA,NA,NA,NA,NA,NA,NA,NA,NA,NA,NA,NA,NA,NA,NA,NA,NA,NA,NA,NA,NA,NA,NA,NA,NA,NA,NA,true,TRUE,TRUE,2745.630886797814,2804.5239501456,2745.9469962203066,58.893063347785755,58.893063347785755,12.000000000000023,FALSE,17428.320000000003,FALSE,FALSE,TRUE
skewness_heavy_tails,skewness and heavy tails,EST,NH,36,1000,345,0.345,0.6313131313131313,TRUE,TRUE,TRUE,0,NA,-1439.387915165708,2894.7758303314163,2934.0378725632736,2894.9211381013456,8,166.171,NA,2880.7758303314163,2885.6835856103985,1.000000000000017,NA,HeckmanEM,NA,raw_AIC_BIC_implied_logLik,finite_logLik_no_explicit_code,3,4.0062287211291014,1.0062287211291014,0.4,0.7275202571391761,0.3275202571391761,-0.7,NA,NA,0.7,NA,NA,0.5,NA,NA,0.5,NA,5,NA,NA,-0.7,-0.9212483013662108,-0.22124830136621076,0.15,0.1437151043563102,-0.00628489564368978,1,0.9202284332067148,-0.07977156679328523,5,4.435031768848332,-0.5649682311516679,1.5,1.639882079074053,0.13988207907405292,0.8,0.8266010226310091,0.02660102263100905,39.26204223185732,39.262042231857095,-2.2737367544323206e-13,NA,NA,NA,NA,NA,NA,NA,NA,NA,NA,NA,NA,NA,NA,NA,NA,NA,NA,NA,NA,NA,NA,NA,NA,NA,NA,NA,NA,NA,NA,NA,NA,NA,NA,NA,NA,NA,NA,NA,NA,NA,NA,NA,NA,NA,NA,NA,NA,NA,NA,NA,NA,NA,NA,NA,NA,NA,NA,NA,NA,NA,NA,NA,NA,NA,NA,NA,NA,NA,NA,NA,NA,NA,NA,NA,NA,NA,NA,NA,NA,NA,NA,NA,NA,NA,NA,NA,NA,NA,NA,NA,NA,NA,NA,NA,NA,NA,NA,NA,NA,NA,NA,true,TRUE,TRUE,2894.775830331416,2934.0378725632727,2894.921138101345,39.26204223185732,39.26204223185687,8.000000000000046,FALSE,166.171,NA,NA,NA
skewness_heavy_tails,skewness and heavy tails,EST,HT,36,1000,345,0.345,0.6313131313131313,TRUE,TRUE,TRUE,0,NA,-1427.6907256053082,2873.3814512106164,2917.5512487214555,2873.5632693924344,9,154.17200000000005,NA,2857.3814512106164,2862.2892064895987,1.000000000000017,NA,HeckmanEM,NA,raw_AIC_BIC_implied_logLik,finite_logLik_no_explicit_code,3,3.0362086826819947,0.03620868268199473,0.4,0.6659936565443917,0.26599365654439167,-0.7,NA,NA,0.7,NA,NA,0.5,NA,NA,0.5,NA,5,NA,NA,-0.7,-1.0538518329394122,-0.35385183293941225,0.15,0.16446539859679146,0.01446539859679146,1,1.0762296412232133,0.0762296412232133,5,5.013498994662398,0.01349899466239801,1.5,1.5483176314469764,0.04831763144697643,0.8,0.7720017839214011,-0.02799821607859898,44.16979751083909,44.16979751083923,-1.4210854715202004e-13,NA,NA,NA,NA,NA,NA,NA,NA,NA,NA,NA,NA,NA,NA,NA,NA,NA,NA,NA,NA,NA,NA,NA,NA,NA,NA,NA,NA,NA,NA,NA,NA,NA,NA,NA,NA,NA,NA,NA,NA,NA,NA,NA,NA,NA,NA,NA,NA,NA,NA,NA,NA,NA,NA,NA,NA,NA,NA,NA,NA,NA,NA,NA,NA,NA,NA,NA,NA,NA,NA,NA,NA,NA,NA,NA,NA,NA,NA,NA,NA,NA,NA,NA,NA,NA,NA,NA,NA,NA,NA,NA,NA,NA,NA,NA,NA,NA,NA,NA,NA,NA,NA,true,TRUE,TRUE,2873.3814512106164,2917.5512487214555,2873.5632693924344,44.16979751083909,44.16979751083909,8.999999999999972,FALSE,154.17200000000005,NA,NA,NA
skewness_heavy_tails,skewness and heavy tails,EST,CN,36,1000,345,0.345,0.6313131313131313,TRUE,TRUE,TRUE,0,NA,-1427.970417423226,2875.9408348464517,2925.018387636273,2876.1632817625286,10,598.2610000000001,NA,2857.9408348464517,2862.848590125434,1.000000000000017,NA,HeckmanEM,NA,raw_AIC_BIC_implied_logLik,finite_logLik_no_explicit_code,3,3.147561265269004,0.14756126526900415,0.4,0.6618280547293114,0.26182805472931137,-0.7,NA,NA,0.7,NA,NA,0.5,NA,NA,0.5,NA,5,NA,NA,-0.7,-1.042260880502048,-0.34226088050204795,0.15,0.16206942709911334,0.01206942709911335,1,1.0612791151801224,0.06127911518012241,5,4.970905286296107,-0.02909471370389305,1.5,1.5713460057935655,0.07134600579356554,0.8,0.7968142351180595,-0.00318576488194055,49.07755278982131,49.07755278982137,-5.684341886080802e-14,NA,NA,NA,NA,NA,NA,NA,NA,NA,NA,NA,NA,NA,NA,NA,NA,NA,NA,NA,NA,NA,NA,NA,NA,NA,NA,NA,NA,NA,NA,NA,NA,NA,NA,NA,NA,NA,NA,NA,NA,NA,NA,NA,NA,NA,NA,NA,NA,NA,NA,NA,NA,NA,NA,NA,NA,NA,NA,NA,NA,NA,NA,NA,NA,NA,NA,NA,NA,NA,NA,NA,NA,NA,NA,NA,NA,NA,NA,NA,NA,NA,NA,NA,NA,NA,NA,NA,NA,NA,NA,NA,NA,NA,NA,NA,NA,NA,NA,NA,NA,NA,NA,true,TRUE,TRUE,2875.940834846452,2925.0183876362735,2876.163281762529,49.07755278982131,49.07755278982131,9.999999999999988,FALSE,598.2610000000001,NA,NA,NA
skewness_heavy_tails,skewness and heavy tails,EST,ESN,36,1000,345,0.345,0.6313131313131313,TRUE,TRUE,TRUE,0,CONVERGENCE: REL_REDUCTION_OF_F <= FACTR*EPSMCH,-1434.2441045516969,2890.4882091033937,2944.4735171721973,2890.7554155811267,11,18004.321000000004,NA,NA,NA,NA,10,stage2,1439.02520139634;1439.39595654361;1438.96968286702;1439.3902267051;1438.74748469817;1439.38202766248;1439.39688311096;1438.75669646422;1438.74586753464;1434.72244688019;1438.81226924326;1438.75307688641;1438.91626974159;1439.38791482544,proposed_likelihood,stage2,3,5.364292644294207,2.364292644294207,0.4,0.8010534130764206,0.4010534130764206,-0.7,1.4845021924758597,2.1845021924758594,0.7,0.9731958233390564,0.27319582333905656,0.5,-1.4925821305300957,-1.9925821305300957,0.5,-1.4925821305300957,5,NA,NA,-0.7,-1.6798571113002958,-0.9798571113002958,0.15,0.11520214236564226,-0.03479785763435773,1,0.7433266888552411,-0.2566733111447589,5,-1.0649474929928475,-6.0649474929928475,1.5,1.6169047747251797,0.11690477472517968,0.8,0.8224669236718475,0.02246692367184744,53.98530806880353,53.985308068803505,2.842170943040401e-14,NA,NA,NA,NA,NA,NA,NA,NA,NA,NA,NA,NA,NA,NA,NA,NA,NA,NA,NA,NA,NA,NA,NA,NA,NA,NA,NA,NA,NA,NA,NA,NA,NA,NA,NA,NA,NA,NA,NA,NA,NA,NA,NA,NA,NA,NA,NA,NA,NA,NA,NA,NA,NA,NA,NA,NA,NA,NA,NA,NA,NA,NA,NA,NA,NA,NA,NA,NA,NA,NA,NA,NA,NA,NA,NA,NA,NA,NA,NA,NA,NA,NA,NA,NA,NA,NA,NA,NA,NA,NA,NA,NA,NA,NA,NA,NA,NA,NA,NA,NA,NA,NA,true,TRUE,TRUE,2890.4882091033937,2944.4735171721973,2890.7554155811267,53.98530806880353,53.98530806880353,11.000000000000005,FALSE,18004.321000000004,TRUE,FALSE,TRUE
skewness_heavy_tails,skewness and heavy tails,EST,EST,36,1000,345,0.345,0.6313131313131313,TRUE,TRUE,TRUE,0,CONVERGENCE: REL_REDUCTION_OF_F <= FACTR*EPSMCH,-1428.0824708981495,2880.164941796299,2939.058005144085,2880.481051218792,12,19847.378,NA,NA,NA,NA,40,stage2,1428.11872730978;1e+12;1e+12;1428.10385768618;1e+12;1e+12;1428.16871998502;1e+12;1e+12;1428.11331283085;1e+12;1e+12;1428.16893674862;1e+12;1e+12;1428.1074150633;1e+12;1e+12;1428.11087362981;1e+12;1e+12;1428.0891997524;1e+12;1e+12;1428.41346823221;1e+12;1e+12;1428.08525927607;1e+12;1e+12;1428.08887581192;1e+12;1e+12;1428.09732993598;1e+12;1e+12;1428.14446192175;1e+12;1e+12;1428.08252716889;1e+12;1e+12,proposed_likelihood,stage2,3,3.030305101545815,0.03030510154581511,0.4,0.6259474390340714,0.22594743903407133,-0.7,-0.6479278714003747,0.05207212859962529,0.7,0.33541670256345074,-0.3645832974365492,0.5,1.4925821305300957,0.9925821305300956,0.5,1.4925821305300957,5,4,-1,-0.7,-0.8465190019596381,-0.14651900195963818,0.15,0.15548250308500378,0.00548250308500378,1,1.006340173651905,0.00634017365190531,5,5.246769146764161,0.24676914676416128,1.5,1.5390713212426328,0.03907132124263279,0.8,0.7589638002645455,-0.04103619973545458,58.893063347785755,58.89306334778564,1.1368683772161603e-13,NA,NA,NA,NA,NA,NA,NA,NA,NA,NA,NA,NA,NA,NA,NA,NA,NA,NA,NA,NA,NA,NA,NA,NA,NA,NA,NA,NA,NA,NA,NA,NA,NA,NA,NA,NA,NA,NA,NA,NA,NA,NA,NA,NA,NA,NA,NA,NA,NA,NA,NA,NA,NA,NA,NA,NA,NA,NA,NA,NA,NA,NA,NA,NA,NA,NA,NA,NA,NA,NA,NA,NA,NA,NA,NA,NA,NA,NA,NA,NA,NA,NA,NA,NA,NA,NA,NA,NA,NA,NA,NA,NA,NA,NA,NA,NA,NA,NA,NA,NA,NA,NA,true,TRUE,TRUE,2880.164941796299,2939.0580051440847,2880.4810512187914,58.89306334778621,58.893063347785755,12.000000000000115,FALSE,19847.378,FALSE,FALSE,TRUE
skewness_heavy_tails,skewness and heavy tails,EST,NH,37,1000,358,0.358,0.6246096189881324,TRUE,TRUE,TRUE,0,NA,-1537.088136607561,3090.176273215122,3129.438315446979,3090.3215809850512,8,131.447,NA,3076.176273215122,3081.084028494104,1.000000000000017,NA,HeckmanEM,NA,raw_AIC_BIC_implied_logLik,finite_logLik_no_explicit_code,3,4.837946050947778,1.837946050947778,0.4,0.8196524408039231,0.41965244080392305,-0.7,NA,NA,0.7,NA,NA,0.5,NA,NA,0.5,NA,5,NA,NA,-0.7,-0.8223487686246185,-0.12234876862461852,0.15,0.12795812864192335,-0.02204187135807664,1,0.7900884904199523,-0.20991150958004767,5,4.4043886658830855,-0.5956113341169145,1.5,1.4593291231343408,-0.04067087686565918,0.8,0.5962249041444722,-0.2037750958555279,39.26204223185687,39.262042231857095,-2.2737367544323206e-13,NA,NA,NA,NA,NA,NA,NA,NA,NA,NA,NA,NA,NA,NA,NA,NA,NA,NA,NA,NA,NA,NA,NA,NA,NA,NA,NA,NA,NA,NA,NA,NA,NA,NA,NA,NA,NA,NA,NA,NA,NA,NA,NA,NA,NA,NA,NA,NA,NA,NA,NA,NA,NA,NA,NA,NA,NA,NA,NA,NA,NA,NA,NA,NA,NA,NA,NA,NA,NA,NA,NA,NA,NA,NA,NA,NA,NA,NA,NA,NA,NA,NA,NA,NA,NA,NA,NA,NA,NA,NA,NA,NA,NA,NA,NA,NA,NA,NA,NA,NA,NA,NA,true,TRUE,TRUE,3090.176273215122,3129.438315446979,3090.3215809850512,39.26204223185687,39.26204223185687,7.999999999999954,FALSE,131.447,NA,NA,NA
skewness_heavy_tails,skewness and heavy tails,EST,HT,37,1000,358,0.358,0.6246096189881324,TRUE,TRUE,TRUE,0,NA,-1501.4311381095167,3020.8622762190334,3065.0320737298725,3021.0440944008515,9,195.583,NA,3004.8622762190334,3009.7700314980157,1.000000000000017,NA,HeckmanEM,NA,raw_AIC_BIC_implied_logLik,finite_logLik_no_explicit_code,3,3.0374974813722972,0.03749748137229725,0.4,0.6711553254349638,0.2711553254349638,-0.7,NA,NA,0.7,NA,NA,0.5,NA,NA,0.5,NA,5,NA,NA,-0.7,-1.0066097949411863,-0.30660979494118634,0.15,0.16530086766381466,0.01530086766381466,1,1.0210113349666212,0.02101133496662122,5,5.529423040844495,0.5294230408444953,1.5,1.4219417203323643,-0.07805827966763568,0.8,0.7020374476675786,-0.09796255233242146,44.16979751083909,44.16979751083923,-1.4210854715202004e-13,NA,NA,NA,NA,NA,NA,NA,NA,NA,NA,NA,NA,NA,NA,NA,NA,NA,NA,NA,NA,NA,NA,NA,NA,NA,NA,NA,NA,NA,NA,NA,NA,NA,NA,NA,NA,NA,NA,NA,NA,NA,NA,NA,NA,NA,NA,NA,NA,NA,NA,NA,NA,NA,NA,NA,NA,NA,NA,NA,NA,NA,NA,NA,NA,NA,NA,NA,NA,NA,NA,NA,NA,NA,NA,NA,NA,NA,NA,NA,NA,NA,NA,NA,NA,NA,NA,NA,NA,NA,NA,NA,NA,NA,NA,NA,NA,NA,NA,NA,NA,NA,NA,true,TRUE,TRUE,3020.8622762190334,3065.0320737298725,3021.0440944008515,44.16979751083909,44.16979751083909,8.999999999999972,FALSE,195.583,NA,NA,NA
skewness_heavy_tails,skewness and heavy tails,EST,CN,37,1000,358,0.358,0.6246096189881324,TRUE,TRUE,TRUE,0,NA,-1504.5239008826402,3029.0478017652804,3078.1253545551017,3029.2702486813573,10,379.173,NA,3011.0478017652804,3015.9555570442626,1.000000000000017,NA,HeckmanEM,NA,raw_AIC_BIC_implied_logLik,finite_logLik_no_explicit_code,3,3.4757300982805344,0.4757300982805344,0.4,0.6869137118353832,0.28691371183538317,-0.7,NA,NA,0.7,NA,NA,0.5,NA,NA,0.5,NA,5,NA,NA,-0.7,-0.93449185993334,-0.2344918599333401,0.15,0.15041699185717583,4.1699185717583576e-4,1,0.9474244990400912,-0.05257550095990881,5,5.4897981274299275,0.48979812742992745,1.5,1.420046972280472,-0.07995302771952795,0.8,0.6533679767891893,-0.1466320232108107,49.07755278982131,49.07755278982137,-5.684341886080802e-14,NA,NA,NA,NA,NA,NA,NA,NA,NA,NA,NA,NA,NA,NA,NA,NA,NA,NA,NA,NA,NA,NA,NA,NA,NA,NA,NA,NA,NA,NA,NA,NA,NA,NA,NA,NA,NA,NA,NA,NA,NA,NA,NA,NA,NA,NA,NA,NA,NA,NA,NA,NA,NA,NA,NA,NA,NA,NA,NA,NA,NA,NA,NA,NA,NA,NA,NA,NA,NA,NA,NA,NA,NA,NA,NA,NA,NA,NA,NA,NA,NA,NA,NA,NA,NA,NA,NA,NA,NA,NA,NA,NA,NA,NA,NA,NA,NA,NA,NA,NA,NA,NA,true,TRUE,TRUE,3029.0478017652804,3078.1253545551017,3029.2702486813573,49.07755278982131,49.07755278982131,9.999999999999988,FALSE,379.173,NA,NA,NA
skewness_heavy_tails,skewness and heavy tails,EST,ESN,37,1000,358,0.358,0.6246096189881324,TRUE,TRUE,TRUE,0,CONVERGENCE: REL_REDUCTION_OF_F <= FACTR*EPSMCH,-1533.7399521373684,3089.479904274737,3143.4652123435403,3089.74711075247,11,16825.726000000002,NA,NA,NA,NA,5,stage2,1533.78251625723;1533.74064659148;1533.78074294628;1537.10010938391;1533.74361444675;1535.71793400278;1533.88750419457;1533.85855700257;1533.82754388688;1537.08828545645;1533.75431475168;1533.80201106953;1533.79508232971;1537.08813639045,proposed_likelihood,stage2,3,4.909339329383481,1.9093393293834808,0.4,0.7282384861327306,0.32823848613273054,-0.7,1.4925821305300957,2.192582130530096,0.7,-1.4925821305300957,-2.192582130530096,0.5,-1.4907777417499168,-1.9907777417499168,0.5,-1.4907777417499168,5,NA,NA,-0.7,-1.4744901129385,-0.7744901129385,0.15,0.1067004557978522,-0.04329954420214781,1,0.6601232156301375,-0.33987678436986246,5,3.980048988430474,-1.019951011569526,1.5,1.4608178981576787,-0.03918210184232129,0.8,0.621376918507139,-0.178623081492861,53.98530806880353,53.985308068803505,2.842170943040401e-14,NA,NA,NA,NA,NA,NA,NA,NA,NA,NA,NA,NA,NA,NA,NA,NA,NA,NA,NA,NA,NA,NA,NA,NA,NA,NA,NA,NA,NA,NA,NA,NA,NA,NA,NA,NA,NA,NA,NA,NA,NA,NA,NA,NA,NA,NA,NA,NA,NA,NA,NA,NA,NA,NA,NA,NA,NA,NA,NA,NA,NA,NA,NA,NA,NA,NA,NA,NA,NA,NA,NA,NA,NA,NA,NA,NA,NA,NA,NA,NA,NA,NA,NA,NA,NA,NA,NA,NA,NA,NA,NA,NA,NA,NA,NA,NA,NA,NA,NA,NA,NA,NA,true,TRUE,TRUE,3089.479904274737,3143.4652123435403,3089.74711075247,53.98530806880353,53.98530806880353,11.000000000000005,FALSE,16825.726000000002,TRUE,TRUE,TRUE
skewness_heavy_tails,skewness and heavy tails,EST,EST,37,1000,358,0.358,0.6246096189881324,TRUE,TRUE,TRUE,0,CONVERGENCE: REL_REDUCTION_OF_F <= FACTR*EPSMCH,-1501.1936625685853,3026.3873251371706,3085.2803884849563,3026.703434559663,12,19344.207,NA,NA,NA,NA,40,stage2,1501.23827380111;1e+12;1e+12;1501.20058499439;1e+12;1e+12;1501.20122601746;1e+12;1e+12;1501.20842068858;1e+12;1e+12;1501.20252935128;1e+12;1e+12;1501.22583312657;1e+12;1e+12;1501.26436768213;1e+12;1e+12;1501.201119796;1e+12;1e+12;1501.20761347342;1e+12;1e+12;1501.19773968307;1e+12;1e+12;1501.20451017809;1e+12;1e+12;1501.21944338848;1e+12;1e+12;1501.2328330104;1e+12;1e+12;1501.19366374176;1e+12;1e+12,proposed_likelihood,stage2,3,3.075471187315758,0.07547118731575786,0.4,0.6816007446197038,0.28160074461970375,-0.7,0.8278864191986766,1.5278864191986763,0.7,-0.9801792696626728,-1.680179269662673,0.5,1.4925821305300957,0.9925821305300956,0.5,1.4925821305300957,5,4,-1,-0.7,-1.1424694967104676,-0.4424694967104677,0.15,0.1584720110336723,0.00847201103367231,1,0.97300209171439,-0.0269979082856101,5,5.4176481753296315,0.4176481753296315,1.5,1.4300815088791914,-0.06991849112080861,0.8,0.7097179066775451,-0.09028209332245496,58.893063347785755,58.89306334778564,1.1368683772161603e-13,NA,NA,NA,NA,NA,NA,NA,NA,NA,NA,NA,NA,NA,NA,NA,NA,NA,NA,NA,NA,NA,NA,NA,NA,NA,NA,NA,NA,NA,NA,NA,NA,NA,NA,NA,NA,NA,NA,NA,NA,NA,NA,NA,NA,NA,NA,NA,NA,NA,NA,NA,NA,NA,NA,NA,NA,NA,NA,NA,NA,NA,NA,NA,NA,NA,NA,NA,NA,NA,NA,NA,NA,NA,NA,NA,NA,NA,NA,NA,NA,NA,NA,NA,NA,NA,NA,NA,NA,NA,NA,NA,NA,NA,NA,NA,NA,NA,NA,NA,NA,NA,NA,true,TRUE,TRUE,3026.3873251371706,3085.2803884849563,3026.703434559663,58.893063347785755,58.893063347785755,12.000000000000023,FALSE,19344.207,FALSE,FALSE,TRUE
skewness_heavy_tails,skewness and heavy tails,EST,NH,38,1000,329,0.329,0.6476683937823834,TRUE,TRUE,TRUE,0,NA,-1368.7883093159276,2753.576618631855,2792.838660863712,2753.7219264017845,8,119.906,NA,2739.576618631855,2744.4843739108373,1.000000000000017,NA,HeckmanEM,NA,raw_AIC_BIC_implied_logLik,finite_logLik_no_explicit_code,3,3.4311349180782584,0.4311349180782584,0.4,0.4692131784841838,0.06921317848418385,-0.7,NA,NA,0.7,NA,NA,0.5,NA,NA,0.5,NA,5,NA,NA,-0.7,-1.0171616177347331,-0.3171616177347334,0.15,0.1638508203735051,0.0138508203735051,1,0.9893787355662642,-0.01062126443373578,5,5.4249127273272,0.4249127273272002,1.5,1.2179430702145992,-0.28205692978540076,0.8,0.8928199049115506,0.09281990491155057,39.26204223185687,39.262042231857095,-2.2737367544323206e-13,NA,NA,NA,NA,NA,NA,NA,NA,NA,NA,NA,NA,NA,NA,NA,NA,NA,NA,NA,NA,NA,NA,NA,NA,NA,NA,NA,NA,NA,NA,NA,NA,NA,NA,NA,NA,NA,NA,NA,NA,NA,NA,NA,NA,NA,NA,NA,NA,NA,NA,NA,NA,NA,NA,NA,NA,NA,NA,NA,NA,NA,NA,NA,NA,NA,NA,NA,NA,NA,NA,NA,NA,NA,NA,NA,NA,NA,NA,NA,NA,NA,NA,NA,NA,NA,NA,NA,NA,NA,NA,NA,NA,NA,NA,NA,NA,NA,NA,NA,NA,NA,NA,true,TRUE,TRUE,2753.576618631855,2792.838660863712,2753.7219264017845,39.26204223185687,39.26204223185687,7.999999999999954,FALSE,119.906,NA,NA,NA
skewness_heavy_tails,skewness and heavy tails,EST,HT,38,1000,329,0.329,0.6476683937823834,TRUE,TRUE,TRUE,0,NA,-1365.3493599967123,2748.6987199934247,2792.868517504264,2748.8805381752427,9,167.328,NA,2732.6987199934247,2737.606475272407,1.000000000000017,NA,HeckmanEM,NA,raw_AIC_BIC_implied_logLik,finite_logLik_no_explicit_code,3,3.0188618747449314,0.01886187474493139,0.4,0.49132027344572216,0.09132027344572212,-0.7,NA,NA,0.7,NA,NA,0.5,NA,NA,0.5,NA,5,NA,NA,-0.7,-1.0834831838265322,-0.38348318382653224,0.15,0.17514629626605752,0.02514629626605752,1,1.0595337157968878,0.05953371579688782,5,5.394803745295165,0.3948037452951647,1.5,1.227075258873922,-0.272924741126078,0.8,0.8889514522281096,0.08895145222810952,44.16979751083909,44.16979751083923,-1.4210854715202004e-13,NA,NA,NA,NA,NA,NA,NA,NA,NA,NA,NA,NA,NA,NA,NA,NA,NA,NA,NA,NA,NA,NA,NA,NA,NA,NA,NA,NA,NA,NA,NA,NA,NA,NA,NA,NA,NA,NA,NA,NA,NA,NA,NA,NA,NA,NA,NA,NA,NA,NA,NA,NA,NA,NA,NA,NA,NA,NA,NA,NA,NA,NA,NA,NA,NA,NA,NA,NA,NA,NA,NA,NA,NA,NA,NA,NA,NA,NA,NA,NA,NA,NA,NA,NA,NA,NA,NA,NA,NA,NA,NA,NA,NA,NA,NA,NA,NA,NA,NA,NA,NA,NA,true,TRUE,TRUE,2748.6987199934247,2792.8685175042638,2748.8805381752427,44.169797510839544,44.16979751083909,9.000000000000064,FALSE,167.328,NA,NA,NA
skewness_heavy_tails,skewness and heavy tails,EST,CN,38,1000,329,0.329,0.6476683937823834,TRUE,TRUE,TRUE,0,NA,-1365.0837458798362,2750.1674917596724,2799.2450445494937,2750.38993867575,10,608.8489999999999,NA,2732.1674917596724,2737.0752470386547,1.000000000000017,NA,HeckmanEM,NA,raw_AIC_BIC_implied_logLik,finite_logLik_no_explicit_code,3,2.7688071373222294,-0.23119286267777064,0.4,0.4912304816055093,0.09123048160550924,-0.7,NA,NA,0.7,NA,NA,0.5,NA,NA,0.5,NA,5,NA,NA,-0.7,-1.1776154132670236,-0.4776154132670236,0.15,0.19038590769990096,0.04038590769990097,1,1.1505475073020877,0.15054750730208766,5,5.39546008537369,0.39546008537369026,1.5,1.2305998626597392,-0.2694001373402608,0.8,0.8914949686724958,0.09149496867249574,49.07755278982131,49.07755278982137,-5.684341886080802e-14,NA,NA,NA,NA,NA,NA,NA,NA,NA,NA,NA,NA,NA,NA,NA,NA,NA,NA,NA,NA,NA,NA,NA,NA,NA,NA,NA,NA,NA,NA,NA,NA,NA,NA,NA,NA,NA,NA,NA,NA,NA,NA,NA,NA,NA,NA,NA,NA,NA,NA,NA,NA,NA,NA,NA,NA,NA,NA,NA,NA,NA,NA,NA,NA,NA,NA,NA,NA,NA,NA,NA,NA,NA,NA,NA,NA,NA,NA,NA,NA,NA,NA,NA,NA,NA,NA,NA,NA,NA,NA,NA,NA,NA,NA,NA,NA,NA,NA,NA,NA,NA,NA,true,TRUE,TRUE,2750.1674917596724,2799.2450445494937,2750.3899386757494,49.07755278982131,49.07755278982131,9.999999999999988,FALSE,608.8489999999999,NA,NA,NA
skewness_heavy_tails,skewness and heavy tails,EST,ESN,38,1000,329,0.329,0.6476683937823834,TRUE,TRUE,TRUE,0,CONVERGENCE: REL_REDUCTION_OF_F <= FACTR*EPSMCH,-1368.4198079669122,2758.8396159338245,2812.824924002628,2759.1068224115575,11,17571.755,NA,NA,NA,NA,10,stage2,1368.78780227814;1368.5675991586;1368.78820348909;1368.51800062762;1368.79020134662;1368.44085698531;1368.51912916971;1368.78834830131;1368.78835478938;1368.44190539874;1368.78852549028;1368.78290725817;1368.78279565753;1368.78830887556,proposed_likelihood,stage2,3,3.606570719774895,0.6065707197748949,0.4,0.5305758380934689,0.13057583809346884,-0.7,-1.4925821305300957,-0.7925821305300957,0.7,0.1544769505532401,-0.5455230494467599,0.5,0.01471045952204235,-0.4852895404779576,0.5,0.01471045952204235,5,NA,NA,-0.7,-0.09890037641160646,0.6010996235883935,0.15,0.11811305457249076,-0.03188694542750923,1,0.7030388737097326,-0.2969611262902674,5,6.4688414627562665,1.4688414627562665,1.5,1.2190551366104267,-0.28094486338957325,0.8,0.8923074872763319,0.09230748727633188,53.98530806880353,53.985308068803505,2.842170943040401e-14,NA,NA,NA,NA,NA,NA,NA,NA,NA,NA,NA,NA,NA,NA,NA,NA,NA,NA,NA,NA,NA,NA,NA,NA,NA,NA,NA,NA,NA,NA,NA,NA,NA,NA,NA,NA,NA,NA,NA,NA,NA,NA,NA,NA,NA,NA,NA,NA,NA,NA,NA,NA,NA,NA,NA,NA,NA,NA,NA,NA,NA,NA,NA,NA,NA,NA,NA,NA,NA,NA,NA,NA,NA,NA,NA,NA,NA,NA,NA,NA,NA,NA,NA,NA,NA,NA,NA,NA,NA,NA,NA,NA,NA,NA,NA,NA,NA,NA,NA,NA,NA,NA,true,TRUE,TRUE,2758.8396159338245,2812.824924002628,2759.1068224115575,53.98530806880353,53.98530806880353,11.000000000000005,FALSE,17571.755,TRUE,FALSE,FALSE
skewness_heavy_tails,skewness and heavy tails,EST,EST,38,1000,329,0.329,0.6476683937823834,TRUE,TRUE,TRUE,0,CONVERGENCE: REL_REDUCTION_OF_F <= FACTR*EPSMCH,-1366.2693322659131,2756.5386645318263,2815.431727879612,2756.8547739543187,12,19311.494,NA,NA,NA,NA,4,stage2,1366.28781442524;1e+12;1e+12;1366.27071980867;1e+12;1e+12;1366.31097395604;1e+12;1e+12;1366.28305550798;1e+12;1e+12;1366.28502459242;1e+12;1e+12;1366.28754979525;1e+12;1e+12;1366.27304270641;1e+12;1e+12;1366.27966386552;1e+12;1e+12;1366.42722993696;1e+12;1e+12;1366.27567745871;1e+12;1e+12;1366.27785391092;1e+12;1e+12;1366.2803194256;1e+12;1e+12;1366.31823909753;1e+12;1e+12;1366.27370529521;1e+12;1e+12,proposed_likelihood,stage2,3,3.3136239939738084,0.31362399397380836,0.4,0.6280829209789913,0.2280829209789913,-0.7,-1.490887639863366,-0.790887639863366,0.7,0.02074104607212827,-0.6792589539278717,0.5,1.490571215878321,0.9905712158783212,0.5,1.490571215878321,5,4,-1,-0.7,-0.5673815273940298,0.13261847260597015,0.15,0.1448185143338659,-0.0051814856661341,1,0.8489232270550782,-0.15107677294492183,5,5.88428988325891,0.8842898832589103,1.5,1.2370004452617973,-0.2629995547382027,0.8,0.8721755537259911,0.07217555372599105,58.893063347785755,58.89306334778564,1.1368683772161603e-13,NA,NA,NA,NA,NA,NA,NA,NA,NA,NA,NA,NA,NA,NA,NA,NA,NA,NA,NA,NA,NA,NA,NA,NA,NA,NA,NA,NA,NA,NA,NA,NA,NA,NA,NA,NA,NA,NA,NA,NA,NA,NA,NA,NA,NA,NA,NA,NA,NA,NA,NA,NA,NA,NA,NA,NA,NA,NA,NA,NA,NA,NA,NA,NA,NA,NA,NA,NA,NA,NA,NA,NA,NA,NA,NA,NA,NA,NA,NA,NA,NA,NA,NA,NA,NA,NA,NA,NA,NA,NA,NA,NA,NA,NA,NA,NA,NA,NA,NA,NA,NA,NA,true,TRUE,TRUE,2756.5386645318263,2815.431727879612,2756.8547739543187,58.893063347785755,58.893063347785755,12.000000000000023,FALSE,19311.494,TRUE,FALSE,TRUE
skewness_heavy_tails,skewness and heavy tails,EST,NH,39,1000,335,0.335,0.6605019815059445,TRUE,TRUE,TRUE,0,NA,-1411.5010159803974,2839.0020319607947,2878.2640741926516,2839.147339730724,8,220.376,NA,2825.0020319607947,2829.909787239777,1.000000000000017,NA,HeckmanEM,NA,raw_AIC_BIC_implied_logLik,finite_logLik_no_explicit_code,3,4.141723268653474,1.1417232686534744,0.4,0.7799970070672779,0.3799970070672779,-0.7,NA,NA,0.7,NA,NA,0.5,NA,NA,0.5,NA,5,NA,NA,-0.7,-0.9228266897142364,-0.22282668971423655,0.15,0.12302790019841052,-0.02697209980158947,1,0.8760117509754819,-0.1239882490245181,5,4.203712811948057,-0.7962871880519433,1.5,1.2256536529059283,-0.2743463470940717,0.8,0.9201504686633056,0.12015046866330548,39.26204223185687,39.262042231857095,-2.2737367544323206e-13,NA,NA,NA,NA,NA,NA,NA,NA,NA,NA,NA,NA,NA,NA,NA,NA,NA,NA,NA,NA,NA,NA,NA,NA,NA,NA,NA,NA,NA,NA,NA,NA,NA,NA,NA,NA,NA,NA,NA,NA,NA,NA,NA,NA,NA,NA,NA,NA,NA,NA,NA,NA,NA,NA,NA,NA,NA,NA,NA,NA,NA,NA,NA,NA,NA,NA,NA,NA,NA,NA,NA,NA,NA,NA,NA,NA,NA,NA,NA,NA,NA,NA,NA,NA,NA,NA,NA,NA,NA,NA,NA,NA,NA,NA,NA,NA,NA,NA,NA,NA,NA,NA,true,TRUE,TRUE,2839.0020319607947,2878.2640741926516,2839.147339730724,39.26204223185687,39.26204223185687,7.999999999999954,FALSE,220.376,NA,NA,NA
skewness_heavy_tails,skewness and heavy tails,EST,HT,39,1000,335,0.335,0.6605019815059445,TRUE,TRUE,TRUE,0,NA,-1385.5604077714931,2789.1208155429863,2833.2906130538254,2789.3026337248043,9,191.499,NA,2773.1208155429863,2778.0285708219685,1.000000000000017,NA,HeckmanEM,NA,raw_AIC_BIC_implied_logLik,finite_logLik_no_explicit_code,3,2.6564002527589903,-0.3435997472410097,0.4,0.6054423983669026,0.2054423983669026,-0.7,NA,NA,0.7,NA,NA,0.5,NA,NA,0.5,NA,5,NA,NA,-0.7,-1.1035780342282548,-0.4035780342282549,0.15,0.15359085657529595,0.00359085657529595,1,1.0848333280907538,0.08483332809075383,5,5.271623568241283,0.2716235682412833,1.5,1.3627297554159223,-0.13727024458407766,0.8,0.8882422649759929,0.08824226497599286,44.16979751083909,44.16979751083923,-1.4210854715202004e-13,NA,NA,NA,NA,NA,NA,NA,NA,NA,NA,NA,NA,NA,NA,NA,NA,NA,NA,NA,NA,NA,NA,NA,NA,NA,NA,NA,NA,NA,NA,NA,NA,NA,NA,NA,NA,NA,NA,NA,NA,NA,NA,NA,NA,NA,NA,NA,NA,NA,NA,NA,NA,NA,NA,NA,NA,NA,NA,NA,NA,NA,NA,NA,NA,NA,NA,NA,NA,NA,NA,NA,NA,NA,NA,NA,NA,NA,NA,NA,NA,NA,NA,NA,NA,NA,NA,NA,NA,NA,NA,NA,NA,NA,NA,NA,NA,NA,NA,NA,NA,NA,NA,true,TRUE,TRUE,2789.1208155429863,2833.2906130538254,2789.3026337248043,44.16979751083909,44.16979751083909,8.999999999999972,FALSE,191.499,NA,NA,NA
skewness_heavy_tails,skewness and heavy tails,EST,CN,39,1000,335,0.335,0.6605019815059445,TRUE,TRUE,TRUE,0,NA,-1386.6819800439262,2793.3639600878523,2842.4415128776736,2793.5864070039293,10,380.46100000000007,NA,2775.3639600878523,2780.2717153668345,1.000000000000017,NA,HeckmanEM,NA,raw_AIC_BIC_implied_logLik,finite_logLik_no_explicit_code,3,2.742935423564474,-0.25706457643552616,0.4,0.5929896072509492,0.19298960725094916,-0.7,NA,NA,0.7,NA,NA,0.5,NA,NA,0.5,NA,5,NA,NA,-0.7,-1.0919295513202207,-0.3919295513202208,0.15,0.1514061828049678,0.00140618280496782,1,1.0724828317607111,0.07248283176071113,5,5.323413776407798,0.323413776407798,1.5,1.3319678539706823,-0.1680321460293175,0.8,0.8737171977542719,0.07371719775427188,49.07755278982131,49.07755278982137,-5.684341886080802e-14,NA,NA,NA,NA,NA,NA,NA,NA,NA,NA,NA,NA,NA,NA,NA,NA,NA,NA,NA,NA,NA,NA,NA,NA,NA,NA,NA,NA,NA,NA,NA,NA,NA,NA,NA,NA,NA,NA,NA,NA,NA,NA,NA,NA,NA,NA,NA,NA,NA,NA,NA,NA,NA,NA,NA,NA,NA,NA,NA,NA,NA,NA,NA,NA,NA,NA,NA,NA,NA,NA,NA,NA,NA,NA,NA,NA,NA,NA,NA,NA,NA,NA,NA,NA,NA,NA,NA,NA,NA,NA,NA,NA,NA,NA,NA,NA,NA,NA,NA,NA,NA,NA,true,TRUE,TRUE,2793.3639600878523,2842.4415128776736,2793.5864070039293,49.07755278982131,49.07755278982131,9.999999999999988,FALSE,380.46100000000007,NA,NA,NA
skewness_heavy_tails,skewness and heavy tails,EST,ESN,39,1000,335,0.335,0.6605019815059445,TRUE,TRUE,TRUE,0,CONVERGENCE: REL_REDUCTION_OF_F <= FACTR*EPSMCH,-1392.8725038760915,2807.745007752183,2861.7303158209866,2808.012214229916,11,17780.93,NA,NA,NA,NA,6,stage2,1411.52218505219;1411.50731277511;1411.52597951363;1411.50234154119;1411.5151522508;1393.02461396162;1411.50496254976;1411.50841458081;1411.51771697379;1393.82318691062;1411.12297147663;1411.50233884783;1411.51883185647;1411.50101571905,proposed_likelihood,stage2,3,5.179594577234009,2.179594577234009,0.4,0.7274978281229989,0.3274978281229989,-0.7,1.4925821305300957,2.192582130530096,0.7,1.4925821305300957,0.7925821305300957,0.5,-1.4925821305300957,-1.9925821305300957,0.5,-1.4925821305300957,5,NA,NA,-0.7,-1.6117775475085672,-0.9117775475085672,0.15,0.11506923939586258,-0.03493076060413741,1,0.8153665003364555,-0.18463349966354448,5,-0.28576007831383843,-5.285760078313839,1.5,1.2603784456803024,-0.23962155431969756,0.8,0.916498393495824,0.11649839349582392,53.98530806880353,53.985308068803505,2.842170943040401e-14,NA,NA,NA,NA,NA,NA,NA,NA,NA,NA,NA,NA,NA,NA,NA,NA,NA,NA,NA,NA,NA,NA,NA,NA,NA,NA,NA,NA,NA,NA,NA,NA,NA,NA,NA,NA,NA,NA,NA,NA,NA,NA,NA,NA,NA,NA,NA,NA,NA,NA,NA,NA,NA,NA,NA,NA,NA,NA,NA,NA,NA,NA,NA,NA,NA,NA,NA,NA,NA,NA,NA,NA,NA,NA,NA,NA,NA,NA,NA,NA,NA,NA,NA,NA,NA,NA,NA,NA,NA,NA,NA,NA,NA,NA,NA,NA,NA,NA,NA,NA,NA,NA,true,TRUE,TRUE,2807.745007752183,2861.7303158209866,2808.012214229916,53.98530806880353,53.98530806880353,11.000000000000005,FALSE,17780.93,TRUE,TRUE,TRUE
skewness_heavy_tails,skewness and heavy tails,EST,EST,39,1000,335,0.335,0.6605019815059445,TRUE,TRUE,TRUE,0,CONVERGENCE: REL_REDUCTION_OF_F <= FACTR*EPSMCH,-1380.1970495074424,2784.394099014885,2843.28716236267,2784.7102084373773,12,18697.202,NA,NA,NA,NA,40,stage2,1381.13372869539;1e+12;1e+12;1380.60773890879;1e+12;1e+12;1381.38337076486;1e+12;1e+12;1380.49234373145;1e+12;1e+12;1381.36936075845;1e+12;1e+12;1380.20192416082;1e+12;1e+12;1380.89249750821;1e+12;1e+12;1380.55461237384;1e+12;1e+12;1381.38841431896;1e+12;1e+12;1380.22178793084;1e+12;1e+12;1380.26001662276;1e+12;1e+12;1380.48991161307;1e+12;1e+12;1381.38648847615;1e+12;1e+12;1380.19705027351;1e+12;1e+12,proposed_likelihood,stage2,3,2.8654636299071425,-0.13453637009285746,0.4,0.32871296283420304,-0.07128703716579698,-0.7,0.00948073089506431,0.7094807308950642,0.7,1.4925821305300957,0.7925821305300957,0.5,1.4925821305300957,0.9925821305300956,0.5,1.4925821305300957,5,4,-1,-0.7,-1.093004765939568,-0.3930047659395681,0.15,0.15488095696650098,0.00488095696650098,1,1.0762406349892677,0.0762406349892677,5,4.876887857099394,-0.1231121429006059,1.5,1.3497099294001715,-0.15029007059982846,0.8,0.9354297561154578,0.1354297561154577,58.893063347785755,58.89306334778564,1.1368683772161603e-13,NA,NA,NA,NA,NA,NA,NA,NA,NA,NA,NA,NA,NA,NA,NA,NA,NA,NA,NA,NA,NA,NA,NA,NA,NA,NA,NA,NA,NA,NA,NA,NA,NA,NA,NA,NA,NA,NA,NA,NA,NA,NA,NA,NA,NA,NA,NA,NA,NA,NA,NA,NA,NA,NA,NA,NA,NA,NA,NA,NA,NA,NA,NA,NA,NA,NA,NA,NA,NA,NA,NA,NA,NA,NA,NA,NA,NA,NA,NA,NA,NA,NA,NA,NA,NA,NA,NA,NA,NA,NA,NA,NA,NA,NA,NA,NA,NA,NA,NA,NA,NA,NA,true,TRUE,TRUE,2784.394099014885,2843.2871623626706,2784.7102084373773,58.8930633477853,58.893063347785755,11.99999999999993,FALSE,18697.202,FALSE,TRUE,TRUE
skewness_heavy_tails,skewness and heavy tails,EST,NH,40,1000,319,0.319,0.6226650062266501,TRUE,TRUE,TRUE,0,NA,-1339.933720233967,2695.867440467934,2735.129482699791,2696.012748237863,8,86.649,NA,2681.867440467934,2686.7751957469163,1.000000000000017,NA,HeckmanEM,NA,raw_AIC_BIC_implied_logLik,finite_logLik_no_explicit_code,3,3.836655342323616,0.836655342323616,0.4,0.5843741249962627,0.1843741249962627,-0.7,NA,NA,0.7,NA,NA,0.5,NA,NA,0.5,NA,5,NA,NA,-0.7,-1.0945276544450917,-0.3945276544450915,0.15,0.1757746339703669,0.02577463397036691,1,1.04032316506352,0.04032316506352007,5,4.560975824367999,-0.4390241756320013,1.5,1.3188744160822956,-0.1811255839177044,0.8,0.8934969316511608,0.0934969316511608,39.26204223185687,39.262042231857095,-2.2737367544323206e-13,NA,NA,NA,NA,NA,NA,NA,NA,NA,NA,NA,NA,NA,NA,NA,NA,NA,NA,NA,NA,NA,NA,NA,NA,NA,NA,NA,NA,NA,NA,NA,NA,NA,NA,NA,NA,NA,NA,NA,NA,NA,NA,NA,NA,NA,NA,NA,NA,NA,NA,NA,NA,NA,NA,NA,NA,NA,NA,NA,NA,NA,NA,NA,NA,NA,NA,NA,NA,NA,NA,NA,NA,NA,NA,NA,NA,NA,NA,NA,NA,NA,NA,NA,NA,NA,NA,NA,NA,NA,NA,NA,NA,NA,NA,NA,NA,NA,NA,NA,NA,NA,NA,true,TRUE,TRUE,2695.867440467934,2735.129482699791,2696.0127482378634,39.26204223185687,39.26204223185687,7.999999999999954,FALSE,86.649,NA,NA,NA
skewness_heavy_tails,skewness and heavy tails,EST,HT,40,1000,319,0.319,0.6226650062266501,TRUE,TRUE,TRUE,0,NA,-1316.1250144285546,2650.250028857109,2694.419826367948,2650.431847038927,9,155.05,NA,2634.250028857109,2639.1577841360913,1.000000000000017,NA,HeckmanEM,NA,raw_AIC_BIC_implied_logLik,finite_logLik_no_explicit_code,3,2.7024290890595797,-0.2975709109404203,0.4,0.5387949343036686,0.13879493430366863,-0.7,NA,NA,0.7,NA,NA,0.5,NA,NA,0.5,NA,5,NA,NA,-0.7,-1.2636265382682663,-0.5636265382682664,0.15,0.20020010518292453,0.05020010518292453,1,1.2078693892851864,0.2078693892851864,5,5.085930260454598,0.08593026045459773,1.5,1.3398566568964108,-0.16014334310358924,0.8,0.8240015592889898,0.02400155928898972,44.16979751083909,44.16979751083923,-1.4210854715202004e-13,NA,NA,NA,NA,NA,NA,NA,NA,NA,NA,NA,NA,NA,NA,NA,NA,NA,NA,NA,NA,NA,NA,NA,NA,NA,NA,NA,NA,NA,NA,NA,NA,NA,NA,NA,NA,NA,NA,NA,NA,NA,NA,NA,NA,NA,NA,NA,NA,NA,NA,NA,NA,NA,NA,NA,NA,NA,NA,NA,NA,NA,NA,NA,NA,NA,NA,NA,NA,NA,NA,NA,NA,NA,NA,NA,NA,NA,NA,NA,NA,NA,NA,NA,NA,NA,NA,NA,NA,NA,NA,NA,NA,NA,NA,NA,NA,NA,NA,NA,NA,NA,NA,true,TRUE,TRUE,2650.250028857109,2694.419826367948,2650.431847038927,44.16979751083909,44.16979751083909,8.999999999999972,FALSE,155.05,NA,NA,NA
skewness_heavy_tails,skewness and heavy tails,EST,CN,40,1000,319,0.319,0.6226650062266501,TRUE,TRUE,TRUE,0,NA,-1318.5128335719296,2657.025667143859,2706.1032199336805,2657.248114059936,10,333.4549999999999,NA,2639.025667143859,2643.9334224228414,1.000000000000017,NA,HeckmanEM,NA,raw_AIC_BIC_implied_logLik,finite_logLik_no_explicit_code,3,3.1499462211511737,0.14994622115117373,0.4,0.499416560831757,0.09941656083175698,-0.7,NA,NA,0.7,NA,NA,0.5,NA,NA,0.5,NA,5,NA,NA,-0.7,-1.1458810760950628,-0.4458810760950629,0.15,0.18504824890429197,0.03504824890429198,1,1.095390031030567,0.09539003103056733,5,5.166555440917833,0.1665554409178327,1.5,1.386217305277366,-0.11378269472263391,0.8,0.8319352562299529,0.03193525622995286,49.07755278982131,49.07755278982137,-5.684341886080802e-14,NA,NA,NA,NA,NA,NA,NA,NA,NA,NA,NA,NA,NA,NA,NA,NA,NA,NA,NA,NA,NA,NA,NA,NA,NA,NA,NA,NA,NA,NA,NA,NA,NA,NA,NA,NA,NA,NA,NA,NA,NA,NA,NA,NA,NA,NA,NA,NA,NA,NA,NA,NA,NA,NA,NA,NA,NA,NA,NA,NA,NA,NA,NA,NA,NA,NA,NA,NA,NA,NA,NA,NA,NA,NA,NA,NA,NA,NA,NA,NA,NA,NA,NA,NA,NA,NA,NA,NA,NA,NA,NA,NA,NA,NA,NA,NA,NA,NA,NA,NA,NA,NA,true,TRUE,TRUE,2657.025667143859,2706.1032199336805,2657.248114059936,49.07755278982131,49.07755278982131,9.999999999999988,FALSE,333.4549999999999,NA,NA,NA
skewness_heavy_tails,skewness and heavy tails,EST,ESN,40,1000,319,0.319,0.6226650062266501,TRUE,TRUE,TRUE,0,CONVERGENCE: REL_REDUCTION_OF_F <= FACTR*EPSMCH,-1338.747695499225,2699.49539099845,2753.4806990672537,2699.762597476183,11,15543.367,NA,NA,NA,NA,11,stage2,1339.93381296069;1339.93724315256;1339.03732766475;1339.92342575377;1338.88524590863;1339.89667092258;1339.9412107496;1338.8776312196;1338.89746261167;1338.9350045801;1338.76153015785;1339.93386620505;1339.93746875092;1339.93371990153,proposed_likelihood,stage2,3,4.013202418751752,1.013202418751752,0.4,0.5480836936253343,0.14808369362533425,-0.7,1.4925821305300957,2.192582130530096,0.7,-1.3691650788465943,-2.069165078846594,0.5,-0.18901193648187953,-0.6890119364818795,0.5,-0.18901193648187953,5,NA,NA,-0.7,-1.4727283621703788,-0.7727283621703789,0.15,0.14464085991480505,-0.00535914008519494,1,0.87324674437188,-0.12675325562812,5,4.5280273650638,-0.4719726349361997,1.5,1.3180788915482555,-0.18192110845174447,0.8,0.8777200736507742,0.07772007365077416,53.98530806880353,53.985308068803505,2.842170943040401e-14,NA,NA,NA,NA,NA,NA,NA,NA,NA,NA,NA,NA,NA,NA,NA,NA,NA,NA,NA,NA,NA,NA,NA,NA,NA,NA,NA,NA,NA,NA,NA,NA,NA,NA,NA,NA,NA,NA,NA,NA,NA,NA,NA,NA,NA,NA,NA,NA,NA,NA,NA,NA,NA,NA,NA,NA,NA,NA,NA,NA,NA,NA,NA,NA,NA,NA,NA,NA,NA,NA,NA,NA,NA,NA,NA,NA,NA,NA,NA,NA,NA,NA,NA,NA,NA,NA,NA,NA,NA,NA,NA,NA,NA,NA,NA,NA,NA,NA,NA,NA,NA,NA,true,TRUE,TRUE,2699.49539099845,2753.4806990672537,2699.762597476183,53.98530806880353,53.98530806880353,11.000000000000005,FALSE,15543.367,TRUE,FALSE,FALSE
skewness_heavy_tails,skewness and heavy tails,EST,EST,40,1000,319,0.319,0.6226650062266501,TRUE,TRUE,TRUE,0,CONVERGENCE: REL_REDUCTION_OF_F <= FACTR*EPSMCH,-1316.253815059508,2656.507630119016,2715.400693466802,2656.8237395415085,12,18954.365,NA,NA,NA,NA,16,stage2,1316.32558204289;1e+12;1e+12;1316.27641496576;1e+12;1e+12;1316.31510358652;1e+12;1e+12;1316.31837122043;1e+12;1e+12;1316.25383101709;1e+12;1e+12;1316.25381642392;1e+12;1e+12;1316.33779122783;1e+12;1e+12;1316.25754125668;1e+12;1e+12;1316.25648038663;1e+12;1e+12;1316.26017535417;1e+12;1e+12;1316.26492585739;1e+12;1e+12;1316.32505367748;1e+12;1e+12;1316.31643871092;1e+12;1e+12;1316.26011813921;1e+12;1e+12,proposed_likelihood,stage2,3,2.7801152061129017,-0.21988479388709825,0.4,0.5611040324604644,0.16110403246046434,-0.7,-0.26283771370595427,0.4371622862940457,0.7,-0.06734896850803006,-0.76734896850803,0.5,1.4925821305300957,0.9925821305300956,0.5,1.4925821305300957,5,4,-1,-0.7,-1.1686905209022924,-0.46869052090229246,0.15,0.19367347008242553,0.04367347008242553,1,1.1685528917039076,0.16855289170390764,5,5.166732567884238,0.16673256788423796,1.5,1.3351881477609864,-0.16481185223901362,0.8,0.8229929937472216,0.02299299374722152,58.893063347785755,58.89306334778564,1.1368683772161603e-13,NA,NA,NA,NA,NA,NA,NA,NA,NA,NA,NA,NA,NA,NA,NA,NA,NA,NA,NA,NA,NA,NA,NA,NA,NA,NA,NA,NA,NA,NA,NA,NA,NA,NA,NA,NA,NA,NA,NA,NA,NA,NA,NA,NA,NA,NA,NA,NA,NA,NA,NA,NA,NA,NA,NA,NA,NA,NA,NA,NA,NA,NA,NA,NA,NA,NA,NA,NA,NA,NA,NA,NA,NA,NA,NA,NA,NA,NA,NA,NA,NA,NA,NA,NA,NA,NA,NA,NA,NA,NA,NA,NA,NA,NA,NA,NA,NA,NA,NA,NA,NA,NA,true,TRUE,TRUE,2656.507630119016,2715.400693466802,2656.8237395415085,58.893063347785755,58.893063347785755,12.000000000000023,FALSE,18954.365,FALSE,FALSE,TRUE
skewness_heavy_tails,skewness and heavy tails,EST,NH,41,1000,354,0.354,0.6329113924050633,TRUE,TRUE,TRUE,0,NA,-1463.0792515966791,2942.1585031933582,2981.420545425215,2942.3038109632876,8,108.79500000000002,NA,2928.1585031933582,2933.0662584723405,1.000000000000017,NA,HeckmanEM,NA,raw_AIC_BIC_implied_logLik,finite_logLik_no_explicit_code,3,4.210712865877741,1.210712865877741,0.4,0.7652415467633102,0.3652415467633102,-0.7,NA,NA,0.7,NA,NA,0.5,NA,NA,0.5,NA,5,NA,NA,-0.7,-0.922981455454988,-0.22298145545498804,0.15,0.14212590537468925,-0.00787409462531074,1,0.9561891621161812,-0.0438108378838189,5,4.3306656729694195,-0.6693343270305805,1.5,1.4510805190453795,-0.04891948095462051,0.8,0.8560114926668737,0.056011492666873663,39.26204223185687,39.262042231857095,-2.2737367544323206e-13,NA,NA,NA,NA,NA,NA,NA,NA,NA,NA,NA,NA,NA,NA,NA,NA,NA,NA,NA,NA,NA,NA,NA,NA,NA,NA,NA,NA,NA,NA,NA,NA,NA,NA,NA,NA,NA,NA,NA,NA,NA,NA,NA,NA,NA,NA,NA,NA,NA,NA,NA,NA,NA,NA,NA,NA,NA,NA,NA,NA,NA,NA,NA,NA,NA,NA,NA,NA,NA,NA,NA,NA,NA,NA,NA,NA,NA,NA,NA,NA,NA,NA,NA,NA,NA,NA,NA,NA,NA,NA,NA,NA,NA,NA,NA,NA,NA,NA,NA,NA,NA,NA,true,TRUE,TRUE,2942.1585031933582,2981.420545425215,2942.3038109632876,39.26204223185687,39.26204223185687,7.999999999999954,FALSE,108.79500000000002,NA,NA,NA
skewness_heavy_tails,skewness and heavy tails,EST,HT,41,1000,354,0.354,0.6329113924050633,TRUE,TRUE,TRUE,0,NA,-1438.291557385552,2894.583114771104,2938.7529122819433,2894.764932952922,9,203.46,NA,2878.583114771104,2883.4908700500864,1.000000000000017,NA,HeckmanEM,NA,raw_AIC_BIC_implied_logLik,finite_logLik_no_explicit_code,3,2.867911867730344,-0.1320881322696561,0.4,0.6977503711448038,0.29775037114480374,-0.7,NA,NA,0.7,NA,NA,0.5,NA,NA,0.5,NA,5,NA,NA,-0.7,-1.0812309949405343,-0.3812309949405344,0.15,0.16911937391535872,0.01911937391535873,1,1.142134934002393,0.14213493400239297,5,5.143747323433526,0.1437473234335256,1.5,1.352016855741398,-0.14798314425860193,0.8,0.771623447189269,-0.02837655281073103,44.16979751083909,44.16979751083923,-1.4210854715202004e-13,NA,NA,NA,NA,NA,NA,NA,NA,NA,NA,NA,NA,NA,NA,NA,NA,NA,NA,NA,NA,NA,NA,NA,NA,NA,NA,NA,NA,NA,NA,NA,NA,NA,NA,NA,NA,NA,NA,NA,NA,NA,NA,NA,NA,NA,NA,NA,NA,NA,NA,NA,NA,NA,NA,NA,NA,NA,NA,NA,NA,NA,NA,NA,NA,NA,NA,NA,NA,NA,NA,NA,NA,NA,NA,NA,NA,NA,NA,NA,NA,NA,NA,NA,NA,NA,NA,NA,NA,NA,NA,NA,NA,NA,NA,NA,NA,NA,NA,NA,NA,NA,NA,true,TRUE,TRUE,2894.583114771104,2938.7529122819433,2894.764932952922,44.16979751083909,44.16979751083909,8.999999999999972,FALSE,203.46,NA,NA,NA
skewness_heavy_tails,skewness and heavy tails,EST,CN,41,1000,354,0.354,0.6329113924050633,TRUE,TRUE,TRUE,0,NA,-1436.930955844426,2893.8619116888517,2942.939464478673,2894.0843586049286,10,386.592,NA,2875.8619116888517,2880.769666967834,1.000000000000017,NA,HeckmanEM,NA,raw_AIC_BIC_implied_logLik,finite_logLik_no_explicit_code,3,2.931145712205013,-0.06885428779498692,0.4,0.706034483445114,0.30603448344511397,-0.7,NA,NA,0.7,NA,NA,0.5,NA,NA,0.5,NA,5,NA,NA,-0.7,-1.0714846154454147,-0.3714846154454148,0.15,0.16663658358377295,0.01663658358377295,1,1.129973644023453,0.1299736440234529,5,5.058949679787008,0.05894967978700816,1.5,1.358330159279336,-0.14166984072066402,0.8,0.7830066557769075,-0.01699334422309251,49.07755278982131,49.07755278982137,-5.684341886080802e-14,NA,NA,NA,NA,NA,NA,NA,NA,NA,NA,NA,NA,NA,NA,NA,NA,NA,NA,NA,NA,NA,NA,NA,NA,NA,NA,NA,NA,NA,NA,NA,NA,NA,NA,NA,NA,NA,NA,NA,NA,NA,NA,NA,NA,NA,NA,NA,NA,NA,NA,NA,NA,NA,NA,NA,NA,NA,NA,NA,NA,NA,NA,NA,NA,NA,NA,NA,NA,NA,NA,NA,NA,NA,NA,NA,NA,NA,NA,NA,NA,NA,NA,NA,NA,NA,NA,NA,NA,NA,NA,NA,NA,NA,NA,NA,NA,NA,NA,NA,NA,NA,NA,true,TRUE,TRUE,2893.861911688852,2942.9394644786735,2894.084358604929,49.07755278982131,49.07755278982131,9.999999999999988,FALSE,386.592,NA,NA,NA
skewness_heavy_tails,skewness and heavy tails,EST,ESN,41,1000,354,0.354,0.6329113924050633,TRUE,TRUE,TRUE,0,CONVERGENCE: REL_REDUCTION_OF_F <= FACTR*EPSMCH,-1460.7315940191224,2943.463188038245,2997.4484961070484,2943.730394515978,11,16507.985,NA,NA,NA,NA,8,stage2,1460.73281126654;1460.73526493183;1460.73677697474;1463.08814146599;1460.74469605504;1463.07966036158;1460.9570169991;1460.73160270807;1460.74208255596;1462.14230233652;1460.73567950011;1460.73195125392;1460.73735613047;1463.07925139014,proposed_likelihood,stage2,3,4.322597644306531,1.3225976443065308,0.4,0.6577268909667493,0.2577268909667493,-0.7,1.4239555539677662,2.1239555539677664,0.7,-1.4925821305300957,-2.192582130530096,0.5,-1.4925821305300957,-1.9925821305300957,0.5,-1.4925821305300957,5,NA,NA,-0.7,-1.5439916211894809,-0.8439916211894809,0.15,0.11620668442698022,-0.03379331557301977,1,0.7989281799553981,-0.2010718200446019,5,4.48102104129276,-0.5189789587072404,1.5,1.4250761725851488,-0.07492382741485115,0.8,0.8528486574181556,0.05284865741815559,53.98530806880353,53.985308068803505,2.842170943040401e-14,NA,NA,NA,NA,NA,NA,NA,NA,NA,NA,NA,NA,NA,NA,NA,NA,NA,NA,NA,NA,NA,NA,NA,NA,NA,NA,NA,NA,NA,NA,NA,NA,NA,NA,NA,NA,NA,NA,NA,NA,NA,NA,NA,NA,NA,NA,NA,NA,NA,NA,NA,NA,NA,NA,NA,NA,NA,NA,NA,NA,NA,NA,NA,NA,NA,NA,NA,NA,NA,NA,NA,NA,NA,NA,NA,NA,NA,NA,NA,NA,NA,NA,NA,NA,NA,NA,NA,NA,NA,NA,NA,NA,NA,NA,NA,NA,NA,NA,NA,NA,NA,NA,true,TRUE,TRUE,2943.463188038245,2997.4484961070484,2943.730394515978,53.98530806880353,53.98530806880353,11.000000000000005,FALSE,16507.985,FALSE,TRUE,TRUE
skewness_heavy_tails,skewness and heavy tails,EST,EST,41,1000,354,0.354,0.6329113924050633,TRUE,TRUE,TRUE,0,CONVERGENCE: REL_REDUCTION_OF_F <= FACTR*EPSMCH,-1437.6618642707226,2899.3237285414452,2958.216791889231,2899.6398379639377,12,16775.814,NA,NA,NA,NA,1,stage2,1437.66186495043;1e+12;1e+12;1437.66205123667;1e+12;1e+12;1437.66238139587;1e+12;1e+12;1437.66476163198;1e+12;1e+12;1437.66226900346;1e+12;1e+12;1437.66474775099;1e+12;1e+12;1437.66197038439;1e+12;1e+12;1437.66548492782;1e+12;1e+12;1437.67978568523;1e+12;1e+12;1437.67022533888;1e+12;1e+12;1437.66477102225;1e+12;1e+12;1437.66545678122;1e+12;1e+12;1437.66251409829;1e+12;1e+12;1437.66210430999;1e+12;1e+12,proposed_likelihood,stage2,3,3.009353002496062,0.00935300249606196,0.4,0.7191651057808159,0.3191651057808159,-0.7,-0.9744660128001156,-0.2744660128001155,0.7,0.24150051442771703,-0.458499485572283,0.5,-0.5604288555608711,-1.060428855560871,0.5,-0.5604288555608711,5,4,-1,-0.7,-0.0994946136605868,0.6005053863394132,0.15,0.14321963197377538,-0.00678036802622461,1,0.95386344199978,-0.04613655800021987,5,6.465083408797224,1.4650834087972244,1.5,1.3425347256392175,-0.15746527436078228,0.8,0.7745063250778831,-0.02549367492211696,58.893063347785755,58.89306334778564,1.1368683772161603e-13,NA,NA,NA,NA,NA,NA,NA,NA,NA,NA,NA,NA,NA,NA,NA,NA,NA,NA,NA,NA,NA,NA,NA,NA,NA,NA,NA,NA,NA,NA,NA,NA,NA,NA,NA,NA,NA,NA,NA,NA,NA,NA,NA,NA,NA,NA,NA,NA,NA,NA,NA,NA,NA,NA,NA,NA,NA,NA,NA,NA,NA,NA,NA,NA,NA,NA,NA,NA,NA,NA,NA,NA,NA,NA,NA,NA,NA,NA,NA,NA,NA,NA,NA,NA,NA,NA,NA,NA,NA,NA,NA,NA,NA,NA,NA,NA,NA,NA,NA,NA,NA,NA,true,TRUE,TRUE,2899.3237285414452,2958.216791889231,2899.6398379639377,58.893063347785755,58.893063347785755,12.000000000000023,FALSE,16775.814,FALSE,FALSE,FALSE
skewness_heavy_tails,skewness and heavy tails,EST,NH,42,1000,337,0.337,0.6506180871828237,TRUE,TRUE,TRUE,0,NA,-1372.450878565034,2760.901757130068,2800.163799361925,2761.047064899997,8,153.336,NA,2746.901757130068,2751.80951240905,1.000000000000017,NA,HeckmanEM,NA,raw_AIC_BIC_implied_logLik,finite_logLik_no_explicit_code,3,3.719299242441111,0.7192992424411111,0.4,0.7466892584106659,0.3466892584106659,-0.7,NA,NA,0.7,NA,NA,0.5,NA,NA,0.5,NA,5,NA,NA,-0.7,-1.0369635771449497,-0.33696357714494973,0.15,0.14956278985269222,-4.372101473077705e-4,1,1.0030390367143769,0.00303903671437688,5,4.7839055963196735,-0.2160944036803265,1.5,1.5800394073599364,0.08003940735993642,0.8,0.7481224241508962,-0.05187757584910379,39.26204223185732,39.262042231857095,2.2737367544323206e-13,NA,NA,NA,NA,NA,NA,NA,NA,NA,NA,NA,NA,NA,NA,NA,NA,NA,NA,NA,NA,NA,NA,NA,NA,NA,NA,NA,NA,NA,NA,NA,NA,NA,NA,NA,NA,NA,NA,NA,NA,NA,NA,NA,NA,NA,NA,NA,NA,NA,NA,NA,NA,NA,NA,NA,NA,NA,NA,NA,NA,NA,NA,NA,NA,NA,NA,NA,NA,NA,NA,NA,NA,NA,NA,NA,NA,NA,NA,NA,NA,NA,NA,NA,NA,NA,NA,NA,NA,NA,NA,NA,NA,NA,NA,NA,NA,NA,NA,NA,NA,NA,NA,true,TRUE,TRUE,2760.901757130068,2800.163799361925,2761.047064899997,39.26204223185732,39.26204223185732,8.000000000000046,FALSE,153.336,NA,NA,NA
skewness_heavy_tails,skewness and heavy tails,EST,HT,42,1000,337,0.337,0.6506180871828237,TRUE,TRUE,TRUE,0,NA,-1358.326014445587,2734.652028891174,2778.821826402013,2734.833847072992,9,142.735,NA,2718.652028891174,2723.559784170156,1.000000000000017,NA,HeckmanEM,NA,raw_AIC_BIC_implied_logLik,finite_logLik_no_explicit_code,3,2.7987137906808295,-0.20128620931917052,0.4,0.6682055968092436,0.2682055968092436,-0.7,NA,NA,0.7,NA,NA,0.5,NA,NA,0.5,NA,5,NA,NA,-0.7,-1.1767587958978931,-0.4767587958978934,0.15,0.17716223675627252,0.02716223675627252,1,1.1547266739843236,0.1547266739843236,5,5.1697405174561375,0.1697405174561375,1.5,1.635145705739045,0.13514570573904505,0.8,0.8355996377803981,0.0355996377803981,44.16979751083909,44.16979751083923,-1.4210854715202004e-13,NA,NA,NA,NA,NA,NA,NA,NA,NA,NA,NA,NA,NA,NA,NA,NA,NA,NA,NA,NA,NA,NA,NA,NA,NA,NA,NA,NA,NA,NA,NA,NA,NA,NA,NA,NA,NA,NA,NA,NA,NA,NA,NA,NA,NA,NA,NA,NA,NA,NA,NA,NA,NA,NA,NA,NA,NA,NA,NA,NA,NA,NA,NA,NA,NA,NA,NA,NA,NA,NA,NA,NA,NA,NA,NA,NA,NA,NA,NA,NA,NA,NA,NA,NA,NA,NA,NA,NA,NA,NA,NA,NA,NA,NA,NA,NA,NA,NA,NA,NA,NA,NA,true,TRUE,TRUE,2734.652028891174,2778.821826402013,2734.833847072992,44.16979751083909,44.16979751083909,8.999999999999972,FALSE,142.735,NA,NA,NA
skewness_heavy_tails,skewness and heavy tails,EST,CN,42,1000,337,0.337,0.6506180871828237,TRUE,TRUE,TRUE,0,NA,-1357.7353340652935,2735.470668130587,2784.5482209204083,2735.693115046664,10,598.5640000000001,NA,2717.470668130587,2722.378423409569,1.000000000000017,NA,HeckmanEM,NA,raw_AIC_BIC_implied_logLik,finite_logLik_no_explicit_code,3,2.9485581377222427,-0.05144186227775726,0.4,0.6795207080384825,0.2795207080384825,-0.7,NA,NA,0.7,NA,NA,0.5,NA,NA,0.5,NA,5,NA,NA,-0.7,-1.1469109354074445,-0.4469109354074446,0.15,0.1692594715049134,0.01925947150491341,1,1.1250152662585489,0.12501526625854886,5,5.14102318278284,0.1410231827828401,1.5,1.621043123323427,0.12104312332342704,0.8,0.8177555123240171,0.01775551232401706,49.07755278982131,49.07755278982137,-5.684341886080802e-14,NA,NA,NA,NA,NA,NA,NA,NA,NA,NA,NA,NA,NA,NA,NA,NA,NA,NA,NA,NA,NA,NA,NA,NA,NA,NA,NA,NA,NA,NA,NA,NA,NA,NA,NA,NA,NA,NA,NA,NA,NA,NA,NA,NA,NA,NA,NA,NA,NA,NA,NA,NA,NA,NA,NA,NA,NA,NA,NA,NA,NA,NA,NA,NA,NA,NA,NA,NA,NA,NA,NA,NA,NA,NA,NA,NA,NA,NA,NA,NA,NA,NA,NA,NA,NA,NA,NA,NA,NA,NA,NA,NA,NA,NA,NA,NA,NA,NA,NA,NA,NA,NA,true,TRUE,TRUE,2735.470668130587,2784.5482209204083,2735.693115046664,49.07755278982131,49.07755278982131,9.999999999999988,FALSE,598.5640000000001,NA,NA,NA
skewness_heavy_tails,skewness and heavy tails,EST,ESN,42,1000,337,0.337,0.6506180871828237,TRUE,TRUE,TRUE,0,CONVERGENCE: REL_REDUCTION_OF_F <= FACTR*EPSMCH,-1368.0616384665084,2758.1232769330168,2812.1085850018203,2758.3904834107498,11,17742.53,NA,NA,NA,NA,10,stage2,1371.10432408561;1371.16525259795;1371.09923549927;1372.45101033102;1371.13065054061;1372.43619369695;1372.45771174456;1371.11876095958;1371.115912352;1368.6121331177;1371.10376024718;1371.1176934317;1371.11735743364;1372.45087828737,proposed_likelihood,stage2,3,4.929787013397687,1.9297870133976869,0.4,0.8391242305549926,0.4391242305549926,-0.7,1.4919892532146817,2.1919892532146816,0.7,0.7017190262530826,0.00171902625308262,0.5,-1.4865616949868097,-1.9865616949868097,0.5,-1.4865616949868097,5,NA,NA,-0.7,-1.8058777941414927,-1.1058777941414928,0.15,0.11343852660450218,-0.03656147339549781,1,0.7617485017987295,-0.23825149820127045,5,-0.4447945552205314,-5.444794555220532,1.5,1.586783364046531,0.08678336404653098,0.8,0.7832173737237325,-0.01678262627626758,53.98530806880353,53.985308068803505,2.842170943040401e-14,NA,NA,NA,NA,NA,NA,NA,NA,NA,NA,NA,NA,NA,NA,NA,NA,NA,NA,NA,NA,NA,NA,NA,NA,NA,NA,NA,NA,NA,NA,NA,NA,NA,NA,NA,NA,NA,NA,NA,NA,NA,NA,NA,NA,NA,NA,NA,NA,NA,NA,NA,NA,NA,NA,NA,NA,NA,NA,NA,NA,NA,NA,NA,NA,NA,NA,NA,NA,NA,NA,NA,NA,NA,NA,NA,NA,NA,NA,NA,NA,NA,NA,NA,NA,NA,NA,NA,NA,NA,NA,NA,NA,NA,NA,NA,NA,NA,NA,NA,NA,NA,NA,true,TRUE,TRUE,2758.1232769330168,2812.1085850018203,2758.3904834107498,53.98530806880353,53.98530806880353,11.000000000000005,FALSE,17742.53,TRUE,FALSE,TRUE
skewness_heavy_tails,skewness and heavy tails,EST,EST,42,1000,337,0.337,0.6506180871828237,TRUE,TRUE,TRUE,0,CONVERGENCE: REL_REDUCTION_OF_F <= FACTR*EPSMCH,-1356.863790627562,2737.727581255124,2796.6206446029096,2738.0436906776163,12,16452.698999999997,NA,NA,NA,NA,10,stage2,1356.86400170699;1e+12;1e+12;1356.8647544661;1e+12;1e+12;1356.86582831878;1e+12;1e+12;1356.86379298997;1e+12;1e+12;1356.88892649436;1e+12;1e+12;1356.86379365029;1e+12;1e+12;1356.86602766036;1e+12;1e+12;1356.86915807833;1e+12;1e+12;1356.87234291782;1e+12;1e+12;1356.86864206347;1e+12;1e+12;1356.86454595444;1e+12;1e+12;1356.86416426863;1e+12;1e+12;1356.88763896482;1e+12;1e+12;1356.8641761873;1e+12;1e+12,proposed_likelihood,stage2,3,3.761412622308712,0.7614126223087117,0.4,0.8254908856908713,0.4254908856908712,-0.7,-1.1025764468926875,-0.4025764468926878,0.7,-0.4383630367814154,-1.1383630367814153,0.5,1.043455107199579,0.543455107199579,0.5,1.043455107199579,5,4,-1,-0.7,-0.650659362853063,0.04934063714693693,0.15,0.1492248697388763,-7.75130261123691e-4,1,0.94562445573521,-0.05437554426479008,5,6.05253669267572,1.0525366926757205,1.5,1.6403335761859337,0.14033357618593345,0.8,0.8292028166317358,0.02920281663173574,58.893063347785755,58.89306334778564,1.1368683772161603e-13,NA,NA,NA,NA,NA,NA,NA,NA,NA,NA,NA,NA,NA,NA,NA,NA,NA,NA,NA,NA,NA,NA,NA,NA,NA,NA,NA,NA,NA,NA,NA,NA,NA,NA,NA,NA,NA,NA,NA,NA,NA,NA,NA,NA,NA,NA,NA,NA,NA,NA,NA,NA,NA,NA,NA,NA,NA,NA,NA,NA,NA,NA,NA,NA,NA,NA,NA,NA,NA,NA,NA,NA,NA,NA,NA,NA,NA,NA,NA,NA,NA,NA,NA,NA,NA,NA,NA,NA,NA,NA,NA,NA,NA,NA,NA,NA,NA,NA,NA,NA,NA,NA,true,TRUE,TRUE,2737.727581255124,2796.6206446029096,2738.0436906776163,58.893063347785755,58.893063347785755,12.000000000000023,FALSE,16452.698999999997,FALSE,FALSE,FALSE
skewness_heavy_tails,skewness and heavy tails,EST,NH,43,1000,334,0.334,0.6426735218508998,TRUE,TRUE,TRUE,0,NA,-1368.9090394624588,2753.8180789249177,2793.080121156775,2753.963386694847,8,140.427,NA,2739.8180789249177,2744.7258342039,1.000000000000017,NA,HeckmanEM,NA,raw_AIC_BIC_implied_logLik,finite_logLik_no_explicit_code,3,3.464922125263894,0.464922125263894,0.4,0.5909435295946651,0.1909435295946651,-0.7,NA,NA,0.7,NA,NA,0.5,NA,NA,0.5,NA,5,NA,NA,-0.7,-1.0105380861038802,-0.31053808610388023,0.15,0.1694677780138048,0.01946777801380481,1,1.0170673773042722,0.01706737730427221,5,5.884630137296844,0.8846301372968437,1.5,1.3177075997415977,-0.18229240025840232,0.8,0.618956071624346,-0.18104392837565408,39.26204223185732,39.262042231857095,2.2737367544323206e-13,NA,NA,NA,NA,NA,NA,NA,NA,NA,NA,NA,NA,NA,NA,NA,NA,NA,NA,NA,NA,NA,NA,NA,NA,NA,NA,NA,NA,NA,NA,NA,NA,NA,NA,NA,NA,NA,NA,NA,NA,NA,NA,NA,NA,NA,NA,NA,NA,NA,NA,NA,NA,NA,NA,NA,NA,NA,NA,NA,NA,NA,NA,NA,NA,NA,NA,NA,NA,NA,NA,NA,NA,NA,NA,NA,NA,NA,NA,NA,NA,NA,NA,NA,NA,NA,NA,NA,NA,NA,NA,NA,NA,NA,NA,NA,NA,NA,NA,NA,NA,NA,NA,true,TRUE,TRUE,2753.8180789249177,2793.080121156775,2753.963386694847,39.26204223185732,39.26204223185732,8.000000000000046,FALSE,140.427,NA,NA,NA
skewness_heavy_tails,skewness and heavy tails,EST,HT,43,1000,334,0.334,0.6426735218508998,TRUE,TRUE,TRUE,0,NA,-1365.0378478836226,2748.075695767245,2792.2454932780843,2748.257513949063,9,145.31,NA,2732.075695767245,2736.9834510462274,1.000000000000017,NA,HeckmanEM,NA,raw_AIC_BIC_implied_logLik,finite_logLik_no_explicit_code,3,2.9985340662431557,-0.00146593375684433,0.4,0.5682639342869208,0.16826393428692077,-0.7,NA,NA,0.7,NA,NA,0.5,NA,NA,0.5,NA,5,NA,NA,-0.7,-1.0759724553815515,-0.3759724553815515,0.15,0.18601619306914507,0.03601619306914508,1,1.082629396723927,0.0826293967239271,5,5.9102246449044005,0.9102246449044004,1.5,1.395457207822017,-0.10454279217798268,0.8,0.6707162779743756,-0.12928372202562444,44.16979751083909,44.16979751083923,-1.4210854715202004e-13,NA,NA,NA,NA,NA,NA,NA,NA,NA,NA,NA,NA,NA,NA,NA,NA,NA,NA,NA,NA,NA,NA,NA,NA,NA,NA,NA,NA,NA,NA,NA,NA,NA,NA,NA,NA,NA,NA,NA,NA,NA,NA,NA,NA,NA,NA,NA,NA,NA,NA,NA,NA,NA,NA,NA,NA,NA,NA,NA,NA,NA,NA,NA,NA,NA,NA,NA,NA,NA,NA,NA,NA,NA,NA,NA,NA,NA,NA,NA,NA,NA,NA,NA,NA,NA,NA,NA,NA,NA,NA,NA,NA,NA,NA,NA,NA,NA,NA,NA,NA,NA,NA,true,TRUE,TRUE,2748.075695767245,2792.2454932780843,2748.257513949063,44.16979751083909,44.16979751083909,8.999999999999972,FALSE,145.31,NA,NA,NA
skewness_heavy_tails,skewness and heavy tails,EST,CN,43,1000,334,0.334,0.6426735218508998,TRUE,TRUE,TRUE,0,NA,-1364.6615068584772,2749.3230137169544,2798.4005665067757,2749.5454606330313,10,598.1270000000001,NA,2731.3230137169544,2736.2307689959366,1.000000000000017,NA,HeckmanEM,NA,raw_AIC_BIC_implied_logLik,finite_logLik_no_explicit_code,3,2.88717812280858,-0.11282187719141978,0.4,0.5692881256456204,0.16928812564562035,-0.7,NA,NA,0.7,NA,NA,0.5,NA,NA,0.5,NA,5,NA,NA,-0.7,-1.121788220263608,-0.42178822026360807,0.15,0.19305708317668785,0.04305708317668785,1,1.1287281208467217,0.12872812084672147,5,5.880332270810255,0.8803322708102552,1.5,1.390449486056223,-0.10955051394377668,0.8,0.681037400221246,-0.118962599778754,49.07755278982131,49.07755278982137,-5.684341886080802e-14,NA,NA,NA,NA,NA,NA,NA,NA,NA,NA,NA,NA,NA,NA,NA,NA,NA,NA,NA,NA,NA,NA,NA,NA,NA,NA,NA,NA,NA,NA,NA,NA,NA,NA,NA,NA,NA,NA,NA,NA,NA,NA,NA,NA,NA,NA,NA,NA,NA,NA,NA,NA,NA,NA,NA,NA,NA,NA,NA,NA,NA,NA,NA,NA,NA,NA,NA,NA,NA,NA,NA,NA,NA,NA,NA,NA,NA,NA,NA,NA,NA,NA,NA,NA,NA,NA,NA,NA,NA,NA,NA,NA,NA,NA,NA,NA,NA,NA,NA,NA,NA,NA,true,TRUE,TRUE,2749.3230137169544,2798.4005665067757,2749.5454606330313,49.07755278982131,49.07755278982131,9.999999999999988,FALSE,598.1270000000001,NA,NA,NA
skewness_heavy_tails,skewness and heavy tails,EST,ESN,43,1000,334,0.334,0.6426735218508998,TRUE,TRUE,TRUE,0,CONVERGENCE: REL_REDUCTION_OF_F <= FACTR*EPSMCH,-1365.6037430209633,2753.2074860419266,2807.19279411073,2753.4746925196596,11,16651.531,NA,NA,NA,NA,10,stage2,1368.91162993491;1368.91189995454;1368.91063814222;1368.90010339105;1368.90964505131;1368.90954284374;1368.91712725287;1368.90947800201;1368.90991598644;1366.38672351335;1368.86892603016;1368.91072017858;1368.9117990652;1368.90903923568,proposed_likelihood,stage2,3,4.846852656959066,1.846852656959066,0.4,0.646365397798308,0.246365397798308,-0.7,0.9925899651601288,1.6925899651601288,0.7,1.3392239354311668,0.6392239354311668,0.5,-1.4779026279987029,-1.9779026279987029,0.5,-1.4779026279987029,5,NA,NA,-0.7,-1.5923214116310551,-0.8923214116310552,0.15,0.15484557377824107,0.00484557377824107,1,0.9204738296368808,-0.07952617036311926,5,0.6683866302426313,-4.331613369757369,1.5,1.3549283632714977,-0.14507163672850254,0.8,0.6139871053721062,-0.18601289462789383,53.98530806880353,53.985308068803505,2.842170943040401e-14,NA,NA,NA,NA,NA,NA,NA,NA,NA,NA,NA,NA,NA,NA,NA,NA,NA,NA,NA,NA,NA,NA,NA,NA,NA,NA,NA,NA,NA,NA,NA,NA,NA,NA,NA,NA,NA,NA,NA,NA,NA,NA,NA,NA,NA,NA,NA,NA,NA,NA,NA,NA,NA,NA,NA,NA,NA,NA,NA,NA,NA,NA,NA,NA,NA,NA,NA,NA,NA,NA,NA,NA,NA,NA,NA,NA,NA,NA,NA,NA,NA,NA,NA,NA,NA,NA,NA,NA,NA,NA,NA,NA,NA,NA,NA,NA,NA,NA,NA,NA,NA,NA,true,TRUE,TRUE,2753.2074860419266,2807.19279411073,2753.4746925196596,53.98530806880353,53.98530806880353,11.000000000000005,FALSE,16651.531,FALSE,FALSE,TRUE
skewness_heavy_tails,skewness and heavy tails,EST,EST,43,1000,334,0.334,0.6426735218508998,TRUE,TRUE,TRUE,0,CONVERGENCE: REL_REDUCTION_OF_F <= FACTR*EPSMCH,-1367.000131647579,2758.000263295158,2816.893326642944,2758.3163727176507,12,20013.78,NA,NA,NA,NA,28,stage2,1367.10214261749;1e+12;1e+12;1367.0395527898;1e+12;1e+12;1367.08284872793;1e+12;1e+12;1367.02783182023;1e+12;1e+12;1367.08769536266;1e+12;1e+12;1367.01873782962;1e+12;1e+12;1367.0508931911;1e+12;1e+12;1367.02545649776;1e+12;1e+12;1367.1836442903;1e+12;1e+12;1367.00518759193;1e+12;1e+12;1367.01403666128;1e+12;1e+12;1367.00177409583;1e+12;1e+12;1367.08504315327;1e+12;1e+12;1367.03619996689;1e+12;1e+12,proposed_likelihood,stage2,3,2.892932843979951,-0.10706715602004913,0.4,0.4933238377587501,0.09332383775875008,-0.7,-1.2537556721830962,-0.5537556721830963,0.7,0.4082605765838908,-0.29173942341610914,0.5,1.4877199751871135,0.9877199751871136,0.5,1.4877199751871135,5,4,-1,-0.7,-0.6596665637388961,0.04033343626110386,0.15,0.16143817832611795,0.01143817832611796,1,0.933077800747739,-0.06692219925226095,5,6.224758057915258,1.224758057915258,1.5,1.4472126646121306,-0.05278733538786939,0.8,0.689127332862746,-0.11087266713725408,58.893063347785755,58.89306334778564,1.1368683772161603e-13,NA,NA,NA,NA,NA,NA,NA,NA,NA,NA,NA,NA,NA,NA,NA,NA,NA,NA,NA,NA,NA,NA,NA,NA,NA,NA,NA,NA,NA,NA,NA,NA,NA,NA,NA,NA,NA,NA,NA,NA,NA,NA,NA,NA,NA,NA,NA,NA,NA,NA,NA,NA,NA,NA,NA,NA,NA,NA,NA,NA,NA,NA,NA,NA,NA,NA,NA,NA,NA,NA,NA,NA,NA,NA,NA,NA,NA,NA,NA,NA,NA,NA,NA,NA,NA,NA,NA,NA,NA,NA,NA,NA,NA,NA,NA,NA,NA,NA,NA,NA,NA,NA,true,TRUE,TRUE,2758.000263295158,2816.893326642944,2758.3163727176507,58.893063347785755,58.893063347785755,12.000000000000023,FALSE,20013.78,FALSE,FALSE,TRUE
skewness_heavy_tails,skewness and heavy tails,EST,NH,44,1000,327,0.327,0.649772579597141,TRUE,TRUE,TRUE,0,NA,-1384.3787255338702,2784.7574510677405,2824.0194932995973,2784.90275883767,8,205.545,NA,2770.7574510677405,2775.6652063467227,1.000000000000017,NA,HeckmanEM,NA,raw_AIC_BIC_implied_logLik,finite_logLik_no_explicit_code,3,4.007219762757518,1.0072197627575177,0.4,0.7723022442782703,0.3723022442782703,-0.7,NA,NA,0.7,NA,NA,0.5,NA,NA,0.5,NA,5,NA,NA,-0.7,-0.9397700748077428,-0.2397700748077427,0.15,0.12975796257105646,-0.02024203742894353,1,0.8371023960007781,-0.16289760399922193,5,4.328651064211021,-0.6713489357889788,1.5,1.3077332371026542,-0.1922667628973458,0.8,0.7763816393131313,-0.02361836068686873,39.26204223185687,39.262042231857095,-2.2737367544323206e-13,NA,NA,NA,NA,NA,NA,NA,NA,NA,NA,NA,NA,NA,NA,NA,NA,NA,NA,NA,NA,NA,NA,NA,NA,NA,NA,NA,NA,NA,NA,NA,NA,NA,NA,NA,NA,NA,NA,NA,NA,NA,NA,NA,NA,NA,NA,NA,NA,NA,NA,NA,NA,NA,NA,NA,NA,NA,NA,NA,NA,NA,NA,NA,NA,NA,NA,NA,NA,NA,NA,NA,NA,NA,NA,NA,NA,NA,NA,NA,NA,NA,NA,NA,NA,NA,NA,NA,NA,NA,NA,NA,NA,NA,NA,NA,NA,NA,NA,NA,NA,NA,NA,true,TRUE,TRUE,2784.7574510677405,2824.0194932995973,2784.90275883767,39.26204223185687,39.26204223185687,7.999999999999954,FALSE,205.545,NA,NA,NA
skewness_heavy_tails,skewness and heavy tails,EST,HT,44,1000,327,0.327,0.649772579597141,TRUE,TRUE,TRUE,0,NA,-1375.1008336801322,2768.2016673602643,2812.3714648711034,2768.3834855420823,9,272.59299999999996,NA,2752.2016673602643,2757.1094226392465,1.000000000000017,NA,HeckmanEM,NA,raw_AIC_BIC_implied_logLik,finite_logLik_no_explicit_code,3,2.8961636096536965,-0.10383639034630354,0.4,0.6781935821047134,0.27819358210471334,-0.7,NA,NA,0.7,NA,NA,0.5,NA,NA,0.5,NA,5,NA,NA,-0.7,-1.0715030860640564,-0.37150308606405646,0.15,0.15160839926621483,0.00160839926621483,1,0.9736584826520038,-0.02634151734799617,5,4.925960315132371,-0.07403968486762924,1.5,1.3209262524258625,-0.17907374757413752,0.8,0.7998084019824686,-1.915980175314358e-4,44.16979751083909,44.16979751083923,-1.4210854715202004e-13,NA,NA,NA,NA,NA,NA,NA,NA,NA,NA,NA,NA,NA,NA,NA,NA,NA,NA,NA,NA,NA,NA,NA,NA,NA,NA,NA,NA,NA,NA,NA,NA,NA,NA,NA,NA,NA,NA,NA,NA,NA,NA,NA,NA,NA,NA,NA,NA,NA,NA,NA,NA,NA,NA,NA,NA,NA,NA,NA,NA,NA,NA,NA,NA,NA,NA,NA,NA,NA,NA,NA,NA,NA,NA,NA,NA,NA,NA,NA,NA,NA,NA,NA,NA,NA,NA,NA,NA,NA,NA,NA,NA,NA,NA,NA,NA,NA,NA,NA,NA,NA,NA,true,TRUE,TRUE,2768.2016673602643,2812.3714648711034,2768.3834855420823,44.16979751083909,44.16979751083909,8.999999999999972,FALSE,272.59299999999996,NA,NA,NA
skewness_heavy_tails,skewness and heavy tails,EST,CN,44,1000,327,0.327,0.649772579597141,TRUE,TRUE,TRUE,0,NA,-1373.2307407791182,2766.4614815582363,2815.5390343480576,2766.6839284743132,10,608.2049999999999,NA,2748.4614815582363,2753.3692368372185,1.000000000000017,NA,HeckmanEM,NA,raw_AIC_BIC_implied_logLik,finite_logLik_no_explicit_code,3,2.3514247637574943,-0.6485752362425057,0.4,0.6809703830083459,0.28097038300834587,-0.7,NA,NA,0.7,NA,NA,0.5,NA,NA,0.5,NA,5,NA,NA,-0.7,-1.2761711471721182,-0.5761711471721183,0.15,0.1818857926361195,0.03188579263611954,1,1.1570401362590683,0.15704013625906854,5,4.936466430113051,-0.0635335698869488,1.5,1.3578420230140031,-0.14215797698599686,0.8,0.8064047240538259,0.00640472405382586,49.07755278982131,49.07755278982137,-5.684341886080802e-14,NA,NA,NA,NA,NA,NA,NA,NA,NA,NA,NA,NA,NA,NA,NA,NA,NA,NA,NA,NA,NA,NA,NA,NA,NA,NA,NA,NA,NA,NA,NA,NA,NA,NA,NA,NA,NA,NA,NA,NA,NA,NA,NA,NA,NA,NA,NA,NA,NA,NA,NA,NA,NA,NA,NA,NA,NA,NA,NA,NA,NA,NA,NA,NA,NA,NA,NA,NA,NA,NA,NA,NA,NA,NA,NA,NA,NA,NA,NA,NA,NA,NA,NA,NA,NA,NA,NA,NA,NA,NA,NA,NA,NA,NA,NA,NA,NA,NA,NA,NA,NA,NA,true,TRUE,TRUE,2766.4614815582363,2815.5390343480576,2766.6839284743132,49.07755278982131,49.07755278982131,9.999999999999988,FALSE,608.2049999999999,NA,NA,NA
skewness_heavy_tails,skewness and heavy tails,EST,ESN,44,1000,327,0.327,0.649772579597141,TRUE,TRUE,TRUE,0,CONVERGENCE: REL_REDUCTION_OF_F <= FACTR*EPSMCH,-1375.6125945780498,2773.2251891560995,2827.210497224903,2773.4923956338325,11,17904.43,NA,NA,NA,NA,10,stage2,1384.38869508324;1384.39961883298;1384.39118296686;1384.38364664563;1384.38908540486;1384.36261016176;1384.38781096382;1384.3849586275;1384.3912654935;1375.9182086488;1384.37877774776;1384.38201390556;1384.39797103627;1384.37872522116,proposed_likelihood,stage2,3,5.279975027552564,2.279975027552564,0.4,0.7599587915797136,0.35995879157971356,-0.7,1.4925821305300957,2.192582130530096,0.7,1.4925821305300957,0.7925821305300957,0.5,-1.4925821305300957,-1.9925821305300957,0.5,-1.4925821305300957,5,NA,NA,-0.7,-1.6113559978911864,-0.9113559978911864,0.15,0.11521187729885884,-0.03478812270114115,1,0.7577418133753083,-0.24225818662469167,5,-0.7050432149909062,-5.705043214990906,1.5,1.338449315966636,-0.16155068403336403,0.8,0.8187712296641461,0.01877122966414601,53.98530806880353,53.985308068803505,2.842170943040401e-14,NA,NA,NA,NA,NA,NA,NA,NA,NA,NA,NA,NA,NA,NA,NA,NA,NA,NA,NA,NA,NA,NA,NA,NA,NA,NA,NA,NA,NA,NA,NA,NA,NA,NA,NA,NA,NA,NA,NA,NA,NA,NA,NA,NA,NA,NA,NA,NA,NA,NA,NA,NA,NA,NA,NA,NA,NA,NA,NA,NA,NA,NA,NA,NA,NA,NA,NA,NA,NA,NA,NA,NA,NA,NA,NA,NA,NA,NA,NA,NA,NA,NA,NA,NA,NA,NA,NA,NA,NA,NA,NA,NA,NA,NA,NA,NA,NA,NA,NA,NA,NA,NA,true,TRUE,TRUE,2773.2251891560995,2827.210497224903,2773.4923956338325,53.98530806880353,53.98530806880353,11.000000000000005,FALSE,17904.43,TRUE,TRUE,TRUE
skewness_heavy_tails,skewness and heavy tails,EST,EST,44,1000,327,0.327,0.649772579597141,TRUE,TRUE,TRUE,0,CONVERGENCE: REL_REDUCTION_OF_F <= FACTR*EPSMCH,-1373.8766640334263,2771.7533280668526,2830.6463914146384,2772.069437489345,12,21872.322999999997,NA,NA,NA,NA,16,stage2,1373.89575056615;1e+12;1e+12;1374.47657569358;1e+12;1e+12;1373.89243520642;1e+12;1e+12;1373.89009692745;1e+12;1e+12;1374.73740001379;1e+12;1e+12;1373.88690752894;1e+12;1e+12;1373.97899037444;1e+12;1e+12;1373.89493391924;1e+12;1e+12;1374.84058493695;1e+12;1e+12;1373.88976457282;1e+12;1e+12;1373.95259231676;1e+12;1e+12;1373.89427924011;1e+12;1e+12;1374.85894392441;1e+12;1e+12;1373.89952038639;1e+12;1e+12,proposed_likelihood,stage2,3,2.8534839622193595,-0.14651603778064048,0.4,0.4040899140505817,0.00408991405058167,-0.7,-0.8447825019246367,-0.1447825019246367,0.7,1.0213069440519549,0.3213069440519547,0.5,1.4925821305300957,0.9925821305300956,0.5,1.4925821305300957,5,4,-1,-0.7,-0.8067787342296091,-0.10677873422960917,0.15,0.14101712500014643,-0.00898287499985356,1,0.9052271911509644,-0.0947728088490355,5,5.017473452393038,0.01747345239303843,1.5,1.3458999188640186,-0.1541000811359814,0.8,0.8180725884355476,0.0180725884355476,58.893063347785755,58.89306334778564,1.1368683772161603e-13,NA,NA,NA,NA,NA,NA,NA,NA,NA,NA,NA,NA,NA,NA,NA,NA,NA,NA,NA,NA,NA,NA,NA,NA,NA,NA,NA,NA,NA,NA,NA,NA,NA,NA,NA,NA,NA,NA,NA,NA,NA,NA,NA,NA,NA,NA,NA,NA,NA,NA,NA,NA,NA,NA,NA,NA,NA,NA,NA,NA,NA,NA,NA,NA,NA,NA,NA,NA,NA,NA,NA,NA,NA,NA,NA,NA,NA,NA,NA,NA,NA,NA,NA,NA,NA,NA,NA,NA,NA,NA,NA,NA,NA,NA,NA,NA,NA,NA,NA,NA,NA,NA,true,TRUE,TRUE,2771.7533280668526,2830.6463914146384,2772.069437489345,58.893063347785755,58.893063347785755,12.000000000000023,FALSE,21872.322999999997,FALSE,FALSE,TRUE
skewness_heavy_tails,skewness and heavy tails,EST,NH,45,1000,341,0.341,0.6285355122564424,TRUE,TRUE,TRUE,0,NA,-1448.9126567264732,2913.8253134529464,2953.0873556848037,2913.9706212228757,8,220.947,NA,2899.8253134529464,2904.7330687319286,1.000000000000017,NA,HeckmanEM,NA,raw_AIC_BIC_implied_logLik,finite_logLik_no_explicit_code,3,3.80838368730664,0.8083836873066401,0.4,0.5990309709021343,0.19903097090213429,-0.7,NA,NA,0.7,NA,NA,0.5,NA,NA,0.5,NA,5,NA,NA,-0.7,-0.912194439826099,-0.2121944398260991,0.15,0.13161218795005686,-0.01838781204994313,1,0.8716442617268643,-0.12835573827313573,5,5.355036555282167,0.35503655528216704,1.5,1.2644792223939938,-0.2355207776060062,0.8,0.6977333079667905,-0.1022666920332096,39.26204223185732,39.262042231857095,2.2737367544323206e-13,NA,NA,NA,NA,NA,NA,NA,NA,NA,NA,NA,NA,NA,NA,NA,NA,NA,NA,NA,NA,NA,NA,NA,NA,NA,NA,NA,NA,NA,NA,NA,NA,NA,NA,NA,NA,NA,NA,NA,NA,NA,NA,NA,NA,NA,NA,NA,NA,NA,NA,NA,NA,NA,NA,NA,NA,NA,NA,NA,NA,NA,NA,NA,NA,NA,NA,NA,NA,NA,NA,NA,NA,NA,NA,NA,NA,NA,NA,NA,NA,NA,NA,NA,NA,NA,NA,NA,NA,NA,NA,NA,NA,NA,NA,NA,NA,NA,NA,NA,NA,NA,NA,true,TRUE,TRUE,2913.8253134529464,2953.0873556848037,2913.9706212228757,39.26204223185732,39.26204223185732,8.000000000000046,FALSE,220.947,NA,NA,NA
skewness_heavy_tails,skewness and heavy tails,EST,HT,45,1000,341,0.341,0.6285355122564424,TRUE,TRUE,TRUE,0,NA,-1436.3141539994324,2890.628307998865,2934.798105509704,2890.810126180683,9,220.03500000000005,NA,2874.628307998865,2879.536063277847,1.000000000000017,NA,HeckmanEM,NA,raw_AIC_BIC_implied_logLik,finite_logLik_no_explicit_code,3,2.81917376130735,-0.1808262386926498,0.4,0.5213427908753919,0.1213427908753919,-0.7,NA,NA,0.7,NA,NA,0.5,NA,NA,0.5,NA,5,NA,NA,-0.7,-1.0376360532872075,-0.3376360532872076,0.15,0.15138318153515284,0.00138318153515284,1,1.0103529545319996,0.01035295453199958,5,5.681268706914775,0.6812687069147749,1.5,1.3892126389252408,-0.11078736107475916,0.8,0.7480818297132379,-0.05191817028676215,44.16979751083909,44.16979751083923,-1.4210854715202004e-13,NA,NA,NA,NA,NA,NA,NA,NA,NA,NA,NA,NA,NA,NA,NA,NA,NA,NA,NA,NA,NA,NA,NA,NA,NA,NA,NA,NA,NA,NA,NA,NA,NA,NA,NA,NA,NA,NA,NA,NA,NA,NA,NA,NA,NA,NA,NA,NA,NA,NA,NA,NA,NA,NA,NA,NA,NA,NA,NA,NA,NA,NA,NA,NA,NA,NA,NA,NA,NA,NA,NA,NA,NA,NA,NA,NA,NA,NA,NA,NA,NA,NA,NA,NA,NA,NA,NA,NA,NA,NA,NA,NA,NA,NA,NA,NA,NA,NA,NA,NA,NA,NA,true,TRUE,TRUE,2890.628307998865,2934.798105509704,2890.810126180683,44.16979751083909,44.16979751083909,8.999999999999972,FALSE,220.03500000000005,NA,NA,NA
skewness_heavy_tails,skewness and heavy tails,EST,CN,45,1000,341,0.341,0.6285355122564424,TRUE,TRUE,TRUE,0,NA,-1435.2866683764028,2890.5733367528055,2939.650889542627,2890.7957836688825,10,600.424,NA,2872.5733367528055,2877.4810920317877,1.000000000000017,NA,HeckmanEM,NA,raw_AIC_BIC_implied_logLik,finite_logLik_no_explicit_code,3,2.458912438971924,-0.5410875610280761,0.4,0.5361906171924308,0.13619061719243075,-0.7,NA,NA,0.7,NA,NA,0.5,NA,NA,0.5,NA,5,NA,NA,-0.7,-1.1830148521057169,-0.483014852105717,0.15,0.17258496574775883,0.02258496574775884,1,1.1522780507160542,0.15227805071605416,5,5.647937633126613,0.6479376331266131,1.5,1.3531798828990993,-0.1468201171009007,0.8,0.744559670628559,-0.05544032937144105,49.07755278982131,49.07755278982137,-5.684341886080802e-14,NA,NA,NA,NA,NA,NA,NA,NA,NA,NA,NA,NA,NA,NA,NA,NA,NA,NA,NA,NA,NA,NA,NA,NA,NA,NA,NA,NA,NA,NA,NA,NA,NA,NA,NA,NA,NA,NA,NA,NA,NA,NA,NA,NA,NA,NA,NA,NA,NA,NA,NA,NA,NA,NA,NA,NA,NA,NA,NA,NA,NA,NA,NA,NA,NA,NA,NA,NA,NA,NA,NA,NA,NA,NA,NA,NA,NA,NA,NA,NA,NA,NA,NA,NA,NA,NA,NA,NA,NA,NA,NA,NA,NA,NA,NA,NA,NA,NA,NA,NA,NA,NA,true,TRUE,TRUE,2890.5733367528055,2939.650889542627,2890.7957836688825,49.07755278982131,49.07755278982131,9.999999999999988,FALSE,600.424,NA,NA,NA
skewness_heavy_tails,skewness and heavy tails,EST,ESN,45,1000,341,0.341,0.6285355122564424,TRUE,TRUE,TRUE,0,CONVERGENCE: REL_REDUCTION_OF_F <= FACTR*EPSMCH,-1440.95253057978,2903.90506115956,2957.8903692283634,2904.172267637293,11,16831.777,NA,NA,NA,NA,6,stage2,1448.91676819897;1448.91904529796;1448.91461546057;1448.91565603014;1448.91269309431;1441.70775453714;1448.91619102393;1448.91257806449;1448.91410620806;1442.28389458211;1448.28866264152;1448.91766904301;1448.91768323663;1448.91241260766,proposed_likelihood,stage2,3,5.206938041972887,2.2069380419728866,0.4,0.5887718335358537,0.1887718335358537,-0.7,1.016412605372926,1.7164126053729258,0.7,1.4925821305300957,0.7925821305300957,0.5,-1.4925821305300957,-1.9925821305300957,0.5,-1.4925821305300957,5,NA,NA,-0.7,-1.4851304902497722,-0.7851304902497722,0.15,0.12414306427054168,-0.02585693572945831,1,0.8145340317444378,-0.18546596825556216,5,0.1569584237195088,-4.843041576280491,1.5,1.3387980679822922,-0.16120193201770783,0.8,0.6852554382589603,-0.11474456174103977,53.98530806880353,53.985308068803505,2.842170943040401e-14,NA,NA,NA,NA,NA,NA,NA,NA,NA,NA,NA,NA,NA,NA,NA,NA,NA,NA,NA,NA,NA,NA,NA,NA,NA,NA,NA,NA,NA,NA,NA,NA,NA,NA,NA,NA,NA,NA,NA,NA,NA,NA,NA,NA,NA,NA,NA,NA,NA,NA,NA,NA,NA,NA,NA,NA,NA,NA,NA,NA,NA,NA,NA,NA,NA,NA,NA,NA,NA,NA,NA,NA,NA,NA,NA,NA,NA,NA,NA,NA,NA,NA,NA,NA,NA,NA,NA,NA,NA,NA,NA,NA,NA,NA,NA,NA,NA,NA,NA,NA,NA,NA,true,TRUE,TRUE,2903.90506115956,2957.8903692283634,2904.172267637293,53.98530806880353,53.98530806880353,11.000000000000005,FALSE,16831.777,FALSE,TRUE,TRUE
skewness_heavy_tails,skewness and heavy tails,EST,EST,45,1000,341,0.341,0.6285355122564424,TRUE,TRUE,TRUE,0,CONVERGENCE: REL_REDUCTION_OF_F <= FACTR*EPSMCH,-1435.4050911999102,2894.8101823998204,2953.703245747606,2895.126291822313,12,19265.939,NA,NA,NA,NA,19,stage2,1435.40962978379;1e+12;1e+12;1435.41418630379;1e+12;1e+12;1435.40866329774;1e+12;1e+12;1435.42283985968;1e+12;1e+12;1435.41335043577;1e+12;1e+12;1435.43906306411;1e+12;1e+12;1435.40714446382;1e+12;1e+12;1435.40764866354;1e+12;1e+12;1435.41411166166;1e+12;1e+12;1435.43349997764;1e+12;1e+12;1435.4185518005;1e+12;1e+12;1435.41717869455;1e+12;1e+12;1435.41467063951;1e+12;1e+12;1435.42874999092;1e+12;1e+12,proposed_likelihood,stage2,3,2.6344452980427246,-0.36555470195727535,0.4,0.17113439042094494,-0.22886560957905508,-0.7,-1.4925821305300957,-0.7925821305300957,0.7,0.5395815311965225,-0.16041846880347743,0.5,-0.9735305439879112,-1.4735305439879114,0.5,-0.9735305439879112,5,4,-1,-0.7,0.2072892789764481,0.907289278976448,0.15,0.1215788215302408,-0.02842117846975918,1,0.7647784760474895,-0.2352215239525105,5,5.672689589084746,0.6726895890847464,1.5,1.4062799184016268,-0.0937200815983732,0.8,0.7494549102233297,-0.05054508977667038,58.893063347785755,58.89306334778564,1.1368683772161603e-13,NA,NA,NA,NA,NA,NA,NA,NA,NA,NA,NA,NA,NA,NA,NA,NA,NA,NA,NA,NA,NA,NA,NA,NA,NA,NA,NA,NA,NA,NA,NA,NA,NA,NA,NA,NA,NA,NA,NA,NA,NA,NA,NA,NA,NA,NA,NA,NA,NA,NA,NA,NA,NA,NA,NA,NA,NA,NA,NA,NA,NA,NA,NA,NA,NA,NA,NA,NA,NA,NA,NA,NA,NA,NA,NA,NA,NA,NA,NA,NA,NA,NA,NA,NA,NA,NA,NA,NA,NA,NA,NA,NA,NA,NA,NA,NA,NA,NA,NA,NA,NA,NA,true,TRUE,TRUE,2894.8101823998204,2953.703245747606,2895.126291822313,58.893063347785755,58.893063347785755,12.000000000000023,FALSE,19265.939,TRUE,FALSE,FALSE
skewness_heavy_tails,skewness and heavy tails,EST,NH,46,1000,333,0.333,0.6246096189881324,TRUE,TRUE,TRUE,0,NA,-1360.4800940341677,2736.960188068335,2776.222230300192,2737.105495838264,8,190.586,NA,2722.960188068335,2727.867943347317,1.000000000000017,NA,HeckmanEM,NA,raw_AIC_BIC_implied_logLik,finite_logLik_no_explicit_code,3,3.967254545844243,0.9672545458442432,0.4,0.830549027266444,0.4305490272664439,-0.7,NA,NA,0.7,NA,NA,0.5,NA,NA,0.5,NA,5,NA,NA,-0.7,-0.9922788764265282,-0.2922788764265283,0.15,0.13611562395633064,-0.01388437604366935,1,0.9499889194037384,-0.05001108059626158,5,4.173148524610845,-0.8268514753891552,1.5,1.7354295442555911,0.23542954425559115,0.8,0.7874361802167216,-0.01256381978327847,39.26204223185687,39.262042231857095,2.2737367544323206e-13,NA,NA,NA,NA,NA,NA,NA,NA,NA,NA,NA,NA,NA,NA,NA,NA,NA,NA,NA,NA,NA,NA,NA,NA,NA,NA,NA,NA,NA,NA,NA,NA,NA,NA,NA,NA,NA,NA,NA,NA,NA,NA,NA,NA,NA,NA,NA,NA,NA,NA,NA,NA,NA,NA,NA,NA,NA,NA,NA,NA,NA,NA,NA,NA,NA,NA,NA,NA,NA,NA,NA,NA,NA,NA,NA,NA,NA,NA,NA,NA,NA,NA,NA,NA,NA,NA,NA,NA,NA,NA,NA,NA,NA,NA,NA,NA,NA,NA,NA,NA,NA,NA,true,TRUE,TRUE,2736.9601880683354,2776.2222303001927,2737.1054958382647,39.26204223185732,39.26204223185732,8.000000000000046,FALSE,190.586,NA,NA,NA
skewness_heavy_tails,skewness and heavy tails,EST,HT,46,1000,333,0.333,0.6246096189881324,TRUE,TRUE,TRUE,0,NA,-1347.5969153685226,2713.193830737045,2757.363628247884,2713.375648918863,9,211.38700000000003,NA,2697.193830737045,2702.1015860160273,1.000000000000017,NA,HeckmanEM,NA,raw_AIC_BIC_implied_logLik,finite_logLik_no_explicit_code,3,2.849976300792153,-0.1500236992078472,0.4,0.7768902087189923,0.37689020871899226,-0.7,NA,NA,0.7,NA,NA,0.5,NA,NA,0.5,NA,5,NA,NA,-0.7,-1.1625813977997503,-0.4625813977997504,0.15,0.16564451323532364,0.01564451323532364,1,1.1256253507794274,0.12562535077942738,5,4.66336426621901,-0.33663573378099,1.5,1.633611687103718,0.13361168710371807,0.8,0.7985576000579251,-0.00144239994207495,44.16979751083909,44.16979751083923,-1.4210854715202004e-13,NA,NA,NA,NA,NA,NA,NA,NA,NA,NA,NA,NA,NA,NA,NA,NA,NA,NA,NA,NA,NA,NA,NA,NA,NA,NA,NA,NA,NA,NA,NA,NA,NA,NA,NA,NA,NA,NA,NA,NA,NA,NA,NA,NA,NA,NA,NA,NA,NA,NA,NA,NA,NA,NA,NA,NA,NA,NA,NA,NA,NA,NA,NA,NA,NA,NA,NA,NA,NA,NA,NA,NA,NA,NA,NA,NA,NA,NA,NA,NA,NA,NA,NA,NA,NA,NA,NA,NA,NA,NA,NA,NA,NA,NA,NA,NA,NA,NA,NA,NA,NA,NA,true,TRUE,TRUE,2713.193830737045,2757.363628247884,2713.375648918863,44.16979751083909,44.16979751083909,8.999999999999972,FALSE,211.38700000000003,NA,NA,NA
skewness_heavy_tails,skewness and heavy tails,EST,CN,46,1000,333,0.333,0.6246096189881324,TRUE,TRUE,TRUE,0,NA,-1346.3025317377655,2712.605063475531,2761.6826162653524,2712.827510391608,10,609.861,NA,2694.605063475531,2699.5128187545133,1.000000000000017,NA,HeckmanEM,NA,raw_AIC_BIC_implied_logLik,finite_logLik_no_explicit_code,3,2.4163111997140416,-0.5836888002859584,0.4,0.7744888384439653,0.3744888384439653,-0.7,NA,NA,0.7,NA,NA,0.5,NA,NA,0.5,NA,5,NA,NA,-0.7,-1.3512808154128,-0.6512808154128,0.15,0.1935475567127481,0.04354755671274807,1,1.3096382446413557,0.3096382446413555,5,4.670964357295778,-0.3290356427042216,1.5,1.619746178557537,0.11974617855753732,0.8,0.8051872816658019,0.00518728166580184,49.07755278982131,49.07755278982137,-5.684341886080802e-14,NA,NA,NA,NA,NA,NA,NA,NA,NA,NA,NA,NA,NA,NA,NA,NA,NA,NA,NA,NA,NA,NA,NA,NA,NA,NA,NA,NA,NA,NA,NA,NA,NA,NA,NA,NA,NA,NA,NA,NA,NA,NA,NA,NA,NA,NA,NA,NA,NA,NA,NA,NA,NA,NA,NA,NA,NA,NA,NA,NA,NA,NA,NA,NA,NA,NA,NA,NA,NA,NA,NA,NA,NA,NA,NA,NA,NA,NA,NA,NA,NA,NA,NA,NA,NA,NA,NA,NA,NA,NA,NA,NA,NA,NA,NA,NA,NA,NA,NA,NA,NA,NA,true,TRUE,TRUE,2712.605063475531,2761.6826162653524,2712.827510391608,49.07755278982131,49.07755278982131,9.999999999999988,FALSE,609.861,NA,NA,NA
skewness_heavy_tails,skewness and heavy tails,EST,ESN,46,1000,333,0.333,0.6246096189881324,TRUE,TRUE,TRUE,0,CONVERGENCE: REL_REDUCTION_OF_F <= FACTR*EPSMCH,-1352.9094929449077,2727.8189858898154,2781.804293958619,2728.0861923675484,11,18582.553000000004,NA,NA,NA,NA,10,stage2,1359.15021089471;1359.1642649351;1359.14860687266;1360.49193546718;1359.0143165548;1360.48145956683;1360.49250019189;1359.02134235117;1359.04917947034;1354.50089144966;1359.01092249464;1359.10920430287;1359.12474263717;1360.48009383698,proposed_likelihood,stage2,3,5.230488170300431,2.230488170300431,0.4,0.8005328436682938,0.4005328436682938,-0.7,1.4925821305300957,2.192582130530096,0.7,1.4703735247088487,0.7703735247088488,0.5,-1.4925821305300957,-1.9925821305300957,0.5,-1.4925821305300957,5,NA,NA,-0.7,-1.6704331632101088,-0.9704331632101088,0.15,0.1235640093815863,-0.02643599061841368,1,0.8598362983593405,-0.1401637016406595,5,-0.7652317546400115,-5.765231754640012,1.5,1.7266680404521917,0.2266680404521917,0.8,0.7894137030399628,-0.01058629696003721,53.98530806880353,53.985308068803505,2.842170943040401e-14,NA,NA,NA,NA,NA,NA,NA,NA,NA,NA,NA,NA,NA,NA,NA,NA,NA,NA,NA,NA,NA,NA,NA,NA,NA,NA,NA,NA,NA,NA,NA,NA,NA,NA,NA,NA,NA,NA,NA,NA,NA,NA,NA,NA,NA,NA,NA,NA,NA,NA,NA,NA,NA,NA,NA,NA,NA,NA,NA,NA,NA,NA,NA,NA,NA,NA,NA,NA,NA,NA,NA,NA,NA,NA,NA,NA,NA,NA,NA,NA,NA,NA,NA,NA,NA,NA,NA,NA,NA,NA,NA,NA,NA,NA,NA,NA,NA,NA,NA,NA,NA,NA,true,TRUE,TRUE,2727.8189858898154,2781.804293958619,2728.0861923675484,53.98530806880353,53.98530806880353,11.000000000000005,FALSE,18582.553000000004,TRUE,TRUE,TRUE
skewness_heavy_tails,skewness and heavy tails,EST,EST,46,1000,333,0.333,0.6246096189881324,TRUE,TRUE,TRUE,0,CONVERGENCE: REL_REDUCTION_OF_F <= FACTR*EPSMCH,-1347.124939338328,2718.249878676656,2777.1429420244417,2718.5659880991484,12,19222.724,NA,NA,NA,NA,40,stage2,1347.5205589937;1e+12;1e+12;1347.50251696403;1e+12;1e+12;1347.52949702459;1e+12;1e+12;1347.48917739465;1e+12;1e+12;1347.49310313925;1e+12;1e+12;1347.12978400339;1e+12;1e+12;1347.50746677581;1e+12;1e+12;1347.18166390629;1e+12;1e+12;1347.48320368953;1e+12;1e+12;1347.12518040043;1e+12;1e+12;1347.12958986608;1e+12;1e+12;1347.14605392771;1e+12;1e+12;1347.50577621076;1e+12;1e+12;1347.12494061997;1e+12;1e+12,proposed_likelihood,stage2,3,2.7765443716788076,-0.22345562832119237,0.4,0.6336015055834825,0.23360150558348247,-0.7,-0.27537125176616206,0.4246287482338379,0.7,0.8651876176227253,0.16518761762272538,0.5,1.3027505256747998,0.8027505256747998,0.5,1.3027505256747998,5,4,-1,-0.7,-1.073014981367239,-0.373014981367239,0.15,0.16433098228406998,0.01433098228406998,1,1.1138292942613426,0.11382929426134258,5,4.656202042738874,-0.34379795726112583,1.5,1.6234915116709845,0.12349151167098428,0.8,0.7911348230856974,-0.00886517691430266,58.893063347785755,58.89306334778564,1.1368683772161603e-13,NA,NA,NA,NA,NA,NA,NA,NA,NA,NA,NA,NA,NA,NA,NA,NA,NA,NA,NA,NA,NA,NA,NA,NA,NA,NA,NA,NA,NA,NA,NA,NA,NA,NA,NA,NA,NA,NA,NA,NA,NA,NA,NA,NA,NA,NA,NA,NA,NA,NA,NA,NA,NA,NA,NA,NA,NA,NA,NA,NA,NA,NA,NA,NA,NA,NA,NA,NA,NA,NA,NA,NA,NA,NA,NA,NA,NA,NA,NA,NA,NA,NA,NA,NA,NA,NA,NA,NA,NA,NA,NA,NA,NA,NA,NA,NA,NA,NA,NA,NA,NA,NA,true,TRUE,TRUE,2718.249878676656,2777.1429420244417,2718.5659880991484,58.893063347785755,58.893063347785755,12.000000000000023,FALSE,19222.724,FALSE,FALSE,FALSE
skewness_heavy_tails,skewness and heavy tails,EST,NH,47,1000,337,0.337,0.6493506493506493,TRUE,TRUE,TRUE,0,NA,-1407.472137211409,2830.944274422818,2870.206316654675,2831.0895821927475,8,65.336,NA,2816.944274422818,2821.8520297018003,1.000000000000017,NA,HeckmanEM,NA,raw_AIC_BIC_implied_logLik,finite_logLik_no_explicit_code,3,3.7389930904527655,0.7389930904527655,0.4,0.5840603802788864,0.1840603802788864,-0.7,NA,NA,0.7,NA,NA,0.5,NA,NA,0.5,NA,5,NA,NA,-0.7,-1.0175282168242208,-0.31752821682422083,0.15,0.1384244628924109,-0.01157553710758912,1,1.0438970762430346,0.04389707624303463,5,4.956625297921944,-0.04337470207805616,1.5,1.663958328798815,0.1639583287988149,0.8,0.8528690747995396,0.0528690747995395,39.26204223185687,39.262042231857095,-2.2737367544323206e-13,NA,NA,NA,NA,NA,NA,NA,NA,NA,NA,NA,NA,NA,NA,NA,NA,NA,NA,NA,NA,NA,NA,NA,NA,NA,NA,NA,NA,NA,NA,NA,NA,NA,NA,NA,NA,NA,NA,NA,NA,NA,NA,NA,NA,NA,NA,NA,NA,NA,NA,NA,NA,NA,NA,NA,NA,NA,NA,NA,NA,NA,NA,NA,NA,NA,NA,NA,NA,NA,NA,NA,NA,NA,NA,NA,NA,NA,NA,NA,NA,NA,NA,NA,NA,NA,NA,NA,NA,NA,NA,NA,NA,NA,NA,NA,NA,NA,NA,NA,NA,NA,NA,true,TRUE,TRUE,2830.944274422818,2870.206316654675,2831.0895821927475,39.26204223185687,39.26204223185687,7.999999999999954,FALSE,65.336,NA,NA,NA
skewness_heavy_tails,skewness and heavy tails,EST,HT,47,1000,337,0.337,0.6493506493506493,TRUE,TRUE,TRUE,0,NA,-1399.5884080592955,2817.176816118591,2861.34661362943,2817.358634300409,9,128.42000000000002,NA,2801.176816118591,2806.084571397573,1.000000000000017,NA,HeckmanEM,NA,raw_AIC_BIC_implied_logLik,finite_logLik_no_explicit_code,3,3.0528567814846173,0.05285678148461725,0.4,0.626981800766712,0.22698180076671193,-0.7,NA,NA,0.7,NA,NA,0.5,NA,NA,0.5,NA,5,NA,NA,-0.7,-1.117748230087433,-0.4177482300874331,0.15,0.1555049972454479,0.00550499724544789,1,1.142135376177539,0.14213537617753902,5,4.7713704940672566,-0.22862950593274345,1.5,1.5526708833500182,0.05267088335001824,0.8,0.9025471951305458,0.10254719513054578,44.16979751083909,44.16979751083923,-1.4210854715202004e-13,NA,NA,NA,NA,NA,NA,NA,NA,NA,NA,NA,NA,NA,NA,NA,NA,NA,NA,NA,NA,NA,NA,NA,NA,NA,NA,NA,NA,NA,NA,NA,NA,NA,NA,NA,NA,NA,NA,NA,NA,NA,NA,NA,NA,NA,NA,NA,NA,NA,NA,NA,NA,NA,NA,NA,NA,NA,NA,NA,NA,NA,NA,NA,NA,NA,NA,NA,NA,NA,NA,NA,NA,NA,NA,NA,NA,NA,NA,NA,NA,NA,NA,NA,NA,NA,NA,NA,NA,NA,NA,NA,NA,NA,NA,NA,NA,NA,NA,NA,NA,NA,NA,true,TRUE,TRUE,2817.176816118591,2861.34661362943,2817.358634300409,44.16979751083909,44.16979751083909,8.999999999999972,FALSE,128.42000000000002,NA,NA,NA
skewness_heavy_tails,skewness and heavy tails,EST,CN,47,1000,337,0.337,0.6493506493506493,TRUE,TRUE,TRUE,0,NA,-1398.435051424717,2816.870102849434,2865.947655639255,2817.0925497655107,10,593.072,NA,2798.870102849434,2803.777858128416,1.000000000000017,NA,HeckmanEM,NA,raw_AIC_BIC_implied_logLik,finite_logLik_no_explicit_code,3,2.275073470889348,-0.7249265291106521,0.4,0.6426817571222649,0.24268175712226492,-0.7,NA,NA,0.7,NA,NA,0.5,NA,NA,0.5,NA,5,NA,NA,-0.7,-1.4696736617032573,-0.7696736617032574,0.15,0.20401476964083107,0.05401476964083107,1,1.502827037307276,0.5028270373072761,5,4.680463508752251,-0.3195364912477494,1.5,1.5232771196959325,0.02327711969593249,0.8,0.9044131006135344,0.10441310061353448,49.07755278982131,49.07755278982137,-5.684341886080802e-14,NA,NA,NA,NA,NA,NA,NA,NA,NA,NA,NA,NA,NA,NA,NA,NA,NA,NA,NA,NA,NA,NA,NA,NA,NA,NA,NA,NA,NA,NA,NA,NA,NA,NA,NA,NA,NA,NA,NA,NA,NA,NA,NA,NA,NA,NA,NA,NA,NA,NA,NA,NA,NA,NA,NA,NA,NA,NA,NA,NA,NA,NA,NA,NA,NA,NA,NA,NA,NA,NA,NA,NA,NA,NA,NA,NA,NA,NA,NA,NA,NA,NA,NA,NA,NA,NA,NA,NA,NA,NA,NA,NA,NA,NA,NA,NA,NA,NA,NA,NA,NA,NA,true,TRUE,TRUE,2816.870102849434,2865.947655639255,2817.0925497655107,49.07755278982131,49.07755278982131,9.999999999999988,FALSE,593.072,NA,NA,NA
skewness_heavy_tails,skewness and heavy tails,EST,ESN,47,1000,337,0.337,0.6493506493506493,TRUE,TRUE,TRUE,0,CONVERGENCE: REL_REDUCTION_OF_F <= FACTR*EPSMCH,-1403.4936241847993,2828.9872483695985,2882.972556438402,2829.2544548473315,11,18440.343999999997,NA,NA,NA,NA,10,stage2,1407.36374163596;1407.47373469489;1406.88280726795;1407.47593595533;1406.79826528453;1407.43460788783;1407.47643313139;1406.83080207916;1406.8114087489;1403.89284359421;1406.81926648578;1407.01410538648;1406.91881217618;1407.47213688065,proposed_likelihood,stage2,3,5.084925997473952,2.0849259974739516,0.4,0.7269746125230344,0.3269746125230344,-0.7,1.4925821305300957,2.192582130530096,0.7,1.0451364554952045,0.34513645549520455,0.5,-1.458921919681103,-1.958921919681103,0.5,-1.458921919681103,5,NA,NA,-0.7,-1.7237806328726462,-1.0237806328726462,0.15,0.1113407947087822,-0.03865920529121779,1,0.8306187008094525,-0.16938129919054745,5,-0.2909222974693689,-5.290922297469369,1.5,1.6224909762170927,0.1224909762170927,0.8,0.8474445730272678,0.04744457302726779,53.98530806880353,53.985308068803505,2.842170943040401e-14,NA,NA,NA,NA,NA,NA,NA,NA,NA,NA,NA,NA,NA,NA,NA,NA,NA,NA,NA,NA,NA,NA,NA,NA,NA,NA,NA,NA,NA,NA,NA,NA,NA,NA,NA,NA,NA,NA,NA,NA,NA,NA,NA,NA,NA,NA,NA,NA,NA,NA,NA,NA,NA,NA,NA,NA,NA,NA,NA,NA,NA,NA,NA,NA,NA,NA,NA,NA,NA,NA,NA,NA,NA,NA,NA,NA,NA,NA,NA,NA,NA,NA,NA,NA,NA,NA,NA,NA,NA,NA,NA,NA,NA,NA,NA,NA,NA,NA,NA,NA,NA,NA,true,TRUE,TRUE,2828.9872483695985,2882.972556438402,2829.2544548473315,53.98530806880353,53.98530806880353,11.000000000000005,FALSE,18440.343999999997,TRUE,FALSE,TRUE
skewness_heavy_tails,skewness and heavy tails,EST,EST,47,1000,337,0.337,0.6493506493506493,TRUE,TRUE,TRUE,0,CONVERGENCE: REL_REDUCTION_OF_F <= FACTR*EPSMCH,-1400.3075295802778,2824.6150591605556,2883.5081225083413,2824.931168583048,12,18943.238000000005,NA,NA,NA,NA,22,stage2,1400.37957243076;1e+12;1e+12;1400.60462116558;1e+12;1e+12;1400.45751568676;1e+12;1e+12;1400.33579469587;1e+12;1e+12;1400.31142909025;1e+12;1e+12;1400.30785324122;1e+12;1e+12;1400.39191690758;1e+12;1e+12;1400.30752991342;1e+12;1e+12;1400.64286163172;1e+12;1e+12;1400.30753869957;1e+12;1e+12;1400.30819757976;1e+12;1e+12;1400.31321783901;1e+12;1e+12;1400.89987019514;1e+12;1e+12;1400.30780204653;1e+12;1e+12,proposed_likelihood,stage2,3,2.9141276315197415,-0.08587236848025848,0.4,0.5533028696756122,0.15330286967561213,-0.7,-0.16557908872361154,0.5344209112763885,0.7,0.4784224075955855,-0.22157759240441444,0.5,1.2608033511380368,0.7608033511380368,0.5,1.2608033511380368,5,4,-1,-0.7,-1.0740047638554917,-0.37400476385549153,0.15,0.15763438918208017,0.00763438918208017,1,1.143341656986938,0.1433416569869379,5,4.700472097085389,-0.29952790291461096,1.5,1.5224199247431685,0.02241992474316845,0.8,0.903257255242944,0.10325725524294382,58.893063347785755,58.89306334778564,1.1368683772161603e-13,NA,NA,NA,NA,NA,NA,NA,NA,NA,NA,NA,NA,NA,NA,NA,NA,NA,NA,NA,NA,NA,NA,NA,NA,NA,NA,NA,NA,NA,NA,NA,NA,NA,NA,NA,NA,NA,NA,NA,NA,NA,NA,NA,NA,NA,NA,NA,NA,NA,NA,NA,NA,NA,NA,NA,NA,NA,NA,NA,NA,NA,NA,NA,NA,NA,NA,NA,NA,NA,NA,NA,NA,NA,NA,NA,NA,NA,NA,NA,NA,NA,NA,NA,NA,NA,NA,NA,NA,NA,NA,NA,NA,NA,NA,NA,NA,NA,NA,NA,NA,NA,NA,true,TRUE,TRUE,2824.6150591605556,2883.5081225083413,2824.931168583048,58.893063347785755,58.893063347785755,12.000000000000023,FALSE,18943.238000000005,FALSE,FALSE,FALSE
skewness_heavy_tails,skewness and heavy tails,EST,NH,48,1000,356,0.356,0.6273525721455459,TRUE,TRUE,TRUE,0,NA,-1499.7646684586227,3015.5293369172455,3054.791379149103,3015.674644687175,8,163.721,NA,3001.5293369172455,3006.4370921962277,1.000000000000017,NA,HeckmanEM,NA,raw_AIC_BIC_implied_logLik,finite_logLik_no_explicit_code,3,4.328700976869722,1.3287009768697224,0.4,0.722418136440174,0.32241813644017403,-0.7,NA,NA,0.7,NA,NA,0.5,NA,NA,0.5,NA,5,NA,NA,-0.7,-0.881535315610777,-0.18153531561077707,0.15,0.14253184859754653,-0.00746815140245346,1,0.9256097078782076,-0.07439029212179249,5,4.658862612754772,-0.3411373872452277,1.5,1.3652822214290292,-0.13471777857097078,0.8,0.7991067398068619,-8.93260193138179e-4,39.26204223185732,39.262042231857095,2.2737367544323206e-13,NA,NA,NA,NA,NA,NA,NA,NA,NA,NA,NA,NA,NA,NA,NA,NA,NA,NA,NA,NA,NA,NA,NA,NA,NA,NA,NA,NA,NA,NA,NA,NA,NA,NA,NA,NA,NA,NA,NA,NA,NA,NA,NA,NA,NA,NA,NA,NA,NA,NA,NA,NA,NA,NA,NA,NA,NA,NA,NA,NA,NA,NA,NA,NA,NA,NA,NA,NA,NA,NA,NA,NA,NA,NA,NA,NA,NA,NA,NA,NA,NA,NA,NA,NA,NA,NA,NA,NA,NA,NA,NA,NA,NA,NA,NA,NA,NA,NA,NA,NA,NA,NA,true,TRUE,TRUE,3015.5293369172455,3054.791379149103,3015.674644687175,39.26204223185732,39.26204223185732,8.000000000000046,FALSE,163.721,NA,NA,NA
skewness_heavy_tails,skewness and heavy tails,EST,HT,48,1000,356,0.356,0.6273525721455459,TRUE,TRUE,TRUE,0,NA,-1479.807037538434,2977.614075076868,3021.7838725877073,2977.795893258686,9,174.772,NA,2961.614075076868,2966.5218303558504,1.000000000000017,NA,HeckmanEM,NA,raw_AIC_BIC_implied_logLik,finite_logLik_no_explicit_code,3,3.0572302595278495,0.05723025952784955,0.4,0.6096928450717892,0.2096928450717892,-0.7,NA,NA,0.7,NA,NA,0.5,NA,NA,0.5,NA,5,NA,NA,-0.7,-1.027086091044325,-0.32708609104432496,0.15,0.17532365377138753,0.02532365377138754,1,1.0939458190004796,0.0939458190004796,5,5.128637346541216,0.1286373465412156,1.5,1.4667930179913269,-0.03320698200867311,0.8,0.8955475828854111,0.0955475828854111,44.16979751083909,44.16979751083923,-1.4210854715202004e-13,NA,NA,NA,NA,NA,NA,NA,NA,NA,NA,NA,NA,NA,NA,NA,NA,NA,NA,NA,NA,NA,NA,NA,NA,NA,NA,NA,NA,NA,NA,NA,NA,NA,NA,NA,NA,NA,NA,NA,NA,NA,NA,NA,NA,NA,NA,NA,NA,NA,NA,NA,NA,NA,NA,NA,NA,NA,NA,NA,NA,NA,NA,NA,NA,NA,NA,NA,NA,NA,NA,NA,NA,NA,NA,NA,NA,NA,NA,NA,NA,NA,NA,NA,NA,NA,NA,NA,NA,NA,NA,NA,NA,NA,NA,NA,NA,NA,NA,NA,NA,NA,NA,true,TRUE,TRUE,2977.614075076868,3021.7838725877073,2977.795893258686,44.16979751083909,44.16979751083909,8.999999999999972,FALSE,174.772,NA,NA,NA
skewness_heavy_tails,skewness and heavy tails,EST,CN,48,1000,356,0.356,0.6273525721455459,TRUE,TRUE,TRUE,0,NA,-1479.2640629213329,2978.5281258426653,3027.6056786324866,2978.7505727587422,10,373.594,NA,2960.5281258426653,2965.4358811216475,1.000000000000017,NA,HeckmanEM,NA,raw_AIC_BIC_implied_logLik,finite_logLik_no_explicit_code,3,3.0621913570645067,0.06219135706450673,0.4,0.6035886547156223,0.20358865471562224,-0.7,NA,NA,0.7,NA,NA,0.5,NA,NA,0.5,NA,5,NA,NA,-0.7,-1.0318222267873158,-0.3318222267873159,0.15,0.17543250636813926,0.02543250636813926,1,1.095978190139936,0.09597819013993591,5,5.105640895481412,0.10564089548141188,1.5,1.463420010152724,-0.03657998984727606,0.8,0.9075278568335554,0.10752785683355535,49.07755278982131,49.07755278982137,-5.684341886080802e-14,NA,NA,NA,NA,NA,NA,NA,NA,NA,NA,NA,NA,NA,NA,NA,NA,NA,NA,NA,NA,NA,NA,NA,NA,NA,NA,NA,NA,NA,NA,NA,NA,NA,NA,NA,NA,NA,NA,NA,NA,NA,NA,NA,NA,NA,NA,NA,NA,NA,NA,NA,NA,NA,NA,NA,NA,NA,NA,NA,NA,NA,NA,NA,NA,NA,NA,NA,NA,NA,NA,NA,NA,NA,NA,NA,NA,NA,NA,NA,NA,NA,NA,NA,NA,NA,NA,NA,NA,NA,NA,NA,NA,NA,NA,NA,NA,NA,NA,NA,NA,NA,NA,true,TRUE,TRUE,2978.5281258426658,3027.605678632487,2978.7505727587427,49.07755278982131,49.07755278982131,9.999999999999988,FALSE,373.594,NA,NA,NA
skewness_heavy_tails,skewness and heavy tails,EST,ESN,48,1000,356,0.356,0.6273525721455459,TRUE,TRUE,TRUE,0,CONVERGENCE: REL_REDUCTION_OF_F <= FACTR*EPSMCH,-1485.9331154078398,2993.8662308156795,3047.851538884483,2994.1334372934125,11,17286.056,NA,NA,NA,NA,11,stage2,1499.77255503431;1499.7750766304;1499.77975592158;1499.76991723368;1499.76826587863;1499.74745026591;1499.79475660078;1499.76468455789;1499.76844917566;1499.76485910836;1498.79272482496;1499.7663339898;1499.78081706002;1499.76466825127,proposed_likelihood,stage2,3,5.794890646147841,2.7948906461478407,0.4,0.7290235945937319,0.32902359459373187,-0.7,1.4925821305300957,2.192582130530096,0.7,1.4925821305300957,0.7925821305300957,0.5,-1.4920001577837236,-1.9920001577837236,0.5,-1.4920001577837236,5,NA,NA,-0.7,-1.5516343282785736,-0.8516343282785737,0.15,0.12863265464849769,-0.02136734535150231,1,0.815726473081842,-0.184273526918158,5,-1.0386402938207902,-6.03864029382079,1.5,1.4080754022698567,-0.09192459773014328,0.8,0.8698373782223595,0.06983737822235947,53.98530806880353,53.985308068803505,2.842170943040401e-14,NA,NA,NA,NA,NA,NA,NA,NA,NA,NA,NA,NA,NA,NA,NA,NA,NA,NA,NA,NA,NA,NA,NA,NA,NA,NA,NA,NA,NA,NA,NA,NA,NA,NA,NA,NA,NA,NA,NA,NA,NA,NA,NA,NA,NA,NA,NA,NA,NA,NA,NA,NA,NA,NA,NA,NA,NA,NA,NA,NA,NA,NA,NA,NA,NA,NA,NA,NA,NA,NA,NA,NA,NA,NA,NA,NA,NA,NA,NA,NA,NA,NA,NA,NA,NA,NA,NA,NA,NA,NA,NA,NA,NA,NA,NA,NA,NA,NA,NA,NA,NA,NA,true,TRUE,TRUE,2993.8662308156795,3047.851538884483,2994.1334372934125,53.98530806880353,53.98530806880353,11.000000000000005,FALSE,17286.056,TRUE,TRUE,TRUE
skewness_heavy_tails,skewness and heavy tails,EST,EST,48,1000,356,0.356,0.6273525721455459,TRUE,TRUE,TRUE,0,CONVERGENCE: REL_REDUCTION_OF_F <= FACTR*EPSMCH,-1478.8272919078618,2981.6545838157235,3040.5476471635093,2981.970693238216,12,21093.609,NA,NA,NA,NA,34,stage2,1479.75187350442;1e+12;1e+12;1479.70245914767;1e+12;1e+12;1479.3759094683;1e+12;1e+12;1478.88122385872;1e+12;1e+12;1479.73408283763;1e+12;1e+12;1478.84656065673;1e+12;1e+12;1479.70527798559;1e+12;1e+12;1478.97911536362;1e+12;1e+12;1479.74268698311;1e+12;1e+12;1478.84833869545;1e+12;1e+12;1478.87325575497;1e+12;1e+12;1478.84112482426;1e+12;1e+12;1479.75122052512;1e+12;1e+12;1478.83514050854;1e+12;1e+12,proposed_likelihood,stage2,3,3.088037151814446,0.08803715181444582,0.4,0.4308812661375595,0.03088126613755953,-0.7,-0.29088055572335597,0.409119444276644,0.7,0.8395728007956116,0.13957280079561163,0.5,1.4925821305300957,0.9925821305300956,0.5,1.4925821305300957,5,4,-1,-0.7,-0.9341348994863756,-0.23413489948637556,0.15,0.17418340679588615,0.02418340679588615,1,1.0641313841814086,0.06413138418140862,5,5.028820054311648,0.02882005431164813,1.5,1.459973026687459,-0.0400269733125409,0.8,0.9067670057426824,0.1067670057426825,58.893063347785755,58.89306334778564,1.1368683772161603e-13,NA,NA,NA,NA,NA,NA,NA,NA,NA,NA,NA,NA,NA,NA,NA,NA,NA,NA,NA,NA,NA,NA,NA,NA,NA,NA,NA,NA,NA,NA,NA,NA,NA,NA,NA,NA,NA,NA,NA,NA,NA,NA,NA,NA,NA,NA,NA,NA,NA,NA,NA,NA,NA,NA,NA,NA,NA,NA,NA,NA,NA,NA,NA,NA,NA,NA,NA,NA,NA,NA,NA,NA,NA,NA,NA,NA,NA,NA,NA,NA,NA,NA,NA,NA,NA,NA,NA,NA,NA,NA,NA,NA,NA,NA,NA,NA,NA,NA,NA,NA,NA,NA,true,TRUE,TRUE,2981.6545838157235,3040.5476471635093,2981.970693238216,58.893063347785755,58.893063347785755,12.000000000000023,FALSE,21093.609,FALSE,FALSE,TRUE
skewness_heavy_tails,skewness and heavy tails,EST,NH,49,1000,327,0.327,0.6357279084551812,TRUE,TRUE,TRUE,0,NA,-1381.141217734146,2778.282435468292,2817.5444777001494,2778.4277432382214,8,117.747,NA,2764.282435468292,2769.1901907472743,1.000000000000017,NA,HeckmanEM,NA,raw_AIC_BIC_implied_logLik,finite_logLik_no_explicit_code,3,4.236678908967937,1.2366789089679369,0.4,0.784995861366217,0.384995861366217,-0.7,NA,NA,0.7,NA,NA,0.5,NA,NA,0.5,NA,5,NA,NA,-0.7,-0.99084220731661,-0.29084220731661015,0.15,0.14685180518741495,-0.00314819481258504,1,0.92328784518715,-0.07671215481284999,5,4.277528901468831,-0.7224710985311686,1.5,1.6248443886143022,0.12484438861430223,0.8,0.7227201483633426,-0.0772798516366574,39.26204223185732,39.262042231857095,2.2737367544323206e-13,NA,NA,NA,NA,NA,NA,NA,NA,NA,NA,NA,NA,NA,NA,NA,NA,NA,NA,NA,NA,NA,NA,NA,NA,NA,NA,NA,NA,NA,NA,NA,NA,NA,NA,NA,NA,NA,NA,NA,NA,NA,NA,NA,NA,NA,NA,NA,NA,NA,NA,NA,NA,NA,NA,NA,NA,NA,NA,NA,NA,NA,NA,NA,NA,NA,NA,NA,NA,NA,NA,NA,NA,NA,NA,NA,NA,NA,NA,NA,NA,NA,NA,NA,NA,NA,NA,NA,NA,NA,NA,NA,NA,NA,NA,NA,NA,NA,NA,NA,NA,NA,NA,true,TRUE,TRUE,2778.282435468292,2817.5444777001494,2778.4277432382214,39.26204223185732,39.26204223185732,8.000000000000046,FALSE,117.747,NA,NA,NA
skewness_heavy_tails,skewness and heavy tails,EST,HT,49,1000,327,0.327,0.6357279084551812,TRUE,TRUE,TRUE,0,NA,-1361.7446349064269,2741.4892698128538,2785.659067323693,2741.671087994672,9,248.08,NA,2725.4892698128538,2730.397025091836,1.000000000000017,NA,HeckmanEM,NA,raw_AIC_BIC_implied_logLik,finite_logLik_no_explicit_code,3,2.824330273263646,-0.17566972673635384,0.4,0.6824565296443531,0.2824565296443531,-0.7,NA,NA,0.7,NA,NA,0.5,NA,NA,0.5,NA,5,NA,NA,-0.7,-1.1684436170845074,-0.46844361708450744,0.15,0.17984511104904308,0.02984511104904308,1,1.1133573262832908,0.11335732628329076,5,4.94519316687633,-0.05480683312366974,1.5,1.596629349355532,0.09662934935553193,0.8,0.7996024900597565,-3.975099402435678e-4,44.16979751083909,44.16979751083923,-1.4210854715202004e-13,NA,NA,NA,NA,NA,NA,NA,NA,NA,NA,NA,NA,NA,NA,NA,NA,NA,NA,NA,NA,NA,NA,NA,NA,NA,NA,NA,NA,NA,NA,NA,NA,NA,NA,NA,NA,NA,NA,NA,NA,NA,NA,NA,NA,NA,NA,NA,NA,NA,NA,NA,NA,NA,NA,NA,NA,NA,NA,NA,NA,NA,NA,NA,NA,NA,NA,NA,NA,NA,NA,NA,NA,NA,NA,NA,NA,NA,NA,NA,NA,NA,NA,NA,NA,NA,NA,NA,NA,NA,NA,NA,NA,NA,NA,NA,NA,NA,NA,NA,NA,NA,NA,true,TRUE,TRUE,2741.4892698128538,2785.659067323693,2741.671087994672,44.16979751083909,44.16979751083909,8.999999999999972,FALSE,248.08,NA,NA,NA
skewness_heavy_tails,skewness and heavy tails,EST,CN,49,1000,327,0.327,0.6357279084551812,TRUE,TRUE,TRUE,0,NA,-1361.955779756115,2743.91155951223,2792.9891123020507,2744.1340064283063,10,556.9069999999999,NA,2725.91155951223,2730.8193147912116,1.000000000000017,NA,HeckmanEM,NA,raw_AIC_BIC_implied_logLik,finite_logLik_no_explicit_code,3,2.945418440808485,-0.05458155919151508,0.4,0.6883868561531585,0.2883868561531585,-0.7,NA,NA,0.7,NA,NA,0.5,NA,NA,0.5,NA,5,NA,NA,-0.7,-1.1610128586174868,-0.46101285861748686,0.15,0.17758699025046598,0.02758699025046598,1,1.1050064969157871,0.10500649691578712,5,4.879114332308114,-0.12088566769188612,1.5,1.609744194397366,0.10974419439736605,0.8,0.8016252878738768,0.00162528787387672,49.07755278982131,49.07755278982137,-5.684341886080802e-14,NA,NA,NA,NA,NA,NA,NA,NA,NA,NA,NA,NA,NA,NA,NA,NA,NA,NA,NA,NA,NA,NA,NA,NA,NA,NA,NA,NA,NA,NA,NA,NA,NA,NA,NA,NA,NA,NA,NA,NA,NA,NA,NA,NA,NA,NA,NA,NA,NA,NA,NA,NA,NA,NA,NA,NA,NA,NA,NA,NA,NA,NA,NA,NA,NA,NA,NA,NA,NA,NA,NA,NA,NA,NA,NA,NA,NA,NA,NA,NA,NA,NA,NA,NA,NA,NA,NA,NA,NA,NA,NA,NA,NA,NA,NA,NA,NA,NA,NA,NA,NA,NA,true,TRUE,TRUE,2743.91155951223,2792.989112302051,2744.1340064283067,49.07755278982086,49.07755278982131,9.999999999999895,FALSE,556.9069999999999,NA,NA,NA
skewness_heavy_tails,skewness and heavy tails,EST,ESN,49,1000,327,0.327,0.6357279084551812,TRUE,TRUE,TRUE,0,CONVERGENCE: REL_REDUCTION_OF_F <= FACTR*EPSMCH,-1373.0658160725443,2768.131632145089,2822.1169402138926,2768.398838622822,11,17595.323,NA,NA,NA,NA,10,stage2,1381.15178913866;1381.15580549153;1381.15136974724;1381.14565015624;1381.12421864226;1381.14146743453;1381.15759515745;1380.32332257341;1381.14368382974;1373.24939314356;1380.16414990221;1381.14319767459;1381.15258126761;1381.14121747031,proposed_likelihood,stage2,3,5.614848511258995,2.614848511258995,0.4,0.7438969041782925,0.34389690417829244,-0.7,1.1598077177899349,1.8598077177899348,0.7,1.4891016898138667,0.7891016898138667,0.5,-1.4925821305300957,-1.9925821305300957,0.5,-1.4925821305300957,5,NA,NA,-0.7,-1.6076184069133468,-0.9076184069133468,0.15,0.14059387532609477,-0.00940612467390522,1,0.8672394740506284,-0.1327605259493716,5,-1.2690880881925508,-6.269088088192551,1.5,1.608341282578165,0.10834128257816512,0.8,0.7628467375032558,-0.03715326249674422,53.98530806880353,53.985308068803505,2.842170943040401e-14,NA,NA,NA,NA,NA,NA,NA,NA,NA,NA,NA,NA,NA,NA,NA,NA,NA,NA,NA,NA,NA,NA,NA,NA,NA,NA,NA,NA,NA,NA,NA,NA,NA,NA,NA,NA,NA,NA,NA,NA,NA,NA,NA,NA,NA,NA,NA,NA,NA,NA,NA,NA,NA,NA,NA,NA,NA,NA,NA,NA,NA,NA,NA,NA,NA,NA,NA,NA,NA,NA,NA,NA,NA,NA,NA,NA,NA,NA,NA,NA,NA,NA,NA,NA,NA,NA,NA,NA,NA,NA,NA,NA,NA,NA,NA,NA,NA,NA,NA,NA,NA,NA,true,TRUE,TRUE,2768.1316321450886,2822.116940213892,2768.3988386228216,53.98530806880353,53.98530806880353,11.000000000000005,FALSE,17595.323,FALSE,TRUE,TRUE
skewness_heavy_tails,skewness and heavy tails,EST,EST,49,1000,327,0.327,0.6357279084551812,TRUE,TRUE,TRUE,0,CONVERGENCE: REL_REDUCTION_OF_F <= FACTR*EPSMCH,-1361.5621056559537,2747.1242113119074,2806.017274659693,2747.4403207344,12,19219.984,NA,NA,NA,NA,28,stage2,1361.65247189326;1e+12;1e+12;1361.66766878356;1e+12;1e+12;1361.82844537865;1e+12;1e+12;1361.63617082828;1e+12;1e+12;1361.75809965692;1e+12;1e+12;1361.56626808374;1e+12;1e+12;1361.76208684725;1e+12;1e+12;1361.73045010788;1e+12;1e+12;1361.83403229347;1e+12;1e+12;1361.56375819848;1e+12;1e+12;1361.59383448376;1e+12;1e+12;1361.60420978816;1e+12;1e+12;1361.82190386948;1e+12;1e+12;1361.59095257791;1e+12;1e+12,proposed_likelihood,stage2,3,2.8977971360180934,-0.1022028639819066,0.4,0.6253072496344627,0.2253072496344627,-0.7,-0.519590946874549,0.18040905312545097,0.7,0.4223297772770874,-0.27767022272291253,0.5,1.483480382328103,0.9834803823281032,0.5,1.483480382328103,5,4,-1,-0.7,-0.9768223049543012,-0.27682230495430116,0.15,0.16778486508382862,0.01778486508382862,1,1.0383456228611925,0.03834562286119247,5,5.054258951873536,0.05425895187353635,1.5,1.6006076588477989,0.10060765884779864,0.8,0.8025692060405043,0.00256920604050425,58.893063347785755,58.89306334778564,1.1368683772161603e-13,NA,NA,NA,NA,NA,NA,NA,NA,NA,NA,NA,NA,NA,NA,NA,NA,NA,NA,NA,NA,NA,NA,NA,NA,NA,NA,NA,NA,NA,NA,NA,NA,NA,NA,NA,NA,NA,NA,NA,NA,NA,NA,NA,NA,NA,NA,NA,NA,NA,NA,NA,NA,NA,NA,NA,NA,NA,NA,NA,NA,NA,NA,NA,NA,NA,NA,NA,NA,NA,NA,NA,NA,NA,NA,NA,NA,NA,NA,NA,NA,NA,NA,NA,NA,NA,NA,NA,NA,NA,NA,NA,NA,NA,NA,NA,NA,NA,NA,NA,NA,NA,NA,true,TRUE,TRUE,2747.1242113119074,2806.017274659693,2747.4403207344,58.893063347785755,58.893063347785755,12.000000000000023,FALSE,19219.984,FALSE,FALSE,TRUE
skewness_heavy_tails,skewness and heavy tails,EST,NH,50,1000,343,0.343,0.6373486297004461,TRUE,TRUE,TRUE,0,NA,-1472.070171070801,2960.140342141602,2999.4023843734594,2960.285649911531,8,220.248,NA,2946.140342141602,2951.0480974205843,1.000000000000017,NA,HeckmanEM,NA,raw_AIC_BIC_implied_logLik,finite_logLik_no_explicit_code,3,4.416447490332919,1.416447490332919,0.4,0.7614823276320303,0.36148232763203025,-0.7,NA,NA,0.7,NA,NA,0.5,NA,NA,0.5,NA,5,NA,NA,-0.7,-0.8829295969825093,-0.18292959698250932,0.15,0.1202558717256125,-0.02974412827438749,1,0.8487136235383841,-0.1512863764616159,5,4.611066162531514,-0.3889338374684863,1.5,1.822878672559671,0.32287867255967106,0.8,0.5997952038533239,-0.2002047961466762,39.26204223185732,39.262042231857095,2.2737367544323206e-13,NA,NA,NA,NA,NA,NA,NA,NA,NA,NA,NA,NA,NA,NA,NA,NA,NA,NA,NA,NA,NA,NA,NA,NA,NA,NA,NA,NA,NA,NA,NA,NA,NA,NA,NA,NA,NA,NA,NA,NA,NA,NA,NA,NA,NA,NA,NA,NA,NA,NA,NA,NA,NA,NA,NA,NA,NA,NA,NA,NA,NA,NA,NA,NA,NA,NA,NA,NA,NA,NA,NA,NA,NA,NA,NA,NA,NA,NA,NA,NA,NA,NA,NA,NA,NA,NA,NA,NA,NA,NA,NA,NA,NA,NA,NA,NA,NA,NA,NA,NA,NA,NA,true,TRUE,TRUE,2960.140342141602,2999.4023843734594,2960.2856499115314,39.26204223185732,39.26204223185732,8.000000000000046,FALSE,220.248,NA,NA,NA
skewness_heavy_tails,skewness and heavy tails,EST,HT,50,1000,343,0.343,0.6373486297004461,TRUE,TRUE,TRUE,0,NA,-1442.1171437978096,2902.234287595619,2946.4040851064583,2902.416105777437,9,206.406,NA,2886.234287595619,2891.1420428746014,1.000000000000017,NA,HeckmanEM,NA,raw_AIC_BIC_implied_logLik,finite_logLik_no_explicit_code,3,2.681356617737152,-0.31864338226284783,0.4,0.5711540076059838,0.17115400760598376,-0.7,NA,NA,0.7,NA,NA,0.5,NA,NA,0.5,NA,5,NA,NA,-0.7,-1.070105010744086,-0.3701050107440862,0.15,0.15582371240845327,0.00582371240845328,1,1.0663450079523986,0.06634500795239862,5,5.762289654086448,0.7622896540864481,1.5,1.6832283912434134,0.1832283912434134,0.8,0.637217844133601,-0.162782155866399,44.16979751083909,44.16979751083923,-1.4210854715202004e-13,NA,NA,NA,NA,NA,NA,NA,NA,NA,NA,NA,NA,NA,NA,NA,NA,NA,NA,NA,NA,NA,NA,NA,NA,NA,NA,NA,NA,NA,NA,NA,NA,NA,NA,NA,NA,NA,NA,NA,NA,NA,NA,NA,NA,NA,NA,NA,NA,NA,NA,NA,NA,NA,NA,NA,NA,NA,NA,NA,NA,NA,NA,NA,NA,NA,NA,NA,NA,NA,NA,NA,NA,NA,NA,NA,NA,NA,NA,NA,NA,NA,NA,NA,NA,NA,NA,NA,NA,NA,NA,NA,NA,NA,NA,NA,NA,NA,NA,NA,NA,NA,NA,true,TRUE,TRUE,2902.234287595619,2946.4040851064583,2902.416105777437,44.16979751083909,44.16979751083909,8.999999999999972,FALSE,206.406,NA,NA,NA
skewness_heavy_tails,skewness and heavy tails,EST,CN,50,1000,343,0.343,0.6373486297004461,TRUE,TRUE,TRUE,0,NA,-1439.7531758217233,2899.5063516434466,2948.583904433268,2899.7287985595235,10,372.605,NA,2881.5063516434466,2886.414106922429,1.000000000000017,NA,HeckmanEM,NA,raw_AIC_BIC_implied_logLik,finite_logLik_no_explicit_code,3,2.807640270276296,-0.19235972972370383,0.4,0.577387375834416,0.177387375834416,-0.7,NA,NA,0.7,NA,NA,0.5,NA,NA,0.5,NA,5,NA,NA,-0.7,-1.045085999059356,-0.345085999059356,0.15,0.15323408192908572,0.00323408192908572,1,1.0356790159321088,0.03567901593210876,5,5.752438663161655,0.7524386631616551,1.5,1.692082441627907,0.192082441627907,0.8,0.6163060573542484,-0.18369394264575167,49.07755278982131,49.07755278982137,-5.684341886080802e-14,NA,NA,NA,NA,NA,NA,NA,NA,NA,NA,NA,NA,NA,NA,NA,NA,NA,NA,NA,NA,NA,NA,NA,NA,NA,NA,NA,NA,NA,NA,NA,NA,NA,NA,NA,NA,NA,NA,NA,NA,NA,NA,NA,NA,NA,NA,NA,NA,NA,NA,NA,NA,NA,NA,NA,NA,NA,NA,NA,NA,NA,NA,NA,NA,NA,NA,NA,NA,NA,NA,NA,NA,NA,NA,NA,NA,NA,NA,NA,NA,NA,NA,NA,NA,NA,NA,NA,NA,NA,NA,NA,NA,NA,NA,NA,NA,NA,NA,NA,NA,NA,NA,true,TRUE,TRUE,2899.5063516434466,2948.583904433268,2899.7287985595235,49.07755278982131,49.07755278982131,9.999999999999988,FALSE,372.605,NA,NA,NA
skewness_heavy_tails,skewness and heavy tails,EST,ESN,50,1000,343,0.343,0.6373486297004461,TRUE,TRUE,TRUE,0,CONVERGENCE: REL_REDUCTION_OF_F <= FACTR*EPSMCH,-1458.192106475668,2938.384212951336,2992.3695210201395,2938.651419429069,11,18137.803000000004,NA,NA,NA,NA,6,stage2,1472.0809373427;1472.0750688981;1469.92709639201;1472.07330950922;1469.87299432539;1458.37444877461;1472.07761190763;1469.96783073272;1469.91528585851;1458.31415441828;1469.90201501228;1472.07196313987;1470.61741321955;1472.07017021536,proposed_likelihood,stage2,3,5.587366919514139,2.587366919514139,0.4,0.6690722448583777,0.26907224485837766,-0.7,1.2273634926172432,1.9273634926172432,0.7,1.4925821305300957,0.7925821305300957,0.5,-1.4925821305300957,-1.9925821305300957,0.5,-1.4925821305300957,5,NA,NA,-0.7,-1.5428745696418795,-0.8428745696418798,0.15,0.11742427041783549,-0.03257572958216451,1,0.8273989261940093,-0.17260107380599066,5,-0.33690071635597474,-5.3369007163559745,1.5,1.7250696136340788,0.22506961363407885,0.8,0.6210507186200265,-0.17894928137997357,53.98530806880353,53.985308068803505,2.842170943040401e-14,NA,NA,NA,NA,NA,NA,NA,NA,NA,NA,NA,NA,NA,NA,NA,NA,NA,NA,NA,NA,NA,NA,NA,NA,NA,NA,NA,NA,NA,NA,NA,NA,NA,NA,NA,NA,NA,NA,NA,NA,NA,NA,NA,NA,NA,NA,NA,NA,NA,NA,NA,NA,NA,NA,NA,NA,NA,NA,NA,NA,NA,NA,NA,NA,NA,NA,NA,NA,NA,NA,NA,NA,NA,NA,NA,NA,NA,NA,NA,NA,NA,NA,NA,NA,NA,NA,NA,NA,NA,NA,NA,NA,NA,NA,NA,NA,NA,NA,NA,NA,NA,NA,true,TRUE,TRUE,2938.384212951336,2992.3695210201395,2938.651419429069,53.98530806880353,53.98530806880353,11.000000000000005,FALSE,18137.803000000004,FALSE,TRUE,TRUE
skewness_heavy_tails,skewness and heavy tails,EST,EST,50,1000,343,0.343,0.6373486297004461,TRUE,TRUE,TRUE,0,CONVERGENCE: REL_REDUCTION_OF_F <= FACTR*EPSMCH,-1440.3470154506592,2904.6940309013185,2963.587094249104,2905.010140323811,12,18863.209000000003,NA,NA,NA,NA,28,stage2,1440.36118022448;1e+12;1e+12;1440.35550136593;1e+12;1e+12;1440.34866564661;1e+12;1e+12;1440.35507557209;1e+12;1e+12;1440.34747484529;1e+12;1e+12;1440.35086713708;1e+12;1e+12;1440.34725482931;1e+12;1e+12;1440.35182789916;1e+12;1e+12;1440.34924919018;1e+12;1e+12;1440.34714829914;1e+12;1e+12;1440.34725620813;1e+12;1e+12;1440.35133881838;1e+12;1e+12;1440.35132148727;1e+12;1e+12;1440.35120580672;1e+12;1e+12,proposed_likelihood,stage2,3,2.496139034451137,-0.5038609655488631,0.4,0.18906216100295903,-0.210937838997041,-0.7,-1.4877717749834072,-0.7877717749834072,0.7,0.6231594967929935,-0.07684050320700642,0.5,-1.4925821305300957,-1.9925821305300957,0.5,-1.4925821305300957,5,4,-1,-0.7,0.33702931366644473,1.0370293136664448,0.15,0.1260104375469175,-0.0239895624530825,1,0.8404044557635066,-0.15959554423649336,5,5.626402047553465,0.6264020475534648,1.5,1.6895045952337306,0.18950459523373064,0.8,0.6115082052521137,-0.18849179474788635,58.893063347785755,58.89306334778564,1.1368683772161603e-13,NA,NA,NA,NA,NA,NA,NA,NA,NA,NA,NA,NA,NA,NA,NA,NA,NA,NA,NA,NA,NA,NA,NA,NA,NA,NA,NA,NA,NA,NA,NA,NA,NA,NA,NA,NA,NA,NA,NA,NA,NA,NA,NA,NA,NA,NA,NA,NA,NA,NA,NA,NA,NA,NA,NA,NA,NA,NA,NA,NA,NA,NA,NA,NA,NA,NA,NA,NA,NA,NA,NA,NA,NA,NA,NA,NA,NA,NA,NA,NA,NA,NA,NA,NA,NA,NA,NA,NA,NA,NA,NA,NA,NA,NA,NA,NA,NA,NA,NA,NA,NA,NA,true,TRUE,TRUE,2904.6940309013185,2963.587094249104,2905.010140323811,58.893063347785755,58.893063347785755,12.000000000000023,FALSE,18863.209000000003,TRUE,FALSE,TRUE
