scenario,experiment,family,rep,n,selection_level,n_selected,selection_rate,hidden_acceptance_rate,PE_theoretical,acceptance_gap,logLik,AIC,BIC,k_params,finite_fit,regular_convergence,convergence,start_id,seconds,sigmaS_true_raw,sigmaY_true,rho_true,etaS_raw_true,etaY_raw_true,etaS_true,etaY_true,tau_bar_true,alpha_legacy_true,nu_true,sigmaY_hat,rho_hat,etaS_hat,etaY_hat,tau_bar_hat,alpha_legacy_hat,nu_hat,betaSel_1_true,betaSel_1_hat,betaSel_1_bias,betaSel_2_true,betaSel_2_hat,betaSel_2_bias,betaSel_3_true,betaSel_3_hat,betaSel_3_bias,betaOut_1_true,betaOut_1_hat,betaOut_1_bias,betaOut_2_true,betaOut_2_hat,betaOut_2_bias,betaOut_3_true,betaOut_3_hat,betaOut_3_bias,sigmaY_bias,rho_bias,etaS_bias,etaY_bias,tau_bar_bias,alpha_legacy_bias,nu_bias,error,message,start_values
grid_n1500_est_r000_etaSrawm06_etaYrawp06_tau04_selMODERATE_nu6,grid_n1500,EST,1,1500,MODERATE,125,0.08333333333333333,0.6087662337662337,0.6146642753348286,-0.00589804156859485,-771.2704448147283,1566.5408896294566,1630.2995342745403,12,TRUE,TRUE,0,19,47669.62,4,3,0,-0.6,0.6,-0.6,0.6,0.4,0.4,6,5.315424595034136,-0.7597957741432804,-1.4925821305300957,1.4925821305300957,1.4925821305300957,1.4925821305300957,4,-1.25,-1.070794597864519,0.17920540213548097,0.0375,0.05336072713483261,0.01586072713483261,0.25,0.07361707552391969,-0.1763829244760803,5,9.625320812431184,4.625320812431184,1.5,1.975508564399559,0.4755085643995587,0.8,0.652339682889306,-0.14766031711069405,2.315424595034136,-0.7597957741432804,-0.8925821305300957,0.8925821305300957,1.0925821305300958,1.0925821305300958,-2,ok,CONVERGENCE: REL_REDUCTION_OF_F <= FACTR*EPSMCH,771.272436;1e+12;1e+12;771.276736;1e+12;1e+12;771.272448;1e+12;1e+12;771.270458;1e+12;1e+12;771.271422;1e+12;1e+12;771.27361;1e+12;1e+12;771.270445;1e+12;1e+12;771.275557;1e+12;1e+12;771.270452;1e+12;1e+12;771.270758;1e+12;1e+12;771.270454;1e+12;1e+12;Inf;1e+12;1e+12;771.270635;1e+12;1e+12
grid_n1500_est_r000_etaSrawm06_etaYrawp06_tau04_selMODERATE_nu6,grid_n1500,EST,2,1500,MODERATE,121,0.08066666666666666,0.6102522375915378,0.6146642753348286,-0.00441203774329079,-735.6032482647856,1495.2064965295713,1558.965141174655,12,TRUE,TRUE,0,10,54412.368,4,3,0,-0.6,0.6,-0.6,0.6,0.4,0.4,6,2.408581526532585,0.6382774960338767,1.4916803000320118,-1.4838059809652138,1.4925821305300957,1.4925821305300957,4,-1.25,-2.323794626878569,-1.073794626878569,0.0375,0.0705950867564789,0.03309508675647889,0.25,0.5866485740526565,0.33664857405265647,5,3.1243111982581033,-1.875688801741897,1.5,1.5797096915693465,0.07970969156934649,0.8,0.6890095888173314,-0.1109904111826686,-0.591418473467415,0.6382774960338767,2.091680300032012,-2.083805980965214,1.0925821305300958,1.0925821305300958,-2,ok,CONVERGENCE: REL_REDUCTION_OF_F <= FACTR*EPSMCH,735.641479;1e+12;1e+12;735.603273;1e+12;1e+12;735.712001;1e+12;1e+12;735.603248;1e+12;1e+12;735.60654;1e+12;1e+12;735.60434;1e+12;1e+12;735.603945;1e+12;1e+12;735.603872;1e+12;1e+12;735.713433;1e+12;1e+12;Inf;1e+12;1e+12;735.604453;1e+12;1e+12;735.642979;1e+12;1e+12;735.708379;1e+12;1e+12
grid_n1500_est_r000_etaSrawm06_etaYrawp06_tau04_selMODERATE_nu6,grid_n1500,EST,3,1500,MODERATE,119,0.07933333333333334,0.6183017312448474,0.6146642753348286,0.00363745591001884,-740.2112237187993,1504.4224474375983,1568.1810920826822,12,TRUE,TRUE,0,31,36192.719,4,3,0,-0.6,0.6,-0.6,0.6,0.4,0.4,6,2.655940922946594,0.12548474941959767,0.466571405589002,1.4925820568344226,1.4925821305300957,1.4925821305300957,4,-1.25,-2.0010687167038697,-0.7510687167038697,0.0375,0.08267807312007927,0.04517807312007927,0.25,0.30814691954146645,0.05814691954146644,5,4.665413386592644,-0.33458661340735585,1.5,1.2141644381657486,-0.2858355618342514,0.8,0.9940801619839124,0.1940801619839123,-0.344059077053406,0.12548474941959767,1.066571405589002,0.8925820568344226,1.0925821305300958,1.0925821305300958,-2,ok,CONVERGENCE: REL_REDUCTION_OF_F <= FACTR*EPSMCH,740.213218;1e+12;1e+12;740.21409;1e+12;1e+12;740.216122;1e+12;1e+12;740.211228;1e+12;1e+12;740.214363;1e+12;1e+12;740.212095;1e+12;1e+12;740.21192;1e+12;1e+12;740.212593;1e+12;1e+12;740.213145;1e+12;1e+12;740.211886;1e+12;1e+12;740.211224;1e+12;1e+12;740.214546;1e+12;1e+12;740.212089;1e+12;1e+12
grid_n1500_est_r000_etaSrawm06_etaYrawp06_tau04_selMODERATE_nu6,grid_n1500,EST,4,1500,MODERATE,133,0.08866666666666667,0.6134969325153374,0.6146642753348286,-0.00116734281949115,-810.289125558634,1644.578251117268,1708.3368957623518,12,TRUE,TRUE,0,13,42472.780000000006,4,3,0,-0.6,0.6,-0.6,0.6,0.4,0.4,6,2.3146993553332056,-0.23757997061259797,1.2055868119927124,1.4925821305300957,1.4925821305300957,1.4925821305300957,4,-1.25,-2.102182218503137,-0.8521822185031369,0.0375,-7.056945723282741e-4,-0.03820569457232827,0.25,0.4684977392652871,0.2184977392652871,5,8.563896727928576,3.563896727928576,1.5,1.211122898727344,-0.28887710127265587,0.8,0.6793797727616283,-0.12062022723837174,-0.6853006446667944,-0.23757997061259797,1.8055868119927123,0.8925821305300957,1.0925821305300958,1.0925821305300958,-2,ok,CONVERGENCE: REL_REDUCTION_OF_F <= FACTR*EPSMCH,810.292744;1e+12;1e+12;810.291709;1e+12;1e+12;810.293781;1e+12;1e+12;810.291668;1e+12;1e+12;810.289126;1e+12;1e+12;810.289184;1e+12;1e+12;810.290562;1e+12;1e+12;810.2937;1e+12;1e+12;810.289499;1e+12;1e+12;810.292845;1e+12;1e+12;811.220678;1e+12;1e+12;810.292537;1e+12;1e+12;810.292513;1e+12;1e+12
grid_n1500_est_r000_etaSrawm06_etaYrawp06_tau04_selMODERATE_nu6,grid_n1500,EST,5,1500,MODERATE,115,0.07666666666666666,0.6162695152013147,0.6146642753348286,0.00160523986648608,-706.4238688365368,1436.8477376730737,1500.606382318157,12,TRUE,TRUE,0,25,38856.455,4,3,0,-0.6,0.6,-0.6,0.6,0.4,0.4,6,2.1936580873885925,-0.30961018623432435,1.0065128145304754,1.4925821305300957,1.4925821305300957,1.4925821305300957,4,-1.25,-2.1514887780090084,-0.9014887780090084,0.0375,0.06294952020336467,0.02544952020336467,0.25,0.3662660319229212,0.11626603192292125,5,8.751025469842759,3.7510254698427583,1.5,1.404482841378669,-0.09551715862133103,0.8,0.4199676389348608,-0.3800323610651392,-0.8063419126114075,-0.30961018623432435,1.6065128145304757,0.8925821305300957,1.0925821305300958,1.0925821305300958,-2,ok,CONVERGENCE: REL_REDUCTION_OF_F <= FACTR*EPSMCH,706.42389;1e+12;1e+12;706.424208;1e+12;1e+12;706.424283;1e+12;1e+12;706.424305;1e+12;1e+12;706.494611;1e+12;1e+12;706.424309;1e+12;1e+12;706.69885;1e+12;1e+12;706.493911;1e+12;1e+12;706.423869;1e+12;1e+12;706.424015;1e+12;1e+12;707.445987;1e+12;1e+12;706.424734;1e+12;1e+12;706.425997;1e+12;1e+12
grid_n1500_est_r000_etaSrawm06_etaYrawp06_tau04_selMODERATE_nu6,grid_n1500,EST,6,1500,MODERATE,118,0.07866666666666666,0.6134969325153374,0.6146642753348286,-0.00116734281949115,-732.699931865184,1489.399863730368,1553.1585083754517,12,TRUE,TRUE,0,19,41636.199,4,3,0,-0.6,0.6,-0.6,0.6,0.4,0.4,6,1.7771579485754263,-0.02503227974181486,1.2635931769708464,1.2783881058788684,-1.4822010736377875,-1.4822010736377875,4,-1.25,-3.121377233445296,-1.871377233445296,0.0375,0.03310957909469191,-0.00439042090530808,0.25,0.5456342729101324,0.29563427291013245,5,6.702201309508988,1.7022013095089878,1.5,0.9738038302521688,-0.5261961697478312,0.8,0.7397722430865092,-0.0602277569134908,-1.2228420514245737,-0.02503227974181486,1.8635931769708465,0.6783881058788684,-1.8822010736377877,-1.8822010736377877,-2,ok,CONVERGENCE: REL_REDUCTION_OF_F <= FACTR*EPSMCH,732.706638;1e+12;1e+12;732.705398;1e+12;1e+12;732.703553;1e+12;1e+12;732.703097;1e+12;1e+12;732.70485;1e+12;1e+12;732.703166;1e+12;1e+12;732.699932;1e+12;1e+12;732.70818;1e+12;1e+12;732.705559;1e+12;1e+12;732.709226;1e+12;1e+12;732.700099;1e+12;1e+12;732.707608;1e+12;1e+12;732.702764;1e+12;1e+12
grid_n1500_est_r000_etaSrawm06_etaYrawp06_tau04_selMODERATE_nu6,grid_n1500,EST,7,1500,MODERATE,130,0.08666666666666667,0.6180469715698393,0.6146642753348286,0.00338269623501075,-789.0795599453,1602.1591198906,1665.9177645356838,12,TRUE,TRUE,0,10,40962.75,4,3,0,-0.6,0.6,-0.6,0.6,0.4,0.4,6,2.2846313234656916,0.00121608454386013,1.05370466282913,1.4925821305300957,1.4925821305300957,1.4925821305300957,4,-1.25,-2.13234534247407,-0.8823453424740699,0.0375,0.08607072725353399,0.04857072725353398,0.25,0.43747806204860445,0.18747806204860443,5,5.743284925529499,0.7432849255294993,1.5,1.8391910665845044,0.3391910665845044,0.8,0.9083771812747354,0.1083771812747354,-0.7153686765343084,0.00121608454386013,1.65370466282913,0.8925821305300957,1.0925821305300958,1.0925821305300958,-2,ok,CONVERGENCE: REL_REDUCTION_OF_F <= FACTR*EPSMCH,789.086913;1e+12;1e+12;789.079865;1e+12;1e+12;789.080992;1e+12;1e+12;789.07956;1e+12;1e+12;789.080387;1e+12;1e+12;789.080336;1e+12;1e+12;789.079608;1e+12;1e+12;789.083494;1e+12;1e+12;789.086803;1e+12;1e+12;789.082159;1e+12;1e+12;789.079966;1e+12;1e+12;789.081276;1e+12;1e+12;789.079617;1e+12;1e+12
grid_n1500_est_r000_etaSrawm06_etaYrawp06_tau04_selMODERATE_nu6,grid_n1500,EST,8,1500,MODERATE,116,0.07733333333333334,0.6092607636068237,0.6146642753348286,-0.0054035117280049,-716.3452186112995,1456.690437222599,1520.4490818676827,12,TRUE,TRUE,0,4,58400.319,4,3,0,-0.6,0.6,-0.6,0.6,0.4,0.4,6,3.3019680581825246,0.6772019782546339,-0.06186520317472845,-1.4925821305300957,1.4925821305300957,1.4925821305300957,4,-1.25,-2.0128456762587428,-0.7628456762587428,0.0375,0.01474644649678858,-0.02275355350321141,0.25,0.5979528441987507,0.3479528441987507,5,3.7876901732375736,-1.2123098267624264,1.5,1.4714193918381302,-0.0285806081618698,0.8,0.5951549004667229,-0.20484509953327712,0.3019680581825246,0.6772019782546339,0.5381347968252715,-2.092582130530096,1.0925821305300958,1.0925821305300958,-2,ok,CONVERGENCE: REL_REDUCTION_OF_F <= FACTR*EPSMCH,716.345336;1e+12;1e+12;716.345219;1e+12;1e+12;716.345287;1e+12;1e+12;716.345398;1e+12;1e+12;716.345395;1e+12;1e+12;716.348968;1e+12;1e+12;716.492088;1e+12;1e+12;716.349951;1e+12;1e+12;716.348839;1e+12;1e+12;716.347254;1e+12;1e+12;716.345807;1e+12;1e+12;716.346443;1e+12;1e+12;716.491642;1e+12;1e+12
grid_n1500_est_r000_etaSrawm06_etaYrawp06_tau04_selMODERATE_nu6,grid_n1500,EST,9,1500,MODERATE,127,0.08466666666666667,0.6067961165048543,0.6146642753348286,-0.00786815882997427,-775.4057325007675,1574.811465001535,1638.570109646619,12,TRUE,TRUE,0,7,47441.228,4,3,0,-0.6,0.6,-0.6,0.6,0.4,0.4,6,3.477265813972338,-0.6466001791868121,-0.5017292695681022,0.967261939936418,1.4925821305300957,1.4925821305300957,4,-1.25,-1.6231680720448132,-0.3731680720448132,0.0375,0.06675003765762637,0.02925003765762637,0.25,0.3536305585287748,0.1036305585287748,5,9.049143479286666,4.049143479286666,1.5,1.8172981596270024,0.31729815962700236,0.8,1.1403817768379223,0.3403817768379225,0.477265813972338,-0.6466001791868121,0.09827073043189782,0.367261939936418,1.0925821305300958,1.0925821305300958,-2,ok,CONVERGENCE: REL_REDUCTION_OF_F <= FACTR*EPSMCH,775.423207;1e+12;1e+12;775.421132;1e+12;1e+12;775.405733;1e+12;1e+12;775.431507;1e+12;1e+12;775.406833;1e+12;1e+12;775.414546;1e+12;1e+12;775.424568;1e+12;1e+12;775.409407;1e+12;1e+12;775.408063;1e+12;1e+12;775.43307;1e+12;1e+12;775.466186;1e+12;1e+12;Inf;1e+12;1e+12;775.42535;1e+12;1e+12
grid_n1500_est_r000_etaSrawm06_etaYrawp06_tau04_selMODERATE_nu6,grid_n1500,EST,10,1500,MODERATE,120,0.08,0.6318449873631002,0.6146642753348286,0.01718071202827165,-755.3609583844944,1534.7219167689889,1598.4805614140726,12,TRUE,TRUE,0,31,29369.131,4,3,0,-0.6,0.6,-0.6,0.6,0.4,0.4,6,2.3669949624498208,0.15717894587712972,1.490108213333447,-1.4925821305300957,1.4925821305300957,1.4925821305300957,4,-1.25,-2.11348611228397,-0.8634861122839701,0.0375,0.03666255843873294,-8.374415612670619e-4,0.25,0.2593946529848346,0.0093946529848346,5,7.367741483686862,2.3677414836868618,1.5,1.1352373771299853,-0.3647626228700147,0.8,0.6068776604479936,-0.1931223395520064,-0.6330050375501792,0.15717894587712972,2.0901082133334468,-2.092582130530096,1.0925821305300958,1.0925821305300958,-2,ok,CONVERGENCE: REL_REDUCTION_OF_F <= FACTR*EPSMCH,755.388001;1e+12;1e+12;755.390478;1e+12;1e+12;755.388168;1e+12;1e+12;755.390171;1e+12;1e+12;755.364435;1e+12;1e+12;755.387013;1e+12;1e+12;755.390226;1e+12;1e+12;755.36751;1e+12;1e+12;755.362681;1e+12;1e+12;755.386525;1e+12;1e+12;755.360958;1e+12;1e+12;755.387815;1e+12;1e+12;755.38864;1e+12;1e+12
grid_n1500_est_r000_etaSrawm06_etaYrawp06_tau04_selMODERATE_nu6,grid_n1500,EST,11,1500,MODERATE,132,0.088,0.6124948958758677,0.6146642753348286,-0.00216937945896089,-789.0978060294401,1602.1956120588802,1665.954256703964,12,TRUE,TRUE,0,7,42156.423,4,3,0,-0.6,0.6,-0.6,0.6,0.4,0.4,6,3.102812325848121,0.5609723289783473,-1.4925821305300957,0.04790243069905082,1.4925821305300957,1.4925821305300957,4,-1.25,-1.023612786150199,0.22638721384980132,0.0375,0.02275755162002325,-0.01474244837997674,0.25,0.33249933614586547,0.08249933614586547,5,4.792242319989372,-0.20775768001062825,1.5,1.780638153215974,0.28063815321597385,0.8,0.7681304645382531,-0.03186953546174698,0.10281232584812106,0.5609723289783473,-0.8925821305300957,-0.5520975693009491,1.0925821305300958,1.0925821305300958,-2,ok,CONVERGENCE: REL_REDUCTION_OF_F <= FACTR*EPSMCH,789.103689;1e+12;1e+12;789.100409;1e+12;1e+12;789.097806;1e+12;1e+12;789.100339;1e+12;1e+12;789.135822;1e+12;1e+12;789.100524;1e+12;1e+12;789.105231;1e+12;1e+12;789.134888;1e+12;1e+12;789.137529;1e+12;1e+12;789.103848;1e+12;1e+12;789.138464;1e+12;1e+12;789.097907;1e+12;1e+12;789.100102;1e+12;1e+12
grid_n1500_est_r000_etaSrawm06_etaYrawp06_tau04_selMODERATE_nu6,grid_n1500,EST,12,1500,MODERATE,126,0.084,0.6265664160401002,0.6146642753348286,0.01190214070527162,-771.2546538544583,1566.5093077089166,1630.2679523540005,12,TRUE,TRUE,0,37,50691.841,4,3,0,-0.6,0.6,-0.6,0.6,0.4,0.4,6,6.416457979591036,0.9080879031577588,-1.4925821305300957,-1.4925821305300957,1.4925821305300957,1.4925821305300957,4,-1.25,-1.2114033154266168,0.03859668457338316,0.0375,0.00718314364022333,-0.03031685635977666,0.25,0.3367671589296997,0.08676715892969972,5,1.555819629380669,-3.444180370619331,1.5,1.702201765022551,0.20220176502255097,0.8,0.7444966201672402,-0.05550337983275988,3.416457979591036,0.9080879031577588,-0.8925821305300957,-2.092582130530096,1.0925821305300958,1.0925821305300958,-2,ok,CONVERGENCE: REL_REDUCTION_OF_F <= FACTR*EPSMCH,771.254818;1e+12;1e+12;771.255926;1e+12;1e+12;771.25488;1e+12;1e+12;771.255906;1e+12;1e+12;771.259469;1e+12;1e+12;771.257737;1e+12;1e+12;771.260237;1e+12;1e+12;771.260965;1e+12;1e+12;771.260286;1e+12;1e+12;771.259258;1e+12;1e+12;Inf;1e+12;1e+12;771.259046;1e+12;1e+12;771.254654;1e+12;1e+12
grid_n1500_est_r000_etaSrawm06_etaYrawp06_tau04_selMODERATE_nu6,grid_n1500,EST,13,1500,MODERATE,112,0.07466666666666667,0.625,0.6146642753348286,0.0103357246651714,-695.9185984594712,1415.8371969189425,1479.5958415640262,12,TRUE,TRUE,0,28,53691.58500000001,4,3,0,-0.6,0.6,-0.6,0.6,0.4,0.4,6,4.869498814004926,0.7912087102225159,-1.4918325289114966,-0.7813520735710754,1.4925821305300957,1.4925821305300957,4,-1.25,-1.1373616007831877,0.11263839921681253,0.0375,0.06257603797384369,0.02507603797384369,0.25,0.27000652892506,0.02000652892505999,5,3.747767366705816,-1.2522326332941836,1.5,1.5587412326173056,0.05874123261730557,0.8,1.335577395048792,0.5355773950487921,1.8694988140049256,0.7912087102225159,-0.8918325289114967,-1.3813520735710754,1.0925821305300958,1.0925821305300958,-2,ok,CONVERGENCE: REL_REDUCTION_OF_F <= FACTR*EPSMCH,695.919531;1e+12;1e+12;695.918867;1e+12;1e+12;695.920998;1e+12;1e+12;695.920519;1e+12;1e+12;696.138316;1e+12;1e+12;695.91982;1e+12;1e+12;695.920422;1e+12;1e+12;696.135701;1e+12;1e+12;696.136268;1e+12;1e+12;695.918598;1e+12;1e+12;696.136652;1e+12;1e+12;695.919509;1e+12;1e+12;695.925992;1e+12;1e+12
grid_n1500_est_r000_etaSrawm06_etaYrawp06_tau04_selMODERATE_nu6,grid_n1500,EST,14,1500,MODERATE,112,0.07466666666666667,0.6278777731268314,0.6146642753348286,0.01321349779200276,-690.0004434990014,1404.000886998003,1467.7595316430866,12,TRUE,TRUE,0,4,43200.632,4,3,0,-0.6,0.6,-0.6,0.6,0.4,0.4,6,1.85015796145346,0.2259988830370912,1.4925821305300957,1.0182290164767611,1.4860684674272375,1.4860684674272375,4,-1.25,-2.2980302922389977,-1.0480302922389977,0.0375,0.05884476237514082,0.02134476237514082,0.25,0.4710039940539123,0.2210039940539123,5,5.109938547886631,0.10993854788663082,1.5,1.60330649862853,0.10330649862853014,0.8,1.0492551796826526,0.24925517968265257,-1.1498420385465402,0.2259988830370912,2.092582130530096,0.41822901647676114,1.0860684674272378,1.0860684674272378,-2,ok,CONVERGENCE: REL_REDUCTION_OF_F <= FACTR*EPSMCH,690.003466;1e+12;1e+12;690.000443;1e+12;1e+12;690.003697;1e+12;1e+12;690.000944;1e+12;1e+12;690.004571;1e+12;1e+12;690.001212;1e+12;1e+12;690.004929;1e+12;1e+12;690.002117;1e+12;1e+12;690.001452;1e+12;1e+12;690.001722;1e+12;1e+12;690.000943;1e+12;1e+12;690.001554;1e+12;1e+12;Inf;1e+12;1e+12
grid_n1500_est_r000_etaSrawm06_etaYrawp06_tau04_selMODERATE_nu6,grid_n1500,EST,15,1500,MODERATE,123,0.082,0.6157635467980296,0.6146642753348286,0.00109927146320099,-757.924247351248,1539.848494702496,1603.6071393475795,12,TRUE,TRUE,0,7,34337.872,4,3,0,-0.6,0.6,-0.6,0.6,0.4,0.4,6,2.258801432874377,-0.10862054934172492,1.3038615658890116,1.4925821305300957,1.4925821305300957,1.4925821305300957,4,-1.25,-2.2069522020870873,-0.9569522020870872,0.0375,0.01835979583554181,-0.01914020416445818,0.25,0.5043027549512782,0.2543027549512782,5,7.451472236442592,2.4514722364425925,1.5,1.7037676300694342,0.2037676300694342,0.8,0.631367538641099,-0.1686324613589011,-0.7411985671256232,-0.10862054934172492,1.9038615658890117,0.8925821305300957,1.0925821305300958,1.0925821305300958,-2,ok,CONVERGENCE: REL_REDUCTION_OF_F <= FACTR*EPSMCH,757.943687;1e+12;1e+12;757.938213;1e+12;1e+12;757.924247;1e+12;1e+12;758.700422;1e+12;1e+12;758.671774;1e+12;1e+12;757.942754;1e+12;1e+12;758.695097;1e+12;1e+12;758.672769;1e+12;1e+12;758.670899;1e+12;1e+12;758.698145;1e+12;1e+12;758.671135;1e+12;1e+12;757.941945;1e+12;1e+12;757.925851;1e+12;1e+12
grid_n1500_est_r000_etaSrawm06_etaYrawp06_tau04_selMODERATE_nu6,grid_n1500,EST,16,1500,MODERATE,124,0.08266666666666667,0.6216328222130129,0.6146642753348286,0.00696854687818426,-760.5310712848617,1545.0621425697234,1608.820787214807,12,TRUE,TRUE,0,16,35792.838,4,3,0,-0.6,0.6,-0.6,0.6,0.4,0.4,6,2.8766852880871023,-0.3842553998365955,-0.5898255904769456,0.8404070041881948,1.4925821305300957,1.4925821305300957,4,-1.25,-1.5831883733099852,-0.3331883733099852,0.0375,0.00412371239427361,-0.03337628760572639,0.25,0.3843962557805549,0.13439625578055492,5,7.892170846516818,2.8921708465168177,1.5,1.89265198153874,0.39265198153874015,0.8,0.5480679946448012,-0.2519320053551989,-0.12331471191289768,-0.3842553998365955,0.01017440952305437,0.24040700418819483,1.0925821305300958,1.0925821305300958,-2,ok,CONVERGENCE: REL_REDUCTION_OF_F <= FACTR*EPSMCH,760.531355;1e+12;1e+12;760.531473;1e+12;1e+12;760.53351;1e+12;1e+12;760.531255;1e+12;1e+12;760.538524;1e+12;1e+12;760.531071;1e+12;1e+12;760.534217;1e+12;1e+12;760.537835;1e+12;1e+12;760.532587;1e+12;1e+12;760.53228;1e+12;1e+12;760.539797;1e+12;1e+12;760.532142;1e+12;1e+12;760.535246;1e+12;1e+12
grid_n1500_est_r000_etaSrawm06_etaYrawp06_tau04_selMODERATE_nu6,grid_n1500,EST,17,1500,MODERATE,138,0.092,0.6318449873631002,0.6146642753348286,0.01718071202827165,-832.8118430143427,1689.6236860286854,1753.382330673769,12,TRUE,TRUE,0,22,43200.647,4,3,0,-0.6,0.6,-0.6,0.6,0.4,0.4,6,2.1245304970617296,0.3071643392639558,1.489441386093549,1.0047020069250363,-0.3458386876740019,-0.3458386876740019,4,-1.25,-2.651661667437123,-1.4016616674371232,0.0375,0.0874219821582271,0.04992198215822709,0.25,0.5898928843206152,0.33989288432061515,5,3.840111423022051,-1.159888576977949,1.5,1.4633605481747165,-0.0366394518252835,0.8,0.9680614929758996,0.16806149297589967,-0.8754695029382704,0.3071643392639558,2.089441386093549,0.40470200692503633,-0.745838687674002,-0.745838687674002,-2,ok,CONVERGENCE: REL_REDUCTION_OF_F <= FACTR*EPSMCH,832.812278;1e+12;1e+12;832.812068;1e+12;1e+12;832.812784;1e+12;1e+12;832.851055;1e+12;1e+12;832.815443;1e+12;1e+12;832.850858;1e+12;1e+12;832.850683;1e+12;1e+12;832.811843;1e+12;1e+12;832.814853;1e+12;1e+12;832.851433;1e+12;1e+12;832.814038;1e+12;1e+12;832.846307;1e+12;1e+12;Inf;1e+12;1e+12
grid_n1500_est_r000_etaSrawm06_etaYrawp06_tau04_selMODERATE_nu6,grid_n1500,EST,18,1500,MODERATE,135,0.09,0.6200909466721786,0.6146642753348286,0.00542667133734997,-823.5276146722113,1671.0552293444223,1734.8138739895062,12,TRUE,TRUE,0,10,42722.75,4,3,0,-0.6,0.6,-0.6,0.6,0.4,0.4,6,2.2561534552542537,-0.00361908626771175,1.4418683795778524,1.4925821305300957,1.4925821305300957,1.4925821305300957,4,-1.25,-1.9384937380980751,-0.6884937380980753,0.0375,0.07944855812773621,0.04194855812773621,0.25,0.1007172644794847,-0.1492827355205153,5,7.315413331184892,2.3154133311848923,1.5,1.411781945063762,-0.08821805493623791,0.8,0.51204060148266906,-0.287959398517331,-0.7438465447457463,-0.00361908626771175,2.0418683795778523,0.8925821305300957,1.0925821305300958,1.0925821305300958,-2,ok,CONVERGENCE: REL_REDUCTION_OF_F <= FACTR*EPSMCH,823.530348;1e+12;1e+12;823.529169;1e+12;1e+12;823.528798;1e+12;1e+12;823.527615;1e+12;1e+12;823.529996;1e+12;1e+12;823.528066;1e+12;1e+12;823.529332;1e+12;1e+12;823.528196;1e+12;1e+12;823.52919;1e+12;1e+12;823.528348;1e+12;1e+12;823.528061;1e+12;1e+12;823.527639;1e+12;1e+12;823.52784;1e+12;1e+12
grid_n1500_est_r000_etaSrawm06_etaYrawp06_tau04_selMODERATE_nu6,grid_n1500,EST,19,1500,MODERATE,126,0.084,0.6203473945409429,0.6146642753348286,0.0056831192061143,-767.0534779014617,1558.1069558029235,1621.8656004480072,12,TRUE,TRUE,0,16,39268.3,4,3,0,-0.6,0.6,-0.6,0.6,0.4,0.4,6,2.201414207776031,0.1510102278856094,1.205104921337999,-1.4925821305300957,1.4925821305300957,1.4925821305300957,4,-1.25,-2.1775941488538617,-0.9275941488538616,0.0375,0.03846049841502849,9.604984150284948e-4,0.25,0.5027654994663778,0.25276549946637783,5,6.638845630508828,1.638845630508828,1.5,1.471320553897012,-0.028679446102988,0.8,0.7880817232462405,-0.01191827675375956,-0.7985857922239692,0.1510102278856094,1.8051049213379988,-2.092582130530096,1.0925821305300958,1.0925821305300958,-2,ok,CONVERGENCE: REL_REDUCTION_OF_F <= FACTR*EPSMCH,767.057908;1e+12;1e+12;767.053635;1e+12;1e+12;767.054659;1e+12;1e+12;767.053605;1e+12;1e+12;767.053639;1e+12;1e+12;767.053478;1e+12;1e+12;767.053483;1e+12;1e+12;767.053528;1e+12;1e+12;767.084639;1e+12;1e+12;767.053497;1e+12;1e+12;767.053607;1e+12;1e+12;767.056599;1e+12;1e+12;767.053734;1e+12;1e+12
grid_n1500_est_r000_etaSrawm06_etaYrawp06_tau04_selMODERATE_nu6,grid_n1500,EST,20,1500,MODERATE,139,0.09266666666666666,0.6119951040391677,0.6146642753348286,-0.00266917129566091,-825.4257285576588,1674.8514571153175,1738.6101017604012,12,TRUE,TRUE,0,37,54830.133,4,3,0,-0.6,0.6,-0.6,0.6,0.4,0.4,6,1.634932931537343,0.3785203540042863,0.8936776739030001,0.6711764884307098,-1.4884432369132938,-1.4884432369132938,4,-1.25,-3.282851274224041,-2.032851274224041,0.0375,0.09157355607401918,0.05407355607401918,0.25,0.6368841788430964,0.3868841788430965,5,4.337534683810194,-0.662465316189806,1.5,1.607368308110015,0.10736830811001496,0.8,0.6132869701603809,-0.18671302983961913,-1.365067068462657,0.3785203540042863,1.493677673903,0.07117648843070978,-1.888443236913294,-1.888443236913294,-2,ok,CONVERGENCE: REL_REDUCTION_OF_F <= FACTR*EPSMCH,825.426015;1e+12;1e+12;825.428695;1e+12;1e+12;825.425966;1e+12;1e+12;825.428191;1e+12;1e+12;825.458898;1e+12;1e+12;825.454906;1e+12;1e+12;825.45474;1e+12;1e+12;825.454273;1e+12;1e+12;825.427223;1e+12;1e+12;825.458269;1e+12;1e+12;825.453268;1e+12;1e+12;825.429428;1e+12;1e+12;825.425729;1e+12;1e+12
grid_n1500_est_r000_etaSrawm06_etaYrawp06_tau04_selMODERATE_nu6,grid_n1500,EST,21,1500,MODERATE,128,0.08533333333333333,0.6193228736581338,0.6146642753348286,0.00465859832330517,-775.2318091981724,1574.4636183963448,1638.2222630414285,12,TRUE,TRUE,0,28,29636.751000000004,4,3,0,-0.6,0.6,-0.6,0.6,0.4,0.4,6,2.3564286342066336,0.2571062100788952,0.790225956272363,1.4925821305300957,1.4922083203087677,1.4922083203087677,4,-1.25,-2.142108892385043,-0.8921088923850431,0.0375,0.04049662464851839,0.00299662464851838,0.25,0.5677950681611154,0.31779506816111536,5,5.642710052558845,0.6427100525588454,1.5,1.4700379265912895,-0.02996207340871026,0.8,0.41708416903350853,-0.3829158309664915,-0.6435713657933664,0.2571062100788952,1.3902259562723631,0.8925821305300957,1.0922083203087678,1.0922083203087678,-2,ok,CONVERGENCE: REL_REDUCTION_OF_F <= FACTR*EPSMCH,775.235182;1e+12;1e+12;775.233845;1e+12;1e+12;775.235956;1e+12;1e+12;775.232659;1e+12;1e+12;775.231923;1e+12;1e+12;775.232571;1e+12;1e+12;775.23183;1e+12;1e+12;775.232655;1e+12;1e+12;775.23499;1e+12;1e+12;775.231809;1e+12;1e+12;775.30023;1e+12;1e+12;775.234903;1e+12;1e+12;775.234387;1e+12;1e+12
grid_n1500_est_r000_etaSrawm06_etaYrawp06_tau04_selMODERATE_nu6,grid_n1500,EST,22,1500,MODERATE,113,0.07533333333333334,0.6077795786061588,0.6146642753348286,-0.00688469672866975,-704.0459627839778,1432.0919255679555,1495.8505702130392,12,TRUE,TRUE,0,37,43816.427,4,3,0,-0.6,0.6,-0.6,0.6,0.4,0.4,6,4.9369034646621515,0.8938321195737311,-1.4925821305300957,0.2283487563987408,1.4925821305300957,1.4925821305300957,4,-1.25,-0.9979977440141448,0.25200225598585513,0.0375,0.02948145071464415,-0.00801854928535584,0.25,0.1670160245582754,-0.08298397544172459,5,0.984839563915762,-4.015160436084238,1.5,1.1541190758080364,-0.3458809241919636,0.8,0.7624078481324144,-0.03759215186758569,1.9369034646621517,0.8938321195737311,-0.8925821305300957,-0.3716512436012592,1.0925821305300958,1.0925821305300958,-2,ok,CONVERGENCE: REL_REDUCTION_OF_F <= FACTR*EPSMCH,704.218065;1e+12;1e+12;704.046057;1e+12;1e+12;704.214676;1e+12;1e+12;704.047119;1e+12;1e+12;704.20974;1e+12;1e+12;704.048225;1e+12;1e+12;704.04709;1e+12;1e+12;704.217007;1e+12;1e+12;704.218544;1e+12;1e+12;704.049265;1e+12;1e+12;704.215434;1e+12;1e+12;704.046097;1e+12;1e+12;704.045963;1e+12;1e+12
grid_n1500_est_r000_etaSrawm06_etaYrawp06_tau04_selMODERATE_nu6,grid_n1500,EST,23,1500,MODERATE,97,0.06466666666666666,0.6,0.6146642753348286,-0.01466427533482861,-598.6250055364368,1221.2500110728736,1285.0086557179573,12,TRUE,TRUE,0,13,43200.64,4,3,0,-0.6,0.6,-0.6,0.6,0.4,0.4,6,2.763506847957698,0.7836389407926673,-0.01358528004093172,-1.4921855360554677,1.4925821305300957,1.4925821305300957,4,-1.25,-2.0151935232863276,-0.7651935232863276,0.0375,0.0762257721582377,0.0387257721582377,0.25,0.3319593248714072,0.08195932487140722,5,2.669765804636013,-2.330234195363987,1.5,1.5500721330799547,0.05007213307995473,0.8,0.6935492292763445,-0.1064507707236555,-0.23649315204230217,0.7836389407926673,0.5864147199590682,-2.092185536055468,1.0925821305300958,1.0925821305300958,-2,ok,CONVERGENCE: REL_REDUCTION_OF_F <= FACTR*EPSMCH,598.68351;1e+12;1e+12;598.684386;1e+12;1e+12;598.688905;1e+12;1e+12;598.683343;1e+12;1e+12;598.625006;1e+12;1e+12;598.683169;1e+12;1e+12;598.684213;1e+12;1e+12;598.860159;1e+12;1e+12;598.683583;1e+12;1e+12;598.68442;1e+12;1e+12;598.861666;1e+12;1e+12;598.685835;1e+12;1e+12;Inf;1e+12;1e+12
grid_n1500_est_r000_etaSrawm06_etaYrawp06_tau04_selMODERATE_nu6,grid_n1500,EST,24,1500,MODERATE,132,0.088,0.6326444538169549,0.6146642753348286,0.01798017848212629,-800.3830845453218,1624.7661690906436,1688.524813735727,12,TRUE,TRUE,0,16,52074.454999999994,4,3,0,-0.6,0.6,-0.6,0.6,0.4,0.4,6,2.127292857048636,-0.2799720255331274,0.8511273965361048,1.4925821305300957,-1.4925821305300957,-1.4925821305300957,4,-1.25,-2.946600893515674,-1.696600893515674,0.0375,0.02683717398414471,-0.01066282601585528,0.25,0.7544571192838176,0.5044571192838176,5,7.225698234363763,2.2256982343637626,1.5,1.6236455118089868,0.12364551180898677,0.8,0.9758859611237278,0.1758859611237278,-0.8727071429513642,-0.2799720255331274,1.451127396536105,0.8925821305300957,-1.8925821305300956,-1.8925821305300956,-2,ok,CONVERGENCE: REL_REDUCTION_OF_F <= FACTR*EPSMCH,800.383144;1e+12;1e+12;800.38478;1e+12;1e+12;800.383101;1e+12;1e+12;800.384024;1e+12;1e+12;800.383128;1e+12;1e+12;800.383085;1e+12;1e+12;800.384039;1e+12;1e+12;800.383954;1e+12;1e+12;800.385143;1e+12;1e+12;800.383207;1e+12;1e+12;800.383103;1e+12;1e+12;800.385389;1e+12;1e+12;800.38585;1e+12;1e+12
grid_n1500_est_r000_etaSrawm06_etaYrawp06_tau04_selMODERATE_nu6,grid_n1500,EST,25,1500,MODERATE,112,0.07466666666666667,0.6150061500615006,0.6146642753348286,3.418747266720201e-4,-700.7825794703588,1425.5651589407175,1489.3238035858012,12,TRUE,TRUE,0,37,38757.145,4,3,0,-0.6,0.6,-0.6,0.6,0.4,0.4,6,2.4193570723252407,-5.281887798126399e-4,-1.477068340951876,0.5060160881792266,-0.9872355116807678,-0.9872355116807678,4,-1.25,-0.3117932527989916,0.9382067472010084,0.0375,0.0547689606021738,0.0172689606021738,0.25,0.18052187061395908,-0.06947812938604092,5,4.1494734143787255,-0.8505265856212745,1.5,1.5129544764634728,0.0129544764634728,0.8,0.8721940468209529,0.07219404682095287,-0.5806429276747593,-5.281887798126399e-4,-0.8770683409518761,-0.09398391182077336,-1.387235511680768,-1.387235511680768,-2,ok,CONVERGENCE: REL_REDUCTION_OF_F <= FACTR*EPSMCH,700.783663;1e+12;1e+12;700.791068;1e+12;1e+12;700.782862;1e+12;1e+12;700.78963;1e+12;1e+12;700.786474;1e+12;1e+12;700.788638;1e+12;1e+12;700.792695;1e+12;1e+12;700.791148;1e+12;1e+12;700.783395;1e+12;1e+12;700.789771;1e+12;1e+12;701.030931;1e+12;1e+12;700.790771;1e+12;1e+12;700.782579;1e+12;1e+12
grid_n1500_est_r000_etaSrawm06_etaYrawp06_tau04_selMODERATE_nu6,grid_n1500,EST,26,1500,MODERATE,126,0.084,0.6291946308724832,0.6146642753348286,0.01453035553765458,-771.5100056079559,1567.0200112159118,1630.7786558609955,12,TRUE,TRUE,0,1,42274.378,4,3,0,-0.6,0.6,-0.6,0.6,0.4,0.4,6,2.91686301970509,0.4598826621055091,-1.4707749747125811,0.1915362219821684,1.491833576417473,1.491833576417473,4,-1.25,-0.9526590975837518,0.2973409024162482,0.0375,0.03538268766297037,-0.00211731233702962,0.25,0.14922526439882147,-0.10077473560117851,5,4.692674095316534,-0.30732590468346643,1.5,1.505334702351971,0.00533470235197097,0.8,0.8085112834493327,0.0085112834493326,-0.08313698029490979,0.4598826621055091,-0.8707749747125811,-0.4084637780178316,1.0918335764174731,1.0918335764174731,-2,ok,CONVERGENCE: REL_REDUCTION_OF_F <= FACTR*EPSMCH,771.510006;1e+12;1e+12;771.516572;1e+12;1e+12;771.514112;1e+12;1e+12;771.515406;1e+12;1e+12;771.511257;1e+12;1e+12;771.513622;1e+12;1e+12;771.517045;1e+12;1e+12;771.510155;1e+12;1e+12;771.510356;1e+12;1e+12;771.514033;1e+12;1e+12;771.597442;1e+12;1e+12;771.516882;1e+12;1e+12;771.514987;1e+12;1e+12
grid_n1500_est_r000_etaSrawm06_etaYrawp06_tau04_selMODERATE_nu6,grid_n1500,EST,27,1500,MODERATE,126,0.084,0.6334459459459459,0.6146642753348286,0.01878167061111735,-763.124618411043,1550.249236822086,1614.0078814671697,12,TRUE,TRUE,0,1,38230.384,4,3,0,-0.6,0.6,-0.6,0.6,0.4,0.4,6,2.291132039209012,0.5482144006347416,0.9848269180921276,-1.4925821305300957,1.4925821305300957,1.4925821305300957,4,-1.25,-2.0486050488650487,-0.7986050488650487,0.0375,0.01995796359613009,-0.01754203640386991,0.25,0.36021555450219966,0.11021555450219966,5,4.951250068045651,-0.04874993195434918,1.5,1.6147349790384062,0.11473497903840624,0.8,0.33462242300075373,-0.4653775769992463,-0.7088679607909878,0.5482144006347416,1.5848269180921275,-2.092582130530096,1.0925821305300958,1.0925821305300958,-2,ok,CONVERGENCE: REL_REDUCTION_OF_F <= FACTR*EPSMCH,763.124618;1e+12;1e+12;763.126307;1e+12;1e+12;763.126275;1e+12;1e+12;763.411571;1e+12;1e+12;763.616985;1e+12;1e+12;763.410621;1e+12;1e+12;763.413131;1e+12;1e+12;763.616078;1e+12;1e+12;763.615595;1e+12;1e+12;763.410841;1e+12;1e+12;763.62134;1e+12;1e+12;763.124621;1e+12;1e+12;763.125493;1e+12;1e+12
grid_n1500_est_r000_etaSrawm06_etaYrawp06_tau04_selMODERATE_nu6,grid_n1500,EST,28,1500,MODERATE,102,0.068,0.6160164271047228,0.6146642753348286,0.00135215176989422,-634.9237404736333,1293.8474809472666,1357.6061255923505,12,TRUE,TRUE,0,4,34683.267,4,3,0,-0.6,0.6,-0.6,0.6,0.4,0.4,6,1.7530916864639186,0.07037713893090225,1.3936514769401098,1.4925821305300957,1.4925821305300957,1.4925821305300957,4,-1.25,-2.1523628275904434,-0.9023628275904434,0.0375,0.05988039296144445,0.02238039296144445,0.25,0.08810160538583829,-0.16189839461416172,5,6.630250760640631,1.630250760640631,1.5,1.3177490041590034,-0.18225099584099655,0.8,0.7072676316243814,-0.0927323683756186,-1.2469083135360814,0.07037713893090225,1.99365147694011,0.8925821305300957,1.0925821305300958,1.0925821305300958,-2,ok,CONVERGENCE: REL_REDUCTION_OF_F <= FACTR*EPSMCH,634.924785;1e+12;1e+12;634.92374;1e+12;1e+12;634.926338;1e+12;1e+12;634.925454;1e+12;1e+12;634.927702;1e+12;1e+12;634.926048;1e+12;1e+12;634.927218;1e+12;1e+12;634.930927;1e+12;1e+12;634.927199;1e+12;1e+12;634.925404;1e+12;1e+12;634.926877;1e+12;1e+12;634.924789;1e+12;1e+12;634.925076;1e+12;1e+12
grid_n1500_est_r000_etaSrawm06_etaYrawp06_tau04_selMODERATE_nu6,grid_n1500,EST,29,1500,MODERATE,124,0.08266666666666667,0.6129955046996322,0.6146642753348286,-0.00166877063519643,-767.9898836827947,1559.9797673655894,1623.738412010673,12,TRUE,TRUE,0,34,50970.905,4,3,0,-0.6,0.6,-0.6,0.6,0.4,0.4,6,6.833120777875204,0.9357426138450282,-1.4925821305300957,-0.5644304474690215,1.4897388416901092,1.4897388416901092,4,-1.25,-0.8799931015142354,0.3700068984857646,0.0375,0.03838745847733117,8.874584773311753e-4,0.25,-0.0383838334984886,-0.2883838334984886,5,0.3153442824888628,-4.684655717511137,1.5,1.856052348480557,0.35605234848055667,0.8,0.9066756952052288,0.10667569520522868,3.833120777875204,0.9357426138450282,-0.8925821305300957,-1.1644304474690217,1.0897388416901093,1.0897388416901093,-2,ok,CONVERGENCE: REL_REDUCTION_OF_F <= FACTR*EPSMCH,767.9912;1e+12;1e+12;767.990598;1e+12;1e+12;767.991256;1e+12;1e+12;767.99118;1e+12;1e+12;767.990185;1e+12;1e+12;767.990222;1e+12;1e+12;767.990066;1e+12;1e+12;767.994831;1e+12;1e+12;767.990155;1e+12;1e+12;767.991074;1e+12;1e+12;Inf;1e+12;1e+12;767.989884;1e+12;1e+12;767.993051;1e+12;1e+12
grid_n1500_est_r000_etaSrawm06_etaYrawp06_tau04_selMODERATE_nu6,grid_n1500,EST,30,1500,MODERATE,136,0.09066666666666667,0.6147540983606558,0.6146642753348286,8.982302582716262e-5,-828.0660840289278,1680.1321680578556,1743.8908127029392,12,TRUE,TRUE,0,10,38753.291000000005,4,3,0,-0.6,0.6,-0.6,0.6,0.4,0.4,6,2.5489603696347,0.10924901745491984,1.1900744234605347,1.4925821305300957,1.4925821305300957,1.4925821305300957,4,-1.25,-2.166732156470477,-0.9167321564704772,0.0375,0.09800049235112776,0.06050049235112777,0.25,0.5101169238569407,0.26011692385694074,5,6.721012532861324,1.721012532861324,1.5,1.621522302078268,0.12152230207826786,0.8,0.7420216253723382,-0.05797837462766186,-0.45103963036530015,0.10924901745491984,1.7900744234605348,0.8925821305300957,1.0925821305300958,1.0925821305300958,-2,ok,CONVERGENCE: REL_REDUCTION_OF_F <= FACTR*EPSMCH,828.068409;1e+12;1e+12;828.069417;1e+12;1e+12;828.068609;1e+12;1e+12;828.066084;1e+12;1e+12;828.066104;1e+12;1e+12;828.066144;1e+12;1e+12;828.066668;1e+12;1e+12;828.06772;1e+12;1e+12;828.066625;1e+12;1e+12;828.099075;1e+12;1e+12;828.109685;1e+12;1e+12;828.066892;1e+12;1e+12;828.101553;1e+12;1e+12
grid_n1500_est_r000_etaSrawm06_etaYrawp06_tau04_selMODERATE_nu6,grid_n1500,EST,31,1500,MODERATE,137,0.09133333333333334,0.6268282490597576,0.6146642753348286,0.01216397372492905,-812.0161651093894,1648.0323302187787,1711.7909748638624,12,TRUE,TRUE,0,13,44370.311,4,3,0,-0.6,0.6,-0.6,0.6,0.4,0.4,6,3.118047175137796,0.649024998090307,-1.4925821305300957,0.14899720641523667,1.4925821305300957,1.4925821305300957,4,-1.25,-0.937805141509714,0.31219485849028594,0.0375,0.03548857930205171,-0.00201142069794828,0.25,0.2105765883479614,-0.03942341165203861,5,4.139986535109907,-0.860013464890093,1.5,1.8451077500292852,0.3451077500292852,0.8,0.8200193054174245,0.02001930541742447,0.11804717513779606,0.649024998090307,-0.8925821305300957,-0.4510027935847633,1.0925821305300958,1.0925821305300958,-2,ok,CONVERGENCE: REL_REDUCTION_OF_F <= FACTR*EPSMCH,812.018285;1e+12;1e+12;812.018918;1e+12;1e+12;812.022725;1e+12;1e+12;812.018398;1e+12;1e+12;812.016165;1e+12;1e+12;812.020282;1e+12;1e+12;812.017193;1e+12;1e+12;812.023052;1e+12;1e+12;812.018541;1e+12;1e+12;812.020832;1e+12;1e+12;812.020561;1e+12;1e+12;812.016629;1e+12;1e+12;812.017627;1e+12;1e+12
grid_n1500_est_r000_etaSrawm06_etaYrawp06_tau04_selMODERATE_nu6,grid_n1500,EST,32,1500,MODERATE,110,0.07333333333333333,0.6221484861053505,0.6146642753348286,0.00748421077052186,-688.1429116216442,1400.2858232432884,1464.044467888372,12,TRUE,TRUE,0,25,38747.208000000006,4,3,0,-0.6,0.6,-0.6,0.6,0.4,0.4,6,2.4387088536083077,0.22886266108798137,0.7414651611009468,1.4925821305300957,1.4925821305300957,1.4925821305300957,4,-1.25,-2.1960446232696063,-0.9460446232696064,0.0375,0.06726814477628133,0.02976814477628133,0.25,0.4557120891905137,0.20571208919051365,5,4.904498894491603,-0.0955011055083972,1.5,1.517107491365634,0.01710749136563394,0.8,0.4638496794891632,-0.3361503205108368,-0.5612911463916923,0.22886266108798137,1.3414651611009467,0.8925821305300957,1.0925821305300958,1.0925821305300958,-2,ok,CONVERGENCE: REL_REDUCTION_OF_F <= FACTR*EPSMCH,688.146771;1e+12;1e+12;688.143237;1e+12;1e+12;688.143049;1e+12;1e+12;688.143001;1e+12;1e+12;688.143316;1e+12;1e+12;688.143645;1e+12;1e+12;688.142913;1e+12;1e+12;688.142923;1e+12;1e+12;688.142912;1e+12;1e+12;688.142933;1e+12;1e+12;688.142921;1e+12;1e+12;688.14609;1e+12;1e+12;688.144393;1e+12;1e+12
grid_n1500_est_r000_etaSrawm06_etaYrawp06_tau04_selMODERATE_nu6,grid_n1500,EST,33,1500,MODERATE,140,0.09333333333333334,0.6193228736581338,0.6146642753348286,0.00465859832330517,-833.5850499889142,1691.1700999778284,1754.928744622912,12,TRUE,TRUE,0,7,42552.528,4,3,0,-0.6,0.6,-0.6,0.6,0.4,0.4,6,2.2261766812491657,-0.3661276395581225,1.4925821305300957,1.486799702832891,1.4923824379402486,1.4923824379402486,4,-1.25,-2.205313173367479,-0.9553131733674788,0.0375,0.0263375410416099,-0.01116245895839009,0.25,0.6229711418175417,0.3729711418175417,5,8.962298359785073,3.9622983597850734,1.5,1.385277499539962,-0.11472250046003808,0.8,0.7493871381263433,-0.05061286187365677,-0.7738233187508343,-0.3661276395581225,2.092582130530096,0.886799702832891,1.0923824379402487,1.0923824379402487,-2,ok,CONVERGENCE: REL_REDUCTION_OF_F <= FACTR*EPSMCH,833.585552;1e+12;1e+12;833.586048;1e+12;1e+12;833.58505;1e+12;1e+12;833.903178;1e+12;1e+12;834.084746;1e+12;1e+12;833.589795;1e+12;1e+12;833.901061;1e+12;1e+12;834.088959;1e+12;1e+12;833.585391;1e+12;1e+12;833.902178;1e+12;1e+12;834.086644;1e+12;1e+12;833.586574;1e+12;1e+12;833.586684;1e+12;1e+12
grid_n1500_est_r000_etaSrawm06_etaYrawp06_tau04_selMODERATE_nu6,grid_n1500,EST,34,1500,MODERATE,105,0.07,0.6114961271911945,0.6146642753348286,-0.00316814814363408,-655.4949771903852,1334.9899543807703,1398.748599025854,12,TRUE,TRUE,0,1,33886.834,4,3,0,-0.6,0.6,-0.6,0.6,0.4,0.4,6,1.9586216320185643,0.04350170358194014,1.3036156317612912,-1.4897106004276386,1.4925821305300957,1.4925821305300957,4,-1.25,-2.335943732866855,-1.085943732866855,0.0375,0.04604190585922374,0.00854190585922374,0.25,0.4690534812051235,0.21905348120512352,5,7.775469213727038,2.775469213727038,1.5,1.5448325400822465,0.04483254008224646,0.8,0.4923783535120899,-0.3076216464879101,-1.0413783679814357,0.04350170358194014,1.9036156317612911,-2.0897106004276385,1.0925821305300958,1.0925821305300958,-2,ok,CONVERGENCE: REL_REDUCTION_OF_F <= FACTR*EPSMCH,655.494977;1e+12;1e+12;655.495198;1e+12;1e+12;655.496825;1e+12;1e+12;655.670083;1e+12;1e+12;655.498031;1e+12;1e+12;655.681355;1e+12;1e+12;655.671484;1e+12;1e+12;655.502668;1e+12;1e+12;655.50643;1e+12;1e+12;655.672787;1e+12;1e+12;655.498605;1e+12;1e+12;655.49618;1e+12;1e+12;655.495307;1e+12;1e+12
grid_n1500_est_r000_etaSrawm06_etaYrawp06_tau04_selMODERATE_nu6,grid_n1500,EST,35,1500,MODERATE,133,0.08866666666666667,0.6028938906752411,0.6146642753348286,-0.01177038465958746,-817.7197736183468,1659.4395472366937,1723.1981918817771,12,TRUE,TRUE,0,7,48458.739,4,3,0,-0.6,0.6,-0.6,0.6,0.4,0.4,6,5.676276531924771,-0.8431716318297287,-1.4925821305300957,1.4925821305300957,-1.136448056167926,-1.136448056167926,4,-1.25,-0.700642885627905,0.549357114372095,0.0375,0.02453555394985428,-0.01296444605014571,0.25,0.2786433904258386,0.02864339042583857,5,6.37470331099689,1.3747033109968898,1.5,2.042062469808719,0.5420624698087191,0.8,0.8491432547254656,0.04914325472546554,2.676276531924771,-0.8431716318297287,-0.8925821305300957,0.8925821305300957,-1.536448056167926,-1.536448056167926,-2,ok,CONVERGENCE: REL_REDUCTION_OF_F <= FACTR*EPSMCH,817.720021;1e+12;1e+12;817.723727;1e+12;1e+12;817.719774;1e+12;1e+12;817.719817;1e+12;1e+12;817.721178;1e+12;1e+12;817.720631;1e+12;1e+12;817.720531;1e+12;1e+12;817.719902;1e+12;1e+12;817.725462;1e+12;1e+12;817.723606;1e+12;1e+12;817.877742;1e+12;1e+12;817.721027;1e+12;1e+12;817.719934;1e+12;1e+12
grid_n1500_est_r000_etaSrawm06_etaYrawp06_tau04_selMODERATE_nu6,grid_n1500,EST,36,1500,MODERATE,102,0.068,0.6224066390041494,0.6146642753348286,0.00774236366932079,-644.1994525393877,1312.3989050787754,1376.1575497238591,12,TRUE,TRUE,0,16,28341.734,4,3,0,-0.6,0.6,-0.6,0.6,0.4,0.4,6,2.1554429560618855,0.4749161795543557,1.4188550384673857,1.4925821305300957,1.490888706483497,1.490888706483497,4,-1.25,-2.310226303039082,-1.060226303039082,0.0375,0.02728917324211183,-0.01021082675788816,0.25,0.36675713390409526,0.11675713390409526,5,3.664998854367664,-1.335001145632336,1.5,1.528900051993586,0.02890005199358603,0.8,0.7256075270603946,-0.07439247293960549,-0.8445570439381145,0.4749161795543557,2.0188550384673856,0.8925821305300957,1.0908887064834971,1.0908887064834971,-2,ok,CONVERGENCE: REL_REDUCTION_OF_F <= FACTR*EPSMCH,644.200519;1e+12;1e+12;644.200754;1e+12;1e+12;644.199707;1e+12;1e+12;644.199994;1e+12;1e+12;644.199541;1e+12;1e+12;644.199453;1e+12;1e+12;644.200899;1e+12;1e+12;644.200438;1e+12;1e+12;644.20153;1e+12;1e+12;644.201937;1e+12;1e+12;644.200561;1e+12;1e+12;644.202059;1e+12;1e+12;644.202486;1e+12;1e+12
grid_n1500_est_r000_etaSrawm06_etaYrawp06_tau04_selMODERATE_nu6,grid_n1500,EST,37,1500,MODERATE,116,0.07733333333333334,0.6231823847112589,0.6146642753348286,0.00851810937643027,-722.5553857097486,1469.1107714194973,1532.869416064581,12,TRUE,TRUE,0,31,28090.937,4,3,0,-0.6,0.6,-0.6,0.6,0.4,0.4,6,2.628092009045864,0.7040493696396608,1.4925821305300957,1.4925821305300957,1.4792283661966876,1.4792283661966876,4,-1.25,-2.1644790585653464,-0.9144790585653464,0.0375,0.053395534417304,0.015895534417304,0.25,0.2999442375968112,0.04994423759681121,5,1.298069231495956,-3.701930768504044,1.5,1.4006758333602125,-0.09932416663978771,0.8,0.9720632108768796,0.1720632108768796,-0.37190799095413585,0.7040493696396608,2.092582130530096,0.8925821305300957,1.0792283661966875,1.0792283661966875,-2,ok,CONVERGENCE: REL_REDUCTION_OF_F <= FACTR*EPSMCH,722.721934;1e+12;1e+12;722.725021;1e+12;1e+12;722.55716;1e+12;1e+12;722.725856;1e+12;1e+12;722.55567;1e+12;1e+12;722.725746;1e+12;1e+12;722.724034;1e+12;1e+12;722.557283;1e+12;1e+12;722.556816;1e+12;1e+12;722.724749;1e+12;1e+12;722.555386;1e+12;1e+12;722.723172;1e+12;1e+12;722.725043;1e+12;1e+12
grid_n1500_est_r000_etaSrawm06_etaYrawp06_tau04_selMODERATE_nu6,grid_n1500,EST,38,1500,MODERATE,120,0.08,0.5995203836930456,0.6146642753348286,-0.01514389164178298,-757.5407117695623,1539.081423539125,1602.8400681842083,12,TRUE,TRUE,0,37,30536.659,4,3,0,-0.6,0.6,-0.6,0.6,0.4,0.4,6,2.340616207238117,0.09960863448330716,1.4925821305300957,1.4788856727855055,1.4925821305300957,1.4925821305300957,4,-1.25,-2.056342050537365,-0.8063420505373649,0.0375,0.01239316605314542,-0.02510683394685457,0.25,0.17233835407948012,-0.07766164592051988,5,7.0035570419105415,2.0035570419105415,1.5,1.649823882588234,0.14982388258823387,0.8,0.4398035816308535,-0.36019641836914656,-0.6593837927618829,0.09960863448330716,2.092582130530096,0.8788856727855056,1.0925821305300958,1.0925821305300958,-2,ok,CONVERGENCE: REL_REDUCTION_OF_F <= FACTR*EPSMCH,757.540794;1e+12;1e+12;757.542094;1e+12;1e+12;757.54082;1e+12;1e+12;757.997759;1e+12;1e+12;757.541435;1e+12;1e+12;758.017817;1e+12;1e+12;758.008945;1e+12;1e+12;757.542233;1e+12;1e+12;757.540923;1e+12;1e+12;758.014586;1e+12;1e+12;757.541861;1e+12;1e+12;757.541497;1e+12;1e+12;757.540712;1e+12;1e+12
grid_n1500_est_r000_etaSrawm06_etaYrawp06_tau04_selMODERATE_nu6,grid_n1500,EST,39,1500,MODERATE,122,0.08133333333333333,0.6203473945409429,0.6146642753348286,0.0056831192061143,-767.7831702643655,1559.566340528731,1623.3249851738146,12,TRUE,TRUE,0,31,26019.521,4,3,0,-0.6,0.6,-0.6,0.6,0.4,0.4,6,2.4642605073312,-0.2510376909312459,0.41504624440674903,1.4925821305300957,-1.4925634969397883,-1.4925634969397883,4,-1.25,-2.5109017167532177,-1.2609017167532175,0.0375,0.04917307936740111,0.01167307936740111,0.25,0.2793310270303886,0.02933102703038859,5,5.610049247314409,0.610049247314409,1.5,1.0520236332478123,-0.44797636675218766,0.8,1.0461014426473556,0.24610144264735556,-0.5357394926687999,-0.2510376909312459,1.015046244406749,0.8925821305300957,-1.8925634969397884,-1.8925634969397884,-2,ok,CONVERGENCE: REL_REDUCTION_OF_F <= FACTR*EPSMCH,767.78978;1e+12;1e+12;767.790925;1e+12;1e+12;767.787413;1e+12;1e+12;767.79556;1e+12;1e+12;767.784838;1e+12;1e+12;767.796026;1e+12;1e+12;767.791213;1e+12;1e+12;767.78501;1e+12;1e+12;767.783412;1e+12;1e+12;767.799902;1e+12;1e+12;767.78317;1e+12;1e+12;767.790132;1e+12;1e+12;767.785995;1e+12;1e+12
grid_n1500_est_r000_etaSrawm06_etaYrawp06_tau04_selMODERATE_nu6,grid_n1500,EST,40,1500,MODERATE,127,0.08466666666666667,0.6162695152013147,0.6146642753348286,0.00160523986648608,-769.3278679101,1562.6557358202,1626.4143804652838,12,TRUE,TRUE,0,1,39049.471,4,3,0,-0.6,0.6,-0.6,0.6,0.4,0.4,6,4.2875401897846475,0.8228598823724622,-1.4925821305300957,-0.15018529037169276,1.4923308978614955,1.4923308978614955,4,-1.25,-0.9185799918908184,0.3314200081091817,0.0375,0.03290520029847275,-0.00459479970152724,0.25,0.10729478691828388,-0.14270521308171613,5,3.213197824746714,-1.786802175253286,1.5,0.6985507033362652,-0.8014492966637348,0.8,0.7309904394300685,-0.06900956056993157,1.2875401897846477,0.8228598823724622,-0.8925821305300957,-0.7501852903716928,1.0923308978614954,1.0923308978614954,-2,ok,CONVERGENCE: REL_REDUCTION_OF_F <= FACTR*EPSMCH,769.327868;1e+12;1e+12;769.329788;1e+12;1e+12;769.613305;1e+12;1e+12;769.333562;1e+12;1e+12;769.441863;1e+12;1e+12;769.334085;1e+12;1e+12;769.332993;1e+12;1e+12;769.44632;1e+12;1e+12;769.613269;1e+12;1e+12;769.334158;1e+12;1e+12;769.447137;1e+12;1e+12;769.613707;1e+12;1e+12;769.334285;1e+12;1e+12
grid_n1500_est_r000_etaSrawm06_etaYrawp06_tau04_selMODERATE_nu6,grid_n1500,EST,41,1500,MODERATE,133,0.08866666666666667,0.6072874493927125,0.6146642753348286,-0.00737682594211608,-801.5690557010729,1627.1381114021458,1690.8967560472297,12,TRUE,TRUE,0,34,33814.39,4,3,0,-0.6,0.6,-0.6,0.6,0.4,0.4,6,2.2250022649418533,0.35741612551439156,1.472845064121902,1.4925821305300957,1.4925821305300957,1.4925821305300957,4,-1.25,-2.050190345071297,-0.800190345071297,0.0375,0.04339055292495385,0.00589055292495385,0.25,0.3089013486371764,0.05890134863717639,5,5.175296011423774,0.17529601142377427,1.5,1.5879994625677298,0.08799946256772984,0.8,0.7090435259646705,-0.09095647403532958,-0.7749977350581467,0.35741612551439156,2.072845064121902,0.8925821305300957,1.0925821305300958,1.0925821305300958,-2,ok,CONVERGENCE: REL_REDUCTION_OF_F <= FACTR*EPSMCH,801.569102;1e+12;1e+12;802.459599;1e+12;1e+12;801.573045;1e+12;1e+12;802.022947;1e+12;1e+12;802.029348;1e+12;1e+12;802.545412;1e+12;1e+12;802.458002;1e+12;1e+12;802.025552;1e+12;1e+12;802.022958;1e+12;1e+12;802.457257;1e+12;1e+12;802.028338;1e+12;1e+12;801.569056;1e+12;1e+12;802.022548;1e+12;1e+12
grid_n1500_est_r000_etaSrawm06_etaYrawp06_tau04_selMODERATE_nu6,grid_n1500,EST,42,1500,MODERATE,113,0.07533333333333334,0.631578947368421,0.6146642753348286,0.01691467203359242,-709.7612490244138,1443.5224980488276,1507.2811426939113,12,TRUE,TRUE,0,28,41855.83,4,3,0,-0.6,0.6,-0.6,0.6,0.4,0.4,6,3.825073214261582,-0.41021821671948655,-1.4925821305300957,1.4863838087158705,1.486797699968445,1.486797699968445,4,-1.25,-1.2210593415940525,0.0289406584059475,0.0375,0.04015536489720488,0.00265536489720488,0.25,0.256732131014991,0.00673213101499098,5,4.765842872173741,-0.23415712782625864,1.5,1.6395599411105823,0.13955994111058234,0.8,1.1292778406052952,0.3292778406052952,0.825073214261582,-0.41021821671948655,-0.8925821305300957,0.8863838087158705,1.0867976999684448,1.0867976999684448,-2,ok,CONVERGENCE: REL_REDUCTION_OF_F <= FACTR*EPSMCH,709.763374;1e+12;1e+12;709.76126;1e+12;1e+12;709.761596;1e+12;1e+12;709.775527;1e+12;1e+12;709.766365;1e+12;1e+12;709.761466;1e+12;1e+12;709.762637;1e+12;1e+12;709.766596;1e+12;1e+12;709.763162;1e+12;1e+12;709.761249;1e+12;1e+12;710.083899;1e+12;1e+12;709.768038;1e+12;1e+12;709.764827;1e+12;1e+12
grid_n1500_est_r000_etaSrawm06_etaYrawp06_tau04_selMODERATE_nu6,grid_n1500,EST,43,1500,MODERATE,116,0.07733333333333334,0.6124948958758677,0.6146642753348286,-0.00216937945896089,-714.7556665288126,1453.5113330576253,1517.269977702709,12,TRUE,TRUE,0,4,44045.764,4,3,0,-0.6,0.6,-0.6,0.6,0.4,0.4,6,3.234686872300866,-0.3890357423799458,-1.4799884437622957,1.2508144587331476,0.998281491066328,0.998281491066328,4,-1.25,-1.030850993209931,0.219149006790069,0.0375,0.03492204331477074,-0.00257795668522925,0.25,0.1807182497946901,-0.06928175020530994,5,4.78176860831597,-0.2182313916840304,1.5,1.7528351550423218,0.2528351550423218,0.8,0.8421197344542858,0.04211973445428574,0.23468687230086616,-0.3890357423799458,-0.8799884437622957,0.6508144587331476,0.5982814910663279,0.5982814910663279,-2,ok,CONVERGENCE: REL_REDUCTION_OF_F <= FACTR*EPSMCH,714.755756;1e+12;1e+12;714.755667;1e+12;1e+12;714.786361;1e+12;1e+12;714.784222;1e+12;1e+12;714.800636;1e+12;1e+12;714.755898;1e+12;1e+12;714.758619;1e+12;1e+12;714.79392;1e+12;1e+12;714.779964;1e+12;1e+12;714.7576;1e+12;1e+12;714.873512;1e+12;1e+12;714.785261;1e+12;1e+12;714.757209;1e+12;1e+12
grid_n1500_est_r000_etaSrawm06_etaYrawp06_tau04_selMODERATE_nu6,grid_n1500,EST,44,1500,MODERATE,119,0.07933333333333334,0.6058158319870759,0.6146642753348286,-0.0088484433477527,-725.239711626489,1474.479423252978,1538.2380678980617,12,TRUE,TRUE,0,10,31882.785,4,3,0,-0.6,0.6,-0.6,0.6,0.4,0.4,6,2.020346989886584,0.11938714416505004,1.174327137075632,1.4925821305300957,1.4925821305300957,1.4925821305300957,4,-1.25,-2.141574226787699,-0.8915742267876992,0.0375,0.03472364882260395,-0.00277635117739604,0.25,0.384392518259107,0.13439251825910695,5,5.193581116565498,0.1935811165654977,1.5,1.4924725429554755,-0.00752745704452428,0.8,0.8515486707387834,0.05154867073878333,-0.9796530101134158,0.11938714416505004,1.7743271370756315,0.8925821305300957,1.0925821305300958,1.0925821305300958,-2,ok,CONVERGENCE: REL_REDUCTION_OF_F <= FACTR*EPSMCH,725.240473;1e+12;1e+12;725.240036;1e+12;1e+12;725.242594;1e+12;1e+12;725.239712;1e+12;1e+12;725.239729;1e+12;1e+12;725.239722;1e+12;1e+12;725.240386;1e+12;1e+12;725.241774;1e+12;1e+12;725.266548;1e+12;1e+12;725.239999;1e+12;1e+12;725.269141;1e+12;1e+12;725.240496;1e+12;1e+12;725.239815;1e+12;1e+12
grid_n1500_est_r000_etaSrawm06_etaYrawp06_tau04_selMODERATE_nu6,grid_n1500,EST,45,1500,MODERATE,138,0.092,0.6109979633401222,0.6146642753348286,-0.00366631199470635,-837.2370634344865,1698.474126868973,1762.2327715140566,12,TRUE,TRUE,0,16,50539.621,4,3,0,-0.6,0.6,-0.6,0.6,0.4,0.4,6,6.693776390209987,0.9195890569374594,-1.486539060538541,-1.164159887374789,1.4624715393948835,1.4624715393948835,4,-1.25,-0.991590946454272,0.25840905354572785,0.0375,0.02546207084149171,-0.01203792915850828,0.25,0.14426108608358243,-0.10573891391641756,5,0.3488440172643514,-4.651155982735649,1.5,0.9066587200947664,-0.5933412799052336,0.8,1.1264782837522658,0.32647828375226573,3.6937763902099863,0.9195890569374594,-0.8865390605385407,-1.764159887374789,1.0624715393948838,1.0624715393948838,-2,ok,CONVERGENCE: REL_REDUCTION_OF_F <= FACTR*EPSMCH,837.249514;1e+12;1e+12;837.24053;1e+12;1e+12;837.255547;1e+12;1e+12;837.240796;1e+12;1e+12;837.243217;1e+12;1e+12;837.237063;1e+12;1e+12;837.243313;1e+12;1e+12;837.252095;1e+12;1e+12;837.239157;1e+12;1e+12;837.242302;1e+12;1e+12;837.685299;1e+12;1e+12;Inf;1e+12;1e+12;837.240614;1e+12;1e+12
grid_n1500_est_r000_etaSrawm06_etaYrawp06_tau04_selMODERATE_nu6,grid_n1500,EST,46,1500,MODERATE,136,0.09066666666666667,0.6263048016701461,0.6146642753348286,0.01164052633531753,-820.3298539550367,1664.6597079100734,1728.418352555157,12,TRUE,TRUE,0,1,29846.683,4,3,0,-0.6,0.6,-0.6,0.6,0.4,0.4,6,2.292243506750154,0.33071034945670835,1.378925882774023,1.4925821305300957,1.4925821305300957,1.4925821305300957,4,-1.25,-2.030504700140051,-0.7805047001400509,0.0375,0.05521452460063985,0.01771452460063985,0.25,0.32564501703278304,0.07564501703278304,5,4.978289865524633,-0.0217101344753674,1.5,1.6052039296531138,0.10520392965311376,0.8,0.6610038936658088,-0.13899610633419124,-0.7077564932498461,0.33071034945670835,1.978925882774023,0.8925821305300957,1.0925821305300958,1.0925821305300958,-2,ok,CONVERGENCE: REL_REDUCTION_OF_F <= FACTR*EPSMCH,820.329854;1e+12;1e+12;820.33004;1e+12;1e+12;820.334874;1e+12;1e+12;820.331189;1e+12;1e+12;820.331466;1e+12;1e+12;820.333087;1e+12;1e+12;820.331123;1e+12;1e+12;820.331236;1e+12;1e+12;820.334212;1e+12;1e+12;820.32996;1e+12;1e+12;820.333989;1e+12;1e+12;820.332722;1e+12;1e+12;820.330438;1e+12;1e+12
grid_n1500_est_r000_etaSrawm06_etaYrawp06_tau04_selMODERATE_nu6,grid_n1500,EST,47,1500,MODERATE,128,0.08533333333333333,0.6045949214026602,0.6146642753348286,-0.01006935393216834,-777.1545318556233,1578.3090637112466,1642.0677083563305,12,TRUE,TRUE,0,31,42012.599,4,3,0,-0.6,0.6,-0.6,0.6,0.4,0.4,6,2.2333003100240996,0.3671503721288173,1.4925821305300957,1.3581854186380773,1.4883588138074386,1.4883588138074386,4,-1.25,-2.1059661723762626,-0.8559661723762626,0.0375,0.08895787544906811,0.05145787544906811,0.25,0.280497485455522,0.030497485455522,5,5.3912473353340395,0.39124733533403955,1.5,2.001884834903791,0.5018848349037914,0.8,0.2848026421294177,-0.5151973578705824,-0.7666996899759004,0.3671503721288173,2.092582130530096,0.7581854186380773,1.0883588138074387,1.0883588138074387,-2,ok,CONVERGENCE: REL_REDUCTION_OF_F <= FACTR*EPSMCH,777.40241;1e+12;1e+12;777.401551;1e+12;1e+12;777.399847;1e+12;1e+12;777.399672;1e+12;1e+12;777.169698;1e+12;1e+12;777.414137;1e+12;1e+12;777.399567;1e+12;1e+12;777.169886;1e+12;1e+12;777.154978;1e+12;1e+12;777.423133;1e+12;1e+12;777.154532;1e+12;1e+12;777.400416;1e+12;1e+12;777.399486;1e+12;1e+12
grid_n1500_est_r000_etaSrawm06_etaYrawp06_tau04_selMODERATE_nu6,grid_n1500,EST,48,1500,MODERATE,105,0.07,0.6109979633401222,0.6146642753348286,-0.00366631199470635,-648.3447198357068,1320.6894396714135,1384.4480843164972,12,TRUE,TRUE,0,16,36416.58,4,3,0,-0.6,0.6,-0.6,0.6,0.4,0.4,6,1.941274491620157,-0.15506170910730105,0.7658240722141947,1.4925821305300957,1.4925821305300957,1.4925821305300957,4,-1.25,-2.13006115200124,-0.88006115200124,0.0375,0.04341805747672997,0.00591805747672997,0.25,0.2883667941758213,0.03836679417582128,5,6.8181374023513746,1.8181374023513743,1.5,1.5109216762159488,0.01092167621594875,0.8,0.990455759127442,0.19045575912744195,-1.058725508379843,-0.15506170910730105,1.3658240722141946,0.8925821305300957,1.0925821305300958,1.0925821305300958,-2,ok,CONVERGENCE: REL_REDUCTION_OF_F <= FACTR*EPSMCH,648.347543;1e+12;1e+12;648.353506;1e+12;1e+12;648.345716;1e+12;1e+12;648.348312;1e+12;1e+12;648.346254;1e+12;1e+12;648.34472;1e+12;1e+12;648.349329;1e+12;1e+12;648.346379;1e+12;1e+12;648.344749;1e+12;1e+12;648.348754;1e+12;1e+12;648.432158;1e+12;1e+12;648.345286;1e+12;1e+12;648.344803;1e+12;1e+12
grid_n1500_est_r000_etaSrawm06_etaYrawp06_tau04_selMODERATE_nu6,grid_n1500,EST,49,1500,MODERATE,110,0.07333333333333333,0.6033789219629928,0.6146642753348286,-0.01128535337183578,-688.723973063215,1401.44794612643,1465.2065907715137,12,TRUE,TRUE,0,34,54308.044,4,3,0,-0.6,0.6,-0.6,0.6,0.4,0.4,6,6.165913465318913,0.9277414554448858,-1.4925821305300957,-0.08800756723381468,1.4910000413887723,1.4910000413887723,4,-1.25,-1.037543717886519,0.212456282113481,0.0375,0.05088586602171057,0.01338586602171057,0.25,0.2096703122179931,-0.04032968778200691,5,0.4962279118760949,-4.503772088123905,1.5,1.5290817640672307,0.02908176406723073,0.8,0.8264443985290217,0.02644439852902169,3.165913465318913,0.9277414554448858,-0.8925821305300957,-0.6880075672338146,1.0910000413887726,1.0910000413887726,-2,ok,CONVERGENCE: REL_REDUCTION_OF_F <= FACTR*EPSMCH,688.724363;1e+12;1e+12;688.729547;1e+12;1e+12;688.724591;1e+12;1e+12;688.72528;1e+12;1e+12;689.375941;1e+12;1e+12;688.725954;1e+12;1e+12;688.72902;1e+12;1e+12;689.373869;1e+12;1e+12;689.149728;1e+12;1e+12;688.72938;1e+12;1e+12;689.373856;1e+12;1e+12;688.723973;1e+12;1e+12;688.729596;1e+12;1e+12
grid_n1500_est_r000_etaSrawm06_etaYrawp06_tau04_selMODERATE_nu6,grid_n1500,EST,50,1500,MODERATE,122,0.08133333333333333,0.6012024048096193,0.6146642753348286,-0.0134618705252093,-759.9628132903949,1543.92562658079,1607.6842712258735,12,TRUE,TRUE,0,1,43199.694,4,3,0,-0.6,0.6,-0.6,0.6,0.4,0.4,6,5.002114511931071,0.8508269628788991,-1.4925821305300957,-0.11352060076218932,1.4925821305300957,1.4925821305300957,4,-1.25,-0.9501948140653173,0.29980518593468286,0.0375,0.0258302666068277,-0.01166973339317229,0.25,0.14819012204982013,-0.10180987795017989,5,2.008903566667421,-2.991096433332579,1.5,0.5382421166238098,-0.9617578833761902,0.8,0.9557086729436226,0.15570867294362256,2.0021145119310706,0.8508269628788991,-0.8925821305300957,-0.7135206007621893,1.0925821305300958,1.0925821305300958,-2,ok,CONVERGENCE: REL_REDUCTION_OF_F <= FACTR*EPSMCH,759.962813;1e+12;1e+12;759.964195;1e+12;1e+12;759.981949;1e+12;1e+12;759.973746;1e+12;1e+12;760.130006;1e+12;1e+12;759.966836;1e+12;1e+12;759.966398;1e+12;1e+12;760.131912;1e+12;1e+12;760.130185;1e+12;1e+12;759.963318;1e+12;1e+12;760.186364;1e+12;1e+12;759.964179;1e+12;1e+12;759.970294;1e+12;1e+12
grid_n1500_est_r000_etaSrawm06_etaYrawp06_tau04_selMODERATE_nu6,grid_n1500,EST,51,1500,MODERATE,125,0.08333333333333333,0.6041079339508659,0.6146642753348286,-0.01055634138396266,-764.3082394915654,1552.6164789831307,1616.3751236282144,12,TRUE,TRUE,0,28,41587.873,4,3,0,-0.6,0.6,-0.6,0.6,0.4,0.4,6,2.4762126057518152,0.5084830937332454,0.745840846477521,0.9764047450356416,1.4925821305300957,1.4925821305300957,4,-1.25,-2.0097822077955514,-0.7597822077955514,0.0375,0.08239635602068804,0.04489635602068804,0.25,0.2888013871425965,0.03880138714259651,5,3.216729659872891,-1.783270340127109,1.5,2.104189217016615,0.6041892170166152,0.8,1.1536250180551924,0.3536250180551923,-0.5237873942481848,0.5084830937332454,1.345840846477521,0.3764047450356415,1.0925821305300958,1.0925821305300958,-2,ok,CONVERGENCE: REL_REDUCTION_OF_F <= FACTR*EPSMCH,764.310024;1e+12;1e+12;764.31017;1e+12;1e+12;764.331822;1e+12;1e+12;764.308541;1e+12;1e+12;764.331804;1e+12;1e+12;764.308365;1e+12;1e+12;764.308493;1e+12;1e+12;764.368967;1e+12;1e+12;764.33191;1e+12;1e+12;764.308239;1e+12;1e+12;764.331782;1e+12;1e+12;764.371838;1e+12;1e+12;764.428292;1e+12;1e+12
grid_n1500_est_r000_etaSrawm06_etaYrawp06_tau04_selMODERATE_nu6,grid_n1500,EST,52,1500,MODERATE,127,0.08466666666666667,0.6234413965087282,0.6146642753348286,0.00877712117389961,-767.537340582334,1559.074681164668,1622.8333258097516,12,TRUE,TRUE,0,25,40909.714,4,3,0,-0.6,0.6,-0.6,0.6,0.4,0.4,6,2.033295267520525,-0.10121935585704755,1.4925821305300957,1.4889424935697546,1.4925821305300957,1.4925821305300957,4,-1.25,-2.2040488900874844,-0.9540488900874844,0.0375,0.06307547959005205,0.02557547959005205,0.25,0.49398759229353545,0.24398759229353545,5,7.992486517752089,2.9924865177520887,1.5,1.123682376662943,-0.3763176233370571,0.8,0.634511457304763,-0.16548854269523705,-0.9667047324794747,-0.10121935585704755,2.092582130530096,0.8889424935697546,1.0925821305300958,1.0925821305300958,-2,ok,CONVERGENCE: REL_REDUCTION_OF_F <= FACTR*EPSMCH,767.53765;1e+12;1e+12;767.537918;1e+12;1e+12;767.537371;1e+12;1e+12;767.537406;1e+12;1e+12;767.540161;1e+12;1e+12;767.539073;1e+12;1e+12;767.537731;1e+12;1e+12;767.538418;1e+12;1e+12;767.537341;1e+12;1e+12;767.537545;1e+12;1e+12;767.538882;1e+12;1e+12;767.538165;1e+12;1e+12;767.538359;1e+12;1e+12
grid_n1500_est_r000_etaSrawm06_etaYrawp06_tau04_selMODERATE_nu6,grid_n1500,EST,53,1500,MODERATE,116,0.07733333333333334,0.6077795786061588,0.6146642753348286,-0.00688469672866975,-734.0786533084474,1492.1573066168949,1555.9159512619783,12,TRUE,TRUE,0,34,35427.045000000006,4,3,0,-0.6,0.6,-0.6,0.6,0.4,0.4,6,3.3600622777272195,-0.3629585632402249,-1.4925821305300957,0.40689534730922783,1.4925821305300957,1.4925821305300957,4,-1.25,-1.052440987973248,0.19755901202675208,0.0375,0.01888289398990771,-0.01861710601009228,0.25,0.2511196506932285,0.0011196506932285,5,7.166556436210089,2.1665564362100893,1.5,2.027013994157651,0.527013994157651,0.8,1.0312437238817238,0.23124372388172376,0.36006227772721955,-0.3629585632402249,-0.8925821305300957,-0.19310465269077215,1.0925821305300958,1.0925821305300958,-2,ok,CONVERGENCE: REL_REDUCTION_OF_F <= FACTR*EPSMCH,734.078854;1e+12;1e+12;734.080165;1e+12;1e+12;734.081238;1e+12;1e+12;734.079338;1e+12;1e+12;734.227572;1e+12;1e+12;734.089123;1e+12;1e+12;734.079341;1e+12;1e+12;734.227588;1e+12;1e+12;734.227479;1e+12;1e+12;734.080675;1e+12;1e+12;734.227445;1e+12;1e+12;734.078653;1e+12;1e+12;734.079458;1e+12;1e+12
grid_n1500_est_r000_etaSrawm06_etaYrawp06_tau04_selMODERATE_nu6,grid_n1500,EST,54,1500,MODERATE,113,0.07533333333333334,0.6177924217462932,0.6146642753348286,0.00312814641146463,-697.6768619287375,1419.353723857475,1483.1123685025586,12,TRUE,TRUE,0,4,34031.967000000004,4,3,0,-0.6,0.6,-0.6,0.6,0.4,0.4,6,2.0325375858564954,0.13726324958241684,1.2553934782148566,-1.4925821305300957,1.4925821305300957,1.4925821305300957,4,-1.25,-2.1482095024842756,-0.8982095024842756,0.0375,0.02985125396014394,-0.00764874603985605,0.25,0.3011124851693734,0.05111248516937339,5,6.9008254935426585,1.9008254935426585,1.5,1.0516808365696255,-0.4483191634303745,0.8,0.8935734694306914,0.09357346943069134,-0.9674624141435046,0.13726324958241684,1.8553934782148565,-2.092582130530096,1.0925821305300958,1.0925821305300958,-2,ok,CONVERGENCE: REL_REDUCTION_OF_F <= FACTR*EPSMCH,697.705025;1e+12;1e+12;697.676862;1e+12;1e+12;697.676943;1e+12;1e+12;697.676899;1e+12;1e+12;697.705031;1e+12;1e+12;697.676891;1e+12;1e+12;698.396596;1e+12;1e+12;697.704534;1e+12;1e+12;697.706082;1e+12;1e+12;698.397078;1e+12;1e+12;697.678058;1e+12;1e+12;697.703745;1e+12;1e+12;697.676889;1e+12;1e+12
grid_n1500_est_r000_etaSrawm06_etaYrawp06_tau04_selMODERATE_nu6,grid_n1500,EST,55,1500,MODERATE,134,0.08933333333333333,0.5990415335463258,0.6146642753348286,-0.01562274178850275,-802.7712794958643,1629.5425589917286,1693.3012036368125,12,TRUE,TRUE,0,4,43200.628,4,3,0,-0.6,0.6,-0.6,0.6,0.4,0.4,6,2.079965602993178,0.379241774384024,1.491630986703522,-1.3167466627794493,1.4925821305300957,1.4925821305300957,4,-1.25,-2.140530663586563,-0.8905306635865631,0.0375,0.06174404740961643,0.02424404740961643,0.25,0.4327581830522512,0.1827581830522512,5,5.261010569612364,0.26101056961236413,1.5,1.9134635522415295,0.41346355224152975,0.8,0.6884704097362934,-0.11152959026370668,-0.920034397006822,0.379241774384024,2.091630986703522,-1.9167466627794496,1.0925821305300958,1.0925821305300958,-2,ok,CONVERGENCE: REL_REDUCTION_OF_F <= FACTR*EPSMCH,802.776258;1e+12;1e+12;802.771279;1e+12;1e+12;802.784926;1e+12;1e+12;802.774707;1e+12;1e+12;802.771955;1e+12;1e+12;802.784914;1e+12;1e+12;802.774234;1e+12;1e+12;802.772813;1e+12;1e+12;802.772875;1e+12;1e+12;802.772831;1e+12;1e+12;802.786743;1e+12;1e+12;802.789232;1e+12;1e+12;Inf;1e+12;1e+12
grid_n1500_est_r000_etaSrawm06_etaYrawp06_tau04_selMODERATE_nu6,grid_n1500,EST,56,1500,MODERATE,118,0.07866666666666666,0.6185567010309279,0.6146642753348286,0.00389242569609926,-745.6400412411667,1515.2800824823337,1579.0387271274171,12,TRUE,TRUE,0,4,89892.136,4,3,0,-0.6,0.6,-0.6,0.6,0.4,0.4,6,2.487997565143943,0.7722988002962505,1.4279864005695946,-1.4925821305300957,-1.4925821305300957,-1.4925821305300957,4,-1.25,-2.890262363622338,-1.640262363622338,0.0375,0.05744367173668653,0.01994367173668653,0.25,0.2535960359823753,0.00359603598237528,5,0.7986459112791675,-4.201354088720833,1.5,1.029157190320365,-0.4708428096796351,0.8,0.8962535193341634,0.09625351933416336,-0.5120024348560568,0.7722988002962505,2.0279864005695947,-2.092582130530096,-1.8925821305300956,-1.8925821305300956,-2,ok,CONVERGENCE: REL_REDUCTION_OF_F <= FACTR*EPSMCH,745.642231;1e+12;1e+12;745.640041;1e+12;1e+12;745.642581;1e+12;1e+12;745.64078;1e+12;1e+12;745.640803;1e+12;1e+12;Inf;1e+12;1e+12;745.643332;1e+12;1e+12;746.162164;1e+12;1e+12;746.168094;1e+12;1e+12;745.641614;1e+12;1e+12;745.64056;1e+12;1e+12;745.640082;1e+12;1e+12;745.642169;1e+12;1e+12
grid_n1500_est_r000_etaSrawm06_etaYrawp06_tau04_selMODERATE_nu6,grid_n1500,EST,57,1500,MODERATE,114,0.076,0.6105006105006106,0.6146642753348286,-0.00416366483421803,-701.1426740787448,1426.2853481574896,1490.0439928025733,12,TRUE,TRUE,0,4,50088.412,4,3,0,-0.6,0.6,-0.6,0.6,0.4,0.4,6,2.7321052939220483,0.7042441041151041,0.894424054575416,-1.4925821305300957,1.4925821305300957,1.4925821305300957,4,-1.25,-2.2978608809023284,-1.0478608809023284,0.0375,0.03165305062245258,-0.00584694937754741,0.25,0.6409989076155095,0.3909989076155095,5,3.475340841659252,-1.5246591583407478,1.5,1.495559852634079,-0.00444014736592102,0.8,0.45866205762767936,-0.3413379423723207,-0.26789470607795174,0.7042441041151041,1.494424054575416,-2.092582130530096,1.0925821305300958,1.0925821305300958,-2,ok,CONVERGENCE: REL_REDUCTION_OF_F <= FACTR*EPSMCH,701.143036;1e+12;1e+12;701.142674;1e+12;1e+12;701.341067;1e+12;1e+12;701.33944;1e+12;1e+12;701.281519;1e+12;1e+12;701.340475;1e+12;1e+12;701.343114;1e+12;1e+12;701.283359;1e+12;1e+12;701.253552;1e+12;1e+12;701.340414;1e+12;1e+12;701.282705;1e+12;1e+12;Inf;1e+12;1e+12;701.342026;1e+12;1e+12
grid_n1500_est_r000_etaSrawm06_etaYrawp06_tau04_selMODERATE_nu6,grid_n1500,EST,58,1500,MODERATE,115,0.07666666666666666,0.5959475566150179,0.6146642753348286,-0.01871671871981073,-715.5040909390809,1455.0081818781618,1518.7668265232455,12,TRUE,TRUE,0,10,52794.637,4,3,0,-0.6,0.6,-0.6,0.6,0.4,0.4,6,5.333098702719808,0.8857876425897673,-1.4925821305300957,-0.3811253020323292,1.4925821305300957,1.4925821305300957,4,-1.25,-0.9861714717666824,0.2638285282333175,0.0375,0.01696978869285493,-0.02053021130714506,0.25,0.14161083397523064,-0.10838916602476936,5,1.9179373500225112,-3.082062649977489,1.5,1.5308188771922595,0.03081887719225951,0.8,0.911892970384175,0.111892970384175,2.333098702719808,0.8857876425897673,-0.8925821305300957,-0.9811253020323292,1.0925821305300958,1.0925821305300958,-2,ok,CONVERGENCE: REL_REDUCTION_OF_F <= FACTR*EPSMCH,715.504093;1e+12;1e+12;715.505145;1e+12;1e+12;715.658245;1e+12;1e+12;715.504091;1e+12;1e+12;715.656123;1e+12;1e+12;715.5041;1e+12;1e+12;715.505171;1e+12;1e+12;715.656394;1e+12;1e+12;715.655928;1e+12;1e+12;Inf;1e+12;1e+12;715.655912;1e+12;1e+12;715.506126;1e+12;1e+12;715.51669;1e+12;1e+12
grid_n1500_est_r000_etaSrawm06_etaYrawp06_tau04_selMODERATE_nu6,grid_n1500,EST,59,1500,MODERATE,115,0.07666666666666666,0.6028938906752411,0.6146642753348286,-0.01177038465958746,-704.0581310877351,1432.1162621754702,1495.874906820554,12,TRUE,TRUE,0,4,41968.178,4,3,0,-0.6,0.6,-0.6,0.6,0.4,0.4,6,3.2327396922637437,-0.5790625839194974,-0.5353065976167347,1.4925821305300957,1.4925821305300957,1.4925821305300957,4,-1.25,-1.6088708642585228,-0.35887086425852277,0.0375,0.06343903912785902,0.02593903912785902,0.25,0.23116762360325704,-0.01883237639674295,5,9.256584728042943,4.256584728042943,1.5,1.7617462341261132,0.2617462341261132,0.8,0.3139269595961157,-0.4860730404038843,0.2327396922637437,-0.5790625839194974,0.06469340238326526,0.8925821305300957,1.0925821305300958,1.0925821305300958,-2,ok,CONVERGENCE: REL_REDUCTION_OF_F <= FACTR*EPSMCH,704.05929;1e+12;1e+12;704.058131;1e+12;1e+12;704.058138;1e+12;1e+12;704.058137;1e+12;1e+12;704.058207;1e+12;1e+12;704.058167;1e+12;1e+12;704.05846;1e+12;1e+12;704.058188;1e+12;1e+12;704.05907;1e+12;1e+12;704.058743;1e+12;1e+12;704.066715;1e+12;1e+12;704.069698;1e+12;1e+12;704.058994;1e+12;1e+12
grid_n1500_est_r000_etaSrawm06_etaYrawp06_tau04_selMODERATE_nu6,grid_n1500,EST,60,1500,MODERATE,121,0.08066666666666666,0.604351329572925,0.6146642753348286,-0.01031294576190355,-728.782553279211,1481.565106558422,1545.3237512035057,12,TRUE,TRUE,0,10,51568.719,4,3,0,-0.6,0.6,-0.6,0.6,0.4,0.4,6,4.6839772126479655,0.8696746929187957,-1.4394580868986022,-0.57824585640162,1.4925821305300957,1.4925821305300957,4,-1.25,-1.0140399947700427,0.2359600052299573,0.0375,0.04541065679114898,0.00791065679114898,0.25,0.13715628079670533,-0.11284371920329468,5,3.1596382478594545,-1.8403617521405455,1.5,1.2926761104686175,-0.20732388953138223,0.8,0.8039220996499441,0.00392209964994405,1.6839772126479655,0.8696746929187957,-0.8394580868986022,-1.1782458564016198,1.0925821305300958,1.0925821305300958,-2,ok,CONVERGENCE: REL_REDUCTION_OF_F <= FACTR*EPSMCH,728.794941;1e+12;1e+12;728.789923;1e+12;1e+12;728.794164;1e+12;1e+12;728.782553;1e+12;1e+12;728.833549;1e+12;1e+12;728.793154;1e+12;1e+12;728.783438;1e+12;1e+12;728.835192;1e+12;1e+12;728.827431;1e+12;1e+12;728.786035;1e+12;1e+12;729.2472;1e+12;1e+12;728.793897;1e+12;1e+12;728.78842;1e+12;1e+12
grid_n1500_est_r000_etaSrawm06_etaYrawp06_tau04_selMODERATE_nu6,grid_n1500,EST,61,1500,MODERATE,120,0.08,0.6415739948674081,0.6146642753348286,0.02690971953257948,-736.9491342588807,1497.8982685177614,1561.656913162845,12,TRUE,TRUE,0,16,38996.727000000006,4,3,0,-0.6,0.6,-0.6,0.6,0.4,0.4,6,2.1445637829686532,0.28299534965773104,1.4925821305300957,1.4925821305300957,1.4925821305300957,1.4925821305300957,4,-1.25,-2.2384682135220846,-0.9884682135220846,0.0375,0.07439212523599574,0.03689212523599574,0.25,0.4299008172412635,0.1799008172412635,5,5.006401164058362,0.00640116405836188,1.5,0.7308511568208729,-0.7691488431791271,0.8,0.8255114200458658,0.0255114200458657,-0.8554362170313468,0.28299534965773104,2.092582130530096,0.8925821305300957,1.0925821305300958,1.0925821305300958,-2,ok,CONVERGENCE: REL_REDUCTION_OF_F <= FACTR*EPSMCH,736.950582;1e+12;1e+12;736.949713;1e+12;1e+12;736.949429;1e+12;1e+12;736.950582;1e+12;1e+12;736.949815;1e+12;1e+12;736.949134;1e+12;1e+12;736.951158;1e+12;1e+12;736.949598;1e+12;1e+12;736.954701;1e+12;1e+12;737.312718;1e+12;1e+12;736.950532;1e+12;1e+12;736.953997;1e+12;1e+12;736.951206;1e+12;1e+12
grid_n1500_est_r000_etaSrawm06_etaYrawp06_tau04_selMODERATE_nu6,grid_n1500,EST,62,1500,MODERATE,113,0.07533333333333334,0.600480384307446,0.6146642753348286,-0.0141838910273826,-700.5483774270647,1425.0967548541294,1488.855399499213,12,TRUE,TRUE,0,1,47712.135,4,3,0,-0.6,0.6,-0.6,0.6,0.4,0.4,6,2.238932542270227,-0.2897365652203236,0.8661616143459281,1.4925821305300957,1.4925821305300957,1.4925821305300957,4,-1.25,-2.190274094236229,-0.9402740942362292,0.0375,0.06797600999104995,0.03047600999104995,0.25,0.4287312655279492,0.1787312655279492,5,7.923532327399431,2.923532327399431,1.5,1.487924270608924,-0.01207572939107604,0.8,1.1398893085245714,0.33988930852457133,-0.7610674577297729,-0.2897365652203236,1.466161614345928,0.8925821305300957,1.0925821305300958,1.0925821305300958,-2,ok,CONVERGENCE: REL_REDUCTION_OF_F <= FACTR*EPSMCH,700.548377;1e+12;1e+12;700.548703;1e+12;1e+12;700.549379;1e+12;1e+12;700.548761;1e+12;1e+12;700.550231;1e+12;1e+12;700.548601;1e+12;1e+12;700.548442;1e+12;1e+12;700.548707;1e+12;1e+12;700.551014;1e+12;1e+12;700.548506;1e+12;1e+12;700.548873;1e+12;1e+12;Inf;1e+12;1e+12;700.548504;1e+12;1e+12
grid_n1500_est_r000_etaSrawm06_etaYrawp06_tau04_selMODERATE_nu6,grid_n1500,EST,63,1500,MODERATE,123,0.082,0.6172839506172839,0.6146642753348286,0.00261967528245532,-767.2203762929546,1558.4407525859092,1622.1993972309929,12,TRUE,TRUE,0,19,45170.062,4,3,0,-0.6,0.6,-0.6,0.6,0.4,0.4,6,2.2090872854654746,-0.0490713645879572,1.4925821305300957,-1.2220138084782208,1.4925821305300957,1.4925821305300957,4,-1.25,-2.0117504375304556,-0.7617504375304556,0.0375,0.07585475082911332,0.03835475082911332,0.25,0.08945603883281673,-0.16054396116718328,5,7.381693856213921,2.3816938562139214,1.5,1.3381341016383992,-0.1618658983616008,0.8,0.8388217220124291,0.03882172201242906,-0.7909127145345254,-0.0490713645879572,2.092582130530096,-1.822013808478221,1.0925821305300958,1.0925821305300958,-2,ok,CONVERGENCE: REL_REDUCTION_OF_F <= FACTR*EPSMCH,767.221785;1e+12;1e+12;767.222487;1e+12;1e+12;767.221282;1e+12;1e+12;767.377918;1e+12;1e+12;767.220394;1e+12;1e+12;767.38009;1e+12;1e+12;767.220376;1e+12;1e+12;767.221502;1e+12;1e+12;767.223087;1e+12;1e+12;767.375498;1e+12;1e+12;767.221038;1e+12;1e+12;Inf;1e+12;1e+12;767.220832;1e+12;1e+12
grid_n1500_est_r000_etaSrawm06_etaYrawp06_tau04_selMODERATE_nu6,grid_n1500,EST,64,1500,MODERATE,122,0.08133333333333333,0.604351329572925,0.6146642753348286,-0.01031294576190355,-747.8359622905796,1519.6719245811591,1583.4305692262428,12,TRUE,TRUE,0,7,51337.766,4,3,0,-0.6,0.6,-0.6,0.6,0.4,0.4,6,1.4656964756543205,0.04291890164909442,1.4925821305300957,0.6126520599637575,-1.4925821305300957,-1.4925821305300957,4,-1.25,-3.1199073955739816,-1.8699073955739816,0.0375,0.08881225907616969,0.05131225907616969,0.25,0.20887256008537608,-0.04112743991462392,5,7.091279846555934,2.091279846555934,1.5,1.618459243347283,0.11845924334728308,0.8,0.9142979204408744,0.11429792044087428,-1.5343035243456795,0.04291890164909442,2.092582130530096,0.01265205996375751,-1.8925821305300956,-1.8925821305300956,-2,ok,CONVERGENCE: REL_REDUCTION_OF_F <= FACTR*EPSMCH,747.836404;1e+12;1e+12;747.836084;1e+12;1e+12;747.835962;1e+12;1e+12;747.837652;1e+12;1e+12;747.838964;1e+12;1e+12;747.836609;1e+12;1e+12;747.836194;1e+12;1e+12;747.837171;1e+12;1e+12;747.837112;1e+12;1e+12;747.837128;1e+12;1e+12;747.839899;1e+12;1e+12;747.838406;1e+12;1e+12;747.836634;1e+12;1e+12
grid_n1500_est_r000_etaSrawm06_etaYrawp06_tau04_selMODERATE_nu6,grid_n1500,EST,65,1500,MODERATE,127,0.08466666666666667,0.6145022531749283,0.6146642753348286,-1.620221599002436e-4,-770.9024660297218,1565.8049320594437,1629.5635767045271,12,TRUE,TRUE,0,7,33282.975,4,3,0,-0.6,0.6,-0.6,0.6,0.4,0.4,6,1.9867594654040344,0.40083003645909654,1.4925821305300957,1.043091318290274,1.4925821305300957,1.4925821305300957,4,-1.25,-2.122524023319194,-0.872524023319194,0.0375,0.0273175223915462,-0.01018247760845379,0.25,0.3793376265527596,0.1293376265527596,5,4.759959374818644,-0.24004062518135605,1.5,2.051447725609606,0.5514477256096062,0.8,0.6807752494904956,-0.11922475050950444,-1.0132405345959656,0.40083003645909654,2.092582130530096,0.44309131829027415,1.0925821305300958,1.0925821305300958,-2,ok,CONVERGENCE: REL_REDUCTION_OF_F <= FACTR*EPSMCH,770.903488;1e+12;1e+12;771.003809;1e+12;1e+12;770.902466;1e+12;1e+12;771.001846;1e+12;1e+12;770.909295;1e+12;1e+12;771.001609;1e+12;1e+12;771.003788;1e+12;1e+12;770.985197;1e+12;1e+12;770.907575;1e+12;1e+12;771.000125;1e+12;1e+12;770.978901;1e+12;1e+12;771.004301;1e+12;1e+12;771.004061;1e+12;1e+12
grid_n1500_est_r000_etaSrawm06_etaYrawp06_tau04_selMODERATE_nu6,grid_n1500,EST,66,1500,MODERATE,112,0.07466666666666667,0.6075334143377886,0.6146642753348286,-0.00713086099703996,-691.1156427919977,1406.2312855839955,1469.9899302290792,12,TRUE,TRUE,0,16,32707.1,4,3,0,-0.6,0.6,-0.6,0.6,0.4,0.4,6,1.8577994017363928,0.2599483515366071,1.445780932993484,1.4925821305300957,1.4925821305300957,1.4925821305300957,4,-1.25,-2.1020791930876648,-0.8520791930876648,0.0375,0.0199520859474372,-0.01754791405256279,0.25,0.17140880176138307,-0.07859119823861693,5,4.973367705233514,-0.02663229476648609,1.5,1.962815404767322,0.4628154047673221,0.8,0.9176357993534746,0.11763579935347455,-1.1422005982636074,0.2599483515366071,2.045780932993484,0.8925821305300957,1.0925821305300958,1.0925821305300958,-2,ok,CONVERGENCE: REL_REDUCTION_OF_F <= FACTR*EPSMCH,691.117612;1e+12;1e+12;691.116237;1e+12;1e+12;691.115754;1e+12;1e+12;691.11639;1e+12;1e+12;691.11905;1e+12;1e+12;691.115643;1e+12;1e+12;691.11581;1e+12;1e+12;691.116094;1e+12;1e+12;691.115927;1e+12;1e+12;691.115851;1e+12;1e+12;691.117185;1e+12;1e+12;691.11771;1e+12;1e+12;691.116103;1e+12;1e+12
grid_n1500_est_r000_etaSrawm06_etaYrawp06_tau04_selMODERATE_nu6,grid_n1500,EST,67,1500,MODERATE,143,0.09533333333333334,0.6180469715698393,0.6146642753348286,0.00338269623501075,-842.9372597612696,1709.8745195225392,1773.633164167623,12,TRUE,TRUE,0,13,51835.823,4,3,0,-0.6,0.6,-0.6,0.6,0.4,0.4,6,2.698718330774535,0.6296106656256335,0.5764809508550035,-1.4925821305300957,1.4552679491876015,1.4552679491876015,4,-1.25,-2.0149759791594977,-0.7649759791594977,0.0375,0.03040961580094814,-0.00709038419905186,0.25,0.617564457559737,0.367564457559737,5,3.6787877844042303,-1.3212122155957695,1.5,1.0115950905371975,-0.48840490946280246,0.8,0.9718209777124104,0.17182097771241034,-0.3012816692254652,0.6296106656256335,1.1764809508550034,-2.092582130530096,1.0552679491876016,1.0552679491876016,-2,ok,CONVERGENCE: REL_REDUCTION_OF_F <= FACTR*EPSMCH,843.065065;1e+12;1e+12;843.060039;1e+12;1e+12;843.060229;1e+12;1e+12;843.063974;1e+12;1e+12;842.93726;1e+12;1e+12;843.06322;1e+12;1e+12;843.075882;1e+12;1e+12;842.941111;1e+12;1e+12;843.062721;1e+12;1e+12;843.075329;1e+12;1e+12;Inf;1e+12;1e+12;843.067942;1e+12;1e+12;843.063722;1e+12;1e+12
grid_n1500_est_r000_etaSrawm06_etaYrawp06_tau04_selMODERATE_nu6,grid_n1500,EST,68,1500,MODERATE,118,0.07866666666666666,0.6050826946349335,0.6146642753348286,-0.00958158069989512,-734.9327013232736,1493.8654026465472,1557.6240472916309,12,TRUE,TRUE,0,1,38066.806,4,3,0,-0.6,0.6,-0.6,0.6,0.4,0.4,6,2.842479305410355,-0.01091798607343982,-1.4887716096958603,0.6040174698381073,1.4925821305300957,1.4925821305300957,4,-1.25,-0.9570417894179886,0.29295821058201144,0.0375,0.03777996943281086,2.799694328108615e-4,0.25,0.05035763591153693,-0.1996423640884631,5,5.654434366338118,0.6544343663381182,1.5,1.7844062551534776,0.2844062551534776,0.8,0.5135086381382375,-0.2864913618617625,-0.1575206945896448,-0.01091798607343982,-0.8887716096958603,0.00401746983810735,1.0925821305300958,1.0925821305300958,-2,ok,CONVERGENCE: REL_REDUCTION_OF_F <= FACTR*EPSMCH,734.932701;1e+12;1e+12;734.93685;1e+12;1e+12;734.936588;1e+12;1e+12;734.937966;1e+12;1e+12;735.030637;1e+12;1e+12;734.934868;1e+12;1e+12;734.936299;1e+12;1e+12;735.026142;1e+12;1e+12;735.025744;1e+12;1e+12;734.935085;1e+12;1e+12;735.025659;1e+12;1e+12;734.936169;1e+12;1e+12;734.936329;1e+12;1e+12
grid_n1500_est_r000_etaSrawm06_etaYrawp06_tau04_selMODERATE_nu6,grid_n1500,EST,69,1500,MODERATE,113,0.07533333333333334,0.6244796003330558,0.6146642753348286,0.00981532499822723,-692.2462493969552,1408.4924987939105,1472.2511434389942,12,TRUE,TRUE,0,13,38012.272,4,3,0,-0.6,0.6,-0.6,0.6,0.4,0.4,6,1.956553703224338,-0.1342265328799272,1.2533424082529394,1.4925821305300957,1.4925821305300957,1.4925821305300957,4,-1.25,-2.2133794436504157,-0.9633794436504156,0.0375,0.05781048382979709,0.02031048382979709,0.25,0.401476488782151,0.15147648878215098,5,6.324007569702848,1.3240075697028484,1.5,1.3397676809765475,-0.16023231902345247,0.8,1.4544305674994071,0.6544305674994071,-1.043446296775662,-0.1342265328799272,1.8533424082529395,0.8925821305300957,1.0925821305300958,1.0925821305300958,-2,ok,CONVERGENCE: REL_REDUCTION_OF_F <= FACTR*EPSMCH,692.246414;1e+12;1e+12;692.264893;1e+12;1e+12;692.246259;1e+12;1e+12;692.269866;1e+12;1e+12;692.246249;1e+12;1e+12;692.247003;1e+12;1e+12;692.696424;1e+12;1e+12;692.246888;1e+12;1e+12;692.246304;1e+12;1e+12;692.247149;1e+12;1e+12;692.269286;1e+12;1e+12;692.247711;1e+12;1e+12;692.246266;1e+12;1e+12
grid_n1500_est_r000_etaSrawm06_etaYrawp06_tau04_selMODERATE_nu6,grid_n1500,EST,70,1500,MODERATE,113,0.07533333333333334,0.5964214711729622,0.6146642753348286,-0.01824280416186641,-702.5253342010128,1429.0506684020256,1492.8093130471093,12,TRUE,TRUE,0,22,47262.304,4,3,0,-0.6,0.6,-0.6,0.6,0.4,0.4,6,3.608651043404295,-0.610364919802082,-1.4925821305300957,0.6855135710059259,1.2170303705701944,1.2170303705701944,4,-1.25,-1.0031075924300648,0.24689240756993525,0.0375,0.04249682282840683,0.00499682282840683,0.25,0.20309957938662965,-0.04690042061337035,5,8.071818652193324,3.0718186521933237,1.5,1.7109609494365814,0.2109609494365814,0.8,0.5746837885780164,-0.2253162114219837,0.6086510434042949,-0.610364919802082,-0.8925821305300957,0.08551357100592594,0.8170303705701943,0.8170303705701943,-2,ok,CONVERGENCE: REL_REDUCTION_OF_F <= FACTR*EPSMCH,702.532314;1e+12;1e+12;702.531105;1e+12;1e+12;702.527659;1e+12;1e+12;702.53021;1e+12;1e+12;702.526696;1e+12;1e+12;702.526102;1e+12;1e+12;702.529905;1e+12;1e+12;702.525334;1e+12;1e+12;702.528155;1e+12;1e+12;702.527742;1e+12;1e+12;702.555269;1e+12;1e+12;702.527164;1e+12;1e+12;702.528186;1e+12;1e+12
grid_n1500_est_r000_etaSrawm06_etaYrawp06_tau04_selMODERATE_nu6,grid_n1500,EST,71,1500,MODERATE,120,0.08,0.6260434056761269,0.6146642753348286,0.01137913034129833,-762.3768156700379,1548.7536313400758,1612.5122759851597,12,TRUE,TRUE,0,34,43918.913,4,3,0,-0.6,0.6,-0.6,0.6,0.4,0.4,6,4.373363030753939,-0.6277218744236039,-0.6661507347284881,1.4925821305300957,1.4925821305300957,1.4925821305300957,4,-1.25,-1.5041729596283513,-0.2541729596283513,0.0375,0.03335070396586899,-0.004149296034131,0.25,0.20139453273936336,-0.04860546726063666,5,9.198132694873172,4.198132694873172,1.5,1.5221258555085238,0.02212585550852375,0.8,0.7943005310274734,-0.0056994689725266,1.3733630307539393,-0.6277218744236039,-0.06615073472848809,0.8925821305300957,1.0925821305300958,1.0925821305300958,-2,ok,CONVERGENCE: REL_REDUCTION_OF_F <= FACTR*EPSMCH,762.379493;1e+12;1e+12;762.379377;1e+12;1e+12;762.379987;1e+12;1e+12;762.388974;1e+12;1e+12;762.377214;1e+12;1e+12;762.376955;1e+12;1e+12;762.376961;1e+12;1e+12;762.379457;1e+12;1e+12;762.377722;1e+12;1e+12;762.378659;1e+12;1e+12;762.379296;1e+12;1e+12;762.376816;1e+12;1e+12;762.377161;1e+12;1e+12
grid_n1500_est_r000_etaSrawm06_etaYrawp06_tau04_selMODERATE_nu6,grid_n1500,EST,72,1500,MODERATE,132,0.088,0.6082725060827251,0.6146642753348286,-0.00639176925210349,-799.7227974738231,1623.4455949476462,1687.20423959273,12,TRUE,TRUE,0,31,46123.455,4,3,0,-0.6,0.6,-0.6,0.6,0.4,0.4,6,2.0591767598169195,0.6787493732672171,0.5522424829281349,-0.82552978236071906,-1.4925821305300957,-1.4925821305300957,4,-1.25,-3.191854885772291,-1.9418548857722908,0.0375,0.10555062732701662,0.06805062732701661,0.25,0.7027552477887993,0.4527552477887993,5,3.897111839097077,-1.1028881609029235,1.5,1.655051462426444,0.15505146242644385,0.8,0.5928707318718225,-0.20712926812817756,-0.9408232401830804,0.6787493732672171,1.152242482928135,-1.425529782360719,-1.8925821305300956,-1.8925821305300956,-2,ok,CONVERGENCE: REL_REDUCTION_OF_F <= FACTR*EPSMCH,799.723488;1e+12;1e+12;799.722929;1e+12;1e+12;799.724255;1e+12;1e+12;800.186033;1e+12;1e+12;799.723547;1e+12;1e+12;799.890925;1e+12;1e+12;800.186649;1e+12;1e+12;799.722931;1e+12;1e+12;799.723404;1e+12;1e+12;800.189529;1e+12;1e+12;799.722797;1e+12;1e+12;799.723542;1e+12;1e+12;799.726584;1e+12;1e+12
grid_n1500_est_r000_etaSrawm06_etaYrawp06_tau04_selMODERATE_nu6,grid_n1500,EST,73,1500,MODERATE,124,0.08266666666666667,0.6014434643143545,0.6146642753348286,-0.01322081102047412,-759.5110092332892,1543.0220184665784,1606.780663111662,12,TRUE,TRUE,0,13,44015.573,4,3,0,-0.6,0.6,-0.6,0.6,0.4,0.4,6,1.8943526595643752,0.4403778034173075,1.4923648256290492,-1.491228178765195,-1.489774802472349,-1.489774802472349,4,-1.25,-2.920335779236718,-1.670335779236718,0.0375,0.07524133554053786,0.03774133554053786,0.25,0.37626983782348766,0.12626983782348766,5,5.03146131534599,0.03146131534599039,1.5,2.2190840562700096,0.7190840562700096,0.8,0.7510156477003852,-0.04898435229961484,-1.1056473404356246,0.4403778034173075,2.092364825629049,-2.091228178765195,-1.889774802472349,-1.889774802472349,-2,ok,CONVERGENCE: REL_REDUCTION_OF_F <= FACTR*EPSMCH,759.513185;1e+12;1e+12;759.511295;1e+12;1e+12;759.512277;1e+12;1e+12;759.512224;1e+12;1e+12;759.511009;1e+12;1e+12;759.511871;1e+12;1e+12;759.51153;1e+12;1e+12;759.801309;1e+12;1e+12;759.512455;1e+12;1e+12;759.513365;1e+12;1e+12;759.819516;1e+12;1e+12;759.513465;1e+12;1e+12;759.511246;1e+12;1e+12
grid_n1500_est_r000_etaSrawm06_etaYrawp06_tau04_selMODERATE_nu6,grid_n1500,EST,74,1500,MODERATE,117,0.078,0.628140703517588,0.6146642753348286,0.0134764281827594,-718.2953062854614,1460.5906125709228,1524.3492572160064,12,TRUE,TRUE,0,7,49840.892,4,3,0,-0.6,0.6,-0.6,0.6,0.4,0.4,6,2.5086925606874293,0.2314088782444555,-1.2362963060897196,0.768874632510685,-0.2090972866987464,-0.2090972866987464,4,-1.25,-0.8250558432143803,0.4249441567856197,0.0375,0.03599842114742303,-0.00150157885257696,0.25,0.3155773120266554,0.0655773120266554,5,2.8601530190561744,-2.1398469809438256,1.5,2.06152125606374,0.5615212560637399,0.8,0.8063128181704944,0.00631281817049433,-0.4913074393125707,0.2314088782444555,-0.6362963060897197,0.16887463251068502,-0.6090972866987464,-0.6090972866987464,-2,ok,CONVERGENCE: REL_REDUCTION_OF_F <= FACTR*EPSMCH,718.299105;1e+12;1e+12;718.295319;1e+12;1e+12;718.295306;1e+12;1e+12;718.334605;1e+12;1e+12;718.327304;1e+12;1e+12;718.295473;1e+12;1e+12;718.339627;1e+12;1e+12;718.437186;1e+12;1e+12;718.298187;1e+12;1e+12;718.340484;1e+12;1e+12;Inf;1e+12;1e+12;718.295865;1e+12;1e+12;718.296166;1e+12;1e+12
grid_n1500_est_r000_etaSrawm06_etaYrawp06_tau04_selMODERATE_nu6,grid_n1500,EST,75,1500,MODERATE,139,0.09266666666666666,0.6203473945409429,0.6146642753348286,0.0056831192061143,-842.2775329010393,1708.5550658020786,1772.3137104471623,12,TRUE,TRUE,0,34,30722.957,4,3,0,-0.6,0.6,-0.6,0.6,0.4,0.4,6,2.355407285614252,0.3074745507576045,1.4925821305300957,1.4570910898495095,1.4925821305300957,1.4925821305300957,4,-1.25,-1.9451625346847503,-0.6951625346847503,0.0375,0.08208730451199737,0.04458730451199737,0.25,0.15383567652045133,-0.09616432347954867,5,5.479485215950934,0.4794852159509339,1.5,1.760261525989233,0.2602615259892329,0.8,0.5953357937580599,-0.20466420624194015,-0.6445927143857482,0.3074745507576045,2.092582130530096,0.8570910898495095,1.0925821305300958,1.0925821305300958,-2,ok,CONVERGENCE: REL_REDUCTION_OF_F <= FACTR*EPSMCH,842.278429;1e+12;1e+12;842.278398;1e+12;1e+12;842.279681;1e+12;1e+12;842.278883;1e+12;1e+12;842.279235;1e+12;1e+12;842.278441;1e+12;1e+12;842.277857;1e+12;1e+12;842.280356;1e+12;1e+12;842.278313;1e+12;1e+12;842.278242;1e+12;1e+12;842.279119;1e+12;1e+12;842.277533;1e+12;1e+12;842.277657;1e+12;1e+12
grid_n1500_est_r000_etaSrawm06_etaYrawp06_tau04_selMODERATE_nu6,grid_n1500,EST,76,1500,MODERATE,101,0.06733333333333333,0.609508329947176,0.6146642753348286,-0.00515594538765262,-646.2464636574118,1316.4929273148236,1380.251571959907,12,TRUE,TRUE,0,19,39854.905000000006,4,3,0,-0.6,0.6,-0.6,0.6,0.4,0.4,6,3.886775085265159,0.6859602328241217,-1.4925821305300957,0.02453445236757217,1.4925821305300957,1.4925821305300957,4,-1.25,-1.1218289982328418,0.12817100176715823,0.0375,0.04241235352756866,0.00491235352756866,0.25,0.29230779870202855,0.04230779870202855,5,2.121978335813419,-2.878021664186581,1.5,1.5051254992149776,0.00512549921497762,0.8,1.2373148092894215,0.43731480928942146,0.886775085265159,0.6859602328241217,-0.8925821305300957,-0.5754655476324279,1.0925821305300958,1.0925821305300958,-2,ok,CONVERGENCE: REL_REDUCTION_OF_F <= FACTR*EPSMCH,646.250905;1e+12;1e+12;646.248095;1e+12;1e+12;646.24674;1e+12;1e+12;646.250194;1e+12;1e+12;646.532348;1e+12;1e+12;646.250771;1e+12;1e+12;646.246464;1e+12;1e+12;646.527038;1e+12;1e+12;646.52728;1e+12;1e+12;646.248979;1e+12;1e+12;646.527496;1e+12;1e+12;646.247923;1e+12;1e+12;646.247528;1e+12;1e+12
grid_n1500_est_r000_etaSrawm06_etaYrawp06_tau04_selMODERATE_nu6,grid_n1500,EST,77,1500,MODERATE,135,0.09,0.6263048016701461,0.6146642753348286,0.01164052633531753,-817.7976688028613,1659.5953376057223,1723.3539822508062,12,TRUE,TRUE,0,7,43200.647,4,3,0,-0.6,0.6,-0.6,0.6,0.4,0.4,6,4.551750998729163,0.8432447599195098,-1.4925821305300957,-0.01471150808222909,1.4925821305300957,1.4925821305300957,4,-1.25,-0.9265554105754203,0.32344458942457965,0.0375,0.00557440418054906,-0.03192559581945094,0.25,0.19714297556444652,-0.05285702443555348,5,2.739005142065048,-2.260994857934952,1.5,1.9759402273991789,0.4759402273991789,0.8,0.7042035833224304,-0.09579641667756966,1.551750998729163,0.8432447599195098,-0.8925821305300957,-0.6147115080822291,1.0925821305300958,1.0925821305300958,-2,ok,CONVERGENCE: REL_REDUCTION_OF_F <= FACTR*EPSMCH,817.81457;1e+12;1e+12;817.797977;1e+12;1e+12;817.797669;1e+12;1e+12;817.798499;1e+12;1e+12;818.077986;1e+12;1e+12;817.802228;1e+12;1e+12;817.804563;1e+12;1e+12;818.13503;1e+12;1e+12;818.077045;1e+12;1e+12;817.797881;1e+12;1e+12;818.144568;1e+12;1e+12;817.815472;1e+12;1e+12;Inf;1e+12;1e+12
grid_n1500_est_r000_etaSrawm06_etaYrawp06_tau04_selMODERATE_nu6,grid_n1500,EST,78,1500,MODERATE,124,0.08266666666666667,0.6036217303822937,0.6146642753348286,-0.01104254495253487,-755.6117283201012,1535.2234566402024,1598.982101285286,12,TRUE,TRUE,0,4,45534.182,4,3,0,-0.6,0.6,-0.6,0.6,0.4,0.4,6,4.660027603341364,0.8515032344082119,-1.4925821305300957,-0.366054699968686,1.4925821305300957,1.4925821305300957,4,-1.25,-0.8992428472015831,0.3507571527984169,0.0375,0.02750639228268903,-0.00999360771731096,0.25,0.0417258058909273,-0.2082741941090727,5,2.726340159505932,-2.273659840494068,1.5,1.6749526015117449,0.17495260151174483,0.8,0.7945856282945927,-0.00541437170540737,1.660027603341364,0.8515032344082119,-0.8925821305300957,-0.966054699968686,1.0925821305300958,1.0925821305300958,-2,ok,CONVERGENCE: REL_REDUCTION_OF_F <= FACTR*EPSMCH,755.61687;1e+12;1e+12;755.611728;1e+12;1e+12;755.612621;1e+12;1e+12;755.612594;1e+12;1e+12;755.93179;1e+12;1e+12;755.621268;1e+12;1e+12;755.614902;1e+12;1e+12;755.938948;1e+12;1e+12;755.931611;1e+12;1e+12;755.619004;1e+12;1e+12;755.932411;1e+12;1e+12;755.613977;1e+12;1e+12;755.618014;1e+12;1e+12
grid_n1500_est_r000_etaSrawm06_etaYrawp06_tau04_selMODERATE_nu6,grid_n1500,EST,79,1500,MODERATE,128,0.08533333333333333,0.6339814032121724,0.6146642753348286,0.01931712787734385,-778.110868655779,1580.221737311558,1643.9803819566416,12,TRUE,TRUE,0,31,22324.177,4,3,0,-0.6,0.6,-0.6,0.6,0.4,0.4,6,1.9125223269367868,-0.04622353017138953,1.4925821305300957,0.8400299664497499,1.4907906932480273,1.4907906932480273,4,-1.25,-2.123226861742238,-0.8732268617422378,0.0375,0.04064401318332461,0.00314401318332461,0.25,0.39063463754924094,0.14063463754924094,5,6.798635702686082,1.7986357026860815,1.5,1.9572349289892497,0.45723492898924945,0.8,0.9474085710073156,0.14740857100731553,-1.0874776730632132,-0.04622353017138953,2.092582130530096,0.24002996644974992,1.0907906932480271,1.0907906932480271,-2,ok,CONVERGENCE: REL_REDUCTION_OF_F <= FACTR*EPSMCH,778.243429;1e+12;1e+12;778.242258;1e+12;1e+12;778.244068;1e+12;1e+12;778.24172;1e+12;1e+12;778.112215;1e+12;1e+12;778.241404;1e+12;1e+12;778.241605;1e+12;1e+12;778.110927;1e+12;1e+12;778.24671;1e+12;1e+12;778.241488;1e+12;1e+12;778.110869;1e+12;1e+12;778.241648;1e+12;1e+12;778.243299;1e+12;1e+12
grid_n1500_est_r000_etaSrawm06_etaYrawp06_tau04_selMODERATE_nu6,grid_n1500,EST,80,1500,MODERATE,123,0.082,0.609508329947176,0.6146642753348286,-0.00515594538765262,-745.5377616280398,1515.0755232560796,1578.8341679011633,12,TRUE,TRUE,0,19,42200.072,4,3,0,-0.6,0.6,-0.6,0.6,0.4,0.4,6,5.720426066966128,0.9095944580992336,-1.4925821305300957,-0.7132023219075401,1.4925821305300957,1.4925821305300957,4,-1.25,-0.9995473483642484,0.2504526516357515,0.0375,0.0226736732684951,-0.01482632673150489,0.25,0.15974709648144306,-0.09025290351855694,5,1.3867788596672228,-3.613221140332777,1.5,1.2013352712295045,-0.29866472877049555,0.8,0.971123252433651,0.171123252433651,2.7204260669661284,0.9095944580992336,-0.8925821305300957,-1.3132023219075402,1.0925821305300958,1.0925821305300958,-2,ok,CONVERGENCE: REL_REDUCTION_OF_F <= FACTR*EPSMCH,745.666933;1e+12;1e+12;745.667073;1e+12;1e+12;745.667866;1e+12;1e+12;745.541196;1e+12;1e+12;745.745224;1e+12;1e+12;745.53847;1e+12;1e+12;745.537762;1e+12;1e+12;745.751852;1e+12;1e+12;745.753365;1e+12;1e+12;745.539011;1e+12;1e+12;745.667238;1e+12;1e+12;745.667036;1e+12;1e+12;745.540665;1e+12;1e+12
grid_n1500_est_r000_etaSrawm06_etaYrawp06_tau04_selMODERATE_nu6,grid_n1500,EST,81,1500,MODERATE,115,0.07666666666666666,0.6060606060606061,0.6146642753348286,-0.00860366927422251,-715.7621865120194,1455.5243730240388,1519.2830176691225,12,TRUE,TRUE,0,28,42175.071,4,3,0,-0.6,0.6,-0.6,0.6,0.4,0.4,6,2.690313484853597,-0.2423786567269382,0.27811527834532845,1.4925821305300957,1.4925821305300957,1.4925821305300957,4,-1.25,-2.06651674545204,-0.8165167454520401,0.0375,0.06981060007788126,0.03231060007788126,0.25,0.4757974278664114,0.22579742786641135,5,7.747656636222474,2.747656636222474,1.5,1.4042243506088583,-0.09577564939114168,0.8,0.8168227266471458,0.01682272664714579,-0.30968651514640344,-0.2423786567269382,0.8781152783453284,0.8925821305300957,1.0925821305300958,1.0925821305300958,-2,ok,CONVERGENCE: REL_REDUCTION_OF_F <= FACTR*EPSMCH,715.763337;1e+12;1e+12;715.762202;1e+12;1e+12;715.764369;1e+12;1e+12;715.762375;1e+12;1e+12;715.762193;1e+12;1e+12;715.762209;1e+12;1e+12;715.762259;1e+12;1e+12;715.765974;1e+12;1e+12;715.762202;1e+12;1e+12;715.762187;1e+12;1e+12;716.110566;1e+12;1e+12;715.762191;1e+12;1e+12;715.764368;1e+12;1e+12
grid_n1500_est_r000_etaSrawm06_etaYrawp06_tau04_selMODERATE_nu6,grid_n1500,EST,82,1500,MODERATE,129,0.086,0.6185567010309279,0.6146642753348286,0.00389242569609926,-792.9640768797561,1609.9281537595125,1673.686798404596,12,TRUE,TRUE,0,19,43200.65700000001,4,3,0,-0.6,0.6,-0.6,0.6,0.4,0.4,6,5.820597599381473,0.8937545150598678,-1.4925821305300957,-0.4455162757034431,1.4925821305300957,1.4925821305300957,4,-1.25,-0.9525055226790544,0.2974944773209456,0.0375,0.02410041680211309,-0.0133995831978869,0.25,0.17359080008567904,-0.07640919991432096,5,1.5427686196460388,-3.457231380353961,1.5,1.8057839807834364,0.3057839807834364,0.8,0.8599727862863864,0.05997278628638636,2.8205975993814727,0.8937545150598678,-0.8925821305300957,-1.045516275703443,1.0925821305300958,1.0925821305300958,-2,ok,CONVERGENCE: REL_REDUCTION_OF_F <= FACTR*EPSMCH,792.965357;1e+12;1e+12;792.975438;1e+12;1e+12;792.967299;1e+12;1e+12;792.968664;1e+12;1e+12;792.991846;1e+12;1e+12;792.971925;1e+12;1e+12;792.964077;1e+12;1e+12;792.992514;1e+12;1e+12;792.994428;1e+12;1e+12;792.967851;1e+12;1e+12;792.992509;1e+12;1e+12;792.965913;1e+12;1e+12;Inf;1e+12;1e+12
grid_n1500_est_r000_etaSrawm06_etaYrawp06_tau04_selMODERATE_nu6,grid_n1500,EST,83,1500,MODERATE,115,0.07666666666666666,0.6124948958758677,0.6146642753348286,-0.00216937945896089,-703.38152791337,1430.76305582674,1494.5217004718236,12,TRUE,TRUE,0,19,38969.40700000001,4,3,0,-0.6,0.6,-0.6,0.6,0.4,0.4,6,2.7765221557543267,-0.35035956573542537,-0.17212542355281404,1.4803943898017995,1.4925821305300957,1.4925821305300957,4,-1.25,-1.9040433139255797,-0.6540433139255797,0.0375,0.06120166969053884,0.02370166969053884,0.25,0.47629270845041544,0.22629270845041544,5,6.885429218882293,1.885429218882293,1.5,1.6270074830509624,0.12700748305096243,0.8,1.1154849528966364,0.31548495289663636,-0.2234778442456733,-0.35035956573542537,0.4278745764471859,0.8803943898017997,1.0925821305300958,1.0925821305300958,-2,ok,CONVERGENCE: REL_REDUCTION_OF_F <= FACTR*EPSMCH,703.382023;1e+12;1e+12;703.386058;1e+12;1e+12;703.382784;1e+12;1e+12;703.383239;1e+12;1e+12;703.38456;1e+12;1e+12;703.382546;1e+12;1e+12;703.381528;1e+12;1e+12;703.404385;1e+12;1e+12;703.382182;1e+12;1e+12;703.407196;1e+12;1e+12;703.382172;1e+12;1e+12;703.382033;1e+12;1e+12;703.382584;1e+12;1e+12
grid_n1500_est_r000_etaSrawm06_etaYrawp06_tau04_selMODERATE_nu6,grid_n1500,EST,84,1500,MODERATE,134,0.08933333333333333,0.6112469437652812,0.6146642753348286,-0.00341733156954737,-801.3913006713495,1626.782601342699,1690.5412459877828,12,TRUE,TRUE,0,22,46821.32,4,3,0,-0.6,0.6,-0.6,0.6,0.4,0.4,6,4.154048794903948,-0.6189959367098975,-1.4925821305300957,1.0969704617775768,1.4925821305300957,1.4925821305300957,4,-1.25,-1.105554966190369,0.14444503380963103,0.0375,0.0705659269880212,0.03306592698802119,0.25,0.2789714788740825,0.02897147887408252,5,7.297276678262349,2.2972766782623495,1.5,1.5137441651560444,0.01374416515604437,0.8,0.962656389491307,0.162656389491307,1.1540487949039484,-0.6189959367098975,-0.8925821305300957,0.49697046177757687,1.0925821305300958,1.0925821305300958,-2,ok,CONVERGENCE: REL_REDUCTION_OF_F <= FACTR*EPSMCH,801.398202;1e+12;1e+12;801.394062;1e+12;1e+12;801.392376;1e+12;1e+12;801.392289;1e+12;1e+12;801.391353;1e+12;1e+12;801.39204;1e+12;1e+12;801.393071;1e+12;1e+12;801.391301;1e+12;1e+12;801.391398;1e+12;1e+12;801.394865;1e+12;1e+12;801.391306;1e+12;1e+12;Inf;1e+12;1e+12;801.391323;1e+12;1e+12
grid_n1500_est_r000_etaSrawm06_etaYrawp06_tau04_selMODERATE_nu6,grid_n1500,EST,85,1500,MODERATE,134,0.08933333333333333,0.6276150627615062,0.6146642753348286,0.01295078742667765,-785.0020349182357,1594.0040698364714,1657.7627144815551,12,TRUE,TRUE,0,37,35387.081,4,3,0,-0.6,0.6,-0.6,0.6,0.4,0.4,6,2.473959109614813,-0.46187257522603414,-0.8808913668840125,0.584782534826489,1.4925821305300957,1.4925821305300957,4,-1.25,-1.271707488008324,-0.02170748800832389,0.0375,0.03298448828048563,-0.00451551171951437,0.25,0.21828697657743257,-0.03171302342256746,5,7.258200333381143,2.2582003333811427,1.5,2.0119524020295683,0.5119524020295683,0.8,1.0264165675996422,0.22641656759964213,-0.526040890385187,-0.46187257522603414,-0.2808913668840125,-0.01521746517351096,1.0925821305300958,1.0925821305300958,-2,ok,CONVERGENCE: REL_REDUCTION_OF_F <= FACTR*EPSMCH,785.002337;1e+12;1e+12;785.002311;1e+12;1e+12;785.002292;1e+12;1e+12;785.002832;1e+12;1e+12;785.021125;1e+12;1e+12;785.002575;1e+12;1e+12;785.002732;1e+12;1e+12;785.02135;1e+12;1e+12;785.01975;1e+12;1e+12;785.004465;1e+12;1e+12;785.021598;1e+12;1e+12;785.002152;1e+12;1e+12;785.002035;1e+12;1e+12
grid_n1500_est_r000_etaSrawm06_etaYrawp06_tau04_selMODERATE_nu6,grid_n1500,EST,86,1500,MODERATE,124,0.08266666666666667,0.6100040666937779,0.6146642753348286,-0.00466020864105065,-777.8099725342631,1579.6199450685262,1643.37858971361,12,TRUE,TRUE,0,4,53744.748,4,3,0,-0.6,0.6,-0.6,0.6,0.4,0.4,6,4.840665338911418,-0.6824338234104607,-1.4925821305300957,0.8993005046005429,1.4925821305300957,1.4925821305300957,4,-1.25,-1.0900409196190122,0.15995908038098783,0.0375,0.02431471127137061,-0.01318528872862938,0.25,0.270751329880876,0.02075132988087602,5,7.68541791551,2.6854179155099995,1.5,2.1762718609401546,0.6762718609401546,0.8,1.2378960010482076,0.4378960010482076,1.8406653389114176,-0.6824338234104607,-0.8925821305300957,0.2993005046005429,1.0925821305300958,1.0925821305300958,-2,ok,CONVERGENCE: REL_REDUCTION_OF_F <= FACTR*EPSMCH,777.865696;1e+12;1e+12;777.809973;1e+12;1e+12;777.863001;1e+12;1e+12;777.811017;1e+12;1e+12;777.859424;1e+12;1e+12;777.810653;1e+12;1e+12;777.810312;1e+12;1e+12;777.859449;1e+12;1e+12;777.859839;1e+12;1e+12;Inf;1e+12;1e+12;777.866413;1e+12;1e+12;777.864555;1e+12;1e+12;777.811789;1e+12;1e+12
grid_n1500_est_r000_etaSrawm06_etaYrawp06_tau04_selMODERATE_nu6,grid_n1500,EST,87,1500,MODERATE,115,0.07666666666666666,0.6165228113440198,0.6146642753348286,0.00185853600919116,-721.9451165412625,1467.890233082525,1531.6488777276086,12,TRUE,TRUE,0,7,30730.351,4,3,0,-0.6,0.6,-0.6,0.6,0.4,0.4,6,2.197251078300371,0.2846539063098451,1.4925821305300957,1.4361818200530292,1.4925821305300957,1.4925821305300957,4,-1.25,-2.1702207127447193,-0.9202207127447192,0.0375,0.0248775499694331,-0.0126224500305669,0.25,0.30704860553953156,0.05704860553953156,5,4.718899816600073,-0.2811001833999267,1.5,1.0432823194663108,-0.4567176805336892,0.8,0.8749213557595676,0.0749213557595676,-0.8027489216996289,0.2846539063098451,2.092582130530096,0.8361818200530292,1.0925821305300958,1.0925821305300958,-2,ok,CONVERGENCE: REL_REDUCTION_OF_F <= FACTR*EPSMCH,722.220282;1e+12;1e+12;722.217839;1e+12;1e+12;721.945117;1e+12;1e+12;722.215877;1e+12;1e+12;721.946828;1e+12;1e+12;722.214231;1e+12;1e+12;722.210712;1e+12;1e+12;721.951652;1e+12;1e+12;721.945842;1e+12;1e+12;722.210755;1e+12;1e+12;721.950163;1e+12;1e+12;721.947555;1e+12;1e+12;722.219554;1e+12;1e+12
grid_n1500_est_r000_etaSrawm06_etaYrawp06_tau04_selMODERATE_nu6,grid_n1500,EST,88,1500,MODERATE,123,0.082,0.6134969325153374,0.6146642753348286,-0.00116734281949115,-759.1867626802015,1542.373525360403,1606.1321700054866,12,TRUE,TRUE,0,4,34634.954,4,3,0,-0.6,0.6,-0.6,0.6,0.4,0.4,6,6.6013618613443725,0.9391835759112808,-1.491105548598117,-0.14154824382694164,1.4925821305300957,1.4925821305300957,4,-1.25,-0.9682352313759524,0.28176476862404765,0.0375,6.754631783319985e-4,-0.036824536821668,0.25,0.18790703842191137,-0.06209296157808863,5,-0.894866441901812,-5.8948664419018115,1.5,1.3982104875494477,-0.10178951245055234,0.8,1.0909572204893925,0.29095722048939243,3.6013618613443725,0.9391835759112808,-0.8911055485981171,-0.7415482438269416,1.0925821305300958,1.0925821305300958,-2,ok,CONVERGENCE: REL_REDUCTION_OF_F <= FACTR*EPSMCH,759.338004;1e+12;1e+12;759.186763;1e+12;1e+12;759.333451;1e+12;1e+12;759.190039;1e+12;1e+12;759.334359;1e+12;1e+12;759.18962;1e+12;1e+12;759.192252;1e+12;1e+12;759.334004;1e+12;1e+12;759.33543;1e+12;1e+12;759.189421;1e+12;1e+12;759.336344;1e+12;1e+12;759.33343;1e+12;1e+12;759.190972;1e+12;1e+12
grid_n1500_est_r000_etaSrawm06_etaYrawp06_tau04_selMODERATE_nu6,grid_n1500,EST,89,1500,MODERATE,138,0.092,0.6050826946349335,0.6146642753348286,-0.00958158069989512,-823.8066263600231,1671.613252720046,1735.3718973651298,12,TRUE,TRUE,0,22,42392.012,4,3,0,-0.6,0.6,-0.6,0.6,0.4,0.4,6,2.8718915306365247,-0.4006310685657963,-0.09696964231640023,1.4925821305300957,1.4925821305300957,1.4925821305300957,4,-1.25,-1.7506260312874118,-0.5006260312874118,0.0375,0.05581100778756547,0.01831100778756547,0.25,0.38845492473375487,0.13845492473375487,5,8.108125373703936,3.1081253737039365,1.5,1.5444134222383452,0.04441342223834521,0.8,0.6599922984093222,-0.14000770159067788,-0.1281084693634753,-0.4006310685657963,0.5030303576835997,0.8925821305300957,1.0925821305300958,1.0925821305300958,-2,ok,CONVERGENCE: REL_REDUCTION_OF_F <= FACTR*EPSMCH,823.807417;1e+12;1e+12;823.807542;1e+12;1e+12;823.808422;1e+12;1e+12;823.807884;1e+12;1e+12;823.813266;1e+12;1e+12;823.809379;1e+12;1e+12;823.80811;1e+12;1e+12;823.806626;1e+12;1e+12;823.806632;1e+12;1e+12;823.807159;1e+12;1e+12;823.930619;1e+12;1e+12;823.809344;1e+12;1e+12;823.810051;1e+12;1e+12
grid_n1500_est_r000_etaSrawm06_etaYrawp06_tau04_selMODERATE_nu6,grid_n1500,EST,90,1500,MODERATE,109,0.07266666666666667,0.6167763157894737,0.6146642753348286,0.00211204045464508,-693.7304620282349,1411.4609240564698,1475.2195687015535,12,TRUE,TRUE,0,10,38229.675,4,3,0,-0.6,0.6,-0.6,0.6,0.4,0.4,6,2.44890319363536,0.2817820629282731,-0.00476239803026555,0.1480275389131002,1.4543060696409882,1.4543060696409882,4,-1.25,-2.0246098266055985,-0.7746098266055985,0.0375,0.03616641623091258,-0.00133358376908741,0.25,0.5114988297481183,0.26149882974811833,5,4.086690034099993,-0.913309965900007,1.5,1.9736572554995224,0.4736572554995222,0.8,1.0620412781034072,0.26204127810340716,-0.5510968063646398,0.2817820629282731,0.5952376019697344,-0.4519724610868998,1.054306069640988,1.054306069640988,-2,ok,CONVERGENCE: REL_REDUCTION_OF_F <= FACTR*EPSMCH,693.7307;1e+12;1e+12;693.743947;1e+12;1e+12;693.733041;1e+12;1e+12;693.730462;1e+12;1e+12;693.746037;1e+12;1e+12;693.746607;1e+12;1e+12;693.732027;1e+12;1e+12;693.730539;1e+12;1e+12;693.73072;1e+12;1e+12;693.751444;1e+12;1e+12;693.734966;1e+12;1e+12;693.731252;1e+12;1e+12;693.73227;1e+12;1e+12
grid_n1500_est_r000_etaSrawm06_etaYrawp06_tau04_selMODERATE_nu6,grid_n1500,EST,91,1500,MODERATE,111,0.074,0.602167804094741,0.6146642753348286,-0.01249647124008757,-697.821010708337,1419.642021416674,1483.4006660617576,12,TRUE,TRUE,0,37,42013.103,4,3,0,-0.6,0.6,-0.6,0.6,0.4,0.4,6,5.931165803898315,0.9103222381793944,-1.4925821305300957,-0.3318592866591884,1.4925821305300957,1.4925821305300957,4,-1.25,-0.9817247731512052,0.2682752268487947,0.0375,0.01554067196698576,-0.02195932803301423,0.25,0.12074596580714604,-0.12925403419285397,5,0.5260837463807109,-4.473916253619289,1.5,1.7117431296408756,0.2117431296408756,0.8,1.1899908391567935,0.38999083915679345,2.931165803898315,0.9103222381793944,-0.8925821305300957,-0.9318592866591884,1.0925821305300958,1.0925821305300958,-2,ok,CONVERGENCE: REL_REDUCTION_OF_F <= FACTR*EPSMCH,698.075042;1e+12;1e+12;697.82703;1e+12;1e+12;698.074955;1e+12;1e+12;697.821815;1e+12;1e+12;698.109208;1e+12;1e+12;697.821037;1e+12;1e+12;697.824751;1e+12;1e+12;698.112118;1e+12;1e+12;698.074944;1e+12;1e+12;697.827851;1e+12;1e+12;698.076329;1e+12;1e+12;698.075153;1e+12;1e+12;697.821011;1e+12;1e+12
grid_n1500_est_r000_etaSrawm06_etaYrawp06_tau04_selMODERATE_nu6,grid_n1500,EST,92,1500,MODERATE,125,0.08333333333333333,0.6193228736581338,0.6146642753348286,0.00465859832330517,-768.7259951916355,1561.451990383271,1625.2106350283548,12,TRUE,TRUE,0,13,39469.729,4,3,0,-0.6,0.6,-0.6,0.6,0.4,0.4,6,2.595268541488442,-0.33707998862620153,0.39107033272467134,1.4925821305300957,1.4925821305300957,1.4925821305300957,4,-1.25,-1.8886456650287176,-0.6386456650287178,0.0375,0.02984728658355635,-0.00765271341644364,0.25,0.29116647523273703,0.04116647523273703,5,8.421398452238275,3.421398452238275,1.5,1.1644890139100446,-0.33551098608995544,0.8,0.6604496935478716,-0.1395503064521284,-0.404731458511558,-0.33707998862620153,0.9910703327246712,0.8925821305300957,1.0925821305300958,1.0925821305300958,-2,ok,CONVERGENCE: REL_REDUCTION_OF_F <= FACTR*EPSMCH,768.726354;1e+12;1e+12;768.731547;1e+12;1e+12;768.732408;1e+12;1e+12;768.726702;1e+12;1e+12;768.725995;1e+12;1e+12;768.729173;1e+12;1e+12;768.729897;1e+12;1e+12;768.726101;1e+12;1e+12;768.726429;1e+12;1e+12;768.726162;1e+12;1e+12;768.729884;1e+12;1e+12;768.727448;1e+12;1e+12;768.730704;1e+12;1e+12
grid_n1500_est_r000_etaSrawm06_etaYrawp06_tau04_selMODERATE_nu6,grid_n1500,EST,93,1500,MODERATE,120,0.08,0.6129955046996322,0.6146642753348286,-0.00166877063519643,-751.4168704993292,1526.8337409986584,1590.592385643742,12,TRUE,TRUE,0,7,41311.631,4,3,0,-0.6,0.6,-0.6,0.6,0.4,0.4,6,2.5815222426748257,-0.07747753757119048,0.5349643749837819,1.190884139449666,1.4925821305300957,1.4925821305300957,4,-1.25,-2.06373492310364,-0.8137349231036399,0.0375,0.03130343796005191,-0.00619656203994808,0.25,0.4609912600984558,0.2109912600984558,5,7.181160284989626,2.181160284989626,1.5,1.4341700905530532,-0.06582990944694678,0.8,0.6929446477214358,-0.10705535227856422,-0.41847775732517434,-0.07747753757119048,1.134964374983782,0.5908841394496661,1.0925821305300958,1.0925821305300958,-2,ok,CONVERGENCE: REL_REDUCTION_OF_F <= FACTR*EPSMCH,751.419183;1e+12;1e+12;751.417388;1e+12;1e+12;751.41687;1e+12;1e+12;751.416898;1e+12;1e+12;751.440668;1e+12;1e+12;751.416922;1e+12;1e+12;751.417473;1e+12;1e+12;751.44087;1e+12;1e+12;751.439353;1e+12;1e+12;751.417065;1e+12;1e+12;751.439321;1e+12;1e+12;751.416918;1e+12;1e+12;751.417484;1e+12;1e+12
grid_n1500_est_r000_etaSrawm06_etaYrawp06_tau04_selMODERATE_nu6,grid_n1500,EST,94,1500,MODERATE,124,0.08266666666666667,0.6045949214026602,0.6146642753348286,-0.01006935393216834,-743.2858962333952,1510.5717924667904,1574.330437111874,12,TRUE,TRUE,0,25,43200.653,4,3,0,-0.6,0.6,-0.6,0.6,0.4,0.4,6,1.3335709659339174,0.34106683274748156,0.7363961394028558,0.12190411242865096,-1.4804206231713872,-1.4804206231713872,4,-1.25,-3.5575918496854175,-2.3075918496854175,0.0375,0.13303360483431972,0.09553360483431972,0.25,0.47458889995216186,0.22458889995216183,5,4.255355417567729,-0.7446445824322714,1.5,1.123458036479164,-0.376541963520836,0.8,0.8146522696166869,0.01465226961668686,-1.6664290340660826,0.34106683274748156,1.3363961394028556,-0.478095887571349,-1.8804206231713871,-1.8804206231713871,-2,ok,CONVERGENCE: REL_REDUCTION_OF_F <= FACTR*EPSMCH,743.287079;1e+12;1e+12;743.288932;1e+12;1e+12;743.309688;1e+12;1e+12;743.32541;1e+12;1e+12;743.28776;1e+12;1e+12;743.327805;1e+12;1e+12;743.327278;1e+12;1e+12;743.309554;1e+12;1e+12;743.285896;1e+12;1e+12;743.287019;1e+12;1e+12;743.327429;1e+12;1e+12;743.308206;1e+12;1e+12;Inf;1e+12;1e+12
grid_n1500_est_r000_etaSrawm06_etaYrawp06_tau04_selMODERATE_nu6,grid_n1500,EST,95,1500,MODERATE,139,0.09266666666666666,0.6055712555510698,0.6146642753348286,-0.00909301978375876,-838.4679732806261,1700.9359465612522,1764.694591206336,12,TRUE,TRUE,0,25,43066.042,4,3,0,-0.6,0.6,-0.6,0.6,0.4,0.4,6,2.3816930880470317,0.5780953959873262,0.9539869303766664,-1.4925821305300957,-1.485546877471582,-1.485546877471582,4,-1.25,-2.876261353791578,-1.6262613537915782,0.0375,0.09764842278535178,0.06014842278535178,0.25,0.6062153805464551,0.3562153805464551,5,4.118898063586871,-0.8811019364131294,1.5,1.604984055876983,0.104984055876983,0.8,0.8944690914932119,0.0944690914932118,-0.6183069119529683,0.5780953959873262,1.5539869303766665,-2.092582130530096,-1.8855468774715824,-1.8855468774715824,-2,ok,CONVERGENCE: REL_REDUCTION_OF_F <= FACTR*EPSMCH,838.471065;1e+12;1e+12;838.468229;1e+12;1e+12;838.469693;1e+12;1e+12;838.468588;1e+12;1e+12;838.468653;1e+12;1e+12;838.470552;1e+12;1e+12;838.472188;1e+12;1e+12;838.470346;1e+12;1e+12;838.467973;1e+12;1e+12;838.475311;1e+12;1e+12;838.47214;1e+12;1e+12;838.469441;1e+12;1e+12;838.468183;1e+12;1e+12
grid_n1500_est_r000_etaSrawm06_etaYrawp06_tau04_selMODERATE_nu6,grid_n1500,EST,96,1500,MODERATE,113,0.07533333333333334,0.6102522375915378,0.6146642753348286,-0.00441203774329079,-713.9748461180377,1451.9496922360754,1515.708336881159,12,TRUE,TRUE,0,22,34695.744,4,3,0,-0.6,0.6,-0.6,0.6,0.4,0.4,6,2.248634762235959,0.4047183675503835,1.484026493805052,1.4925821305300957,-0.10137340405594464,-0.10137340405594464,4,-1.25,-2.589069002598201,-1.339069002598201,0.0375,0.00551346717611865,-0.03198653282388134,0.25,0.45952742624372855,0.20952742624372855,5,3.9395431834459624,-1.0604568165540376,1.5,1.6954675271107371,0.19546752711073712,0.8,0.6063870084565286,-0.19361299154347145,-0.7513652377640412,0.4047183675503835,2.084026493805052,0.8925821305300957,-0.5013734040559447,-0.5013734040559447,-2,ok,CONVERGENCE: REL_REDUCTION_OF_F <= FACTR*EPSMCH,714.004274;1e+12;1e+12;714.006503;1e+12;1e+12;714.004492;1e+12;1e+12;714.006799;1e+12;1e+12;713.976909;1e+12;1e+12;714.006306;1e+12;1e+12;714.007432;1e+12;1e+12;713.974846;1e+12;1e+12;713.975351;1e+12;1e+12;714.007485;1e+12;1e+12;713.975446;1e+12;1e+12;714.004383;1e+12;1e+12;714.002804;1e+12;1e+12
grid_n1500_est_r000_etaSrawm06_etaYrawp06_tau04_selMODERATE_nu6,grid_n1500,EST,97,1500,MODERATE,117,0.078,0.6334459459459459,0.6146642753348286,0.01878167061111735,-729.854856202086,1483.709712404172,1547.4683570492557,12,TRUE,TRUE,0,34,52168.975999999995,4,3,0,-0.6,0.6,-0.6,0.6,0.4,0.4,6,6.111086603221256,-0.8928633760002785,-1.4925821305300957,0.857918945292813,1.4925821305300957,1.4925821305300957,4,-1.25,-1.0345409372447114,0.2154590627552886,0.0375,0.01512719392542214,-0.02237280607457785,0.25,0.14679307145036996,-0.10320692854963004,5,12.763204691223002,7.763204691223002,1.5,2.107165957023565,0.607165957023565,0.8,0.6763686602582116,-0.12363133974178842,3.1110866032212563,-0.8928633760002785,-0.8925821305300957,0.257918945292813,1.0925821305300958,1.0925821305300958,-2,ok,CONVERGENCE: REL_REDUCTION_OF_F <= FACTR*EPSMCH,729.861903;1e+12;1e+12;729.85835;1e+12;1e+12;729.855017;1e+12;1e+12;729.858364;1e+12;1e+12;730.600293;1e+12;1e+12;729.867465;1e+12;1e+12;729.855348;1e+12;1e+12;730.595882;1e+12;1e+12;730.138937;1e+12;1e+12;729.858398;1e+12;1e+12;730.599676;1e+12;1e+12;729.854856;1e+12;1e+12;729.855055;1e+12;1e+12
grid_n1500_est_r000_etaSrawm06_etaYrawp06_tau04_selMODERATE_nu6,grid_n1500,EST,98,1500,MODERATE,123,0.082,0.6305170239596469,0.6146642753348286,0.01585274862481833,-753.6340510292025,1531.268102058405,1595.0267467034887,12,TRUE,TRUE,0,31,36249.318,4,3,0,-0.6,0.6,-0.6,0.6,0.4,0.4,6,2.2063577282041607,0.15827904108761284,0.7416633957788034,1.4925821305300957,1.4925821305300957,1.4925821305300957,4,-1.25,-1.8971307709691776,-0.6471307709691776,0.0375,0.03270223346003173,-0.00479776653996826,0.25,0.13443197690623335,-0.11556802309376664,5,5.119805202408509,0.119805202408509,1.5,1.8022799626522752,0.3022799626522754,0.8,0.8783207085061822,0.07832070850618211,-0.7936422717958393,0.15827904108761284,1.3416633957788031,0.8925821305300957,1.0925821305300958,1.0925821305300958,-2,ok,CONVERGENCE: REL_REDUCTION_OF_F <= FACTR*EPSMCH,753.636338;1e+12;1e+12;753.637409;1e+12;1e+12;753.63446;1e+12;1e+12;753.638136;1e+12;1e+12;753.634225;1e+12;1e+12;753.637122;1e+12;1e+12;753.638285;1e+12;1e+12;753.635641;1e+12;1e+12;753.637759;1e+12;1e+12;753.635735;1e+12;1e+12;753.634051;1e+12;1e+12;753.637144;1e+12;1e+12;753.635857;1e+12;1e+12
grid_n1500_est_r000_etaSrawm06_etaYrawp06_tau04_selMODERATE_nu6,grid_n1500,EST,99,1500,MODERATE,109,0.07266666666666667,0.6190672719768882,0.6146642753348286,0.00440299664205956,-696.1490045711154,1416.2980091422307,1480.0566537873144,12,TRUE,TRUE,0,10,65004.663,4,3,0,-0.6,0.6,-0.6,0.6,0.4,0.4,6,6.157281166804534,-0.8405492606838791,-1.4925821305300957,1.492062241652594,1.491930216989403,1.491930216989403,4,-1.25,-1.2309804264359816,0.0190195735640184,0.0375,0.0261959412271676,-0.01130405877283239,0.25,0.2366658985740461,-0.01333410142595389,5,11.713909350642028,6.713909350642027,1.5,1.6349966453922666,0.13499664539226663,0.8,0.6003155808344564,-0.1996844191655437,3.157281166804534,-0.8405492606838791,-0.8925821305300957,0.892062241652594,1.0919302169894034,1.0919302169894034,-2,ok,CONVERGENCE: REL_REDUCTION_OF_F <= FACTR*EPSMCH,696.151109;1e+12;1e+12;696.1545;1e+12;1e+12;696.150799;1e+12;1e+12;696.149005;1e+12;1e+12;696.331984;1e+12;1e+12;696.149315;1e+12;1e+12;696.150925;1e+12;1e+12;696.334401;1e+12;1e+12;696.152874;1e+12;1e+12;696.153748;1e+12;1e+12;696.332073;1e+12;1e+12;696.149622;1e+12;1e+12;696.153117;1e+12;1e+12
grid_n1500_est_r000_etaSrawm06_etaYrawp06_tau04_selMODERATE_nu6,grid_n1500,EST,100,1500,MODERATE,127,0.08466666666666667,0.6085192697768763,0.6146642753348286,-0.00614500555795227,-766.516709688237,1557.033419376474,1620.7920640215575,12,TRUE,TRUE,0,4,34437.811,4,3,0,-0.6,0.6,-0.6,0.6,0.4,0.4,6,2.3222713350483932,0.5112468584347247,1.18513746652861,1.4925821305300957,1.4925821305300957,1.4925821305300957,4,-1.25,-2.095886634486098,-0.845886634486098,0.0375,0.05632189055718439,0.01882189055718439,0.25,0.3733761093100293,0.12337610931002924,5,3.029369441394607,-1.970630558605393,1.5,1.5444031094399515,0.04440310943995151,0.8,1.1182500089257703,0.3182500089257705,-0.6777286649516068,0.5112468584347247,1.7851374665286102,0.8925821305300957,1.0925821305300958,1.0925821305300958,-2,ok,CONVERGENCE: REL_REDUCTION_OF_F <= FACTR*EPSMCH,766.518732;1e+12;1e+12;766.51671;1e+12;1e+12;766.523341;1e+12;1e+12;766.516716;1e+12;1e+12;766.520595;1e+12;1e+12;766.516909;1e+12;1e+12;766.516801;1e+12;1e+12;766.518281;1e+12;1e+12;766.51678;1e+12;1e+12;766.516967;1e+12;1e+12;766.516792;1e+12;1e+12;766.566243;1e+12;1e+12;766.52015;1e+12;1e+12
