scenario,experiment,family,rep,n,selection_level,n_selected,selection_rate,hidden_acceptance_rate,PE_theoretical,acceptance_gap,logLik,AIC,BIC,k_params,finite_fit,regular_convergence,convergence,start_id,seconds,sigmaS_true_raw,sigmaY_true,rho_true,etaS_raw_true,etaY_raw_true,etaS_true,etaY_true,tau_bar_true,alpha_legacy_true,nu_true,sigmaY_hat,rho_hat,etaS_hat,etaY_hat,tau_bar_hat,alpha_legacy_hat,nu_hat,betaSel_1_true,betaSel_1_hat,betaSel_1_bias,betaSel_2_true,betaSel_2_hat,betaSel_2_bias,betaSel_3_true,betaSel_3_hat,betaSel_3_bias,betaOut_1_true,betaOut_1_hat,betaOut_1_bias,betaOut_2_true,betaOut_2_hat,betaOut_2_bias,betaOut_3_true,betaOut_3_hat,betaOut_3_bias,sigmaY_bias,rho_bias,etaS_bias,etaY_bias,tau_bar_bias,alpha_legacy_bias,nu_bias,error,message,start_values
grid_n1500_est_r000_etaSrawm03_etaYrawp03_tau04_selCOMMON_nu6,grid_n1500,EST,1,1500,COMMON,348,0.232,0.635593220338983,0.6373279667051683,-0.00173474636618531,-1725.5942255617615,3475.1884511235235,3538.947095768607,12,TRUE,TRUE,0,13,34633.872,4,3,0,-0.3,0.3,-0.3,0.3,0.4,0.4,6,2.4639359252171897,0.08929553457620452,1.4925821305300957,1.4925821305300957,1.335084121399561,1.335084121399561,4,-0.75,-1.21334849531867,-0.4633484953186699,0.0375,0.04849869034493399,0.01099869034493399,0.25,0.26919245422926863,0.01919245422926863,5,5.042852688645566,0.04285268864556624,1.5,1.407902026622329,-0.092097973377671,0.8,0.6981565460297948,-0.10184345397020522,-0.5360640747828103,0.08929553457620452,1.7925821305300955,1.1925821305300957,0.935084121399561,0.935084121399561,-2,ok,CONVERGENCE: REL_REDUCTION_OF_F <= FACTR*EPSMCH,1725.600727;1e+12;1e+12;1725.601896;1e+12;1e+12;1725.606409;1e+12;1e+12;1725.600378;1e+12;1e+12;1725.594226;1e+12;1e+12;1725.602436;1e+12;1e+12;1725.599721;1e+12;1e+12;1725.594275;1e+12;1e+12;1725.60246;1e+12;1e+12;1725.602834;1e+12;1e+12;1725.596001;1e+12;1e+12;1725.603308;1e+12;1e+12;1725.599611;1e+12;1e+12
grid_n1500_est_r000_etaSrawm03_etaYrawp03_tau04_selCOMMON_nu6,grid_n1500,EST,2,1500,COMMON,348,0.232,0.648508430609598,0.6373279667051683,0.01118046390442961,-1743.9061016295252,3511.8122032590504,3575.570847904134,12,TRUE,TRUE,0,7,41006.973000000005,4,3,0,-0.3,0.3,-0.3,0.3,0.4,0.4,6,3.2906647773893702,-0.02141040105561303,-1.4925821305300957,0.5997383509683506,1.4918212571031095,1.4918212571031095,4,-0.75,-0.5224378695637625,0.22756213043623752,0.0375,0.03532264889270942,-0.00217735110729057,0.25,0.3190476782549165,0.06904767825491648,5,4.698258712758977,-0.3017412872410228,1.5,1.7117350033463987,0.21173500334639872,0.8,0.734109657644229,-0.06589034235577107,0.29066477738937024,-0.02141040105561303,-1.1925821305300957,0.2997383509683506,1.0918212571031094,1.0918212571031094,-2,ok,CONVERGENCE: REL_REDUCTION_OF_F <= FACTR*EPSMCH,1743.908997;1e+12;1e+12;1743.907074;1e+12;1e+12;1743.906102;1e+12;1e+12;1743.912329;1e+12;1e+12;1745.475251;1e+12;1e+12;1743.907107;1e+12;1e+12;1743.908162;1e+12;1e+12;1745.406415;1e+12;1e+12;1743.910831;1e+12;1e+12;1743.915805;1e+12;1e+12;1745.404555;1e+12;1e+12;1743.907659;1e+12;1e+12;1743.908646;1e+12;1e+12
grid_n1500_est_r000_etaSrawm03_etaYrawp03_tau04_selCOMMON_nu6,grid_n1500,EST,3,1500,COMMON,326,0.21733333333333332,0.6374840628984275,0.6373279667051683,1.560961932591809e-4,-1664.4343620845573,3352.8687241691146,3416.6273688141982,12,TRUE,TRUE,0,10,41587.14,4,3,0,-0.3,0.3,-0.3,0.3,0.4,0.4,6,3.936888672885733,0.6427544682545397,-1.4874454665069938,-0.23800730656910385,1.4892824787372907,1.4892824787372907,4,-0.75,-0.49688499324128427,0.25311500675871573,0.0375,0.02027386309940401,-0.01722613690059598,0.25,0.22567247131986423,-0.02432752868013576,5,4.2980241807749735,-0.7019758192250265,1.5,1.6317734647791795,0.1317734647791795,0.8,0.7049972161531695,-0.0950027838468306,0.9368886728857332,0.6427544682545397,-1.1874454665069938,-0.5380073065691038,1.0892824787372906,1.0892824787372906,-2,ok,CONVERGENCE: REL_REDUCTION_OF_F <= FACTR*EPSMCH,1664.455895;1e+12;1e+12;1664.449904;1e+12;1e+12;1664.440848;1e+12;1e+12;1664.434362;1e+12;1e+12;1664.544556;1e+12;1e+12;1664.444657;1e+12;1e+12;1664.438609;1e+12;1e+12;1664.542765;1e+12;1e+12;1664.549559;1e+12;1e+12;1664.436568;1e+12;1e+12;1664.54128;1e+12;1e+12;1664.443471;1e+12;1e+12;1664.434928;1e+12;1e+12
grid_n1500_est_r000_etaSrawm03_etaYrawp03_tau04_selCOMMON_nu6,grid_n1500,EST,4,1500,COMMON,329,0.21933333333333332,0.6423982869379015,0.6373279667051683,0.00507032023273312,-1668.2236125887132,3360.4472251774264,3424.20586982251,12,TRUE,TRUE,0,22,46073.931,4,3,0,-0.3,0.3,-0.3,0.3,0.4,0.4,6,3.4756687307017766,0.5313629382235965,-1.4925821305300957,-0.07953470592631166,1.477782953195282,1.477782953195282,4,-0.75,-0.5015506493676211,0.24844935063237897,0.0375,0.03175687951152574,-0.00574312048847425,0.25,0.26724953382962197,0.01724953382962196,5,4.449817909403292,-0.5501820905967083,1.5,1.57253236031273,0.07253236031272992,0.8,0.7725319367584776,-0.0274680632415224,0.4756687307017766,0.5313629382235965,-1.1925821305300957,-0.37953470592631167,1.0777829531952818,1.0777829531952818,-2,ok,CONVERGENCE: REL_REDUCTION_OF_F <= FACTR*EPSMCH,1668.227919;1e+12;1e+12;1668.225241;1e+12;1e+12;1668.246293;1e+12;1e+12;1668.225491;1e+12;1e+12;1668.223837;1e+12;1e+12;1668.223889;1e+12;1e+12;1668.229145;1e+12;1e+12;1668.223613;1e+12;1e+12;1668.229343;1e+12;1e+12;1668.225126;1e+12;1e+12;1668.227426;1e+12;1e+12;1668.223908;1e+12;1e+12;1668.24061;1e+12;1e+12
grid_n1500_est_r000_etaSrawm03_etaYrawp03_tau04_selCOMMON_nu6,grid_n1500,EST,5,1500,COMMON,324,0.216,0.6331785563528916,0.6373279667051683,-0.00414941035227678,-1652.3605871760674,3328.7211743521348,3392.4798189972184,12,TRUE,TRUE,0,16,51688.187,4,3,0,-0.3,0.3,-0.3,0.3,0.4,0.4,6,6.18846294704661,0.874360483355955,-1.4925821305300957,-0.8202606204951663,1.4925821305300957,1.4925821305300957,4,-0.75,-0.4910331179952782,0.2589668820047218,0.0375,0.03567139862071164,-0.00182860137928835,0.25,0.19371372278098437,-0.05628627721901563,5,2.620617642929069,-2.379382357070931,1.5,0.9872903939109792,-0.5127096060890207,0.8,0.771689357617991,-0.02831064238200908,3.1884629470466104,0.874360483355955,-1.1925821305300957,-1.1202606204951664,1.0925821305300958,1.0925821305300958,-2,ok,CONVERGENCE: REL_REDUCTION_OF_F <= FACTR*EPSMCH,1652.363565;1e+12;1e+12;1652.360658;1e+12;1e+12;1652.362426;1e+12;1e+12;1652.361231;1e+12;1e+12;1652.361213;1e+12;1e+12;1652.360587;1e+12;1e+12;1652.360587;1e+12;1e+12;1652.361193;1e+12;1e+12;1652.360594;1e+12;1e+12;1652.364851;1e+12;1e+12;Inf;1e+12;1e+12;1652.360609;1e+12;1e+12;1652.362731;1e+12;1e+12
grid_n1500_est_r000_etaSrawm03_etaYrawp03_tau04_selCOMMON_nu6,grid_n1500,EST,6,1500,COMMON,325,0.21666666666666667,0.6448839208942391,0.6373279667051683,0.00755595418907073,-1646.1112381601786,3316.222476320357,3379.981120965441,12,TRUE,TRUE,0,7,40078.983,4,3,0,-0.3,0.3,-0.3,0.3,0.4,0.4,6,2.562843040472756,0.16513374480525708,1.4266531574791763,1.4925821305300957,1.4925821305300957,1.4925821305300957,4,-0.75,-1.2078378526157816,-0.4578378526157816,0.0375,0.04465826388700459,0.00715826388700459,0.25,0.20004911691905097,-0.04995088308094903,5,4.887357680985079,-0.11264231901492128,1.5,1.501076988623259,0.00107698862325888,0.8,0.725389291757837,-0.07461070824216309,-0.4371569595272442,0.16513374480525708,1.7266531574791764,1.1925821305300957,1.0925821305300958,1.0925821305300958,-2,ok,CONVERGENCE: REL_REDUCTION_OF_F <= FACTR*EPSMCH,1646.111288;1e+12;1e+12;1646.111326;1e+12;1e+12;1646.111238;1e+12;1e+12;1646.657993;1e+12;1e+12;1646.112861;1e+12;1e+12;1646.653571;1e+12;1e+12;1646.653195;1e+12;1e+12;1646.111489;1e+12;1e+12;1646.111795;1e+12;1e+12;1646.654635;1e+12;1e+12;1646.114356;1e+12;1e+12;1646.111378;1e+12;1e+12;1646.111264;1e+12;1e+12
grid_n1500_est_r000_etaSrawm03_etaYrawp03_tau04_selCOMMON_nu6,grid_n1500,EST,7,1500,COMMON,327,0.218,0.6432246998284734,0.6373279667051683,0.00589673312330507,-1632.1338905729206,3288.267781145841,3352.026425790925,12,TRUE,TRUE,0,7,43599.172,4,3,0,-0.3,0.3,-0.3,0.3,0.4,0.4,6,3.36415401317932,0.5425490301386937,-1.4925821305300957,-0.13562070520976294,1.4925821305300957,1.4925821305300957,4,-0.75,-0.5383078623809898,0.21169213761901015,0.0375,0.04994366050827582,0.01244366050827582,0.25,0.3053659018807345,0.05536590188073448,5,4.185812281685884,-0.8141877183141162,1.5,1.4499527869493396,-0.0500472130506604,0.8,0.9666797867107632,0.16667978671076322,0.36415401317931995,0.5425490301386937,-1.1925821305300957,-0.4356207052097629,1.0925821305300958,1.0925821305300958,-2,ok,CONVERGENCE: REL_REDUCTION_OF_F <= FACTR*EPSMCH,1632.137362;1e+12;1e+12;1632.139335;1e+12;1e+12;1632.133891;1e+12;1e+12;1632.135113;1e+12;1e+12;1632.134485;1e+12;1e+12;1632.138921;1e+12;1e+12;1632.147896;1e+12;1e+12;1632.135657;1e+12;1e+12;1632.134662;1e+12;1e+12;1632.137497;1e+12;1e+12;1632.134267;1e+12;1e+12;1632.139089;1e+12;1e+12;1632.134429;1e+12;1e+12
grid_n1500_est_r000_etaSrawm03_etaYrawp03_tau04_selCOMMON_nu6,grid_n1500,EST,8,1500,COMMON,346,0.23066666666666663,0.651890482398957,0.6373279667051683,0.01456251569378863,-1734.6346156059726,3493.269231211945,3557.027875857029,12,TRUE,TRUE,0,4,42057.076,4,3,0,-0.3,0.3,-0.3,0.3,0.4,0.4,6,4.1763751838993075,0.6443098719643509,-1.4925821305300957,-0.658701806288905,1.4656812680068023,1.4656812680068023,4,-0.75,-0.47700951329019114,0.27299048670980886,0.0375,0.01941508426442292,-0.01808491573557707,0.25,0.2588663321981942,0.00886633219819421,5,5.370360461716181,0.37036046171618064,1.5,1.2993347796643708,-0.20066522033562917,0.8,0.5968785955253513,-0.20312140447464877,1.1763751838993075,0.6443098719643509,-1.1925821305300957,-0.958701806288905,1.0656812680068026,1.0656812680068026,-2,ok,CONVERGENCE: REL_REDUCTION_OF_F <= FACTR*EPSMCH,1734.642714;1e+12;1e+12;1734.634616;1e+12;1e+12;1734.638806;1e+12;1e+12;1734.63797;1e+12;1e+12;1734.637456;1e+12;1e+12;1734.64158;1e+12;1e+12;1734.645339;1e+12;1e+12;1734.64658;1e+12;1e+12;1734.641556;1e+12;1e+12;1734.644226;1e+12;1e+12;1734.640755;1e+12;1e+12;1734.642795;1e+12;1e+12;1734.644876;1e+12;1e+12
grid_n1500_est_r000_etaSrawm03_etaYrawp03_tau04_selCOMMON_nu6,grid_n1500,EST,9,1500,COMMON,323,0.21533333333333332,0.6410256410256411,0.6373279667051683,0.00369767432047274,-1639.0744200740814,3302.148840148163,3365.9074847932466,12,TRUE,TRUE,0,10,47472.276,4,3,0,-0.3,0.3,-0.3,0.3,0.4,0.4,6,2.9453650207620643,0.17024607334458725,-1.4912059941932256,0.16987024737810047,1.4925821305300957,1.4925821305300957,4,-0.75,-0.4631310754224596,0.28686892457754043,0.0375,0.0351570071629104,-0.00234299283708959,0.25,0.16286646451700626,-0.08713353548299374,5,5.301317086945394,0.30131708694539405,1.5,1.5570254772595298,0.05702547725952978,0.8,0.6290939438868162,-0.17090605611318388,-0.0546349792379357,0.17024607334458725,-1.1912059941932256,-0.13012975262189952,1.0925821305300958,1.0925821305300958,-2,ok,CONVERGENCE: REL_REDUCTION_OF_F <= FACTR*EPSMCH,1639.080838;1e+12;1e+12;1639.094063;1e+12;1e+12;1639.077;1e+12;1e+12;1639.07442;1e+12;1e+12;1639.074866;1e+12;1e+12;1639.078743;1e+12;1e+12;1639.09513;1e+12;1e+12;1639.085951;1e+12;1e+12;1639.08328;1e+12;1e+12;1639.074954;1e+12;1e+12;1639.558994;1e+12;1e+12;1639.076739;1e+12;1e+12;1639.089796;1e+12;1e+12
grid_n1500_est_r000_etaSrawm03_etaYrawp03_tau04_selCOMMON_nu6,grid_n1500,EST,10,1500,COMMON,334,0.22266666666666668,0.639386189258312,0.6373279667051683,0.00205822255314369,-1704.9214813117185,3433.842962623437,3497.6016072685206,12,TRUE,TRUE,0,37,48842.656,4,3,0,-0.3,0.3,-0.3,0.3,0.4,0.4,6,3.33836243200985,0.2983581071958283,-1.4925821305300957,0.05877792816481116,1.488221547908778,1.488221547908778,4,-0.75,-0.492564714615247,0.257435285384753,0.0375,0.0359948996394793,-0.00150510036052069,0.25,0.2516683394667498,0.00166833946674982,5,4.840285592627218,-0.15971440737278186,1.5,1.4451319536897982,-0.05486804631020181,0.8,0.946588880444593,0.14658888044459295,0.33836243200985017,0.2983581071958283,-1.1925821305300957,-0.2412220718351888,1.0882215479087782,1.0882215479087782,-2,ok,CONVERGENCE: REL_REDUCTION_OF_F <= FACTR*EPSMCH,1704.92283;1e+12;1e+12;1704.924754;1e+12;1e+12;1704.930584;1e+12;1e+12;1704.938856;1e+12;1e+12;1704.921543;1e+12;1e+12;1704.922385;1e+12;1e+12;1704.923111;1e+12;1e+12;1704.922992;1e+12;1e+12;1704.940287;1e+12;1e+12;1704.932833;1e+12;1e+12;Inf;1e+12;1e+12;1704.94114;1e+12;1e+12;1704.921481;1e+12;1e+12
grid_n1500_est_r000_etaSrawm03_etaYrawp03_tau04_selCOMMON_nu6,grid_n1500,EST,11,1500,COMMON,362,0.24133333333333337,0.6284038542103059,0.6373279667051683,-0.00892411249486246,-1803.9427358881028,3631.8854717762056,3695.6441164212897,12,TRUE,TRUE,0,7,44322.183,4,3,0,-0.3,0.3,-0.3,0.3,0.4,0.4,6,3.22525686616176,-0.1745822585560741,-1.4925821305300957,0.5117351566949913,1.4925821305300957,1.4925821305300957,4,-0.75,-0.3790941259331449,0.3709058740668551,0.0375,0.0186376785389724,-0.01886232146102759,0.25,0.12736095699475938,-0.12263904300524062,5,5.684948594458751,0.684948594458751,1.5,1.4299543735817632,-0.07004562641823675,0.8,0.7653620734367287,-0.03463792656327136,0.22525686616176,-0.1745822585560741,-1.1925821305300957,0.21173515669499127,1.0925821305300958,1.0925821305300958,-2,ok,CONVERGENCE: REL_REDUCTION_OF_F <= FACTR*EPSMCH,1803.946916;1e+12;1e+12;1803.9461;1e+12;1e+12;1803.942736;1e+12;1e+12;1803.948372;1e+12;1e+12;1803.945831;1e+12;1e+12;1803.944354;1e+12;1e+12;1803.978382;1e+12;1e+12;1803.942749;1e+12;1e+12;1803.947647;1e+12;1e+12;1803.956287;1e+12;1e+12;1803.942765;1e+12;1e+12;1803.945357;1e+12;1e+12;1803.947672;1e+12;1e+12
grid_n1500_est_r000_etaSrawm03_etaYrawp03_tau04_selCOMMON_nu6,grid_n1500,EST,12,1500,COMMON,318,0.212,0.629987400251995,0.6373279667051683,-0.00734056645317338,-1615.4984271840303,3254.9968543680607,3318.7554990131443,12,TRUE,TRUE,0,7,41207.99,4,3,0,-0.3,0.3,-0.3,0.3,0.4,0.4,6,3.0294884364665084,0.14627165552886567,-1.4925821305300957,0.18220258734042097,1.4904518088556749,1.4904518088556749,4,-0.75,-0.5037974930105111,0.24620250698948887,0.0375,0.0486540593209608,0.0111540593209608,0.25,0.2049086060392047,-0.04509139396079531,5,5.40412963821717,0.4041296382171699,1.5,1.559619230775808,0.05961923077580811,0.8,0.7544127175032332,-0.0455872824967668,0.02948843646650845,0.14627165552886567,-1.1925821305300957,-0.11779741265957902,1.0904518088556747,1.0904518088556747,-2,ok,CONVERGENCE: REL_REDUCTION_OF_F <= FACTR*EPSMCH,1615.499888;1e+12;1e+12;1615.501808;1e+12;1e+12;1615.498427;1e+12;1e+12;1615.515503;1e+12;1e+12;1616.060086;1e+12;1e+12;1615.507597;1e+12;1e+12;1615.499661;1e+12;1e+12;1616.073209;1e+12;1e+12;1616.077746;1e+12;1e+12;1615.504131;1e+12;1e+12;1616.066484;1e+12;1e+12;1615.499838;1e+12;1e+12;1615.498435;1e+12;1e+12
grid_n1500_est_r000_etaSrawm03_etaYrawp03_tau04_selCOMMON_nu6,grid_n1500,EST,13,1500,COMMON,335,0.22333333333333333,0.6527415143603134,0.6373279667051683,0.01541354765514502,-1734.5235799353338,3493.0471598706677,3556.8058045157513,12,TRUE,TRUE,0,10,36813.138,4,3,0,-0.3,0.3,-0.3,0.3,0.4,0.4,6,3.5779296565160954,0.4152678833729354,-1.428627824597457,-0.14841368073518024,0.9917955426328756,0.9917955426328756,4,-0.75,-0.3099371533842097,0.4400628466157903,0.0375,0.01172676476452561,-0.02577323523547439,0.25,0.1294300775761883,-0.1205699224238117,5,4.829707696365968,-0.17029230363403158,1.5,1.6282942872040176,0.1282942872040176,0.8,0.9063466444146744,0.10634664441467444,0.5779296565160954,0.4152678833729354,-1.128627824597457,-0.44841368073518023,0.5917955426328756,0.5917955426328756,-2,ok,CONVERGENCE: REL_REDUCTION_OF_F <= FACTR*EPSMCH,1734.538632;1e+12;1e+12;1734.528771;1e+12;1e+12;1734.544837;1e+12;1e+12;1734.52358;1e+12;1e+12;1734.567666;1e+12;1e+12;1734.526943;1e+12;1e+12;1734.527331;1e+12;1e+12;1734.523674;1e+12;1e+12;1734.531136;1e+12;1e+12;1734.529867;1e+12;1e+12;1734.524221;1e+12;1e+12;1734.528337;1e+12;1e+12;1734.535964;1e+12;1e+12
grid_n1500_est_r000_etaSrawm03_etaYrawp03_tau04_selCOMMON_nu6,grid_n1500,EST,14,1500,COMMON,316,0.21066666666666667,0.6193228736581338,0.6373279667051683,-0.01800509304703457,-1639.8463647035587,3303.6927294071174,3367.451374052201,12,TRUE,TRUE,0,25,47498.18200000001,4,3,0,-0.3,0.3,-0.3,0.3,0.4,0.4,6,3.0844746739710716,0.4687743378549718,0.8910975092545046,-1.4925821305300957,1.4925821305300957,1.4925821305300957,4,-0.75,-1.2367080954861398,-0.4867080954861398,0.0375,0.04088161431638314,0.00338161431638314,0.25,0.3316025475977868,0.08160254759778679,5,3.6112404090657537,-1.3887595909342465,1.5,1.6831248134621954,0.18312481346219545,0.8,0.8301780247447775,0.03017802474477748,0.08447467397107156,0.4687743378549718,1.1910975092545046,-1.7925821305300955,1.0925821305300958,1.0925821305300958,-2,ok,CONVERGENCE: REL_REDUCTION_OF_F <= FACTR*EPSMCH,1639.947817;1e+12;1e+12;1639.953531;1e+12;1e+12;1639.95379;1e+12;1e+12;1639.94633;1e+12;1e+12;1639.854348;1e+12;1e+12;1639.946668;1e+12;1e+12;1639.94814;1e+12;1e+12;1639.851806;1e+12;1e+12;1639.846365;1e+12;1e+12;1639.95839;1e+12;1e+12;1639.846652;1e+12;1e+12;Inf;1e+12;1e+12;1639.952378;1e+12;1e+12
grid_n1500_est_r000_etaSrawm03_etaYrawp03_tau04_selCOMMON_nu6,grid_n1500,EST,15,1500,COMMON,324,0.216,0.6326444538169549,0.6373279667051683,-0.00468351288821344,-1657.5374935461218,3339.0749870922436,3402.8336317373273,12,TRUE,TRUE,0,31,37857.04,4,3,0,-0.3,0.3,-0.3,0.3,0.4,0.4,6,3.1606505004877303,0.16554221569499825,0.4102019636824819,1.4925821305300957,1.4925821305300957,1.4925821305300957,4,-0.75,-1.1992745081185954,-0.4492745081185954,0.0375,0.04477777460400547,0.00727777460400547,0.25,0.4503685223236102,0.2003685223236102,5,3.6841328996024214,-1.3158671003975786,1.5,1.4195839281641134,-0.08041607183588662,0.8,0.8749171843941151,0.0749171843941151,0.16065050048773033,0.16554221569499825,0.7102019636824819,1.1925821305300957,1.0925821305300958,1.0925821305300958,-2,ok,CONVERGENCE: REL_REDUCTION_OF_F <= FACTR*EPSMCH,1657.537738;1e+12;1e+12;1657.537508;1e+12;1e+12;1657.537668;1e+12;1e+12;1657.542213;1e+12;1e+12;1657.537609;1e+12;1e+12;1657.543827;1e+12;1e+12;1657.542428;1e+12;1e+12;1657.537689;1e+12;1e+12;1657.538305;1e+12;1e+12;1657.5407;1e+12;1e+12;1657.537494;1e+12;1e+12;1657.5446;1e+12;1e+12;1657.537662;1e+12;1e+12
grid_n1500_est_r000_etaSrawm03_etaYrawp03_tau04_selCOMMON_nu6,grid_n1500,EST,16,1500,COMMON,341,0.22733333333333333,0.6426735218508998,0.6373279667051683,0.00534555514573142,-1700.6309481204685,3425.261896240937,3489.0205408860206,12,TRUE,TRUE,0,1,52187.074,4,3,0,-0.3,0.3,-0.3,0.3,0.4,0.4,6,5.56239304830643,0.8481170774713063,-1.4925821305300957,-0.7799877246827438,1.4925821305300957,1.4925821305300957,4,-0.75,-0.4548796285292096,0.2951203714707904,0.0375,0.04382572737406895,0.00632572737406895,0.25,0.18125746540819515,-0.06874253459180485,5,3.218286996367267,-1.781713003632733,1.5,1.4996640917433048,-3.35908256695161e-4,0.8,0.8406520065555009,0.04065200655550083,2.56239304830643,0.8481170774713063,-1.1925821305300957,-1.0799877246827438,1.0925821305300958,1.0925821305300958,-2,ok,CONVERGENCE: REL_REDUCTION_OF_F <= FACTR*EPSMCH,1700.630948;1e+12;1e+12;1700.632753;1e+12;1e+12;1701.489312;1e+12;1e+12;1700.633375;1e+12;1e+12;1700.634071;1e+12;1e+12;1700.635426;1e+12;1e+12;1700.631411;1e+12;1e+12;1700.632225;1e+12;1e+12;1700.630956;1e+12;1e+12;1700.631329;1e+12;1e+12;1700.631126;1e+12;1e+12;1700.631875;1e+12;1e+12;1700.631033;1e+12;1e+12
grid_n1500_est_r000_etaSrawm03_etaYrawp03_tau04_selCOMMON_nu6,grid_n1500,EST,17,1500,COMMON,358,0.2386666666666667,0.6493506493506493,0.6373279667051683,0.012022682645481,-1763.0568408804368,3550.1136817608735,3613.872326405957,12,TRUE,TRUE,0,31,52843.508,4,3,0,-0.3,0.3,-0.3,0.3,0.4,0.4,6,6.266277463815484,0.9333460727335706,-1.4925821305300957,-0.48673083968716147,1.4924867450339043,1.4924867450339043,4,-0.75,-0.3861629770886315,0.3638370229113685,0.0375,0.00790532426465875,-0.02959467573534124,0.25,0.13478683505443814,-0.11521316494556186,5,1.8905790265576392,-3.109420973442361,1.5,1.6988701699071385,0.1988701699071385,0.8,0.8669159540110749,0.06691595401107486,3.2662774638154843,0.9333460727335706,-1.1925821305300957,-0.7867308396871615,1.0924867450339044,1.0924867450339044,-2,ok,CONVERGENCE: REL_REDUCTION_OF_F <= FACTR*EPSMCH,1763.061682;1e+12;1e+12;1763.080344;1e+12;1e+12;1763.066192;1e+12;1e+12;1763.061997;1e+12;1e+12;1764.382349;1e+12;1e+12;1763.077993;1e+12;1e+12;1763.061873;1e+12;1e+12;1764.383364;1e+12;1e+12;1763.05693;1e+12;1e+12;1763.07401;1e+12;1e+12;1763.056841;1e+12;1e+12;1763.057664;1e+12;1e+12;1763.056866;1e+12;1e+12
grid_n1500_est_r000_etaSrawm03_etaYrawp03_tau04_selCOMMON_nu6,grid_n1500,EST,18,1500,COMMON,336,0.224,0.6318449873631002,0.6373279667051683,-0.00548297934206809,-1707.4633160106575,3438.926632021315,3502.6852766663987,12,TRUE,TRUE,0,7,42672.785,4,3,0,-0.3,0.3,-0.3,0.3,0.4,0.4,6,2.351398602282131,0.5166719947992253,0.7270202713583916,-0.8905119520860441,-1.4114465983526614,-1.4114465983526614,4,-0.75,-1.839237038128061,-1.089237038128061,0.0375,0.02344122071209959,-0.0140587792879004,0.25,0.19777643770677447,-0.05222356229322553,5,3.4466658147811953,-1.5533341852188047,1.5,1.530716376659385,0.03071637665938498,0.8,1.0513962313356418,0.2513962313356417,-0.6486013977178691,0.5166719947992253,1.0270202713583916,-1.190511952086044,-1.8114465983526613,-1.8114465983526613,-2,ok,CONVERGENCE: REL_REDUCTION_OF_F <= FACTR*EPSMCH,1707.473077;1e+12;1e+12;1707.468132;1e+12;1e+12;1707.463316;1e+12;1e+12;1707.467114;1e+12;1e+12;1707.485884;1e+12;1e+12;1707.464822;1e+12;1e+12;1707.469427;1e+12;1e+12;1707.488897;1e+12;1e+12;1707.47237;1e+12;1e+12;1707.504452;1e+12;1e+12;1707.609269;1e+12;1e+12;1707.471792;1e+12;1e+12;1707.48937;1e+12;1e+12
grid_n1500_est_r000_etaSrawm03_etaYrawp03_tau04_selCOMMON_nu6,grid_n1500,EST,19,1500,COMMON,315,0.21,0.6297229219143576,0.6373279667051683,-0.0076050447908107,-1621.9288432558192,3267.8576865116383,3331.616331156722,12,TRUE,TRUE,0,1,36994.747,4,3,0,-0.3,0.3,-0.3,0.3,0.4,0.4,6,2.6249299750276385,0.1678418992567086,1.4925821305300957,1.4884914248718206,1.4925821305300957,1.4925821305300957,4,-0.75,-1.2261845244495608,-0.4761845244495608,0.0375,0.03631834553849798,-0.00118165446150201,0.25,0.15991379564244915,-0.09008620435755084,5,3.892649798444411,-1.107350201555589,1.5,1.6980568443284998,0.1980568443284998,0.8,0.9194209042720582,0.1194209042720582,-0.3750700249723615,0.1678418992567086,1.7925821305300955,1.1884914248718206,1.0925821305300958,1.0925821305300958,-2,ok,CONVERGENCE: REL_REDUCTION_OF_F <= FACTR*EPSMCH,1621.928843;1e+12;1e+12;1621.943279;1e+12;1e+12;1621.928954;1e+12;1e+12;1621.928957;1e+12;1e+12;1621.931054;1e+12;1e+12;1621.92901;1e+12;1e+12;1622.905759;1e+12;1e+12;1621.93067;1e+12;1e+12;1621.9318;1e+12;1e+12;1622.915258;1e+12;1e+12;1621.93105;1e+12;1e+12;1621.929856;1e+12;1e+12;1622.895562;1e+12;1e+12
grid_n1500_est_r000_etaSrawm03_etaYrawp03_tau04_selCOMMON_nu6,grid_n1500,EST,20,1500,COMMON,350,0.23333333333333336,0.6284038542103059,0.6373279667051683,-0.00892411249486246,-1736.7192174039758,3497.4384348079516,3561.1970794530353,12,TRUE,TRUE,0,10,45543.395,4,3,0,-0.3,0.3,-0.3,0.3,0.4,0.4,6,2.610676974491557,0.3728304349363156,1.4925821305300957,1.4903476087703529,1.4925821305300957,1.4925821305300957,4,-0.75,-1.2071627351479353,-0.45716273514793526,0.0375,0.02681317724147905,-0.01068682275852095,0.25,0.31228931848486924,0.06228931848486924,5,3.5185959650318104,-1.4814040349681896,1.5,1.2254530060036923,-0.27454699399630766,0.8,0.9441388955602272,0.1441388955602272,-0.389323025508443,0.3728304349363156,1.7925821305300955,1.1903476087703528,1.0925821305300958,1.0925821305300958,-2,ok,CONVERGENCE: REL_REDUCTION_OF_F <= FACTR*EPSMCH,1736.729162;1e+12;1e+12;1736.730248;1e+12;1e+12;1736.721586;1e+12;1e+12;1736.719217;1e+12;1e+12;1736.728088;1e+12;1e+12;1736.72208;1e+12;1e+12;1737.241055;1e+12;1e+12;1736.720756;1e+12;1e+12;1737.237803;1e+12;1e+12;1737.245703;1e+12;1e+12;1736.721084;1e+12;1e+12;1736.721367;1e+12;1e+12;1737.255864;1e+12;1e+12
grid_n1500_est_r000_etaSrawm03_etaYrawp03_tau04_selCOMMON_nu6,grid_n1500,EST,21,1500,COMMON,327,0.218,0.6535947712418301,0.6373279667051683,0.01626680453666174,-1644.6600693120838,3313.3201386241676,3377.0787832692513,12,TRUE,TRUE,0,7,50584.227,4,3,0,-0.3,0.3,-0.3,0.3,0.4,0.4,6,2.673682578843217,-0.31335928890679227,0.8999577058763539,1.4925821305300957,1.4925821305300957,1.4925821305300957,4,-0.75,-1.162393349032899,-0.41239334903289904,0.0375,0.04509870416468516,0.00759870416468516,0.25,0.2614128976669997,0.01141289766699971,5,7.187475910526038,2.1874759105260377,1.5,1.2142844008796072,-0.2857155991203928,0.8,0.5673758286003322,-0.23262417139966785,-0.3263174211567832,-0.31335928890679227,1.199957705876354,1.1925821305300957,1.0925821305300958,1.0925821305300958,-2,ok,CONVERGENCE: REL_REDUCTION_OF_F <= FACTR*EPSMCH,1644.703229;1e+12;1e+12;1644.684067;1e+12;1e+12;1644.660069;1e+12;1e+12;1644.684744;1e+12;1e+12;1644.667521;1e+12;1e+12;1644.684031;1e+12;1e+12;1644.677616;1e+12;1e+12;1644.665882;1e+12;1e+12;1644.661034;1e+12;1e+12;1644.680174;1e+12;1e+12;Inf;1e+12;1e+12;1644.662812;1e+12;1e+12;1644.682428;1e+12;1e+12
grid_n1500_est_r000_etaSrawm03_etaYrawp03_tau04_selCOMMON_nu6,grid_n1500,EST,22,1500,COMMON,311,0.20733333333333337,0.6361323155216285,0.6373279667051683,-0.00119565118353981,-1579.9732708456097,3183.9465416912194,3247.705186336303,12,TRUE,TRUE,0,37,37208.569,4,3,0,-0.3,0.3,-0.3,0.3,0.4,0.4,6,1.7948976911010113,-0.1298138213706059,1.3938828578510591,0.4204515347428592,-1.43086795214886,-1.43086795214886,4,-0.75,-2.302524368341156,-1.5525243683411558,0.0375,0.06489401181783096,0.02739401181783096,0.25,0.3905865376185854,0.14058653761858542,5,6.81396699358451,1.8139669935845104,1.5,1.458858610446439,-0.04114138955356106,0.8,0.6480720814291975,-0.15192791857080257,-1.2051023088989887,-0.1298138213706059,1.6938828578510592,0.12045153474285925,-1.83086795214886,-1.83086795214886,-2,ok,CONVERGENCE: REL_REDUCTION_OF_F <= FACTR*EPSMCH,1579.974516;1e+12;1e+12;1580.007197;1e+12;1e+12;1580.00483;1e+12;1e+12;1580.001827;1e+12;1e+12;1580.001244;1e+12;1e+12;1580.009165;1e+12;1e+12;1580.004125;1e+12;1e+12;1580.010383;1e+12;1e+12;1579.976243;1e+12;1e+12;1579.977996;1e+12;1e+12;1580.03278;1e+12;1e+12;1580.009753;1e+12;1e+12;1579.973271;1e+12;1e+12
grid_n1500_est_r000_etaSrawm03_etaYrawp03_tau04_selCOMMON_nu6,grid_n1500,EST,23,1500,COMMON,319,0.21266666666666667,0.6538796861377506,0.6373279667051683,0.01655171943258226,-1624.232702344778,3272.4654046895557,3336.2240493346394,12,TRUE,TRUE,0,13,46302.74600000001,4,3,0,-0.3,0.3,-0.3,0.3,0.4,0.4,6,2.351918424474683,-0.03657484592384859,1.4925821305300957,-0.99317127135961,1.4901441931202195,1.4901441931202195,4,-0.75,-1.2591700995932715,-0.5091700995932715,0.0375,0.02578987066292787,-0.01171012933707212,0.25,0.2622737901245083,0.0122737901245083,5,6.401561017904502,1.401561017904502,1.5,1.4985358930389026,-0.00146410696109744,0.8,0.5901722461509656,-0.2098277538490344,-0.6480815755253171,-0.03657484592384859,1.7925821305300955,-1.29317127135961,1.0901441931202198,1.0901441931202198,-2,ok,CONVERGENCE: REL_REDUCTION_OF_F <= FACTR*EPSMCH,1624.421753;1e+12;1e+12;1624.429879;1e+12;1e+12;1624.234647;1e+12;1e+12;1624.233411;1e+12;1e+12;1624.232702;1e+12;1e+12;1624.232931;1e+12;1e+12;1624.489499;1e+12;1e+12;1624.246994;1e+12;1e+12;1624.2503;1e+12;1e+12;1624.426075;1e+12;1e+12;1624.240228;1e+12;1e+12;Inf;1e+12;1e+12;1624.233621;1e+12;1e+12
grid_n1500_est_r000_etaSrawm03_etaYrawp03_tau04_selCOMMON_nu6,grid_n1500,EST,24,1500,COMMON,317,0.21133333333333337,0.6643046944198405,0.6373279667051683,0.02697672771467219,-1633.2091721245097,3290.4183442490194,3354.176988894103,12,TRUE,TRUE,0,31,43200.641,4,3,0,-0.3,0.3,-0.3,0.3,0.4,0.4,6,2.912527169926451,0.3244246769536475,0.8141491307528841,-1.4925821305300957,1.4925821305300957,1.4925821305300957,4,-0.75,-1.173694720797535,-0.423694720797535,0.0375,0.03417558742253183,-0.00332441257746816,0.25,0.25253619926039034,0.00253619926039033,5,4.396111712458559,-0.6038882875414409,1.5,1.485856650067754,-0.01414334993224586,0.8,0.9713152618045946,0.17131526180459455,-0.087472830073549,0.3244246769536475,1.114149130752884,-1.7925821305300955,1.0925821305300958,1.0925821305300958,-2,ok,CONVERGENCE: REL_REDUCTION_OF_F <= FACTR*EPSMCH,1633.211296;1e+12;1e+12;1633.338871;1e+12;1e+12;1633.216463;1e+12;1e+12;1633.338927;1e+12;1e+12;1633.218303;1e+12;1e+12;1633.336381;1e+12;1e+12;1633.330861;1e+12;1e+12;1633.210086;1e+12;1e+12;1633.209199;1e+12;1e+12;1633.345356;1e+12;1e+12;1633.209172;1e+12;1e+12;1633.220868;1e+12;1e+12;Inf;1e+12;1e+12
grid_n1500_est_r000_etaSrawm03_etaYrawp03_tau04_selCOMMON_nu6,grid_n1500,EST,25,1500,COMMON,310,0.2066666666666667,0.6286672254819782,0.6373279667051683,-0.00866074122319016,-1588.815671049148,3201.631342098296,3265.3899867433797,12,TRUE,TRUE,0,19,38974.752,4,3,0,-0.3,0.3,-0.3,0.3,0.4,0.4,6,5.035853468718834,-0.7979712293842082,-1.4925821305300957,0.6480702922069654,1.4925821305300957,1.4925821305300957,4,-0.75,-0.4828771728758839,0.2671228271241161,0.0375,0.03054550510923315,-0.00695449489076684,0.25,0.13495782494070024,-0.11504217505929976,5,7.842543840434593,2.842543840434593,1.5,1.155797601486054,-0.34420239851394596,0.8,0.914478575463212,0.11447857546321184,2.035853468718834,-0.7979712293842082,-1.1925821305300957,0.34807029220696545,1.0925821305300958,1.0925821305300958,-2,ok,CONVERGENCE: REL_REDUCTION_OF_F <= FACTR*EPSMCH,1588.8162;1e+12;1e+12;1588.815761;1e+12;1e+12;1588.815691;1e+12;1e+12;1588.816881;1e+12;1e+12;1589.415323;1e+12;1e+12;1588.820309;1e+12;1e+12;1588.815671;1e+12;1e+12;1589.413446;1e+12;1e+12;1589.415459;1e+12;1e+12;1588.819896;1e+12;1e+12;1590.562992;1e+12;1e+12;1588.827489;1e+12;1e+12;1588.826468;1e+12;1e+12
grid_n1500_est_r000_etaSrawm03_etaYrawp03_tau04_selCOMMON_nu6,grid_n1500,EST,26,1500,COMMON,308,0.20533333333333337,0.6361323155216285,0.6373279667051683,-0.00119565118353981,-1590.623974156564,3205.247948313128,3269.0065929582115,12,TRUE,TRUE,0,7,49600.991,4,3,0,-0.3,0.3,-0.3,0.3,0.4,0.4,6,5.242756717136279,-0.7756063575877626,-1.4925821305300957,1.0167302281331,1.4925821305300957,1.4925821305300957,4,-0.75,-0.5334074273449912,0.21659257265500875,0.0375,0.01393845730038494,-0.02356154269961505,0.25,0.18914951149202253,-0.06085048850797747,5,7.489960856280826,2.4899608562808258,1.5,1.6651570026539055,0.16515700265390554,0.8,0.7835806100031784,-0.01641938999682168,2.242756717136279,-0.7756063575877626,-1.1925821305300957,0.7167302281330998,1.0925821305300958,1.0925821305300958,-2,ok,CONVERGENCE: REL_REDUCTION_OF_F <= FACTR*EPSMCH,1590.626965;1e+12;1e+12;1590.624609;1e+12;1e+12;1590.623974;1e+12;1e+12;1590.650301;1e+12;1e+12;1590.982083;1e+12;1e+12;1590.624274;1e+12;1e+12;1590.624738;1e+12;1e+12;1590.987131;1e+12;1e+12;1590.975484;1e+12;1e+12;1590.63603;1e+12;1e+12;Inf;1e+12;1e+12;1590.635036;1e+12;1e+12;1590.626859;1e+12;1e+12
grid_n1500_est_r000_etaSrawm03_etaYrawp03_tau04_selCOMMON_nu6,grid_n1500,EST,27,1500,COMMON,352,0.23466666666666663,0.6342494714587738,0.6373279667051683,-0.00307849524639458,-1756.86159460454,3537.72318920908,3601.4818338541636,12,TRUE,TRUE,0,28,48887.266,4,3,0,-0.3,0.3,-0.3,0.3,0.4,0.4,6,3.909187717060198,-0.640955904809488,-1.4925821305300957,0.2954725834472339,1.467058097054892,1.467058097054892,4,-0.75,-0.4958540088129912,0.25414599118700876,0.0375,0.02788920866752258,-0.00961079133247741,0.25,0.3087015717399925,0.05870157173999252,5,6.862879524265916,1.8628795242659164,1.5,1.7361585496856895,0.2361585496856895,0.8,0.6945248647645664,-0.1054751352354336,0.909187717060198,-0.640955904809488,-1.1925821305300957,-0.00452741655276606,1.067058097054892,1.067058097054892,-2,ok,CONVERGENCE: REL_REDUCTION_OF_F <= FACTR*EPSMCH,1756.862033;1e+12;1e+12;1756.863563;1e+12;1e+12;1756.861829;1e+12;1e+12;1756.871275;1e+12;1e+12;1756.865356;1e+12;1e+12;1756.862307;1e+12;1e+12;1756.863697;1e+12;1e+12;1756.862297;1e+12;1e+12;1756.874717;1e+12;1e+12;1756.861595;1e+12;1e+12;1756.870568;1e+12;1e+12;1756.86295;1e+12;1e+12;1756.867641;1e+12;1e+12
grid_n1500_est_r000_etaSrawm03_etaYrawp03_tau04_selCOMMON_nu6,grid_n1500,EST,28,1500,COMMON,355,0.23666666666666664,0.6361323155216285,0.6373279667051683,-0.00119565118353981,-1773.2122353219806,3570.4244706439613,3634.183115289045,12,TRUE,TRUE,0,37,42385.11,4,3,0,-0.3,0.3,-0.3,0.3,0.4,0.4,6,4.484304252498365,0.7392221711649127,-1.4925821305300957,-0.40606903461365873,1.4925821305300957,1.4925821305300957,4,-0.75,-0.3682971307887465,0.3817028692112535,0.0375,0.02979005796063737,-0.00770994203936262,0.25,0.08684429173442726,-0.16315570826557274,5,4.065804750960437,-0.9341952490395632,1.5,1.325592043102783,-0.174407956897217,0.8,0.9131918407018376,0.11319184070183765,1.4843042524983652,0.7392221711649127,-1.1925821305300957,-0.7060690346136587,1.0925821305300958,1.0925821305300958,-2,ok,CONVERGENCE: REL_REDUCTION_OF_F <= FACTR*EPSMCH,1773.212282;1e+12;1e+12;1773.213031;1e+12;1e+12;1773.224327;1e+12;1e+12;1773.261261;1e+12;1e+12;1773.212288;1e+12;1e+12;1773.214383;1e+12;1e+12;1773.216404;1e+12;1e+12;1773.213861;1e+12;1e+12;1773.214798;1e+12;1e+12;1773.252331;1e+12;1e+12;1773.212242;1e+12;1e+12;1773.212695;1e+12;1e+12;1773.212235;1e+12;1e+12
grid_n1500_est_r000_etaSrawm03_etaYrawp03_tau04_selCOMMON_nu6,grid_n1500,EST,29,1500,COMMON,323,0.21533333333333332,0.6423982869379015,0.6373279667051683,0.00507032023273312,-1645.9104715369842,3315.8209430739685,3379.579587719052,12,TRUE,TRUE,0,19,54354.471,4,3,0,-0.3,0.3,-0.3,0.3,0.4,0.4,6,5.793351910765552,0.8565569245800555,-1.4925821305300957,-0.805977485286419,1.4925821305300957,1.4925821305300957,4,-0.75,-0.5022014782287287,0.2477985217712713,0.0375,0.00280194451131417,-0.03469805548868582,0.25,0.20710086468682112,-0.04289913531317888,5,3.0217685967783385,-1.9782314032216617,1.5,1.5409587988279203,0.0409587988279203,0.8,0.7231541968431496,-0.07684580315685041,2.793351910765552,0.8565569245800555,-1.1925821305300957,-1.105977485286419,1.0925821305300958,1.0925821305300958,-2,ok,CONVERGENCE: REL_REDUCTION_OF_F <= FACTR*EPSMCH,1645.912763;1e+12;1e+12;1645.913832;1e+12;1e+12;1645.910902;1e+12;1e+12;1645.914597;1e+12;1e+12;1646.207845;1e+12;1e+12;1645.913865;1e+12;1e+12;1645.910472;1e+12;1e+12;1646.207845;1e+12;1e+12;1646.208105;1e+12;1e+12;1645.92334;1e+12;1e+12;1646.209764;1e+12;1e+12;1645.910627;1e+12;1e+12;1645.92272;1e+12;1e+12
grid_n1500_est_r000_etaSrawm03_etaYrawp03_tau04_selCOMMON_nu6,grid_n1500,EST,30,1500,COMMON,304,0.20266666666666663,0.6513243595310465,0.6373279667051683,0.01399639282587816,-1564.992119309731,3153.984238619462,3217.7428832645455,12,TRUE,TRUE,0,19,42950.268,4,3,0,-0.3,0.3,-0.3,0.3,0.4,0.4,6,3.138568940346663,-0.32899507026075814,-1.482756133446094,0.33407594198542434,1.489347637762998,1.489347637762998,4,-0.75,-0.5060342606297664,0.2439657393702336,0.0375,0.01852549010557431,-0.01897450989442569,0.25,0.17630386221320665,-0.07369613778679335,5,5.8167127047089355,0.8167127047089355,1.5,1.4523416316677291,-0.04765836833227088,0.8,0.8671551841104255,0.06715518411042543,0.13856894034666345,-0.32899507026075814,-1.182756133446094,0.03407594198542435,1.089347637762998,1.089347637762998,-2,ok,CONVERGENCE: REL_REDUCTION_OF_F <= FACTR*EPSMCH,1565.000866;1e+12;1e+12;1564.996961;1e+12;1e+12;1564.996659;1e+12;1e+12;1564.995166;1e+12;1e+12;1565.214851;1e+12;1e+12;1565.008868;1e+12;1e+12;1564.992119;1e+12;1e+12;1565.217503;1e+12;1e+12;1565.214287;1e+12;1e+12;1564.992209;1e+12;1e+12;1565.217957;1e+12;1e+12;1565.001575;1e+12;1e+12;1564.999529;1e+12;1e+12
grid_n1500_est_r000_etaSrawm03_etaYrawp03_tau04_selCOMMON_nu6,grid_n1500,EST,31,1500,COMMON,312,0.208,0.6339814032121724,0.6373279667051683,-0.00334656349299589,-1587.3803732040938,3198.7607464081875,3262.519391053271,12,TRUE,TRUE,0,22,45563.323,4,3,0,-0.3,0.3,-0.3,0.3,0.4,0.4,6,2.864773522269472,0.3924376877406422,0.5176768277248863,-1.4925821305300957,1.4925821305300957,1.4925821305300957,4,-0.75,-1.1282080172334483,-0.3782080172334483,0.0375,0.04020618520019943,0.00270618520019943,0.25,0.2587560485428157,0.00875604854281569,5,4.854967404078941,-0.14503259592105877,1.5,1.58462857495171,0.08462857495170995,0.8,0.7898364562187954,-0.01016354378120465,-0.13522647773052787,0.3924376877406422,0.8176768277248863,-1.7925821305300955,1.0925821305300958,1.0925821305300958,-2,ok,CONVERGENCE: REL_REDUCTION_OF_F <= FACTR*EPSMCH,1587.385278;1e+12;1e+12;1587.38086;1e+12;1e+12;1587.396573;1e+12;1e+12;1587.755301;1e+12;1e+12;1587.381849;1e+12;1e+12;1587.380457;1e+12;1e+12;1587.760552;1e+12;1e+12;1587.380373;1e+12;1e+12;1587.382753;1e+12;1e+12;1587.754488;1e+12;1e+12;1587.382193;1e+12;1e+12;1587.384306;1e+12;1e+12;1587.381327;1e+12;1e+12
grid_n1500_est_r000_etaSrawm03_etaYrawp03_tau04_selCOMMON_nu6,grid_n1500,EST,32,1500,COMMON,349,0.23266666666666663,0.6553079947575361,0.6373279667051683,0.01798002805236775,-1756.54691313087,3537.09382626174,3600.852470906824,12,TRUE,TRUE,0,4,43200.673,4,3,0,-0.3,0.3,-0.3,0.3,0.4,0.4,6,5.7707167165080495,-0.8379394385872595,-1.4925821305300957,0.7745863389255147,1.4925821305300957,1.4925821305300957,4,-0.75,-0.463357652067062,0.28664234793293797,0.0375,0.02271221942023982,-0.01478778057976017,0.25,0.2181063987457276,-0.0318936012542724,5,8.407053888675295,3.4070538886752946,1.5,1.829593662700575,0.32959366270057533,0.8,0.6645665161635871,-0.13543348383641296,2.7707167165080495,-0.8379394385872595,-1.1925821305300957,0.47458633892551466,1.0925821305300958,1.0925821305300958,-2,ok,CONVERGENCE: REL_REDUCTION_OF_F <= FACTR*EPSMCH,1756.550785;1e+12;1e+12;1756.546913;1e+12;1e+12;1756.551736;1e+12;1e+12;1756.548125;1e+12;1e+12;1757.044232;1e+12;1e+12;1756.552032;1e+12;1e+12;1756.558753;1e+12;1e+12;1757.045091;1e+12;1e+12;1757.046364;1e+12;1e+12;1756.558316;1e+12;1e+12;1757.046167;1e+12;1e+12;1756.550453;1e+12;1e+12;Inf;1e+12;1e+12
grid_n1500_est_r000_etaSrawm03_etaYrawp03_tau04_selCOMMON_nu6,grid_n1500,EST,33,1500,COMMON,318,0.212,0.6487889273356401,0.6373279667051683,0.01146096063047175,-1601.4091563100758,3226.8183126201516,3290.5769572652353,12,TRUE,TRUE,0,25,48653.116,4,3,0,-0.3,0.3,-0.3,0.3,0.4,0.4,6,2.9400669472951395,-0.14749778229176452,-1.4925821305300957,0.5512889484519923,1.4925821305300957,1.4925821305300957,4,-0.75,-0.4964863669368057,0.25351363306319435,0.0375,0.03985023263729248,0.00235023263729248,0.25,0.18122062816511,-0.06877937183489,5,4.461879740898695,-0.538120259101305,1.5,1.6003131210683004,0.10031312106830036,0.8,1.1445732497269856,0.34457324972698555,-0.05993305270486049,-0.14749778229176452,-1.1925821305300957,0.2512889484519923,1.0925821305300958,1.0925821305300958,-2,ok,CONVERGENCE: REL_REDUCTION_OF_F <= FACTR*EPSMCH,1601.409166;1e+12;1e+12;1601.416014;1e+12;1e+12;1601.427298;1e+12;1e+12;1601.413652;1e+12;1e+12;1601.412313;1e+12;1e+12;1601.410351;1e+12;1e+12;1601.414278;1e+12;1e+12;1601.420141;1e+12;1e+12;1601.409156;1e+12;1e+12;1601.41183;1e+12;1e+12;1601.417548;1e+12;1e+12;1601.415497;1e+12;1e+12;1601.410342;1e+12;1e+12
grid_n1500_est_r000_etaSrawm03_etaYrawp03_tau04_selCOMMON_nu6,grid_n1500,EST,34,1500,COMMON,342,0.228,0.6573181419807187,0.6373279667051683,0.01999017527555036,-1722.9232354787223,3469.8464709574446,3533.6051156025283,12,TRUE,TRUE,0,34,54602.676,4,3,0,-0.3,0.3,-0.3,0.3,0.4,0.4,6,3.656162242865359,-0.4872339159218136,-1.4925821305300957,0.6041100250815528,1.4925821305300957,1.4925821305300957,4,-0.75,-0.4374138718719204,0.3125861281280796,0.0375,0.02922664680747544,-0.00827335319252456,0.25,0.14956856690489362,-0.10043143309510638,5,6.015864725683111,1.0158647256831106,1.5,1.506330399130137,0.00633039913013733,0.8,0.849062865661131,0.04906286566113094,0.6561622428653595,-0.4872339159218136,-1.1925821305300957,0.30411002508155277,1.0925821305300958,1.0925821305300958,-2,ok,CONVERGENCE: REL_REDUCTION_OF_F <= FACTR*EPSMCH,1722.932905;1e+12;1e+12;1722.946051;1e+12;1e+12;1722.923288;1e+12;1e+12;1722.932579;1e+12;1e+12;1722.927288;1e+12;1e+12;1722.936645;1e+12;1e+12;1722.925823;1e+12;1e+12;1722.923465;1e+12;1e+12;1722.925788;1e+12;1e+12;1722.925311;1e+12;1e+12;1723.100554;1e+12;1e+12;1722.923235;1e+12;1e+12;1722.933696;1e+12;1e+12
grid_n1500_est_r000_etaSrawm03_etaYrawp03_tau04_selCOMMON_nu6,grid_n1500,EST,35,1500,COMMON,372,0.248,0.6294586655476291,0.6373279667051683,-0.00786930115753925,-1814.078145867599,3652.156291735198,3715.9149363802817,12,TRUE,TRUE,0,16,43200.665,4,3,0,-0.3,0.3,-0.3,0.3,0.4,0.4,6,3.513781393760004,-0.44866199235513937,-1.477987711295658,0.7510472653894579,1.4780587221945076,1.4780587221945076,4,-0.75,-0.4261767441700054,0.3238232558299946,0.0375,0.03482974272687145,-0.00267025727312854,0.25,0.23268138532333357,-0.01731861467666642,5,5.91764725936578,0.91764725936578,1.5,1.6477799008510183,0.14777990085101833,0.8,0.5762134296682061,-0.22378657033179392,0.513781393760004,-0.44866199235513937,-1.177987711295658,0.4510472653894579,1.0780587221945075,1.0780587221945075,-2,ok,CONVERGENCE: REL_REDUCTION_OF_F <= FACTR*EPSMCH,1814.078542;1e+12;1e+12;1814.079445;1e+12;1e+12;1814.088576;1e+12;1e+12;1814.079493;1e+12;1e+12;1814.082876;1e+12;1e+12;1814.078146;1e+12;1e+12;1814.087226;1e+12;1e+12;1814.079189;1e+12;1e+12;1814.084135;1e+12;1e+12;1814.087329;1e+12;1e+12;1814.079224;1e+12;1e+12;1814.081035;1e+12;1e+12;Inf;1e+12;1e+12
grid_n1500_est_r000_etaSrawm03_etaYrawp03_tau04_selCOMMON_nu6,grid_n1500,EST,36,1500,COMMON,338,0.22533333333333333,0.6231823847112589,0.6373279667051683,-0.01414558199390947,-1726.4948401539907,3476.9896803079814,3540.748324953065,12,TRUE,TRUE,0,37,47819.288,4,3,0,-0.3,0.3,-0.3,0.3,0.4,0.4,6,5.000870491616319,-0.752605506964492,-1.077295537847765,0.8675439297874057,1.4925821305300957,1.4925821305300957,4,-0.75,-0.5843492061845006,0.1656507938154994,0.0375,0.04016754306201937,0.00266754306201937,0.25,0.17807699035767843,-0.07192300964232157,5,7.814029400452494,2.814029400452494,1.5,1.5243516826766932,0.02435168267669318,0.8,0.8343400544141367,0.03434005441413668,2.000870491616319,-0.752605506964492,-0.7772955378477653,0.5675439297874056,1.0925821305300958,1.0925821305300958,-2,ok,CONVERGENCE: REL_REDUCTION_OF_F <= FACTR*EPSMCH,1726.502579;1e+12;1e+12;1726.498941;1e+12;1e+12;1726.49596;1e+12;1e+12;1726.506947;1e+12;1e+12;1726.673157;1e+12;1e+12;1726.501279;1e+12;1e+12;1726.517587;1e+12;1e+12;1726.675539;1e+12;1e+12;1726.672548;1e+12;1e+12;1726.513807;1e+12;1e+12;1726.760509;1e+12;1e+12;Inf;1e+12;1e+12;1726.49484;1e+12;1e+12
grid_n1500_est_r000_etaSrawm03_etaYrawp03_tau04_selCOMMON_nu6,grid_n1500,EST,37,1500,COMMON,334,0.22266666666666668,0.6404782237403929,0.6373279667051683,0.00315025703522453,-1661.6733977470462,3347.3467954940925,3411.105440139176,12,TRUE,TRUE,0,19,47064.802,4,3,0,-0.3,0.3,-0.3,0.3,0.4,0.4,6,2.610447679164031,-0.02773337132846867,0.8041245314700844,1.4925821305300957,1.4925821305300957,1.4925821305300957,4,-0.75,-1.1690953409222595,-0.41909534092225953,0.0375,0.02771076823569405,-0.00978923176430594,0.25,0.3490331333870595,0.09903313338705948,5,5.4115582172370145,0.41155821723701447,1.5,1.4025872229041871,-0.09741277709581286,0.8,0.7751599296792958,-0.02484007032070423,-0.389552320835969,-0.02773337132846867,1.1041245314700845,1.1925821305300957,1.0925821305300958,1.0925821305300958,-2,ok,CONVERGENCE: REL_REDUCTION_OF_F <= FACTR*EPSMCH,1661.679491;1e+12;1e+12;1661.674805;1e+12;1e+12;1661.678457;1e+12;1e+12;1661.675409;1e+12;1e+12;1661.674707;1e+12;1e+12;1661.673452;1e+12;1e+12;1661.673398;1e+12;1e+12;1661.673642;1e+12;1e+12;1661.675958;1e+12;1e+12;1661.676234;1e+12;1e+12;1661.673704;1e+12;1e+12;1661.673464;1e+12;1e+12;1661.673554;1e+12;1e+12
grid_n1500_est_r000_etaSrawm03_etaYrawp03_tau04_selCOMMON_nu6,grid_n1500,EST,38,1500,COMMON,302,0.20133333333333336,0.6380263717566993,0.6373279667051683,6.984050515309592e-4,-1555.6256102265295,3135.251220453059,3199.0098650981427,12,TRUE,TRUE,0,13,43022.715,4,3,0,-0.3,0.3,-0.3,0.3,0.4,0.4,6,2.844809371480245,-0.17172935622056967,-1.4925821305300957,-0.09932018191940364,1.481795336617084,1.481795336617084,4,-0.75,-0.4356825224131351,0.31431747758686485,0.0375,0.02230018969660074,-0.01519981030339925,0.25,0.04366542559205364,-0.20633457440794636,5,6.134650219767072,1.1346502197670718,1.5,1.4213145338773752,-0.07868546612262484,0.8,0.7853619601625126,-0.01463803983748746,-0.15519062851975507,-0.17172935622056967,-1.1925821305300957,-0.39932018191940366,1.081795336617084,1.081795336617084,-2,ok,CONVERGENCE: REL_REDUCTION_OF_F <= FACTR*EPSMCH,1555.636513;1e+12;1e+12;1555.630064;1e+12;1e+12;1555.640296;1e+12;1e+12;1555.629929;1e+12;1e+12;1555.62561;1e+12;1e+12;1555.630246;1e+12;1e+12;1555.646593;1e+12;1e+12;1555.628568;1e+12;1e+12;1555.629742;1e+12;1e+12;1555.633401;1e+12;1e+12;1555.629338;1e+12;1e+12;1555.630488;1e+12;1e+12;1555.625869;1e+12;1e+12
grid_n1500_est_r000_etaSrawm03_etaYrawp03_tau04_selCOMMON_nu6,grid_n1500,EST,39,1500,COMMON,343,0.22866666666666663,0.6183017312448474,0.6373279667051683,-0.01902623546032089,-1738.4690415110847,3500.9380830221694,3564.696727667253,12,TRUE,TRUE,0,4,58763.67800000001,4,3,0,-0.3,0.3,-0.3,0.3,0.4,0.4,6,4.8011302742326185,-0.7461003104659377,-1.4925821305300957,0.5373312561718048,1.4868858869047357,1.4868858869047357,4,-0.75,-0.4378626285342831,0.31213737146571685,0.0375,0.03935960230900397,0.00185960230900397,0.25,0.17813050500360517,-0.07186949499639483,5,7.540303956341444,2.540303956341444,1.5,1.390920904893845,-0.1090790951061551,0.8,0.7795858945227048,-0.02041410547729527,1.8011302742326183,-0.7461003104659377,-1.1925821305300957,0.2373312561718048,1.0868858869047355,1.0868858869047355,-2,ok,CONVERGENCE: REL_REDUCTION_OF_F <= FACTR*EPSMCH,1738.469777;1e+12;1e+12;1738.469042;1e+12;1e+12;1738.491765;1e+12;1e+12;1738.472557;1e+12;1e+12;1738.469411;1e+12;1e+12;1738.474497;1e+12;1e+12;1738.469427;1e+12;1e+12;1738.472255;1e+12;1e+12;Inf;1e+12;1e+12;1738.470437;1e+12;1e+12;1739.073426;1e+12;1e+12;1738.472217;1e+12;1e+12;1738.474085;1e+12;1e+12
grid_n1500_est_r000_etaSrawm03_etaYrawp03_tau04_selCOMMON_nu6,grid_n1500,EST,40,1500,COMMON,322,0.21466666666666667,0.6369426751592356,0.6373279667051683,-3.8529154593269777e-4,-1636.0799467873926,3296.159893574785,3359.918538219869,12,TRUE,TRUE,0,7,49502.174,4,3,0,-0.3,0.3,-0.3,0.3,0.4,0.4,6,5.052989129217107,0.848564362399266,-1.4830918095341183,-0.25748268936799823,1.4925821305300957,1.4925821305300957,4,-0.75,-0.4951673848000848,0.2548326151999152,0.0375,0.01731028221689395,-0.02018971778310604,0.25,0.2138014004045285,-0.0361985995954715,5,2.5108457540460254,-2.4891542459539746,1.5,1.4477883091573995,-0.05221169084260047,0.8,0.8392934662791979,0.03929346627919783,2.0529891292171074,0.848564362399266,-1.1830918095341183,-0.5574826893679983,1.0925821305300958,1.0925821305300958,-2,ok,CONVERGENCE: REL_REDUCTION_OF_F <= FACTR*EPSMCH,1636.085952;1e+12;1e+12;1636.081727;1e+12;1e+12;1636.079947;1e+12;1e+12;1636.0998;1e+12;1e+12;1636.086945;1e+12;1e+12;1636.087911;1e+12;1e+12;1636.081186;1e+12;1e+12;1636.956977;1e+12;1e+12;1636.093396;1e+12;1e+12;1636.095443;1e+12;1e+12;1636.95854;1e+12;1e+12;1636.080439;1e+12;1e+12;1636.09331;1e+12;1e+12
grid_n1500_est_r000_etaSrawm03_etaYrawp03_tau04_selCOMMON_nu6,grid_n1500,EST,41,1500,COMMON,326,0.21733333333333332,0.6468305304010349,0.6373279667051683,0.00950256369586655,-1634.9413682573015,3293.882736514603,3357.6413811596867,12,TRUE,TRUE,0,13,41691.297,4,3,0,-0.3,0.3,-0.3,0.3,0.4,0.4,6,2.666838190161194,-0.10559716457284923,0.8700745069523532,1.4925821305300957,1.4925821305300957,1.4925821305300957,4,-0.75,-1.174755552458005,-0.4247555524580046,0.0375,0.05022757142907907,0.01272757142907907,0.25,0.2696962236767425,0.0196962236767425,5,5.286416829162457,0.2864168291624569,1.5,1.9348300283046116,0.4348300283046116,0.8,0.8976610745967842,0.0976610745967842,-0.33316180983880583,-0.10559716457284923,1.1700745069523533,1.1925821305300957,1.0925821305300958,1.0925821305300958,-2,ok,CONVERGENCE: REL_REDUCTION_OF_F <= FACTR*EPSMCH,1634.94174;1e+12;1e+12;1635.08;1e+12;1e+12;1634.95388;1e+12;1e+12;1635.080119;1e+12;1e+12;1634.941368;1e+12;1e+12;1635.080816;1e+12;1e+12;1635.083777;1e+12;1e+12;1634.94214;1e+12;1e+12;1634.945281;1e+12;1e+12;1635.080304;1e+12;1e+12;1635.259472;1e+12;1e+12;1634.94767;1e+12;1e+12;1635.093606;1e+12;1e+12
grid_n1500_est_r000_etaSrawm03_etaYrawp03_tau04_selCOMMON_nu6,grid_n1500,EST,42,1500,COMMON,348,0.232,0.6294586655476291,0.6373279667051683,-0.00786930115753925,-1754.9481919569798,3533.8963839139597,3597.6550285590433,12,TRUE,TRUE,0,13,46346.122,4,3,0,-0.3,0.3,-0.3,0.3,0.4,0.4,6,5.057183756827632,0.8114354475743676,-1.4925821305300957,-0.3348480882535928,1.4925796057535017,1.4925796057535017,4,-0.75,-0.418444687891189,0.331555312108811,0.0375,0.03996954701321754,0.00246954701321754,0.25,0.15135470803259046,-0.09864529196740954,5,2.3648733266924715,-2.6351266733075285,1.5,1.7790159646196222,0.2790159646196222,0.8,1.0985217374630851,0.2985217374630851,2.057183756827632,0.8114354475743676,-1.1925821305300957,-0.6348480882535927,1.092579605753501,1.092579605753501,-2,ok,CONVERGENCE: REL_REDUCTION_OF_F <= FACTR*EPSMCH,1754.955059;1e+12;1e+12;1754.949218;1e+12;1e+12;1754.961101;1e+12;1e+12;1754.951744;1e+12;1e+12;1754.948192;1e+12;1e+12;1754.969254;1e+12;1e+12;1754.956333;1e+12;1e+12;1754.958845;1e+12;1e+12;1754.956154;1e+12;1e+12;1754.9485;1e+12;1e+12;1755.346274;1e+12;1e+12;Inf;1e+12;1e+12;1754.962535;1e+12;1e+12
grid_n1500_est_r000_etaSrawm03_etaYrawp03_tau04_selCOMMON_nu6,grid_n1500,EST,43,1500,COMMON,348,0.232,0.6234413965087282,0.6373279667051683,-0.01388657019644012,-1715.6265533992794,3455.2531067985587,3519.0117514436424,12,TRUE,TRUE,0,16,43200.633,4,3,0,-0.3,0.3,-0.3,0.3,0.4,0.4,6,3.31331323943306,-0.4256645619042211,-1.4925821305300957,0.6012237175875762,1.4925821305300957,1.4925821305300957,4,-0.75,-0.48499481560547625,0.26500518439452375,0.0375,0.01585110461146646,-0.02164889538853354,0.25,0.26942596872037905,0.01942596872037905,5,6.249663790890177,1.249663790890177,1.5,1.58604322403268,0.08604322403268005,0.8,0.6228038407292974,-0.17719615927070265,0.31331323943306,-0.4256645619042211,-1.1925821305300957,0.3012237175875762,1.0925821305300958,1.0925821305300958,-2,ok,CONVERGENCE: REL_REDUCTION_OF_F <= FACTR*EPSMCH,1715.626556;1e+12;1e+12;1715.644069;1e+12;1e+12;1715.626596;1e+12;1e+12;1715.642632;1e+12;1e+12;1715.647692;1e+12;1e+12;1715.626553;1e+12;1e+12;1715.627027;1e+12;1e+12;1715.674553;1e+12;1e+12;1715.648316;1e+12;1e+12;1715.627509;1e+12;1e+12;1715.649679;1e+12;1e+12;1715.626687;1e+12;1e+12;Inf;1e+12;1e+12
grid_n1500_est_r000_etaSrawm03_etaYrawp03_tau04_selCOMMON_nu6,grid_n1500,EST,44,1500,COMMON,327,0.218,0.6334459459459459,0.6373279667051683,-0.00388202075922239,-1675.4462240449143,3374.8924480898286,3438.6510927349123,12,TRUE,TRUE,0,19,36955.149,4,3,0,-0.3,0.3,-0.3,0.3,0.4,0.4,6,6.223745886322549,0.9018326549865268,-1.4925821305300957,-0.23081019792448337,1.486916240166721,1.486916240166721,4,-0.75,-0.47384819254665406,0.27615180745334594,0.0375,0.02806208568227127,-0.00943791431772872,0.25,0.20164962936701583,-0.04835037063298414,5,1.662208240744777,-3.3377917592552233,1.5,1.55840283589285,0.058402835892850113,0.8,0.910818076498996,0.11081807649899587,3.2237458863225488,0.9018326549865268,-1.1925821305300957,-0.5308101979244834,1.0869162401667212,1.0869162401667212,-2,ok,CONVERGENCE: REL_REDUCTION_OF_F <= FACTR*EPSMCH,1675.465526;1e+12;1e+12;1675.460767;1e+12;1e+12;1675.458485;1e+12;1e+12;1675.449831;1e+12;1e+12;1676.61591;1e+12;1e+12;1675.452076;1e+12;1e+12;1675.446224;1e+12;1e+12;1676.614187;1e+12;1e+12;1675.452439;1e+12;1e+12;1675.451915;1e+12;1e+12;1676.73065;1e+12;1e+12;1675.452359;1e+12;1e+12;1675.452191;1e+12;1e+12
grid_n1500_est_r000_etaSrawm03_etaYrawp03_tau04_selCOMMON_nu6,grid_n1500,EST,45,1500,COMMON,329,0.21933333333333332,0.6410256410256411,0.6373279667051683,0.00369767432047274,-1688.4406384180168,3400.8812768360335,3464.639921481117,12,TRUE,TRUE,0,37,52844.113999999994,4,3,0,-0.3,0.3,-0.3,0.3,0.4,0.4,6,6.8375145633343,0.9041034887329712,-1.4925821305300957,-0.8075359238985913,1.4925821305300957,1.4925821305300957,4,-0.75,-0.46167535505992696,0.28832464494007304,0.0375,0.02698390085793254,-0.01051609914206745,0.25,0.14927248342381644,-0.10072751657618356,5,2.414235309245772,-2.585764690754228,1.5,1.5072357661207951,0.00723576612079512,0.8,0.6298554856540688,-0.17014451434593125,3.8375145633343,0.9041034887329712,-1.1925821305300957,-1.1075359238985911,1.0925821305300958,1.0925821305300958,-2,ok,CONVERGENCE: REL_REDUCTION_OF_F <= FACTR*EPSMCH,1688.442758;1e+12;1e+12;1688.441873;1e+12;1e+12;1688.440765;1e+12;1e+12;1688.44548;1e+12;1e+12;1688.828908;1e+12;1e+12;1688.440713;1e+12;1e+12;1688.443093;1e+12;1e+12;1691.49339;1e+12;1e+12;1688.440707;1e+12;1e+12;Inf;1e+12;1e+12;1691.491436;1e+12;1e+12;1688.44637;1e+12;1e+12;1688.440638;1e+12;1e+12
grid_n1500_est_r000_etaSrawm03_etaYrawp03_tau04_selCOMMON_nu6,grid_n1500,EST,46,1500,COMMON,318,0.212,0.628140703517588,0.6373279667051683,-0.00918726318758034,-1632.255543749592,3288.511087499184,3352.269732144268,12,TRUE,TRUE,0,37,50454.07,4,3,0,-0.3,0.3,-0.3,0.3,0.4,0.4,6,4.776662942025789,0.7454151211143136,-1.4925821305300957,-0.6139457352825777,1.4925821305300957,1.4925821305300957,4,-0.75,-0.5203650150100841,0.22963498498991583,0.0375,0.03682885200152296,-6.711479984770341e-4,0.25,0.23792762929225575,-0.01207237070774422,5,3.9504942303834447,-1.0495057696165553,1.5,1.3963543474187432,-0.1036456525812568,0.8,0.8063905458638233,0.00639054586382326,1.776662942025789,0.7454151211143136,-1.1925821305300957,-0.9139457352825776,1.0925821305300958,1.0925821305300958,-2,ok,CONVERGENCE: REL_REDUCTION_OF_F <= FACTR*EPSMCH,1632.258826;1e+12;1e+12;1632.272088;1e+12;1e+12;1632.255668;1e+12;1e+12;1632.26828;1e+12;1e+12;1632.261374;1e+12;1e+12;1632.266068;1e+12;1e+12;1632.25869;1e+12;1e+12;1632.256161;1e+12;1e+12;1632.263258;1e+12;1e+12;1632.255912;1e+12;1e+12;Inf;1e+12;1e+12;1632.256954;1e+12;1e+12;1632.255544;1e+12;1e+12
grid_n1500_est_r000_etaSrawm03_etaYrawp03_tau04_selCOMMON_nu6,grid_n1500,EST,47,1500,COMMON,301,0.20066666666666663,0.6471095772217429,0.6373279667051683,0.00978161051657455,-1567.0973414666014,3158.194682933203,3221.9533275782865,12,TRUE,TRUE,0,22,40438.843,4,3,0,-0.3,0.3,-0.3,0.3,0.4,0.4,6,3.134817462519254,-0.0848941061725533,-1.4925821305300957,-0.07556173479398111,1.4925821305300957,1.4925821305300957,4,-0.75,-0.5915385712401771,0.15846142875982294,0.0375,0.01439097960585966,-0.02310902039414033,0.25,0.30788643008206285,0.05788643008206284,5,5.942649184212036,0.942649184212036,1.5,1.3665892563073092,-0.1334107436926908,0.8,0.9156920258961444,0.11569202589614425,0.13481746251925397,-0.0848941061725533,-1.1925821305300957,-0.3755617347939811,1.0925821305300958,1.0925821305300958,-2,ok,CONVERGENCE: REL_REDUCTION_OF_F <= FACTR*EPSMCH,1567.098078;1e+12;1e+12;1567.108153;1e+12;1e+12;1567.103781;1e+12;1e+12;1567.099896;1e+12;1e+12;1567.412567;1e+12;1e+12;1567.101093;1e+12;1e+12;1567.097979;1e+12;1e+12;1567.097341;1e+12;1e+12;1567.097417;1e+12;1e+12;1567.098644;1e+12;1e+12;1567.099448;1e+12;1e+12;1567.111668;1e+12;1e+12;1567.110527;1e+12;1e+12
grid_n1500_est_r000_etaSrawm03_etaYrawp03_tau04_selCOMMON_nu6,grid_n1500,EST,48,1500,COMMON,354,0.236,0.6224066390041494,0.6373279667051683,-0.01492132770101895,-1758.1058413879991,3540.2116827759983,3603.970327421082,12,TRUE,TRUE,0,1,35426.94300000001,4,3,0,-0.3,0.3,-0.3,0.3,0.4,0.4,6,3.7934077453765207,0.6332836316297951,-1.4870893325650083,-0.3716998292832891,1.4925821305300957,1.4925821305300957,4,-0.75,-0.3741068631777404,0.3758931368222596,0.0375,0.02040443503450812,-0.01709556496549187,0.25,0.09237038462161884,-0.15762961537838116,5,4.074892061565086,-0.9251079384349143,1.5,1.528894913926039,0.02889491392603904,0.8,0.8024548565518363,0.0024548565518363,0.7934077453765207,0.6332836316297951,-1.1870893325650085,-0.6716998292832892,1.0925821305300958,1.0925821305300958,-2,ok,CONVERGENCE: REL_REDUCTION_OF_F <= FACTR*EPSMCH,1758.105841;1e+12;1e+12;1758.108497;1e+12;1e+12;1758.234724;1e+12;1e+12;1758.122359;1e+12;1e+12;1758.160648;1e+12;1e+12;1758.127428;1e+12;1e+12;1758.119455;1e+12;1e+12;1758.169545;1e+12;1e+12;1758.195187;1e+12;1e+12;1758.119227;1e+12;1e+12;1758.168141;1e+12;1e+12;1758.107654;1e+12;1e+12;1758.122362;1e+12;1e+12
grid_n1500_est_r000_etaSrawm03_etaYrawp03_tau04_selCOMMON_nu6,grid_n1500,EST,49,1500,COMMON,323,0.21533333333333332,0.6318449873631002,0.6373279667051683,-0.00548297934206809,-1613.1008798318912,3250.2017596637825,3313.960404308866,12,TRUE,TRUE,0,25,35023.153,4,3,0,-0.3,0.3,-0.3,0.3,0.4,0.4,6,2.2671092360709855,-0.04197892779090428,1.4925821305300957,1.4925821305300957,1.1308970324693215,1.1308970324693215,4,-0.75,-1.284413357604469,-0.534413357604469,0.0375,0.04820318989359109,0.01070318989359109,0.25,0.23473501614738512,-0.01526498385261487,5,5.282459041003474,0.28245904100347374,1.5,1.473517369223745,-0.02648263077625468,0.8,0.9055507414592502,0.10555074145925014,-0.7328907639290145,-0.04197892779090428,1.7925821305300955,1.1925821305300957,0.7308970324693215,0.7308970324693215,-2,ok,CONVERGENCE: REL_REDUCTION_OF_F <= FACTR*EPSMCH,1613.121117;1e+12;1e+12;1613.117269;1e+12;1e+12;1613.119708;1e+12;1e+12;1613.11737;1e+12;1e+12;1613.101074;1e+12;1e+12;1613.122305;1e+12;1e+12;1613.104969;1e+12;1e+12;1613.104913;1e+12;1e+12;1613.10088;1e+12;1e+12;1613.115308;1e+12;1e+12;1613.103645;1e+12;1e+12;1613.130539;1e+12;1e+12;1613.105453;1e+12;1e+12
grid_n1500_est_r000_etaSrawm03_etaYrawp03_tau04_selCOMMON_nu6,grid_n1500,EST,50,1500,COMMON,339,0.226,0.6284038542103059,0.6373279667051683,-0.00892411249486246,-1711.0013686034715,3446.0027372069435,3509.761381852027,12,TRUE,TRUE,0,7,43200.67,4,3,0,-0.3,0.3,-0.3,0.3,0.4,0.4,6,3.2464450456932,-0.203487552854046,-1.4925821305300957,0.6271693987033544,1.4925821305300957,1.4925821305300957,4,-0.75,-0.4611026508435976,0.28889734915640236,0.0375,0.0272588071649981,-0.01024119283500189,0.25,0.18465123964503888,-0.06534876035496112,5,5.191577913916768,0.1915779139167677,1.5,1.726205299961488,0.22620529996148783,0.8,0.6913685695297123,-0.10863143047028778,0.24644504569319992,-0.203487552854046,-1.1925821305300957,0.32716939870335443,1.0925821305300958,1.0925821305300958,-2,ok,CONVERGENCE: REL_REDUCTION_OF_F <= FACTR*EPSMCH,1711.016996;1e+12;1e+12;1711.004147;1e+12;1e+12;1711.001369;1e+12;1e+12;1711.003649;1e+12;1e+12;1711.274452;1e+12;1e+12;1711.002917;1e+12;1e+12;1711.002697;1e+12;1e+12;1711.256827;1e+12;1e+12;1711.260204;1e+12;1e+12;1711.026384;1e+12;1e+12;1711.256278;1e+12;1e+12;1711.021077;1e+12;1e+12;Inf;1e+12;1e+12
grid_n1500_est_r000_etaSrawm03_etaYrawp03_tau04_selCOMMON_nu6,grid_n1500,EST,51,1500,COMMON,342,0.228,0.6396588486140725,0.6373279667051683,0.00233088190890418,-1715.9565210035946,3455.9130420071892,3519.671686652273,12,TRUE,TRUE,0,19,43200.629,4,3,0,-0.3,0.3,-0.3,0.3,0.4,0.4,6,3.4558002462961848,0.4678915461690303,-1.4925821305300957,0.16783495419397207,1.4925821305300957,1.4925821305300957,4,-0.75,-0.4835740356319751,0.2664259643680249,0.0375,0.06364971785113874,0.02614971785113874,0.25,0.24409399425521497,-0.00590600574478505,5,3.7916639619958303,-1.2083360380041692,1.5,1.4874269371362618,-0.01257306286373816,0.8,0.9903694943909328,0.19036949439093287,0.4558002462961848,0.4678915461690303,-1.1925821305300957,-0.13216504580602792,1.0925821305300958,1.0925821305300958,-2,ok,CONVERGENCE: REL_REDUCTION_OF_F <= FACTR*EPSMCH,1715.97498;1e+12;1e+12;1715.963522;1e+12;1e+12;1715.965033;1e+12;1e+12;1715.957453;1e+12;1e+12;1715.964148;1e+12;1e+12;1715.960239;1e+12;1e+12;1715.956521;1e+12;1e+12;1715.963451;1e+12;1e+12;1715.959043;1e+12;1e+12;1715.965084;1e+12;1e+12;1715.958251;1e+12;1e+12;1715.966625;1e+12;1e+12;Inf;1e+12;1e+12
grid_n1500_est_r000_etaSrawm03_etaYrawp03_tau04_selCOMMON_nu6,grid_n1500,EST,52,1500,COMMON,300,0.2,0.6402048655569782,0.6373279667051683,0.00287689885180986,-1574.1564914086198,3172.3129828172396,3236.0716274623232,12,TRUE,TRUE,0,34,49033.446,4,3,0,-0.3,0.3,-0.3,0.3,0.4,0.4,6,1.9393939680724823,-0.2778044563346622,0.6286891214731671,0.3870467609928672,-1.4897275984771745,-1.4897275984771745,4,-0.75,-2.36959710807278,-1.6195971080727802,0.0375,0.04416259287707539,0.00666259287707539,0.25,0.46193051501142574,0.21193051501142576,5,6.5049453754877105,1.5049453754877105,1.5,1.6014948529257202,0.10149485292572023,0.8,0.8215535425309164,0.02155354253091634,-1.0606060319275177,-0.2778044563346622,0.9286891214731672,0.08704676099286718,-1.8897275984771744,-1.8897275984771744,-2,ok,CONVERGENCE: REL_REDUCTION_OF_F <= FACTR*EPSMCH,1574.159914;1e+12;1e+12;1574.158414;1e+12;1e+12;1574.160689;1e+12;1e+12;1574.158335;1e+12;1e+12;1574.156782;1e+12;1e+12;1574.157007;1e+12;1e+12;1574.157125;1e+12;1e+12;1574.159466;1e+12;1e+12;1574.160674;1e+12;1e+12;1574.157105;1e+12;1e+12;1574.16042;1e+12;1e+12;1574.156491;1e+12;1e+12;1574.159393;1e+12;1e+12
grid_n1500_est_r000_etaSrawm03_etaYrawp03_tau04_selCOMMON_nu6,grid_n1500,EST,53,1500,COMMON,324,0.216,0.6286672254819782,0.6373279667051683,-0.00866074122319016,-1663.036107815484,3350.072215630968,3413.8308602760517,12,TRUE,TRUE,0,7,46398.759000000005,4,3,0,-0.3,0.3,-0.3,0.3,0.4,0.4,6,2.7160587331550112,0.26237552074584475,1.4925821305300957,-1.4660111745173008,1.4925821305300957,1.4925821305300957,4,-0.75,-1.2257771189643891,-0.4757771189643891,0.0375,0.0544033849660381,0.0169033849660381,0.25,0.19534943222585976,-0.05465056777414023,5,4.646922623179239,-0.3530773768207611,1.5,1.5217841709650897,0.02178417096508966,0.8,0.8285861499993545,0.02858614999935449,-0.28394126684498877,0.26237552074584475,1.7925821305300955,-1.7660111745173008,1.0925821305300958,1.0925821305300958,-2,ok,CONVERGENCE: REL_REDUCTION_OF_F <= FACTR*EPSMCH,1663.036466;1e+12;1e+12;1663.036248;1e+12;1e+12;1663.036108;1e+12;1e+12;1663.036133;1e+12;1e+12;1663.036347;1e+12;1e+12;1663.041191;1e+12;1e+12;1663.037499;1e+12;1e+12;1663.038455;1e+12;1e+12;1663.044319;1e+12;1e+12;1663.038584;1e+12;1e+12;1663.04097;1e+12;1e+12;Inf;1e+12;1e+12;1663.036218;1e+12;1e+12
grid_n1500_est_r000_etaSrawm03_etaYrawp03_tau04_selCOMMON_nu6,grid_n1500,EST,54,1500,COMMON,319,0.21266666666666667,0.6221484861053505,0.6373279667051683,-0.01517948059981788,-1606.0094939246094,3236.018987849219,3299.7776324943025,12,TRUE,TRUE,0,31,46748.958,4,3,0,-0.3,0.3,-0.3,0.3,0.4,0.4,6,3.6866542856806146,-0.6440059402354176,-1.4925821305300957,0.42894321303121974,1.4925821305300957,1.4925821305300957,4,-0.75,-0.49427635192833386,0.25572364807166614,0.0375,0.02873225267256636,-0.00876774732743363,0.25,0.1987815757043642,-0.0512184242956358,5,7.1578949134377305,2.1578949134377305,1.5,1.1744696003630393,-0.32553039963696073,0.8,0.747518850274006,-0.05248114972599405,0.6866542856806146,-0.6440059402354176,-1.1925821305300957,0.12894321303121975,1.0925821305300958,1.0925821305300958,-2,ok,CONVERGENCE: REL_REDUCTION_OF_F <= FACTR*EPSMCH,1606.016796;1e+12;1e+12;1606.02297;1e+12;1e+12;1606.020473;1e+12;1e+12;1606.017081;1e+12;1e+12;1606.026387;1e+12;1e+12;1606.015268;1e+12;1e+12;1606.024524;1e+12;1e+12;1606.012283;1e+12;1e+12;1606.018463;1e+12;1e+12;1606.013273;1e+12;1e+12;1606.009494;1e+12;1e+12;Inf;1e+12;1e+12;1606.024963;1e+12;1e+12
grid_n1500_est_r000_etaSrawm03_etaYrawp03_tau04_selCOMMON_nu6,grid_n1500,EST,55,1500,COMMON,345,0.23,0.6476683937823834,0.6373279667051683,0.01034042707721505,-1714.038647374834,3452.077294749668,3515.8359393947517,12,TRUE,TRUE,0,37,28341.281,4,3,0,-0.3,0.3,-0.3,0.3,0.4,0.4,6,2.5548029345446928,0.14701497862287982,0.8928999670189448,1.3660650699336128,1.0128703164109412,1.0128703164109412,4,-0.75,-1.162986489925376,-0.4129864899253759,0.0375,0.00796863017163971,-0.02953136982836028,0.25,0.25798405725955725,0.00798405725955725,5,4.282146057762273,-0.7178539422377268,1.5,1.3549621971323649,-0.14503780286763512,0.8,0.8489173425057602,0.04891734250576018,-0.4451970654553072,0.14701497862287982,1.1928999670189449,1.0660650699336127,0.6128703164109411,0.6128703164109411,-2,ok,CONVERGENCE: REL_REDUCTION_OF_F <= FACTR*EPSMCH,1714.044367;1e+12;1e+12;1714.049741;1e+12;1e+12;1714.044534;1e+12;1e+12;1714.049452;1e+12;1e+12;1714.038954;1e+12;1e+12;1714.050864;1e+12;1e+12;1714.042907;1e+12;1e+12;1714.039081;1e+12;1e+12;1714.042931;1e+12;1e+12;1714.051469;1e+12;1e+12;1714.045454;1e+12;1e+12;1714.04783;1e+12;1e+12;1714.038647;1e+12;1e+12
grid_n1500_est_r000_etaSrawm03_etaYrawp03_tau04_selCOMMON_nu6,grid_n1500,EST,56,1500,COMMON,351,0.234,0.6504770164787511,0.6373279667051683,0.01314904977358277,-1746.726368303045,3517.45273660609,3581.2113812511743,12,TRUE,TRUE,0,7,42695.378,4,3,0,-0.3,0.3,-0.3,0.3,0.4,0.4,6,4.191474285454269,-0.695633796741703,-1.4925821305300957,0.3616759561004488,1.4925821305300957,1.4925821305300957,4,-0.75,-0.43594375394532486,0.31405624605467514,0.0375,0.0387871803353758,0.0012871803353758,0.25,0.1924180234774329,-0.05758197652256713,5,7.461779875801672,2.461779875801672,1.5,1.4929084926967502,-0.00709150730324981,0.8,0.6719592208922914,-0.1280407791077086,1.1914742854542686,-0.695633796741703,-1.1925821305300957,0.06167595610044885,1.0925821305300958,1.0925821305300958,-2,ok,CONVERGENCE: REL_REDUCTION_OF_F <= FACTR*EPSMCH,1746.728192;1e+12;1e+12;1746.729834;1e+12;1e+12;1746.726368;1e+12;1e+12;1746.73129;1e+12;1e+12;1746.728763;1e+12;1e+12;1746.734379;1e+12;1e+12;1746.742919;1e+12;1e+12;1747.910213;1e+12;1e+12;1747.519919;1e+12;1e+12;1746.726998;1e+12;1e+12;1747.911496;1e+12;1e+12;1746.726943;1e+12;1e+12;1746.726753;1e+12;1e+12
grid_n1500_est_r000_etaSrawm03_etaYrawp03_tau04_selCOMMON_nu6,grid_n1500,EST,57,1500,COMMON,352,0.23466666666666663,0.6391137622496804,0.6373279667051683,0.00178579554451208,-1776.7804678135842,3577.5609356271684,3641.319580272252,12,TRUE,TRUE,0,4,45375.91,4,3,0,-0.3,0.3,-0.3,0.3,0.4,0.4,6,2.907983564143958,-0.05439964383324072,-0.1416491181538962,0.5275471309801375,1.4925821305300957,1.4925821305300957,4,-0.75,-0.9117318623640208,-0.16173186236402082,0.0375,0.04740909444309015,0.00990909444309015,0.25,0.32643364531872127,0.07643364531872127,5,6.0019397140492385,1.0019397140492383,1.5,1.71214126234276,0.21214126234275987,0.8,0.6444505520250206,-0.1555494479749795,-0.09201643585604202,-0.05439964383324072,0.1583508818461038,0.2275471309801375,1.0925821305300958,1.0925821305300958,-2,ok,CONVERGENCE: REL_REDUCTION_OF_F <= FACTR*EPSMCH,1776.78885;1e+12;1e+12;1776.780468;1e+12;1e+12;1776.785427;1e+12;1e+12;1776.782246;1e+12;1e+12;1776.833387;1e+12;1e+12;1776.791528;1e+12;1e+12;1776.782869;1e+12;1e+12;1776.782143;1e+12;1e+12;1776.837879;1e+12;1e+12;1776.787784;1e+12;1e+12;1776.835813;1e+12;1e+12;1776.783578;1e+12;1e+12;1776.782031;1e+12;1e+12
grid_n1500_est_r000_etaSrawm03_etaYrawp03_tau04_selCOMMON_nu6,grid_n1500,EST,58,1500,COMMON,335,0.22333333333333333,0.6345177664974619,0.6373279667051683,-0.00281020020770639,-1682.3573302852492,3388.7146605704984,3452.473305215582,12,TRUE,TRUE,0,22,50095.802,4,3,0,-0.3,0.3,-0.3,0.3,0.4,0.4,6,3.49140447482663,-0.5513885159620306,-1.4925821305300957,0.19518110150998225,1.4925821305300957,1.4925821305300957,4,-0.75,-0.4607286081403452,0.2892713918596548,0.0375,0.0269856153027458,-0.01051438469725419,0.25,0.19640601413175143,-0.05359398586824854,5,7.21308466211916,2.21308466211916,1.5,1.573702148884431,0.07370214888443094,0.8,0.6773381071518132,-0.12266189284818683,0.49140447482663063,-0.5513885159620306,-1.1925821305300957,-0.10481889849001774,1.0925821305300958,1.0925821305300958,-2,ok,CONVERGENCE: REL_REDUCTION_OF_F <= FACTR*EPSMCH,1682.377215;1e+12;1e+12;1682.360704;1e+12;1e+12;1682.357506;1e+12;1e+12;1682.365406;1e+12;1e+12;1682.357373;1e+12;1e+12;1682.359451;1e+12;1e+12;1682.36495;1e+12;1e+12;1682.35733;1e+12;1e+12;1682.35832;1e+12;1e+12;1682.358706;1e+12;1e+12;1683.195699;1e+12;1e+12;1682.358789;1e+12;1e+12;1682.368505;1e+12;1e+12
grid_n1500_est_r000_etaSrawm03_etaYrawp03_tau04_selCOMMON_nu6,grid_n1500,EST,59,1500,COMMON,336,0.224,0.6369426751592356,0.6373279667051683,-3.8529154593269777e-4,-1687.3390284457796,3398.678056891559,3462.436701536643,12,TRUE,TRUE,0,37,40002.85,4,3,0,-0.3,0.3,-0.3,0.3,0.4,0.4,6,2.5565918232792684,-0.1876702931132233,0.975368220866772,1.2106949256881747,1.4925821305300957,1.4925821305300957,4,-0.75,-1.1647868378754676,-0.4147868378754675,0.0375,0.04230034405287385,0.00480034405287384,0.25,0.2805331078186418,0.03053310781864182,5,6.547906082807025,1.5479060828070246,1.5,1.4927652848202888,-0.00723471517971119,0.8,0.5976334519912401,-0.20236654800875997,-0.4434081767207316,-0.1876702931132233,1.275368220866772,0.9106949256881748,1.0925821305300958,1.0925821305300958,-2,ok,CONVERGENCE: REL_REDUCTION_OF_F <= FACTR*EPSMCH,1687.340477;1e+12;1e+12;1687.339043;1e+12;1e+12;1687.339672;1e+12;1e+12;1687.341727;1e+12;1e+12;1687.341598;1e+12;1e+12;1687.339321;1e+12;1e+12;1687.341437;1e+12;1e+12;1687.342375;1e+12;1e+12;1687.344343;1e+12;1e+12;1687.344188;1e+12;1e+12;1687.343787;1e+12;1e+12;1687.341408;1e+12;1e+12;1687.339028;1e+12;1e+12
grid_n1500_est_r000_etaSrawm03_etaYrawp03_tau04_selCOMMON_nu6,grid_n1500,EST,60,1500,COMMON,347,0.23133333333333336,0.6369426751592356,0.6373279667051683,-3.8529154593269777e-4,-1765.2246936966824,3554.4493873933648,3618.208032038448,12,TRUE,TRUE,0,16,43200.665,4,3,0,-0.3,0.3,-0.3,0.3,0.4,0.4,6,4.783014974489379,-0.6273066252496803,-1.4877843399652395,1.0157415229165765,1.4925821305300957,1.4925821305300957,4,-0.75,-0.4556166210549382,0.2943833789450618,0.0375,0.04097997474616032,0.00347997474616032,0.25,0.16336505240950647,-0.08663494759049353,5,6.152731775387671,1.152731775387671,1.5,1.4895277173866766,-0.01047228261332344,0.8,0.678916369481886,-0.121083630518114,1.7830149744893786,-0.6273066252496803,-1.1877843399652397,0.7157415229165762,1.0925821305300958,1.0925821305300958,-2,ok,CONVERGENCE: REL_REDUCTION_OF_F <= FACTR*EPSMCH,1765.225336;1e+12;1e+12;1765.226875;1e+12;1e+12;1765.232286;1e+12;1e+12;1765.225025;1e+12;1e+12;1765.505452;1e+12;1e+12;1765.224694;1e+12;1e+12;1765.232737;1e+12;1e+12;1765.509611;1e+12;1e+12;1765.239089;1e+12;1e+12;1765.234383;1e+12;1e+12;1765.517986;1e+12;1e+12;1765.228494;1e+12;1e+12;Inf;1e+12;1e+12
grid_n1500_est_r000_etaSrawm03_etaYrawp03_tau04_selCOMMON_nu6,grid_n1500,EST,61,1500,COMMON,339,0.226,0.6284038542103059,0.6373279667051683,-0.00892411249486246,-1716.1755878073852,3456.3511756147705,3520.109820259854,12,TRUE,TRUE,0,13,43200.653,4,3,0,-0.3,0.3,-0.3,0.3,0.4,0.4,6,5.573531455061865,-0.7927978517330275,-1.4925821305300957,1.031990486236976,0.00515184219529013,0.00515184219529013,4,-0.75,-0.2211033805602609,0.5288966194397391,0.0375,0.00365513367061663,-0.03384486632938336,0.25,0.3133739490512778,0.0633739490512778,5,4.84543763334633,-0.1545623666536704,1.5,1.4152268197011717,-0.08477318029882852,0.8,0.8657890544670424,0.06578905446704231,2.5735314550618646,-0.7927978517330275,-1.1925821305300957,0.7319904862369759,-0.3948481578047099,-0.3948481578047099,-2,ok,CONVERGENCE: REL_REDUCTION_OF_F <= FACTR*EPSMCH,1716.304577;1e+12;1e+12;1716.18027;1e+12;1e+12;1716.297007;1e+12;1e+12;1716.18257;1e+12;1e+12;1716.175588;1e+12;1e+12;1716.186245;1e+12;1e+12;1716.177947;1e+12;1e+12;1716.186203;1e+12;1e+12;1716.296608;1e+12;1e+12;1716.178513;1e+12;1e+12;1716.296152;1e+12;1e+12;1716.181384;1e+12;1e+12;Inf;1e+12;1e+12
grid_n1500_est_r000_etaSrawm03_etaYrawp03_tau04_selCOMMON_nu6,grid_n1500,EST,62,1500,COMMON,368,0.24533333333333332,0.6172839506172839,0.6373279667051683,-0.02004401608788442,-1804.9761965986704,3633.952393197341,3697.711037842424,12,TRUE,TRUE,0,31,38112.607,4,3,0,-0.3,0.3,-0.3,0.3,0.4,0.4,6,2.334182283220291,0.21380844708324984,1.465811636814419,0.7256727781136311,1.4925821305300957,1.4925821305300957,4,-0.75,-1.1284170653246597,-0.3784170653246597,0.0375,0.01571075046490396,-0.02178924953509603,0.25,0.26685528189444147,0.01685528189444146,5,4.954952298391154,-0.04504770160884597,1.5,1.527858753558226,0.02785875355822598,0.8,0.6823703654440565,-0.11762963455594357,-0.665817716779709,0.21380844708324984,1.765811636814419,0.4256727781136311,1.0925821305300958,1.0925821305300958,-2,ok,CONVERGENCE: REL_REDUCTION_OF_F <= FACTR*EPSMCH,1805.025636;1e+12;1e+12;1805.025348;1e+12;1e+12;1805.022312;1e+12;1e+12;1805.025053;1e+12;1e+12;1804.97663;1e+12;1e+12;1805.026063;1e+12;1e+12;1805.018373;1e+12;1e+12;1804.988;1e+12;1e+12;1805.062594;1e+12;1e+12;1805.066891;1e+12;1e+12;1804.976197;1e+12;1e+12;1805.025793;1e+12;1e+12;1805.019992;1e+12;1e+12
grid_n1500_est_r000_etaSrawm03_etaYrawp03_tau04_selCOMMON_nu6,grid_n1500,EST,63,1500,COMMON,337,0.22466666666666665,0.6388415672913118,0.6373279667051683,0.00151360058614347,-1713.5525981163694,3451.1051962327388,3514.8638408778224,12,TRUE,TRUE,0,7,36242.575,4,3,0,-0.3,0.3,-0.3,0.3,0.4,0.4,6,2.9215516918365636,0.2954240575203658,1.3045390005215711,-1.4925821305300957,1.4925821305300957,1.4925821305300957,4,-0.75,-1.2437548799631573,-0.49375487996315726,0.0375,0.06357404314837937,0.02607404314837937,0.25,0.3221187148728845,0.07211871487288452,5,3.8255444543181394,-1.1744555456818606,1.5,1.4614941876044616,-0.03850581239553841,0.8,1.0171155840464254,0.2171155840464254,-0.0784483081634364,0.2954240575203658,1.6045390005215712,-1.7925821305300955,1.0925821305300958,1.0925821305300958,-2,ok,CONVERGENCE: REL_REDUCTION_OF_F <= FACTR*EPSMCH,1713.574331;1e+12;1e+12;1713.569465;1e+12;1e+12;1713.552598;1e+12;1e+12;1713.575743;1e+12;1e+12;1713.582496;1e+12;1e+12;1713.562458;1e+12;1e+12;1713.552602;1e+12;1e+12;1713.557537;1e+12;1e+12;1713.583199;1e+12;1e+12;1713.574845;1e+12;1e+12;1713.570875;1e+12;1e+12;1713.574608;1e+12;1e+12;1713.555487;1e+12;1e+12
grid_n1500_est_r000_etaSrawm03_etaYrawp03_tau04_selCOMMON_nu6,grid_n1500,EST,64,1500,COMMON,318,0.212,0.6278777731268314,0.6373279667051683,-0.00945019357833698,-1636.0469224497324,3296.093844899465,3359.8524895445485,12,TRUE,TRUE,0,10,38462.286,4,3,0,-0.3,0.3,-0.3,0.3,0.4,0.4,6,2.614072812453096,-0.0204551000354542,1.3577016125925576,1.4925821305300957,1.4925821305300957,1.4925821305300957,4,-0.75,-1.2230434712439615,-0.4730434712439615,0.0375,0.03080325624921755,-0.00669674375078244,0.25,0.2122790056689204,-0.03772099433107959,5,5.934800734540803,0.9348007345408034,1.5,1.3239789704390366,-0.17602102956096344,0.8,0.5067848968875752,-0.2932151031124248,-0.3859271875469039,-0.0204551000354542,1.6577016125925577,1.1925821305300957,1.0925821305300958,1.0925821305300958,-2,ok,CONVERGENCE: REL_REDUCTION_OF_F <= FACTR*EPSMCH,1636.048013;1e+12;1e+12;1636.048711;1e+12;1e+12;1636.052402;1e+12;1e+12;1636.046922;1e+12;1e+12;1636.055004;1e+12;1e+12;1636.048906;1e+12;1e+12;1636.055259;1e+12;1e+12;1636.055661;1e+12;1e+12;1636.060401;1e+12;1e+12;1636.050812;1e+12;1e+12;1636.064491;1e+12;1e+12;1636.049013;1e+12;1e+12;1636.052991;1e+12;1e+12
grid_n1500_est_r000_etaSrawm03_etaYrawp03_tau04_selCOMMON_nu6,grid_n1500,EST,65,1500,COMMON,320,0.21333333333333335,0.637213254035684,0.6373279667051683,-1.1471266948437364e-4,-1606.443525518028,3236.8870510360557,3300.6456956811394,12,TRUE,TRUE,0,37,33273.178,4,3,0,-0.3,0.3,-0.3,0.3,0.4,0.4,6,3.626031330453532,-0.6288020139590622,-1.4925821305300957,0.4361479724103059,1.4924023106165434,1.4924023106165434,4,-0.75,-0.5018102388762129,0.2481897611237871,0.0375,0.02226081423824026,-0.01523918576175973,0.25,0.2200404395545239,-0.02995956044547609,5,6.516372727843483,1.5163727278434829,1.5,1.3901300265224013,-0.10986997347759876,0.8,0.7957635427962694,-0.00423645720373067,0.6260313304535319,-0.6288020139590622,-1.1925821305300957,0.13614797241030596,1.0924023106165437,1.0924023106165437,-2,ok,CONVERGENCE: REL_REDUCTION_OF_F <= FACTR*EPSMCH,1606.446621;1e+12;1e+12;1606.444392;1e+12;1e+12;1606.451468;1e+12;1e+12;1606.443562;1e+12;1e+12;1607.16787;1e+12;1e+12;1606.444017;1e+12;1e+12;1606.445924;1e+12;1e+12;1607.177274;1e+12;1e+12;1607.164559;1e+12;1e+12;1606.447287;1e+12;1e+12;1607.167265;1e+12;1e+12;1606.445693;1e+12;1e+12;1606.443526;1e+12;1e+12
grid_n1500_est_r000_etaSrawm03_etaYrawp03_tau04_selCOMMON_nu6,grid_n1500,EST,66,1500,COMMON,323,0.21533333333333332,0.6162695152013147,0.6373279667051683,-0.02105845150385366,-1644.771488094697,3313.542976189394,3377.301620834477,12,TRUE,TRUE,0,28,47753.057,4,3,0,-0.3,0.3,-0.3,0.3,0.4,0.4,6,2.75818680583387,-0.37999878736276776,-1.4652547560209903,0.24823467149972248,-1.47858713985506,-1.47858713985506,4,-0.75,0.4312605552200267,1.1812605552200268,0.0375,0.02865196368105246,-0.00884803631894753,0.25,0.29899565721256954,0.04899565721256954,5,3.464933747522254,-1.535066252477746,1.5,1.548480134527552,0.04848013452755206,0.8,1.17993509512163,0.3799350951216298,-0.2418131941661299,-0.37999878736276776,-1.1652547560209905,-0.05176532850027751,-1.87858713985506,-1.87858713985506,-2,ok,CONVERGENCE: REL_REDUCTION_OF_F <= FACTR*EPSMCH,1644.772405;1e+12;1e+12;1644.777209;1e+12;1e+12;1644.77561;1e+12;1e+12;1644.774778;1e+12;1e+12;1644.775156;1e+12;1e+12;1644.780839;1e+12;1e+12;1644.773563;1e+12;1e+12;1644.774618;1e+12;1e+12;1644.772587;1e+12;1e+12;1644.771488;1e+12;1e+12;1645.055794;1e+12;1e+12;Inf;1e+12;1e+12;1644.772758;1e+12;1e+12
grid_n1500_est_r000_etaSrawm03_etaYrawp03_tau04_selCOMMON_nu6,grid_n1500,EST,67,1500,COMMON,317,0.21133333333333337,0.6265664160401002,0.6373279667051683,-0.01076155066506812,-1618.7359497752848,3261.4718995505696,3325.2305441956532,12,TRUE,TRUE,0,22,42733.615,4,3,0,-0.3,0.3,-0.3,0.3,0.4,0.4,6,3.0898194757145623,-0.13109587487483598,-1.4925821305300957,0.31848929259840714,1.4925821305300957,1.4925821305300957,4,-0.75,-0.46969334225113946,0.28030665774886054,0.0375,0.04314312403671718,0.00564312403671718,0.25,0.14671444802300831,-0.10328555197699169,5,5.084008819602404,0.08400881960240358,1.5,1.5695624856169683,0.06956248561696832,0.8,0.9321418039334805,0.1321418039334804,0.08981947571456228,-0.13109587487483598,-1.1925821305300957,0.01848929259840714,1.0925821305300958,1.0925821305300958,-2,ok,CONVERGENCE: REL_REDUCTION_OF_F <= FACTR*EPSMCH,1618.738632;1e+12;1e+12;1618.742145;1e+12;1e+12;1618.746479;1e+12;1e+12;1618.740914;1e+12;1e+12;1618.736723;1e+12;1e+12;1618.740362;1e+12;1e+12;1618.737498;1e+12;1e+12;1618.73595;1e+12;1e+12;1619.575946;1e+12;1e+12;1618.736837;1e+12;1e+12;1618.737551;1e+12;1e+12;1618.736924;1e+12;1e+12;1618.738412;1e+12;1e+12
grid_n1500_est_r000_etaSrawm03_etaYrawp03_tau04_selCOMMON_nu6,grid_n1500,EST,68,1500,COMMON,326,0.21733333333333332,0.6399317406143344,0.6373279667051683,0.0026037739091661,-1681.5853623161952,3387.1707246323904,3450.929369277474,12,TRUE,TRUE,0,37,42227.708,4,3,0,-0.3,0.3,-0.3,0.3,0.4,0.4,6,4.276525538885198,0.7407701486190961,-1.477651496452805,0.3687190274878858,1.4799820107457318,1.4799820107457318,4,-0.75,-0.47357657626061983,0.27642342373938017,0.0375,0.02233242304632368,-0.01516757695367631,0.25,0.1863276218259888,-0.06367237817401122,5,2.345869172045142,-2.654130827954858,1.5,1.7272625815117382,0.22726258151173817,0.8,0.8384174163855543,0.03841741638555429,1.2765255388851982,0.7407701486190961,-1.1776514964528049,0.06871902748788583,1.0799820107457316,1.0799820107457316,-2,ok,CONVERGENCE: REL_REDUCTION_OF_F <= FACTR*EPSMCH,1681.586565;1e+12;1e+12;1681.588245;1e+12;1e+12;1681.587352;1e+12;1e+12;1681.59015;1e+12;1e+12;1681.933216;1e+12;1e+12;1681.597698;1e+12;1e+12;1681.592405;1e+12;1e+12;1681.933064;1e+12;1e+12;1681.588195;1e+12;1e+12;1681.59695;1e+12;1e+12;1682.313208;1e+12;1e+12;1681.587575;1e+12;1e+12;1681.585362;1e+12;1e+12
grid_n1500_est_r000_etaSrawm03_etaYrawp03_tau04_selCOMMON_nu6,grid_n1500,EST,69,1500,COMMON,338,0.22533333333333333,0.6535947712418301,0.6373279667051683,0.01626680453666174,-1703.0162982356885,3430.032596471377,3493.7912411164607,12,TRUE,TRUE,0,25,46943.404,4,3,0,-0.3,0.3,-0.3,0.3,0.4,0.4,6,2.965768045057584,-0.1617330522850885,0.4682456097809153,1.4925821305300957,1.4925821305300957,1.4925821305300957,4,-0.75,-1.106139957626895,-0.3561399576268953,0.0375,0.04317541251820446,0.00567541251820446,0.25,0.34788282233095547,0.09788282233095548,5,6.30205457497388,1.30205457497388,1.5,1.4519495512316922,-0.04805044876830777,0.8,0.4854341613428707,-0.3145658386571293,-0.03423195494241593,-0.1617330522850885,0.7682456097809153,1.1925821305300957,1.0925821305300958,1.0925821305300958,-2,ok,CONVERGENCE: REL_REDUCTION_OF_F <= FACTR*EPSMCH,1703.020006;1e+12;1e+12;1703.023474;1e+12;1e+12;1703.032702;1e+12;1e+12;1703.02014;1e+12;1e+12;1703.018791;1e+12;1e+12;1703.01651;1e+12;1e+12;1703.018969;1e+12;1e+12;1703.019199;1e+12;1e+12;1703.016298;1e+12;1e+12;1703.02027;1e+12;1e+12;1703.016816;1e+12;1e+12;Inf;1e+12;1e+12;1703.017236;1e+12;1e+12
grid_n1500_est_r000_etaSrawm03_etaYrawp03_tau04_selCOMMON_nu6,grid_n1500,EST,70,1500,COMMON,338,0.22533333333333333,0.6185567010309279,0.6373279667051683,-0.01877126567424047,-1700.374293784903,3424.7485875698067,3488.5072322148903,12,TRUE,TRUE,0,25,37020.465,4,3,0,-0.3,0.3,-0.3,0.3,0.4,0.4,6,3.6438048538976417,0.564517660578912,-1.4925821305300957,-0.26239101772663675,1.4925821305300957,1.4925821305300957,4,-0.75,-0.4363239724236494,0.3136760275763506,0.0375,0.03793484944676337,4.3484944676337733e-4,0.25,0.14511859168519764,-0.10488140831480236,5,4.092756893563204,-0.9072431064367956,1.5,1.3617424640806526,-0.13825753591934742,0.8,1.071694816358266,0.271694816358266,0.6438048538976417,0.564517660578912,-1.1925821305300957,-0.5623910177266367,1.0925821305300958,1.0925821305300958,-2,ok,CONVERGENCE: REL_REDUCTION_OF_F <= FACTR*EPSMCH,1700.396314;1e+12;1e+12;1700.376421;1e+12;1e+12;1700.380342;1e+12;1e+12;1700.376016;1e+12;1e+12;1700.385347;1e+12;1e+12;1700.389218;1e+12;1e+12;1700.385974;1e+12;1e+12;1700.389644;1e+12;1e+12;1700.374294;1e+12;1e+12;1700.376553;1e+12;1e+12;1700.37839;1e+12;1e+12;1700.380382;1e+12;1e+12;1700.381667;1e+12;1e+12
grid_n1500_est_r000_etaSrawm03_etaYrawp03_tau04_selCOMMON_nu6,grid_n1500,EST,71,1500,COMMON,313,0.20866666666666667,0.6255212677231026,0.6373279667051683,-0.01180669898206576,-1583.9264290114495,3191.852858022899,3255.6115026679827,12,TRUE,TRUE,0,10,43200.670000000006,4,3,0,-0.3,0.3,-0.3,0.3,0.4,0.4,6,3.065945074480586,0.3900034706993521,-1.4925821305300957,0.10541735621181691,1.4903786421994687,1.4903786421994687,4,-0.75,-0.5021258628221649,0.24787413717783513,0.0375,0.05144192931397339,0.01394192931397339,0.25,0.18956978361669996,-0.06043021638330004,5,4.4370448828411,-0.5629551171589,1.5,1.3272401921975343,-0.17275980780246547,0.8,0.9135233622923642,0.11352336229236416,0.06594507448058584,0.3900034706993521,-1.1925821305300957,-0.19458264378818307,1.0903786421994686,1.0903786421994686,-2,ok,CONVERGENCE: REL_REDUCTION_OF_F <= FACTR*EPSMCH,1583.931688;1e+12;1e+12;1583.935505;1e+12;1e+12;1583.936927;1e+12;1e+12;1583.926429;1e+12;1e+12;1583.927035;1e+12;1e+12;1583.928024;1e+12;1e+12;1583.927797;1e+12;1e+12;1583.929312;1e+12;1e+12;1583.939694;1e+12;1e+12;1583.929731;1e+12;1e+12;1583.926733;1e+12;1e+12;1583.928984;1e+12;1e+12;Inf;1e+12;1e+12
grid_n1500_est_r000_etaSrawm03_etaYrawp03_tau04_selCOMMON_nu6,grid_n1500,EST,72,1500,COMMON,339,0.226,0.6385696040868455,0.6373279667051683,0.00124163738167715,-1712.6445824207583,3449.2891648415166,3513.0478094866003,12,TRUE,TRUE,0,28,46798.77,4,3,0,-0.3,0.3,-0.3,0.3,0.4,0.4,6,2.466462209622131,-0.07270784338508451,1.4925821305300957,1.053289129158414,1.4925821305300957,1.4925821305300957,4,-0.75,-1.2255519485340751,-0.4755519485340751,0.0375,0.0263908246416655,-0.01110917535833449,0.25,0.2989261802164979,0.04892618021649791,5,6.083664554110486,1.083664554110486,1.5,1.5994100051853253,0.09941000518532528,0.8,0.7646405497178931,-0.03535945028210696,-0.5335377903778689,-0.07270784338508451,1.7925821305300955,0.7532891291584141,1.0925821305300958,1.0925821305300958,-2,ok,CONVERGENCE: REL_REDUCTION_OF_F <= FACTR*EPSMCH,1712.650965;1e+12;1e+12;1712.725766;1e+12;1e+12;1712.648314;1e+12;1e+12;1712.648238;1e+12;1e+12;1712.646515;1e+12;1e+12;1712.644593;1e+12;1e+12;1712.646956;1e+12;1e+12;1712.646255;1e+12;1e+12;1712.646077;1e+12;1e+12;1712.644582;1e+12;1e+12;1712.646241;1e+12;1e+12;Inf;1e+12;1e+12;1712.645112;1e+12;1e+12
grid_n1500_est_r000_etaSrawm03_etaYrawp03_tau04_selCOMMON_nu6,grid_n1500,EST,73,1500,COMMON,323,0.21533333333333332,0.6561679790026247,0.6373279667051683,0.01884001229745635,-1624.812378709492,3273.624757418984,3337.383402064068,12,TRUE,TRUE,0,25,46839.246,4,3,0,-0.3,0.3,-0.3,0.3,0.4,0.4,6,2.4747215215289464,0.3618850275701782,1.4534187848664974,-1.4925821305300957,1.4925821305300957,1.4925821305300957,4,-0.75,-1.2350707824490963,-0.4850707824490965,0.0375,0.03308331868834423,-0.00441668131165576,0.25,0.23345206262104015,-0.01654793737895982,5,4.828784957710212,-0.1712150422897878,1.5,1.8321214755645527,0.33212147556455274,0.8,0.6260300408318624,-0.17396995916813762,-0.5252784784710536,0.3618850275701782,1.7534187848664975,-1.7925821305300955,1.0925821305300958,1.0925821305300958,-2,ok,CONVERGENCE: REL_REDUCTION_OF_F <= FACTR*EPSMCH,1624.813161;1e+12;1e+12;1624.970535;1e+12;1e+12;1624.815496;1e+12;1e+12;1624.973926;1e+12;1e+12;1624.816958;1e+12;1e+12;1624.973546;1e+12;1e+12;1624.972851;1e+12;1e+12;1624.81326;1e+12;1e+12;1624.812379;1e+12;1e+12;1624.973603;1e+12;1e+12;1624.812919;1e+12;1e+12;1624.812433;1e+12;1e+12;1624.969781;1e+12;1e+12
grid_n1500_est_r000_etaSrawm03_etaYrawp03_tau04_selCOMMON_nu6,grid_n1500,EST,74,1500,COMMON,343,0.22866666666666663,0.6402048655569782,0.6373279667051683,0.00287689885180986,-1718.0810849473403,3460.1621698946806,3523.9208145397643,12,TRUE,TRUE,0,37,47643.974,4,3,0,-0.3,0.3,-0.3,0.3,0.4,0.4,6,4.100647039402931,-0.6750103911875212,-0.5007027415479561,1.4924749529317205,1.4925821305300957,1.4925821305300957,4,-0.75,-0.7904029844414168,-0.04040298444141677,0.0375,0.04935391942756571,0.01185391942756571,0.25,0.20681544149582284,-0.04318455850417715,5,7.885119640327225,2.885119640327225,1.5,1.3742326124623052,-0.1257673875376948,0.8,0.8525960540794075,0.05259605407940748,1.100647039402931,-0.6750103911875212,-0.20070274154795617,1.1924749529317205,1.0925821305300958,1.0925821305300958,-2,ok,CONVERGENCE: REL_REDUCTION_OF_F <= FACTR*EPSMCH,1718.083858;1e+12;1e+12;1718.087355;1e+12;1e+12;1718.083649;1e+12;1e+12;1718.083559;1e+12;1e+12;1718.081684;1e+12;1e+12;1718.087139;1e+12;1e+12;1718.081175;1e+12;1e+12;1718.085463;1e+12;1e+12;1718.082292;1e+12;1e+12;1718.086867;1e+12;1e+12;1718.083419;1e+12;1e+12;Inf;1e+12;1e+12;1718.081085;1e+12;1e+12
grid_n1500_est_r000_etaSrawm03_etaYrawp03_tau04_selCOMMON_nu6,grid_n1500,EST,75,1500,COMMON,321,0.214,0.6286672254819782,0.6373279667051683,-0.00866074122319016,-1633.002380952212,3290.004761904424,3353.7634065495076,12,TRUE,TRUE,0,1,49020.279,4,3,0,-0.3,0.3,-0.3,0.3,0.4,0.4,6,4.434954944460164,-0.645985657980356,-1.4824031295524007,0.98056343245942,1.4925821305300957,1.4925821305300957,4,-0.75,-0.5255790240825962,0.22442097591740384,0.0375,0.04426463826230777,0.00676463826230777,0.25,0.19939190289380912,-0.05060809710619088,5,6.426793131267021,1.4267931312670212,1.5,1.5204400161904084,0.02044001619040836,0.8,0.608168519921302,-0.191831480078698,1.4349549444601637,-0.645985657980356,-1.182403129552401,0.6805634324594199,1.0925821305300958,1.0925821305300958,-2,ok,CONVERGENCE: REL_REDUCTION_OF_F <= FACTR*EPSMCH,1633.002381;1e+12;1e+12;1633.007913;1e+12;1e+12;1633.015691;1e+12;1e+12;1633.005115;1e+12;1e+12;1633.154304;1e+12;1e+12;1633.002982;1e+12;1e+12;1633.003948;1e+12;1e+12;1633.160074;1e+12;1e+12;1633.161799;1e+12;1e+12;1633.008999;1e+12;1e+12;1633.157953;1e+12;1e+12;1633.009264;1e+12;1e+12;1633.011521;1e+12;1e+12
grid_n1500_est_r000_etaSrawm03_etaYrawp03_tau04_selCOMMON_nu6,grid_n1500,EST,76,1500,COMMON,322,0.21466666666666667,0.6270903010033445,0.6373279667051683,-0.01023766570182382,-1631.8886411154838,3287.7772822309676,3351.5359268760512,12,TRUE,TRUE,0,37,51541.117,4,3,0,-0.3,0.3,-0.3,0.3,0.4,0.4,6,5.421336786988465,-0.8334193364408384,-1.4925821305300957,0.7697037094749414,1.4925821305300957,1.4925821305300957,4,-0.75,-0.480638953263603,0.269361046736397,0.0375,0.03997979596992288,0.00247979596992288,0.25,0.16211604688259107,-0.08788395311740893,5,8.676170043917308,3.676170043917308,1.5,1.3845710068753556,-0.1154289931246444,0.8,0.7733356363954592,-0.02666436360454083,2.4213367869884648,-0.8334193364408384,-1.1925821305300957,0.4697037094749414,1.0925821305300958,1.0925821305300958,-2,ok,CONVERGENCE: REL_REDUCTION_OF_F <= FACTR*EPSMCH,1631.890486;1e+12;1e+12;1631.897963;1e+12;1e+12;1631.893092;1e+12;1e+12;1631.888937;1e+12;1e+12;1632.367243;1e+12;1e+12;1631.890769;1e+12;1e+12;1631.889221;1e+12;1e+12;1632.368297;1e+12;1e+12;1631.903642;1e+12;1e+12;1631.889345;1e+12;1e+12;1633.052674;1e+12;1e+12;1631.900065;1e+12;1e+12;1631.888641;1e+12;1e+12
grid_n1500_est_r000_etaSrawm03_etaYrawp03_tau04_selCOMMON_nu6,grid_n1500,EST,77,1500,COMMON,335,0.22333333333333333,0.6342494714587738,0.6373279667051683,-0.00307849524639458,-1706.3195253147303,3436.639050629461,3500.3976952745447,12,TRUE,TRUE,0,25,39239.965,4,3,0,-0.3,0.3,-0.3,0.3,0.4,0.4,6,2.8753597655398933,0.4790183809565302,1.4618758392128448,-1.4777159754625582,1.4925821305300957,1.4925821305300957,4,-0.75,-1.2678502507748886,-0.5178502507748886,0.0375,0.03228999045651348,-0.00521000954348652,0.25,0.34397232214684403,0.09397232214684403,5,4.042961260394696,-0.957038739605304,1.5,1.7408799788182736,0.2408799788182736,0.8,0.4912953940488242,-0.3087046059511758,-0.12464023446010676,0.4790183809565302,1.7618758392128449,-1.7777159754625582,1.0925821305300958,1.0925821305300958,-2,ok,CONVERGENCE: REL_REDUCTION_OF_F <= FACTR*EPSMCH,1706.453101;1e+12;1e+12;1706.45991;1e+12;1e+12;1706.463708;1e+12;1e+12;1706.454198;1e+12;1e+12;1706.652334;1e+12;1e+12;1706.45823;1e+12;1e+12;1706.475165;1e+12;1e+12;1706.65706;1e+12;1e+12;1706.319525;1e+12;1e+12;1706.452443;1e+12;1e+12;1706.653692;1e+12;1e+12;1706.463097;1e+12;1e+12;1706.451559;1e+12;1e+12
grid_n1500_est_r000_etaSrawm03_etaYrawp03_tau04_selCOMMON_nu6,grid_n1500,EST,78,1500,COMMON,329,0.21933333333333332,0.6305170239596469,0.6373279667051683,-0.0068109427455214,-1660.0893891361395,3344.178778272279,3407.9374229173627,12,TRUE,TRUE,0,10,40605.439,4,3,0,-0.3,0.3,-0.3,0.3,0.4,0.4,6,5.988503407529755,0.853039298686999,-1.4925821305300957,-1.4914127946705784,1.1458609556896893,1.1458609556896893,4,-0.75,-0.5015875565654179,0.24841244343458213,0.0375,0.02681381626966295,-0.01068618373033704,0.25,0.2438495097986245,-0.00615049020137553,5,4.017906334888559,-0.9820936651114414,1.5,1.036324539528977,-0.4636754604710229,0.8,0.5384736535475388,-0.2615263464524612,2.9885034075297554,0.853039298686999,-1.1925821305300957,-1.7914127946705785,0.7458609556896892,0.7458609556896892,-2,ok,CONVERGENCE: REL_REDUCTION_OF_F <= FACTR*EPSMCH,1660.090696;1e+12;1e+12;1660.089779;1e+12;1e+12;1660.090849;1e+12;1e+12;1660.089389;1e+12;1e+12;1660.090634;1e+12;1e+12;1660.089573;1e+12;1e+12;1660.089559;1e+12;1e+12;1660.09456;1e+12;1e+12;1660.109275;1e+12;1e+12;1660.089619;1e+12;1e+12;1660.103811;1e+12;1e+12;1660.091244;1e+12;1e+12;1660.106761;1e+12;1e+12
grid_n1500_est_r000_etaSrawm03_etaYrawp03_tau04_selCOMMON_nu6,grid_n1500,EST,79,1500,COMMON,330,0.22,0.6410256410256411,0.6373279667051683,0.00369767432047274,-1643.0791746529446,3310.1583493058893,3373.916993950973,12,TRUE,TRUE,0,37,48461.321,4,3,0,-0.3,0.3,-0.3,0.3,0.4,0.4,6,4.681396933589104,-0.8014313957361714,-1.4925821305300957,0.6100525578427923,1.4925821305300957,1.4925821305300957,4,-0.75,-0.48149876338721215,0.26850123661278785,0.0375,0.05311191359590038,0.01561191359590038,0.25,0.17462035301082546,-0.07537964698917454,5,7.615679859527218,2.6156798595272184,1.5,1.473035884625685,-0.02696411537431498,0.8,0.9185303262719868,0.11853032627198667,1.681396933589104,-0.8014313957361714,-1.1925821305300957,0.31005255784279234,1.0925821305300958,1.0925821305300958,-2,ok,CONVERGENCE: REL_REDUCTION_OF_F <= FACTR*EPSMCH,1643.081184;1e+12;1e+12;1643.084137;1e+12;1e+12;1643.080637;1e+12;1e+12;1643.081989;1e+12;1e+12;1643.67964;1e+12;1e+12;1643.08126;1e+12;1e+12;1643.082198;1e+12;1e+12;1643.680997;1e+12;1e+12;1643.680153;1e+12;1e+12;1643.079195;1e+12;1e+12;1643.78983;1e+12;1e+12;1643.083075;1e+12;1e+12;1643.079175;1e+12;1e+12
grid_n1500_est_r000_etaSrawm03_etaYrawp03_tau04_selCOMMON_nu6,grid_n1500,EST,80,1500,COMMON,305,0.20333333333333337,0.6457167455876023,0.6373279667051683,0.00838877888243394,-1557.0034797663102,3138.0069595326204,3201.765604177704,12,TRUE,TRUE,0,19,41737.005000000005,4,3,0,-0.3,0.3,-0.3,0.3,0.4,0.4,6,4.512924027800781,-0.7413487949637428,-1.470310747607552,0.6704742433669146,1.4925821305300957,1.4925821305300957,4,-0.75,-0.5635341796562184,0.18646582034378156,0.0375,0.03637389398100128,-0.00112610601899871,0.25,0.25405864577498655,0.00405864577498654,5,7.1250426129250695,2.1250426129250695,1.5,1.3422744777818243,-0.15772552221817548,0.8,1.132599244476086,0.3325992444760859,1.5129240278007812,-0.7413487949637428,-1.1703107476075518,0.37047424336691465,1.0925821305300958,1.0925821305300958,-2,ok,CONVERGENCE: REL_REDUCTION_OF_F <= FACTR*EPSMCH,1557.007924;1e+12;1e+12;1557.00806;1e+12;1e+12;1557.00745;1e+12;1e+12;1557.004481;1e+12;1e+12;1557.520071;1e+12;1e+12;1557.007031;1e+12;1e+12;1557.00348;1e+12;1e+12;1557.515078;1e+12;1e+12;1557.522398;1e+12;1e+12;1557.00566;1e+12;1e+12;1557.660307;1e+12;1e+12;1557.00864;1e+12;1e+12;1557.014529;1e+12;1e+12
grid_n1500_est_r000_etaSrawm03_etaYrawp03_tau04_selCOMMON_nu6,grid_n1500,EST,81,1500,COMMON,307,0.20466666666666664,0.6273525721455459,0.6373279667051683,-0.00997539455962248,-1575.3644295445777,3174.7288590891553,3238.487503734239,12,TRUE,TRUE,0,1,46238.73100000001,4,3,0,-0.3,0.3,-0.3,0.3,0.4,0.4,6,4.682456963929134,-0.7846615782763473,-1.4913087696297869,0.4326323537556416,1.4925821305300957,1.4925821305300957,4,-0.75,-0.5457839105581291,0.2042160894418709,0.0375,0.01312938933159649,-0.0243706106684035,0.25,0.2531142192430571,0.0031142192430571,5,7.339355450331219,2.339355450331219,1.5,1.5935070759643215,0.09350707596432171,0.8,1.0858422483637256,0.2858422483637255,1.682456963929134,-0.7846615782763473,-1.1913087696297868,0.1326323537556416,1.0925821305300958,1.0925821305300958,-2,ok,CONVERGENCE: REL_REDUCTION_OF_F <= FACTR*EPSMCH,1575.36443;1e+12;1e+12;1575.365584;1e+12;1e+12;1575.377421;1e+12;1e+12;1575.372532;1e+12;1e+12;1575.365129;1e+12;1e+12;1575.375722;1e+12;1e+12;1575.392287;1e+12;1e+12;1575.3715;1e+12;1e+12;1575.364746;1e+12;1e+12;1575.375841;1e+12;1e+12;1576.922424;1e+12;1e+12;Inf;1e+12;1e+12;1575.373091;1e+12;1e+12
grid_n1500_est_r000_etaSrawm03_etaYrawp03_tau04_selCOMMON_nu6,grid_n1500,EST,82,1500,COMMON,343,0.22866666666666663,0.6310475389145982,0.6373279667051683,-0.00628042779057014,-1725.387302494256,3474.774604988512,3538.533249633596,12,TRUE,TRUE,0,16,36331.643,4,3,0,-0.3,0.3,-0.3,0.3,0.4,0.4,6,2.665977584335388,0.17355016739533186,1.4925821305300957,1.4925821305300957,1.4925821305300957,1.4925821305300957,4,-0.75,-1.2276178826216415,-0.4776178826216418,0.0375,0.04908459800855705,0.01158459800855705,0.25,0.2999535891494206,0.04995358914942061,5,4.250668885736928,-0.7493311142630716,1.5,1.69493358874336,0.1949335887433601,0.8,0.9149984567848368,0.11499845678483668,-0.3340224156646121,0.17355016739533186,1.7925821305300955,1.1925821305300957,1.0925821305300958,1.0925821305300958,-2,ok,CONVERGENCE: REL_REDUCTION_OF_F <= FACTR*EPSMCH,1725.399287;1e+12;1e+12;1725.395774;1e+12;1e+12;1725.398364;1e+12;1e+12;1725.391157;1e+12;1e+12;1725.390523;1e+12;1e+12;1725.387302;1e+12;1e+12;1725.392857;1e+12;1e+12;1725.387315;1e+12;1e+12;1725.38856;1e+12;1e+12;1725.400709;1e+12;1e+12;1725.396685;1e+12;1e+12;1725.398089;1e+12;1e+12;1725.387375;1e+12;1e+12
grid_n1500_est_r000_etaSrawm03_etaYrawp03_tau04_selCOMMON_nu6,grid_n1500,EST,83,1500,COMMON,311,0.20733333333333337,0.6402048655569782,0.6373279667051683,0.00287689885180986,-1613.4702010643064,3250.9404021286127,3314.6990467736964,12,TRUE,TRUE,0,34,36615.43,4,3,0,-0.3,0.3,-0.3,0.3,0.4,0.4,6,2.5576844346372254,0.14101221153258112,1.4925821305300957,1.234529707077361,1.4925821305300957,1.4925821305300957,4,-0.75,-1.222464655570623,-0.4724646555706229,0.0375,0.01696657628590956,-0.02053342371409043,0.25,0.1552441970595436,-0.0947558029404564,5,5.257690566327939,0.2576905663279394,1.5,1.3458482773732283,-0.15415172262677146,0.8,0.8203231645543446,0.02032316455434457,-0.4423155653627746,0.14101221153258112,1.7925821305300955,0.9345297070773612,1.0925821305300958,1.0925821305300958,-2,ok,CONVERGENCE: REL_REDUCTION_OF_F <= FACTR*EPSMCH,1613.477687;1e+12;1e+12;1613.552287;1e+12;1e+12;1613.470301;1e+12;1e+12;1613.547765;1e+12;1e+12;1613.473145;1e+12;1e+12;1613.546177;1e+12;1e+12;1613.547432;1e+12;1e+12;1613.474903;1e+12;1e+12;1613.472258;1e+12;1e+12;1613.551315;1e+12;1e+12;1613.472525;1e+12;1e+12;1613.470201;1e+12;1e+12;1613.56113;1e+12;1e+12
grid_n1500_est_r000_etaSrawm03_etaYrawp03_tau04_selCOMMON_nu6,grid_n1500,EST,84,1500,COMMON,338,0.22533333333333333,0.6226650062266501,0.6373279667051683,-0.01466296047851822,-1703.91344391249,3431.82688782498,3495.585532470064,12,TRUE,TRUE,0,13,50609.572,4,3,0,-0.3,0.3,-0.3,0.3,0.4,0.4,6,4.015909775362771,-0.7399592988425068,-1.4799026870779586,0.5041422618300329,-1.4023892574761818,-1.4023892574761818,4,-0.75,0.3826394351178245,1.1326394351178244,0.0375,0.04428846275557547,0.00678846275557547,0.25,0.24443785673475693,-0.00556214326524306,5,3.2384720432353356,-1.7615279567646644,1.5,1.424387636652647,-0.07561236334735333,0.8,0.817577226922659,0.01757722692265895,1.015909775362771,-0.7399592988425068,-1.1799026870779583,0.20414226183003287,-1.802389257476182,-1.802389257476182,-2,ok,CONVERGENCE: REL_REDUCTION_OF_F <= FACTR*EPSMCH,1703.919135;1e+12;1e+12;1703.923315;1e+12;1e+12;1703.96119;1e+12;1e+12;1703.915447;1e+12;1e+12;1703.913444;1e+12;1e+12;1703.915389;1e+12;1e+12;1704.004045;1e+12;1e+12;1703.926659;1e+12;1e+12;1703.915066;1e+12;1e+12;1703.922619;1e+12;1e+12;1704.139837;1e+12;1e+12;1703.914047;1e+12;1e+12;1703.916086;1e+12;1e+12
grid_n1500_est_r000_etaSrawm03_etaYrawp03_tau04_selCOMMON_nu6,grid_n1500,EST,85,1500,COMMON,334,0.22266666666666668,0.6451612903225806,0.6373279667051683,0.00783332361741229,-1675.9603686959981,3375.9207373919962,3439.679382037079,12,TRUE,TRUE,0,10,42136.31800000001,4,3,0,-0.3,0.3,-0.3,0.3,0.4,0.4,6,2.6678658850408232,-0.15608247420951912,0.9580394206139168,1.4903951245206832,1.4925821305300957,1.4925821305300957,4,-0.75,-1.2273513118643316,-0.4773513118643315,0.0375,0.0377726898407093,2.7268984070930036e-4,0.25,0.3926289906497062,0.1426289906497062,5,5.976851081930031,0.9768510819300308,1.5,1.437501576066217,-0.06249842393378269,0.8,0.6828192993200226,-0.11718070067997743,-0.3321341149591768,-0.15608247420951912,1.258039420613917,1.1903951245206832,1.0925821305300958,1.0925821305300958,-2,ok,CONVERGENCE: REL_REDUCTION_OF_F <= FACTR*EPSMCH,1675.967003;1e+12;1e+12;1675.97616;1e+12;1e+12;1675.973203;1e+12;1e+12;1675.960369;1e+12;1e+12;1675.962961;1e+12;1e+12;1675.960476;1e+12;1e+12;1675.960976;1e+12;1e+12;1675.960958;1e+12;1e+12;1676.093727;1e+12;1e+12;1675.968431;1e+12;1e+12;1675.967554;1e+12;1e+12;1675.961045;1e+12;1e+12;1675.965081;1e+12;1e+12
grid_n1500_est_r000_etaSrawm03_etaYrawp03_tau04_selCOMMON_nu6,grid_n1500,EST,86,1500,COMMON,341,0.22733333333333333,0.6284038542103059,0.6373279667051683,-0.00892411249486246,-1716.4557849629182,3456.9115699258364,3520.67021457092,12,TRUE,TRUE,0,19,38441.18,4,3,0,-0.3,0.3,-0.3,0.3,0.4,0.4,6,4.5484081626237645,0.7781267006942346,-1.4921218688798166,-0.291809982897346,1.4925821305300957,1.4925821305300957,4,-0.75,-0.4057420688815952,0.3442579311184048,0.0375,0.02495834252943057,-0.01254165747056942,0.25,0.10871331284708076,-0.14128668715291923,5,2.812455284059511,-2.187544715940489,1.5,1.4998466456644672,-1.5335433553276268e-4,0.8,0.9673995009591312,0.16739950095913103,1.5484081626237645,0.7781267006942346,-1.1921218688798163,-0.591809982897346,1.0925821305300958,1.0925821305300958,-2,ok,CONVERGENCE: REL_REDUCTION_OF_F <= FACTR*EPSMCH,1716.463563;1e+12;1e+12;1716.455899;1e+12;1e+12;1716.456385;1e+12;1e+12;1716.473511;1e+12;1e+12;1717.132143;1e+12;1e+12;1716.460886;1e+12;1e+12;1716.455785;1e+12;1e+12;1717.129088;1e+12;1e+12;1717.147068;1e+12;1e+12;1716.461635;1e+12;1e+12;1717.128089;1e+12;1e+12;1716.458782;1e+12;1e+12;1716.455828;1e+12;1e+12
grid_n1500_est_r000_etaSrawm03_etaYrawp03_tau04_selCOMMON_nu6,grid_n1500,EST,87,1500,COMMON,363,0.242,0.6337135614702155,0.6373279667051683,-0.00361440523495282,-1783.7727394383598,3591.5454788767197,3655.3041235218034,12,TRUE,TRUE,0,7,40397.02,4,3,0,-0.3,0.3,-0.3,0.3,0.4,0.4,6,2.4292177801268746,0.08162524406425503,1.47836777536927,1.2417730746183873,1.4925821305300957,1.4925821305300957,4,-0.75,-1.105867290465226,-0.355867290465226,0.0375,0.040974057663056,0.003474057663056,0.25,0.1873726074751132,-0.0626273925248868,5,4.88808470172306,-0.1119152982769398,1.5,1.53871734303178,0.03871734303177998,0.8,0.8637990598764287,0.06379905987642864,-0.5707822198731254,0.08162524406425503,1.7783677753692702,0.9417730746183872,1.0925821305300958,1.0925821305300958,-2,ok,CONVERGENCE: REL_REDUCTION_OF_F <= FACTR*EPSMCH,1783.897847;1e+12;1e+12;1783.913154;1e+12;1e+12;1783.772739;1e+12;1e+12;1783.902086;1e+12;1e+12;1783.775717;1e+12;1e+12;1783.90552;1e+12;1e+12;1783.910364;1e+12;1e+12;1783.787863;1e+12;1e+12;1783.775774;1e+12;1e+12;1783.89467;1e+12;1e+12;1783.773261;1e+12;1e+12;1783.89258;1e+12;1e+12;1783.89356;1e+12;1e+12
grid_n1500_est_r000_etaSrawm03_etaYrawp03_tau04_selCOMMON_nu6,grid_n1500,EST,88,1500,COMMON,321,0.214,0.6326444538169549,0.6373279667051683,-0.00468351288821344,-1657.8037367427507,3339.6074734855015,3403.366118130585,12,TRUE,TRUE,0,13,41249.72,4,3,0,-0.3,0.3,-0.3,0.3,0.4,0.4,6,2.6757228359418477,-0.11217447384994944,1.4716286013745985,1.1403670675031856,1.4925821305300957,1.4925821305300957,4,-0.75,-1.2499786941750697,-0.49997869417506946,0.0375,0.06816952604175118,0.03066952604175118,0.25,0.23142121104175492,-0.01857878895824508,5,5.735142124934162,0.7351421249341623,1.5,1.4786321372536702,-0.02136786274632984,0.8,1.0098625526916731,0.2098625526916731,-0.3242771640581523,-0.11217447384994944,1.7716286013745983,0.8403670675031856,1.0925821305300958,1.0925821305300958,-2,ok,CONVERGENCE: REL_REDUCTION_OF_F <= FACTR*EPSMCH,1657.874807;1e+12;1e+12;1657.861648;1e+12;1e+12;1657.808204;1e+12;1e+12;1657.851658;1e+12;1e+12;1657.803737;1e+12;1e+12;1657.851282;1e+12;1e+12;1657.866811;1e+12;1e+12;1657.803764;1e+12;1e+12;1657.80474;1e+12;1e+12;1657.849317;1e+12;1e+12;1657.804803;1e+12;1e+12;1657.871339;1e+12;1e+12;1657.845682;1e+12;1e+12
grid_n1500_est_r000_etaSrawm03_etaYrawp03_tau04_selCOMMON_nu6,grid_n1500,EST,89,1500,COMMON,344,0.22933333333333333,0.6358626536668079,0.6373279667051683,-0.00146531303836039,-1722.922636922047,3469.8452738440947,3533.6039184891783,12,TRUE,TRUE,0,34,38464.619,4,3,0,-0.3,0.3,-0.3,0.3,0.4,0.4,6,4.125900077135959,-0.5946582677471692,-1.4925821305300957,0.7940210756900372,1.4925821305300957,1.4925821305300957,4,-0.75,-0.4006626625179884,0.3493373374820116,0.0375,0.03851701446103664,0.00101701446103664,0.25,0.0917993158494904,-0.1582006841505096,5,6.490312706849827,1.490312706849827,1.5,1.3792544006695802,-0.12074559933041984,0.8,0.7507796489510165,-0.04922035104898359,1.1259000771359586,-0.5946582677471692,-1.1925821305300957,0.4940210756900372,1.0925821305300958,1.0925821305300958,-2,ok,CONVERGENCE: REL_REDUCTION_OF_F <= FACTR*EPSMCH,1722.938694;1e+12;1e+12;1722.924311;1e+12;1e+12;1722.928152;1e+12;1e+12;1722.929197;1e+12;1e+12;1723.113331;1e+12;1e+12;1722.940107;1e+12;1e+12;1722.928132;1e+12;1e+12;1723.131433;1e+12;1e+12;1723.151763;1e+12;1e+12;1722.936845;1e+12;1e+12;1723.146482;1e+12;1e+12;1722.922637;1e+12;1e+12;1722.929799;1e+12;1e+12
grid_n1500_est_r000_etaSrawm03_etaYrawp03_tau04_selCOMMON_nu6,grid_n1500,EST,90,1500,COMMON,331,0.22066666666666668,0.6399317406143344,0.6373279667051683,0.0026037739091661,-1683.596485005485,3391.19297001097,3454.9516146560536,12,TRUE,TRUE,0,16,43200.667,4,3,0,-0.3,0.3,-0.3,0.3,0.4,0.4,6,2.1425268671982676,-0.05015476618024327,1.4899831106655568,0.9685372506163388,-1.066359959685035,-1.066359959685035,4,-0.75,-1.8378974008895892,-1.0878974008895892,0.0375,0.02070642328190093,-0.01679357671809906,0.25,0.2048753804106492,-0.04512461958935079,5,5.467336016854058,0.4673360168540581,1.5,1.3886609345263166,-0.11133906547368344,0.8,0.7101760199578915,-0.08982398004210856,-0.8574731328017324,-0.05015476618024327,1.7899831106655568,0.6685372506163387,-1.4663599596850352,-1.4663599596850352,-2,ok,CONVERGENCE: REL_REDUCTION_OF_F <= FACTR*EPSMCH,1683.600255;1e+12;1e+12;1683.602563;1e+12;1e+12;1683.599029;1e+12;1e+12;1683.60123;1e+12;1e+12;1683.599347;1e+12;1e+12;1683.596485;1e+12;1e+12;1683.596779;1e+12;1e+12;1683.597626;1e+12;1e+12;1683.602182;1e+12;1e+12;1683.740197;1e+12;1e+12;1683.601568;1e+12;1e+12;1683.596743;1e+12;1e+12;Inf;1e+12;1e+12
grid_n1500_est_r000_etaSrawm03_etaYrawp03_tau04_selCOMMON_nu6,grid_n1500,EST,91,1500,COMMON,354,0.236,0.6399317406143344,0.6373279667051683,0.0026037739091661,-1771.8505354020297,3567.7010708040593,3631.459715449143,12,TRUE,TRUE,0,25,39104.607,4,3,0,-0.3,0.3,-0.3,0.3,0.4,0.4,6,2.8754818668189617,-0.18688513657256556,0.6799814916746876,1.4925821305300957,1.4925821305300957,1.4925821305300957,4,-0.75,-1.0007309989356266,-0.25073099893562656,0.0375,0.01987375747422206,-0.01762624252577793,0.25,0.1744078960544545,-0.0755921039455455,5,5.692947821829674,0.6929478218296738,1.5,1.1645163496265094,-0.3354836503734906,0.8,1.009219467253717,0.20921946725371687,-0.12451813318103833,-0.18688513657256556,0.9799814916746876,1.1925821305300957,1.0925821305300958,1.0925821305300958,-2,ok,CONVERGENCE: REL_REDUCTION_OF_F <= FACTR*EPSMCH,1771.861699;1e+12;1e+12;1771.852313;1e+12;1e+12;1771.851656;1e+12;1e+12;1771.850557;1e+12;1e+12;1771.864452;1e+12;1e+12;1771.860086;1e+12;1e+12;1771.85059;1e+12;1e+12;1771.861534;1e+12;1e+12;1771.850535;1e+12;1e+12;1771.851443;1e+12;1e+12;1772.043509;1e+12;1e+12;1771.852387;1e+12;1e+12;1771.856346;1e+12;1e+12
grid_n1500_est_r000_etaSrawm03_etaYrawp03_tau04_selCOMMON_nu6,grid_n1500,EST,92,1500,COMMON,305,0.20333333333333337,0.6337135614702155,0.6373279667051683,-0.00361440523495282,-1574.555086167508,3173.110172335016,3236.8688169801,12,TRUE,TRUE,0,22,46014.575,4,3,0,-0.3,0.3,-0.3,0.3,0.4,0.4,6,3.162782885524168,-0.3152105878451846,-1.476520196235268,0.02981733125570907,1.4925821305300957,1.4925821305300957,4,-0.75,-0.542882941582701,0.207117058417299,0.0375,0.03513683556905304,-0.00236316443094695,0.25,0.2423635259313353,-0.00763647406866468,5,7.105143461946006,2.105143461946006,1.5,1.336302285919373,-0.16369771408062703,0.8,0.6139470146234788,-0.1860529853765213,0.16278288552416775,-0.3152105878451846,-1.1765201962352678,-0.2701826687442909,1.0925821305300958,1.0925821305300958,-2,ok,CONVERGENCE: REL_REDUCTION_OF_F <= FACTR*EPSMCH,1574.555722;1e+12;1e+12;1574.579123;1e+12;1e+12;1574.55566;1e+12;1e+12;1574.557247;1e+12;1e+12;1574.759215;1e+12;1e+12;1574.55654;1e+12;1e+12;1574.555736;1e+12;1e+12;1574.555086;1e+12;1e+12;1574.557149;1e+12;1e+12;1574.55771;1e+12;1e+12;1574.782767;1e+12;1e+12;1574.555569;1e+12;1e+12;1574.566191;1e+12;1e+12
grid_n1500_est_r000_etaSrawm03_etaYrawp03_tau04_selCOMMON_nu6,grid_n1500,EST,93,1500,COMMON,344,0.22933333333333333,0.6278777731268314,0.6373279667051683,-0.00945019357833698,-1729.1928698727222,3482.3857397454444,3546.144384390528,12,TRUE,TRUE,0,4,38584.630000000005,4,3,0,-0.3,0.3,-0.3,0.3,0.4,0.4,6,2.8854596445197656,0.5374775550314539,1.2858488664463026,1.281257141898282,0.507096852151555,0.507096852151555,4,-0.75,-1.3662391711343267,-0.6162391711343267,0.0375,0.02186400263973693,-0.01563599736026306,0.25,0.35751022519103914,0.10751022519103914,5,1.893163801939812,-3.106836198060188,1.5,1.5412159567404815,0.04121595674048151,0.8,0.98698840917191,0.18698840917190984,-0.11454035548023445,0.5374775550314539,1.5858488664463026,0.9812571418982818,0.10709685215155496,0.10709685215155496,-2,ok,CONVERGENCE: REL_REDUCTION_OF_F <= FACTR*EPSMCH,1729.196416;1e+12;1e+12;1729.19287;1e+12;1e+12;1729.27264;1e+12;1e+12;1729.276896;1e+12;1e+12;1729.230331;1e+12;1e+12;1729.272912;1e+12;1e+12;1729.194731;1e+12;1e+12;1729.22261;1e+12;1e+12;1729.198672;1e+12;1e+12;1729.278326;1e+12;1e+12;1729.221952;1e+12;1e+12;1729.281727;1e+12;1e+12;1729.194496;1e+12;1e+12
grid_n1500_est_r000_etaSrawm03_etaYrawp03_tau04_selCOMMON_nu6,grid_n1500,EST,94,1500,COMMON,322,0.21466666666666667,0.6457167455876023,0.6373279667051683,0.00838877888243394,-1642.1866211863548,3308.3732423727097,3372.131887017794,12,TRUE,TRUE,0,7,36111.471,4,3,0,-0.3,0.3,-0.3,0.3,0.4,0.4,6,4.275796054530637,0.7197784968733291,-1.4925821305300957,-0.30138203881666076,1.4925821305300957,1.4925821305300957,4,-0.75,-0.4246707922085026,0.3253292077914974,0.0375,0.02755903867640899,-0.00994096132359101,0.25,0.08301238018144962,-0.16698761981855037,5,3.952585187897477,-1.0474148121025229,1.5,1.9604856559763408,0.4604856559763408,0.8,0.7237432713712523,-0.07625672862874777,1.2757960545306366,0.7197784968733291,-1.1925821305300957,-0.6013820388166607,1.0925821305300958,1.0925821305300958,-2,ok,CONVERGENCE: REL_REDUCTION_OF_F <= FACTR*EPSMCH,1642.21251;1e+12;1e+12;1642.208412;1e+12;1e+12;1642.186621;1e+12;1e+12;1642.208114;1e+12;1e+12;1642.545953;1e+12;1e+12;1642.223494;1e+12;1e+12;1642.22206;1e+12;1e+12;1642.205485;1e+12;1e+12;1642.53811;1e+12;1e+12;1642.221334;1e+12;1e+12;1642.977305;1e+12;1e+12;1642.212838;1e+12;1e+12;1642.213532;1e+12;1e+12
grid_n1500_est_r000_etaSrawm03_etaYrawp03_tau04_selCOMMON_nu6,grid_n1500,EST,95,1500,COMMON,317,0.21133333333333337,0.6385696040868455,0.6373279667051683,0.00124163738167715,-1634.4320294220518,3292.8640588441035,3356.622703489187,12,TRUE,TRUE,0,34,39923.346000000005,4,3,0,-0.3,0.3,-0.3,0.3,0.4,0.4,6,4.3632431133660345,0.6286224653174847,-1.4925821305300957,-0.6418616181518819,1.4925821305300957,1.4925821305300957,4,-0.75,-0.4878550372469995,0.2621449627530005,0.0375,0.05067131353880887,0.01317131353880887,0.25,0.14877849026046822,-0.10122150973953178,5,4.620084243845815,-0.37991575615418505,1.5,1.396768482259551,-0.10323151774044904,0.8,0.808100368665064,0.00810036866506391,1.3632431133660343,0.6286224653174847,-1.1925821305300957,-0.941861618151882,1.0925821305300958,1.0925821305300958,-2,ok,CONVERGENCE: REL_REDUCTION_OF_F <= FACTR*EPSMCH,1634.432392;1e+12;1e+12;1634.437371;1e+12;1e+12;1634.43207;1e+12;1e+12;1634.435486;1e+12;1e+12;1634.777559;1e+12;1e+12;1634.437121;1e+12;1e+12;1634.443089;1e+12;1e+12;1634.779107;1e+12;1e+12;1634.780601;1e+12;1e+12;1634.437034;1e+12;1e+12;1634.786849;1e+12;1e+12;1634.432029;1e+12;1e+12;1634.44964;1e+12;1e+12
grid_n1500_est_r000_etaSrawm03_etaYrawp03_tau04_selCOMMON_nu6,grid_n1500,EST,96,1500,COMMON,334,0.22266666666666668,0.6454388984509466,0.6373279667051683,0.00811093174577826,-1690.00440882063,3404.00881764126,3467.7674622863437,12,TRUE,TRUE,0,19,43200.643,4,3,0,-0.3,0.3,-0.3,0.3,0.4,0.4,6,3.4773279692111365,-0.24412095934459072,-1.4925821305300957,0.875651934629476,1.192575243461366,1.192575243461366,4,-0.75,-0.4396948576681327,0.3103051423318673,0.0375,0.03199020330852237,-0.00550979669147762,0.25,0.23128299645375283,-0.01871700354624717,5,4.947806456123624,-0.05219354387637587,1.5,1.7549107440672822,0.2549107440672822,0.8,0.5353871226196314,-0.26461287738036865,0.4773279692111365,-0.24412095934459072,-1.1925821305300957,0.575651934629476,0.7925752434613661,0.7925752434613661,-2,ok,CONVERGENCE: REL_REDUCTION_OF_F <= FACTR*EPSMCH,1690.008056;1e+12;1e+12;1690.009025;1e+12;1e+12;1690.011733;1e+12;1e+12;1690.009106;1e+12;1e+12;1690.218072;1e+12;1e+12;1690.007923;1e+12;1e+12;1690.004409;1e+12;1e+12;1690.219558;1e+12;1e+12;1690.011287;1e+12;1e+12;1690.010256;1e+12;1e+12;1690.2196;1e+12;1e+12;1690.007012;1e+12;1e+12;Inf;1e+12;1e+12
grid_n1500_est_r000_etaSrawm03_etaYrawp03_tau04_selCOMMON_nu6,grid_n1500,EST,97,1500,COMMON,345,0.23,0.6339814032121724,0.6373279667051683,-0.00334656349299589,-1741.4170868841454,3506.834173768291,3570.5928184133745,12,TRUE,TRUE,0,25,50995.436,4,3,0,-0.3,0.3,-0.3,0.3,0.4,0.4,6,3.8946173049180217,0.7528867803810889,-0.6381821709642979,-0.26821585620848654,1.4925821305300957,1.4925821305300957,4,-0.75,-0.6690630693333476,0.08093693066665242,0.0375,0.040027620348806,0.00252762034880599,0.25,0.11059677792379112,-0.1394032220762089,5,2.6128057372006785,-2.3871942627993215,1.5,1.8559483317374152,0.35594833173741525,0.8,0.9146586258150782,0.11465862581507812,0.8946173049180217,0.7528867803810889,-0.33818217096429787,-0.5682158562084865,1.0925821305300958,1.0925821305300958,-2,ok,CONVERGENCE: REL_REDUCTION_OF_F <= FACTR*EPSMCH,1741.41922;1e+12;1e+12;1741.426453;1e+12;1e+12;1741.423774;1e+12;1e+12;1741.420047;1e+12;1e+12;1741.72505;1e+12;1e+12;1741.41897;1e+12;1e+12;1741.420409;1e+12;1e+12;1741.738278;1e+12;1e+12;1741.417087;1e+12;1e+12;1741.420062;1e+12;1e+12;1741.726246;1e+12;1e+12;1741.418374;1e+12;1e+12;1741.417603;1e+12;1e+12
grid_n1500_est_r000_etaSrawm03_etaYrawp03_tau04_selCOMMON_nu6,grid_n1500,EST,98,1500,COMMON,327,0.218,0.6410256410256411,0.6373279667051683,0.00369767432047274,-1639.7378673760868,3303.4757347521736,3367.2343793972573,12,TRUE,TRUE,0,25,36467.87500000001,4,3,0,-0.3,0.3,-0.3,0.3,0.4,0.4,6,4.04479631362479,-0.6375458357464511,-1.4925821305300957,0.7150514435908175,1.4925821305300957,1.4925821305300957,4,-0.75,-0.5034815616440561,0.2465184383559439,0.0375,0.04680504183905289,0.00930504183905289,0.25,0.2110288528806882,-0.03897114711931179,5,6.604649467489831,1.604649467489831,1.5,1.31539132723874,-0.18460867276126017,0.8,0.6553135831323073,-0.1446864168676928,1.04479631362479,-0.6375458357464511,-1.1925821305300957,0.4150514435908175,1.0925821305300958,1.0925821305300958,-2,ok,CONVERGENCE: REL_REDUCTION_OF_F <= FACTR*EPSMCH,1639.749768;1e+12;1e+12;1639.746786;1e+12;1e+12;1639.749457;1e+12;1e+12;1639.738465;1e+12;1e+12;1640.573359;1e+12;1e+12;1639.742695;1e+12;1e+12;1639.738066;1e+12;1e+12;1640.580855;1e+12;1e+12;1639.737867;1e+12;1e+12;1639.739108;1e+12;1e+12;1639.739803;1e+12;1e+12;1639.750014;1e+12;1e+12;1639.73864;1e+12;1e+12
grid_n1500_est_r000_etaSrawm03_etaYrawp03_tau04_selCOMMON_nu6,grid_n1500,EST,99,1500,COMMON,357,0.238,0.6605019815059445,0.6373279667051683,0.02317401480077618,-1786.7876858892978,3597.5753717785956,3661.3340164236793,12,TRUE,TRUE,0,37,40081.787,4,3,0,-0.3,0.3,-0.3,0.3,0.4,0.4,6,2.6189648573140034,-0.09776723692172284,1.4912717984113182,1.4925821305300957,1.4925821305300957,1.4925821305300957,4,-0.75,-1.1462388816330755,-0.3962388816330755,0.0375,0.02495034044507751,-0.01254965955492248,0.25,0.22959423066675436,-0.02040576933324564,5,6.215667188277179,1.2156671882771786,1.5,1.5890500094038884,0.08905000940388841,0.8,0.7436178761937267,-0.05638212380627339,-0.3810351426859966,-0.09776723692172284,1.7912717984113182,1.1925821305300957,1.0925821305300958,1.0925821305300958,-2,ok,CONVERGENCE: REL_REDUCTION_OF_F <= FACTR*EPSMCH,1786.787856;1e+12;1e+12;1786.795054;1e+12;1e+12;1786.798897;1e+12;1e+12;1786.796753;1e+12;1e+12;1786.791496;1e+12;1e+12;1786.793071;1e+12;1e+12;1786.788256;1e+12;1e+12;1786.791534;1e+12;1e+12;1786.793994;1e+12;1e+12;1786.79288;1e+12;1e+12;1786.78885;1e+12;1e+12;1786.792753;1e+12;1e+12;1786.787686;1e+12;1e+12
grid_n1500_est_r000_etaSrawm03_etaYrawp03_tau04_selCOMMON_nu6,grid_n1500,EST,100,1500,COMMON,343,0.22866666666666663,0.6513243595310465,0.6373279667051683,0.01399639282587816,-1775.6756436922444,3575.351287384489,3639.109932029573,12,TRUE,TRUE,0,19,45972.783,4,3,0,-0.3,0.3,-0.3,0.3,0.4,0.4,6,2.8512196806765613,-0.15202922207262098,1.4925821305300957,1.0105369587003428,1.4925821305300957,1.4925821305300957,4,-0.75,-1.2134852593287313,-0.4634852593287313,0.0375,0.02836465108712763,-0.00913534891287236,0.25,0.30046425666580967,0.05046425666580967,5,6.511136628475811,1.5111366284758114,1.5,1.6403616789026754,0.14036167890267537,0.8,0.8310377938538901,0.03103779385389005,-0.14878031932343871,-0.15202922207262098,1.7925821305300955,0.7105369587003427,1.0925821305300958,1.0925821305300958,-2,ok,CONVERGENCE: REL_REDUCTION_OF_F <= FACTR*EPSMCH,1775.680125;1e+12;1e+12;1775.685777;1e+12;1e+12;1775.677032;1e+12;1e+12;1775.68146;1e+12;1e+12;1775.676772;1e+12;1e+12;1775.676749;1e+12;1e+12;1775.675644;1e+12;1e+12;1775.677071;1e+12;1e+12;1775.679804;1e+12;1e+12;1775.677247;1e+12;1e+12;1775.863571;1e+12;1e+12;Inf;1e+12;1e+12;1775.683996;1e+12;1e+12
