scenario,experiment,family,rep,n,selection_level,n_selected,selection_rate,hidden_acceptance_rate,PE_theoretical,acceptance_gap,logLik,AIC,BIC,k_params,finite_fit,regular_convergence,convergence,start_id,seconds,sigmaS_true_raw,sigmaY_true,rho_true,etaS_raw_true,etaY_raw_true,etaS_true,etaY_true,tau_bar_true,alpha_legacy_true,nu_true,sigmaY_hat,rho_hat,etaS_hat,etaY_hat,tau_bar_hat,alpha_legacy_hat,nu_hat,betaSel_1_true,betaSel_1_hat,betaSel_1_bias,betaSel_2_true,betaSel_2_hat,betaSel_2_bias,betaSel_3_true,betaSel_3_hat,betaSel_3_bias,betaOut_1_true,betaOut_1_hat,betaOut_1_bias,betaOut_2_true,betaOut_2_hat,betaOut_2_bias,betaOut_3_true,betaOut_3_hat,betaOut_3_bias,sigmaY_bias,rho_bias,etaS_bias,etaY_bias,tau_bar_bias,alpha_legacy_bias,nu_bias,error,message,start_values
grid_n1500_est_r000_etaSrawm03_etaYrawp03_tau04_selRARE_nu6,grid_n1500,EST,1,1500,RARE,72,0.048,0.6183017312448474,0.6373279667051683,-0.01902623546032089,-487.6929773501483,999.3859547002966,1063.14459934538,12,TRUE,TRUE,0,28,48238.035,4,3,0,-0.3,0.3,-0.3,0.3,0.4,0.4,6,2.571910188126055,0.28841612852182397,0.16270763896257695,-1.4925821305300957,1.4925821305300957,1.4925821305300957,4,-1.75,-2.36033962173524,-0.6103396217352399,0.0375,-0.01518947112896942,-0.05268947112896942,0.25,0.4407509829146022,0.19075098291460213,5,5.934821808692397,0.934821808692397,1.5,1.8195141523127352,0.3195141523127354,0.8,0.22013744052066053,-0.5798625594793395,-0.4280898118739449,0.28841612852182397,0.46270763896257694,-1.7925821305300955,1.0925821305300958,1.0925821305300958,-2,ok,CONVERGENCE: REL_REDUCTION_OF_F <= FACTR*EPSMCH,487.694638;1e+12;1e+12;487.694438;1e+12;1e+12;487.694783;1e+12;1e+12;487.693151;1e+12;1e+12;487.693075;1e+12;1e+12;487.693191;1e+12;1e+12;487.693749;1e+12;1e+12;487.693089;1e+12;1e+12;487.694351;1e+12;1e+12;487.692977;1e+12;1e+12;487.695487;1e+12;1e+12;487.694551;1e+12;1e+12;487.69393;1e+12;1e+12
grid_n1500_est_r000_etaSrawm03_etaYrawp03_tau04_selRARE_nu6,grid_n1500,EST,2,1500,RARE,67,0.04466666666666667,0.6561679790026247,0.6373279667051683,0.01884001229745635,-457.5031878631048,939.0063757262096,1002.7650203712932,12,TRUE,TRUE,0,4,42062.621,4,3,0,-0.3,0.3,-0.3,0.3,0.4,0.4,6,3.211110794172754,-0.5097387432491486,-0.23876054349851,1.4925821305300957,1.334731895437179,1.334731895437179,4,-1.75,-2.5397017593087248,-0.7897017593087248,0.0375,0.02228658875119473,-0.01521341124880526,0.25,0.7989589446909419,0.5489589446909419,5,8.535898977410158,3.5358989774101577,1.5,1.7740363958160807,0.27403639581608075,0.8,0.7553698594462712,-0.04463014055372882,0.2111107941727539,-0.5097387432491486,0.06123945650148998,1.1925821305300957,0.9347318954371788,0.9347318954371788,-2,ok,CONVERGENCE: REL_REDUCTION_OF_F <= FACTR*EPSMCH,457.503342;1e+12;1e+12;457.503188;1e+12;1e+12;457.50364;1e+12;1e+12;457.508856;1e+12;1e+12;457.51115;1e+12;1e+12;457.508301;1e+12;1e+12;457.504027;1e+12;1e+12;457.503856;1e+12;1e+12;457.503858;1e+12;1e+12;457.503341;1e+12;1e+12;457.503593;1e+12;1e+12;457.503478;1e+12;1e+12;457.514577;1e+12;1e+12
grid_n1500_est_r000_etaSrawm03_etaYrawp03_tau04_selRARE_nu6,grid_n1500,EST,3,1500,RARE,73,0.04866666666666666,0.6410256410256411,0.6373279667051683,0.00369767432047274,-477.6494819349574,979.2989638699148,1043.0576085149985,12,TRUE,TRUE,0,28,43201.184,4,3,0,-0.3,0.3,-0.3,0.3,0.4,0.4,6,2.5900635444767,-0.2011694729509059,-1.4892344988900583,0.8680715435708721,1.4925821305300957,1.4925821305300957,4,-1.75,-1.3101717855624648,0.4398282144375352,0.0375,0.060569205363888,0.023069205363888,0.25,0.15881025878026184,-0.09118974121973816,5,3.9949304214845633,-1.0050695785154369,1.5,1.3065135645907269,-0.19348643540927313,0.8,0.5143241878014532,-0.2856758121985469,-0.4099364555233001,-0.2011694729509059,-1.1892344988900585,0.5680715435708721,1.0925821305300958,1.0925821305300958,-2,ok,CONVERGENCE: REL_REDUCTION_OF_F <= FACTR*EPSMCH,477.677569;1e+12;1e+12;477.674934;1e+12;1e+12;477.676739;1e+12;1e+12;477.675277;1e+12;1e+12;477.676793;1e+12;1e+12;477.674757;1e+12;1e+12;477.674587;1e+12;1e+12;477.676356;1e+12;1e+12;477.676333;1e+12;1e+12;477.649482;1e+12;1e+12;477.676482;1e+12;1e+12;477.674824;1e+12;1e+12;Inf;1e+12;1e+12
grid_n1500_est_r000_etaSrawm03_etaYrawp03_tau04_selRARE_nu6,grid_n1500,EST,4,1500,RARE,88,0.05866666666666666,0.6435006435006435,0.6373279667051683,0.00617267679547517,-578.0384671256492,1180.0769342512983,1243.835578896382,12,TRUE,TRUE,0,25,27116.236,4,3,0,-0.3,0.3,-0.3,0.3,0.4,0.4,6,2.7778631371653377,0.25885893618517974,0.07007162184193166,1.4925821305300957,1.3606475801777955,1.3606475801777955,4,-1.75,-2.126721952379068,-0.3767219523790679,0.0375,0.08175702646922538,0.04425702646922538,0.25,0.2709893469090058,0.02098934690900578,5,1.163305336502983,-3.836694663497017,1.5,1.6722199353541702,0.17221993535417024,0.8,1.0882879545988675,0.28828795459886747,-0.22213686283466227,0.25885893618517974,0.37007162184193165,1.1925821305300957,0.9606475801777956,0.9606475801777956,-2,ok,CONVERGENCE: REL_REDUCTION_OF_F <= FACTR*EPSMCH,578.04123;1e+12;1e+12;578.041381;1e+12;1e+12;578.041772;1e+12;1e+12;578.042105;1e+12;1e+12;578.040124;1e+12;1e+12;578.041646;1e+12;1e+12;578.041813;1e+12;1e+12;578.040126;1e+12;1e+12;578.038467;1e+12;1e+12;578.041688;1e+12;1e+12;578.05943;1e+12;1e+12;578.041602;1e+12;1e+12;578.040913;1e+12;1e+12
grid_n1500_est_r000_etaSrawm03_etaYrawp03_tau04_selRARE_nu6,grid_n1500,EST,5,1500,RARE,60,0.04,0.6294586655476291,0.6373279667051683,-0.00786930115753925,-427.610674515022,879.2213490300439,942.9799936751276,12,TRUE,TRUE,0,25,37055.19300000001,4,3,0,-0.3,0.3,-0.3,0.3,0.4,0.4,6,2.7741571689175637,0.19148819680995297,0.23769220856104145,1.4925821305300957,1.4925821305300957,1.4925821305300957,4,-1.75,-2.37956803869731,-0.6295680386973102,0.0375,0.05609511521927941,0.01859511521927941,0.25,0.10798571138804453,-0.14201428861195547,5,2.3036318123465316,-2.6963681876534684,1.5,2.5872962476148693,1.087296247614869,0.8,0.7827339311332853,-0.01726606886671478,-0.2258428310824363,0.19148819680995297,0.5376922085610414,1.1925821305300957,1.0925821305300958,1.0925821305300958,-2,ok,CONVERGENCE: REL_REDUCTION_OF_F <= FACTR*EPSMCH,427.610681;1e+12;1e+12;427.611179;1e+12;1e+12;427.610741;1e+12;1e+12;427.610792;1e+12;1e+12;427.610681;1e+12;1e+12;427.61107;1e+12;1e+12;427.610848;1e+12;1e+12;427.610691;1e+12;1e+12;427.610675;1e+12;1e+12;427.611468;1e+12;1e+12;427.741138;1e+12;1e+12;427.610715;1e+12;1e+12;427.61118;1e+12;1e+12
grid_n1500_est_r000_etaSrawm03_etaYrawp03_tau04_selRARE_nu6,grid_n1500,EST,6,1500,RARE,87,0.058,0.6234413965087282,0.6373279667051683,-0.01388657019644012,-577.1969057024655,1178.393811404931,1242.1524560500147,12,TRUE,TRUE,0,13,43224.689000000006,4,3,0,-0.3,0.3,-0.3,0.3,0.4,0.4,6,2.4023172568704343,-0.41425557797148993,1.4925821305300957,-1.3239871829036756,1.4925821305300957,1.4925821305300957,4,-1.75,-2.6357960743980975,-0.8857960743980975,0.0375,0.02791150300044938,-0.00958849699955061,0.25,0.6227986347662607,0.37279863476626074,5,9.531995755157077,4.531995755157077,1.5,2.1053364733000137,0.6053364733000137,0.8,0.5305685177501913,-0.26943148224980873,-0.5976827431295657,-0.41425557797148993,1.7925821305300955,-1.6239871829036756,1.0925821305300958,1.0925821305300958,-2,ok,CONVERGENCE: REL_REDUCTION_OF_F <= FACTR*EPSMCH,577.224615;1e+12;1e+12;577.226998;1e+12;1e+12;577.224583;1e+12;1e+12;577.230928;1e+12;1e+12;577.196906;1e+12;1e+12;577.225725;1e+12;1e+12;577.497487;1e+12;1e+12;577.198301;1e+12;1e+12;577.197028;1e+12;1e+12;577.224958;1e+12;1e+12;577.198678;1e+12;1e+12;577.226964;1e+12;1e+12;577.22425;1e+12;1e+12
grid_n1500_est_r000_etaSrawm03_etaYrawp03_tau04_selRARE_nu6,grid_n1500,EST,7,1500,RARE,63,0.042,0.6404782237403929,0.6373279667051683,0.00315025703522453,-441.0638487131909,906.1276974263818,969.8863420714654,12,TRUE,TRUE,0,4,65787.98,4,3,0,-0.3,0.3,-0.3,0.3,0.4,0.4,6,6.549263280710542,-0.8907471250200824,-1.4925821305300957,0.8490286649934483,1.4925821305300957,1.4925821305300957,4,-1.75,-1.4395421035760507,0.3104578964239493,0.0375,0.00737177097277733,-0.03012822902722266,0.25,0.31470502648444043,0.06470502648444043,5,12.015257169376092,7.015257169376092,1.5,1.0249739519236296,-0.4750260480763704,0.8,1.2301615270121231,0.4301615270121233,3.5492632807105418,-0.8907471250200824,-1.1925821305300957,0.5490286649934484,1.0925821305300958,1.0925821305300958,-2,ok,CONVERGENCE: REL_REDUCTION_OF_F <= FACTR*EPSMCH,441.064528;1e+12;1e+12;441.063849;1e+12;1e+12;441.065463;1e+12;1e+12;441.067196;1e+12;1e+12;441.304194;1e+12;1e+12;441.064502;1e+12;1e+12;Inf;1e+12;1e+12;441.303854;1e+12;1e+12;441.305506;1e+12;1e+12;441.068797;1e+12;1e+12;441.307809;1e+12;1e+12;441.064493;1e+12;1e+12;441.063873;1e+12;1e+12
grid_n1500_est_r000_etaSrawm03_etaYrawp03_tau04_selRARE_nu6,grid_n1500,EST,8,1500,RARE,73,0.04866666666666666,0.6313131313131313,0.6373279667051683,-0.00601483539203706,-506.85418075250544,1037.708361505011,1101.4670061500944,12,TRUE,TRUE,0,4,49056.458,4,3,0,-0.3,0.3,-0.3,0.3,0.4,0.4,6,2.820503328793651,-0.31515887989836355,0.4782556305581961,1.4925821305300957,1.4651661543521954,1.4651661543521954,4,-1.75,-2.3234184852612847,-0.5734184852612847,0.0375,0.0516354313475303,0.0141354313475303,0.25,0.17385353198071804,-0.07614646801928196,5,9.42561308619347,4.42561308619347,1.5,1.3481672213659937,-0.15183277863400635,0.8,0.33144779478350633,-0.4685522052164937,-0.17949667120634905,-0.31515887989836355,0.778255630558196,1.1925821305300957,1.0651661543521955,1.0651661543521955,-2,ok,CONVERGENCE: REL_REDUCTION_OF_F <= FACTR*EPSMCH,506.854942;1e+12;1e+12;506.854181;1e+12;1e+12;506.859423;1e+12;1e+12;506.857804;1e+12;1e+12;506.855486;1e+12;1e+12;506.854244;1e+12;1e+12;506.85619;1e+12;1e+12;506.855769;1e+12;1e+12;506.85428;1e+12;1e+12;506.85639;1e+12;1e+12;506.883187;1e+12;1e+12;506.854944;1e+12;1e+12;506.855509;1e+12;1e+12
grid_n1500_est_r000_etaSrawm03_etaYrawp03_tau04_selRARE_nu6,grid_n1500,EST,9,1500,RARE,64,0.04266666666666666,0.6507592190889371,0.6373279667051683,0.01343125238376874,-456.2409487777458,936.4818975554916,1000.2405422005752,12,TRUE,TRUE,0,19,41673.694,4,3,0,-0.3,0.3,-0.3,0.3,0.4,0.4,6,2.2983027812974517,0.2811430441430776,1.4925821305300957,1.0152900836016592,1.4925821305300957,1.4925821305300957,4,-1.75,-2.5783658176198716,-0.8283658176198716,0.0375,-0.04795816697207788,-0.08545816697207788,0.25,0.07959194629257506,-0.17040805370742496,5,3.082577930198843,-1.917422069801157,1.5,1.335009182775756,-0.16499081722424402,0.8,1.507572673313507,0.707572673313507,-0.7016972187025483,0.2811430441430776,1.7925821305300955,0.7152900836016591,1.0925821305300958,1.0925821305300958,-2,ok,CONVERGENCE: REL_REDUCTION_OF_F <= FACTR*EPSMCH,456.241466;1e+12;1e+12;456.242109;1e+12;1e+12;456.242485;1e+12;1e+12;456.24097;1e+12;1e+12;456.242458;1e+12;1e+12;456.242425;1e+12;1e+12;456.240949;1e+12;1e+12;456.241551;1e+12;1e+12;456.242743;1e+12;1e+12;456.240949;1e+12;1e+12;456.2417;1e+12;1e+12;456.242028;1e+12;1e+12;456.24096;1e+12;1e+12
grid_n1500_est_r000_etaSrawm03_etaYrawp03_tau04_selRARE_nu6,grid_n1500,EST,10,1500,RARE,90,0.06,0.6369426751592356,0.6373279667051683,-3.8529154593269777e-4,-604.285801397163,1232.571602794326,1296.3302474394095,12,TRUE,TRUE,0,37,54063.078,4,3,0,-0.3,0.3,-0.3,0.3,0.4,0.4,6,3.172509856040066,-0.47991058608648446,0.29186348884929003,1.4925821305300957,1.4925821305300957,1.4925821305300957,4,-1.75,-2.1378101652628403,-0.3878101652628403,0.0375,0.02572195666951178,-0.01177804333048821,0.25,0.284839908051503,0.034839908051503,5,9.553943132872863,4.553943132872865,1.5,1.6097840692130505,0.1097840692130505,0.8,0.6275065481145526,-0.1724934518854474,0.17250985604006663,-0.47991058608648446,0.59186348884929,1.1925821305300957,1.0925821305300958,1.0925821305300958,-2,ok,CONVERGENCE: REL_REDUCTION_OF_F <= FACTR*EPSMCH,604.289544;1e+12;1e+12;604.286458;1e+12;1e+12;604.288206;1e+12;1e+12;604.358194;1e+12;1e+12;604.285964;1e+12;1e+12;604.285846;1e+12;1e+12;604.356404;1e+12;1e+12;604.288316;1e+12;1e+12;604.28594;1e+12;1e+12;604.3575;1e+12;1e+12;604.286035;1e+12;1e+12;604.286246;1e+12;1e+12;604.285801;1e+12;1e+12
grid_n1500_est_r000_etaSrawm03_etaYrawp03_tau04_selRARE_nu6,grid_n1500,EST,11,1500,RARE,84,0.056,0.6399317406143344,0.6373279667051683,0.0026037739091661,-555.5546154758814,1135.1092309517628,1198.8678755968465,12,TRUE,TRUE,0,10,39126.68,4,3,0,-0.3,0.3,-0.3,0.3,0.4,0.4,6,2.415613451944811,0.4271235618462546,0.9603429754224544,1.4925821305300957,1.4925821305300957,1.4925821305300957,4,-1.75,-2.3698610943152745,-0.6198610943152745,0.0375,0.010272796447115779,-0.02722720355288421,0.25,0.3193246402507237,0.06932464025072371,5,2.17673685501625,-2.82326314498375,1.5,0.9637428857530316,-0.5362571142469684,0.8,0.6093328582071383,-0.1906671417928617,-0.5843865480551891,0.4271235618462546,1.2603429754224544,1.1925821305300957,1.0925821305300958,1.0925821305300958,-2,ok,CONVERGENCE: REL_REDUCTION_OF_F <= FACTR*EPSMCH,555.555446;1e+12;1e+12;555.554685;1e+12;1e+12;555.555601;1e+12;1e+12;555.554615;1e+12;1e+12;555.554626;1e+12;1e+12;555.554623;1e+12;1e+12;555.554619;1e+12;1e+12;555.554819;1e+12;1e+12;555.55507;1e+12;1e+12;555.554617;1e+12;1e+12;555.554618;1e+12;1e+12;555.556651;1e+12;1e+12;555.554635;1e+12;1e+12
grid_n1500_est_r000_etaSrawm03_etaYrawp03_tau04_selRARE_nu6,grid_n1500,EST,12,1500,RARE,87,0.058,0.6297229219143576,0.6373279667051683,-0.0076050447908107,-584.8680427984217,1193.7360855968434,1257.494730241927,12,TRUE,TRUE,0,16,49289.323,4,3,0,-0.3,0.3,-0.3,0.3,0.4,0.4,6,3.2459952693300513,0.688340229508736,0.5665277318625364,-1.4925821305300957,1.4922358279209806,1.4922358279209806,4,-1.75,-2.2588803516790605,-0.5088803516790605,0.0375,0.04284868127177998,0.00534868127177998,0.25,0.29729309471255383,0.04729309471255383,5,0.3432573529957864,-4.656742647004213,1.5,1.5467462831347525,0.04674628313475226,0.8,0.529690610785886,-0.27030938921411407,0.24599526933005136,0.688340229508736,0.8665277318625364,-1.7925821305300955,1.0922358279209807,1.0922358279209807,-2,ok,CONVERGENCE: REL_REDUCTION_OF_F <= FACTR*EPSMCH,584.869368;1e+12;1e+12;584.86998;1e+12;1e+12;584.86918;1e+12;1e+12;584.868044;1e+12;1e+12;584.906027;1e+12;1e+12;584.868043;1e+12;1e+12;584.869034;1e+12;1e+12;585.178116;1e+12;1e+12;584.907249;1e+12;1e+12;584.868393;1e+12;1e+12;584.905883;1e+12;1e+12;584.868076;1e+12;1e+12;584.868738;1e+12;1e+12
grid_n1500_est_r000_etaSrawm03_etaYrawp03_tau04_selRARE_nu6,grid_n1500,EST,13,1500,RARE,66,0.044,0.6454388984509466,0.6373279667051683,0.00811093174577826,-441.9249515449867,907.8499030899736,971.6085477350572,12,TRUE,TRUE,0,7,28769.589,4,3,0,-0.3,0.3,-0.3,0.3,0.4,0.4,6,1.833994201040924,0.5350485046732318,1.4925821305300957,1.4925821305300957,1.4925821305300957,1.4925821305300957,4,-1.75,-2.5467020067494457,-0.7967020067494457,0.0375,0.06542239947518923,0.02792239947518923,0.25,0.04333761295587718,-0.2066623870441228,5,3.5065241310391313,-1.4934758689608687,1.5,1.2799866011540444,-0.2200133988459556,0.8,0.2405557160717792,-0.5594442839282208,-1.166005798959076,0.5350485046732318,1.7925821305300955,1.1925821305300957,1.0925821305300958,1.0925821305300958,-2,ok,CONVERGENCE: REL_REDUCTION_OF_F <= FACTR*EPSMCH,441.926113;1e+12;1e+12;441.926646;1e+12;1e+12;441.924952;1e+12;1e+12;441.925231;1e+12;1e+12;441.926361;1e+12;1e+12;441.926975;1e+12;1e+12;441.924958;1e+12;1e+12;441.927198;1e+12;1e+12;441.925255;1e+12;1e+12;441.925443;1e+12;1e+12;441.928434;1e+12;1e+12;441.925169;1e+12;1e+12;441.925986;1e+12;1e+12
grid_n1500_est_r000_etaSrawm03_etaYrawp03_tau04_selRARE_nu6,grid_n1500,EST,14,1500,RARE,67,0.04466666666666667,0.6476683937823834,0.6373279667051683,0.01034042707721505,-463.1777130110359,950.3554260220718,1014.1140706671554,12,TRUE,TRUE,0,1,42922.578,4,3,0,-0.3,0.3,-0.3,0.3,0.4,0.4,6,2.1151251658154875,-0.28414162667300286,1.4851966355578732,1.4925821305300957,1.4925821305300957,1.4925821305300957,4,-1.75,-2.613776346435917,-0.8637763464359169,0.0375,-0.01783783228094318,-0.05533783228094319,0.25,0.23518636616434713,-0.01481363383565287,5,7.474770901529303,2.474770901529303,1.5,1.1313616509010391,-0.36863834909896087,0.8,1.1123771495416783,0.3123771495416783,-0.8848748341845125,-0.28414162667300286,1.7851966355578732,1.1925821305300957,1.0925821305300958,1.0925821305300958,-2,ok,CONVERGENCE: REL_REDUCTION_OF_F <= FACTR*EPSMCH,463.177713;1e+12;1e+12;463.178001;1e+12;1e+12;463.181258;1e+12;1e+12;463.391916;1e+12;1e+12;463.330802;1e+12;1e+12;463.178115;1e+12;1e+12;463.388835;1e+12;1e+12;463.330461;1e+12;1e+12;463.330002;1e+12;1e+12;463.389137;1e+12;1e+12;463.330532;1e+12;1e+12;463.1783;1e+12;1e+12;463.179462;1e+12;1e+12
grid_n1500_est_r000_etaSrawm03_etaYrawp03_tau04_selRARE_nu6,grid_n1500,EST,15,1500,RARE,70,0.04666666666666667,0.6435006435006435,0.6373279667051683,0.00617267679547517,-475.11967242752473,974.2393448550496,1037.9979895001331,12,TRUE,TRUE,0,1,32903.766,4,3,0,-0.3,0.3,-0.3,0.3,0.4,0.4,6,2.3801373532004613,-0.09777578482798854,0.42133882596407746,1.4925821305300957,1.4925821305300957,1.4925821305300957,4,-1.75,-2.5320086046625914,-0.7820086046625914,0.0375,0.03120211574397762,-0.00629788425602237,0.25,0.5082854135371854,0.25828541353718537,5,3.4818354248426413,-1.5181645751573587,1.5,1.0367769394720212,-0.4632230605279788,0.8,1.675072630311519,0.875072630311519,-0.6198626467995387,-0.09777578482798854,0.7213388259640774,1.1925821305300957,1.0925821305300958,1.0925821305300958,-2,ok,CONVERGENCE: REL_REDUCTION_OF_F <= FACTR*EPSMCH,475.119672;1e+12;1e+12;475.119677;1e+12;1e+12;475.121336;1e+12;1e+12;475.121303;1e+12;1e+12;475.119835;1e+12;1e+12;475.120855;1e+12;1e+12;475.120544;1e+12;1e+12;475.12112;1e+12;1e+12;475.120685;1e+12;1e+12;475.121065;1e+12;1e+12;475.12038;1e+12;1e+12;475.120021;1e+12;1e+12;475.119681;1e+12;1e+12
grid_n1500_est_r000_etaSrawm03_etaYrawp03_tau04_selRARE_nu6,grid_n1500,EST,16,1500,RARE,76,0.05066666666666666,0.6369426751592356,0.6373279667051683,-3.8529154593269777e-4,-526.9848395086407,1077.9696790172814,1141.728323662365,12,TRUE,TRUE,0,28,43201.186,4,3,0,-0.3,0.3,-0.3,0.3,0.4,0.4,6,2.703229035564839,-0.3706424381182405,1.4925821305300957,1.4925821305300957,1.4925821305300957,1.4925821305300957,4,-1.75,-2.562534687897344,-0.8125346878973438,0.0375,0.09584825197673102,0.05834825197673102,0.25,0.27886527829356883,0.02886527829356883,5,9.624258435191274,4.624258435191274,1.5,0.8735847412279966,-0.6264152587720034,0.8,0.1695826762734063,-0.6304173237265938,-0.29677096443516104,-0.3706424381182405,1.7925821305300955,1.1925821305300957,1.0925821305300958,1.0925821305300958,-2,ok,CONVERGENCE: REL_REDUCTION_OF_F <= FACTR*EPSMCH,526.988723;1e+12;1e+12;526.986674;1e+12;1e+12;526.987882;1e+12;1e+12;526.991756;1e+12;1e+12;526.985521;1e+12;1e+12;526.985694;1e+12;1e+12;526.985054;1e+12;1e+12;526.986224;1e+12;1e+12;526.988665;1e+12;1e+12;526.98484;1e+12;1e+12;527.318547;1e+12;1e+12;526.98583;1e+12;1e+12;Inf;1e+12;1e+12
grid_n1500_est_r000_etaSrawm03_etaYrawp03_tau04_selRARE_nu6,grid_n1500,EST,17,1500,RARE,78,0.052,0.639386189258312,0.6373279667051683,0.00205822255314369,-537.4456014056924,1098.8912028113848,1162.6498474564685,12,TRUE,TRUE,0,28,71276.371,4,3,0,-0.3,0.3,-0.3,0.3,0.4,0.4,6,3.843531851703668,0.8042305082193841,-1.4925812340005649,0.441852090168772,-1.3829125893928382,-1.3829125893928382,4,-1.75,-0.2882249237161387,1.4617750762838613,0.0375,1.3339917431523534e-4,-0.03736660082568476,0.25,0.13817599983844572,-0.11182400016155428,5,3.867262173245128,-1.1327378267548718,1.5,2.4555006392939527,0.9555006392939528,0.8,-0.08440644243968018,-0.8844064424396803,0.8435318517036681,0.8042305082193841,-1.1925812340005648,0.14185209016877204,-1.782912589392838,-1.782912589392838,-2,ok,CONVERGENCE: REL_REDUCTION_OF_F <= FACTR*EPSMCH,537.575236;1e+12;1e+12;537.445612;1e+12;1e+12;537.446179;1e+12;1e+12;537.602414;1e+12;1e+12;537.454914;1e+12;1e+12;537.44934;1e+12;1e+12;537.448934;1e+12;1e+12;537.566337;1e+12;1e+12;537.566462;1e+12;1e+12;537.445601;1e+12;1e+12;537.445747;1e+12;1e+12;537.563571;1e+12;1e+12;537.575926;1e+12;1e+12
grid_n1500_est_r000_etaSrawm03_etaYrawp03_tau04_selRARE_nu6,grid_n1500,EST,18,1500,RARE,89,0.05933333333333333,0.6487889273356401,0.6373279667051683,0.01146096063047175,-602.5689511488733,1229.137902297747,1292.8965469428304,12,TRUE,TRUE,0,4,43201.217,4,3,0,-0.3,0.3,-0.3,0.3,0.4,0.4,6,2.6934310454231185,-0.11330241457239627,1.0706892780531383,1.4925821305300957,1.4925821305300957,1.4925821305300957,4,-1.75,-2.2952705383880443,-0.5452705383880443,0.0375,0.02548448749275885,-0.01201551250724114,0.25,0.2333561657633315,-0.01664383423666848,5,7.277813584995283,2.2778135849952834,1.5,1.9849703494021096,0.4849703494021096,0.8,0.5080877175299487,-0.2919122824700513,-0.3065689545768815,-0.11330241457239627,1.3706892780531386,1.1925821305300957,1.0925821305300958,1.0925821305300958,-2,ok,CONVERGENCE: REL_REDUCTION_OF_F <= FACTR*EPSMCH,602.569026;1e+12;1e+12;602.568951;1e+12;1e+12;602.570487;1e+12;1e+12;602.622396;1e+12;1e+12;602.569469;1e+12;1e+12;602.569794;1e+12;1e+12;602.618795;1e+12;1e+12;602.763391;1e+12;1e+12;602.569032;1e+12;1e+12;602.569722;1e+12;1e+12;602.765941;1e+12;1e+12;602.571173;1e+12;1e+12;Inf;1e+12;1e+12
grid_n1500_est_r000_etaSrawm03_etaYrawp03_tau04_selRARE_nu6,grid_n1500,EST,19,1500,RARE,85,0.05666666666666666,0.6198347107438017,0.6373279667051683,-0.01749325596136664,-569.9859931098262,1163.9719862196523,1227.730630864736,12,TRUE,TRUE,0,19,65136.109,4,3,0,-0.3,0.3,-0.3,0.3,0.4,0.4,6,6.715748121072238,-0.8748380531725782,-1.4923857210122635,1.123679730564441,1.4925821305300957,1.4925821305300957,4,-1.75,-1.325156000526056,0.4248439994739439,0.0375,0.02508579391620351,-0.01241420608379648,0.25,0.26721238771952793,0.01721238771952793,5,11.724144866248215,6.724144866248215,1.5,1.5458600489316712,0.04586004893167117,0.8,0.7635453460112073,-0.03645465398879277,3.715748121072238,-0.8748380531725782,-1.1923857210122637,0.823679730564441,1.0925821305300958,1.0925821305300958,-2,ok,CONVERGENCE: REL_REDUCTION_OF_F <= FACTR*EPSMCH,569.988307;1e+12;1e+12;569.992792;1e+12;1e+12;569.99913;1e+12;1e+12;570.092299;1e+12;1e+12;570.003104;1e+12;1e+12;569.990655;1e+12;1e+12;569.985993;1e+12;1e+12;570.167904;1e+12;1e+12;569.999357;1e+12;1e+12;570.009172;1e+12;1e+12;569.999876;1e+12;1e+12;569.99796;1e+12;1e+12;569.992717;1e+12;1e+12
grid_n1500_est_r000_etaSrawm03_etaYrawp03_tau04_selRARE_nu6,grid_n1500,EST,20,1500,RARE,102,0.068,0.6350550381033023,0.6373279667051683,-0.002272928601866,-653.0793275134539,1330.1586550269078,1393.9172996719915,12,TRUE,TRUE,0,19,42974.233,4,3,0,-0.3,0.3,-0.3,0.3,0.4,0.4,6,2.636779298541603,-0.3296458810861858,0.2465168767249813,1.4925821305300957,0.9263510864081226,0.9263510864081226,4,-1.75,-2.0821359633521617,-0.33213596335216167,0.0375,0.04440647126801108,0.00690647126801108,0.25,0.3155401626629247,0.06554016266292467,5,6.168449034008921,1.1684490340089209,1.5,1.489660446231266,-0.01033955376873407,0.8,1.1400095211189665,0.34000952111896643,-0.3632207014583968,-0.3296458810861858,0.5465168767249813,1.1925821305300957,0.5263510864081226,0.5263510864081226,-2,ok,CONVERGENCE: REL_REDUCTION_OF_F <= FACTR*EPSMCH,653.07983;1e+12;1e+12;653.081388;1e+12;1e+12;653.082224;1e+12;1e+12;653.07952;1e+12;1e+12;653.079436;1e+12;1e+12;653.079389;1e+12;1e+12;653.079328;1e+12;1e+12;653.080108;1e+12;1e+12;653.084109;1e+12;1e+12;653.079406;1e+12;1e+12;653.106632;1e+12;1e+12;653.079494;1e+12;1e+12;653.079811;1e+12;1e+12
grid_n1500_est_r000_etaSrawm03_etaYrawp03_tau04_selRARE_nu6,grid_n1500,EST,21,1500,RARE,73,0.04866666666666666,0.6302521008403361,0.6373279667051683,-0.00707586586483222,-487.4587253443295,998.917450688659,1062.6760953337423,12,TRUE,TRUE,0,28,43201.19,4,3,0,-0.3,0.3,-0.3,0.3,0.4,0.4,6,2.6179378483840026,0.3234083271262685,-0.11887554554087527,-1.4925821305300957,1.4925821305300957,1.4925821305300957,4,-1.75,-2.1833564777449426,-0.43335647774494257,0.0375,0.06659318008042515,0.02909318008042515,0.25,0.2720747748150122,0.02207477481501218,5,6.4090735253907,1.4090735253907,1.5,1.914599623622688,0.4145996236226879,0.8,0.7131419162986317,-0.08685808370136838,-0.38206215161599744,0.3234083271262685,0.1811244544591247,-1.7925821305300955,1.0925821305300958,1.0925821305300958,-2,ok,CONVERGENCE: REL_REDUCTION_OF_F <= FACTR*EPSMCH,487.458783;1e+12;1e+12;487.459504;1e+12;1e+12;487.461185;1e+12;1e+12;487.459826;1e+12;1e+12;487.458728;1e+12;1e+12;487.458829;1e+12;1e+12;487.459298;1e+12;1e+12;487.461894;1e+12;1e+12;487.45892;1e+12;1e+12;487.458725;1e+12;1e+12;487.458801;1e+12;1e+12;487.458769;1e+12;1e+12;Inf;1e+12;1e+12
grid_n1500_est_r000_etaSrawm03_etaYrawp03_tau04_selRARE_nu6,grid_n1500,EST,22,1500,RARE,83,0.05533333333333333,0.6297229219143576,0.6373279667051683,-0.0076050447908107,-569.1514314158426,1162.3028628316852,1226.0615074767688,12,TRUE,TRUE,0,10,53080.60400000001,4,3,0,-0.3,0.3,-0.3,0.3,0.4,0.4,6,7.665424839925151,-0.8792915158574477,-1.4925738826991717,1.480467440955923,1.4925821305300957,1.4925821305300957,4,-1.75,-1.4192577626328249,0.33074223736717534,0.0375,0.00122647074496526,-0.03627352925503473,0.25,0.29026448187365084,0.04026448187365084,5,12.966440059869411,7.966440059869413,1.5,2.102452596943423,0.6024525969434231,0.8,1.0653058092645178,0.26530580926451774,4.665424839925151,-0.8792915158574477,-1.1925738826991714,1.180467440955923,1.0925821305300958,1.0925821305300958,-2,ok,CONVERGENCE: REL_REDUCTION_OF_F <= FACTR*EPSMCH,569.162068;1e+12;1e+12;569.159004;1e+12;1e+12;569.360485;1e+12;1e+12;569.151431;1e+12;1e+12;569.35638;1e+12;1e+12;569.35917;1e+12;1e+12;569.317306;1e+12;1e+12;569.38176;1e+12;1e+12;569.318963;1e+12;1e+12;569.300821;1e+12;1e+12;569.381474;1e+12;1e+12;569.154306;1e+12;1e+12;569.307175;1e+12;1e+12
grid_n1500_est_r000_etaSrawm03_etaYrawp03_tau04_selRARE_nu6,grid_n1500,EST,23,1500,RARE,76,0.05066666666666666,0.629987400251995,0.6373279667051683,-0.00734056645317338,-510.48382324572685,1044.9676464914537,1108.7262911365374,12,TRUE,TRUE,0,28,42445.489,4,3,0,-0.3,0.3,-0.3,0.3,0.4,0.4,6,2.3029910870623578,-0.5294770983450151,1.4925821305300957,-1.4925821305300957,1.4925821305300957,1.4925821305300957,4,-1.75,-2.680049522208725,-0.930049522208725,0.0375,-0.01973177844940811,-0.0572317784494081,0.25,0.5509617354050991,0.3009617354050991,5,9.478187653401802,4.478187653401802,1.5,2.7398223252931517,1.2398223252931515,0.8,0.8368404711641045,0.03684047116410449,-0.6970089129376422,-0.5294770983450151,1.7925821305300955,-1.7925821305300955,1.0925821305300958,1.0925821305300958,-2,ok,CONVERGENCE: REL_REDUCTION_OF_F <= FACTR*EPSMCH,510.485564;1e+12;1e+12;510.485122;1e+12;1e+12;510.484793;1e+12;1e+12;510.484177;1e+12;1e+12;510.484814;1e+12;1e+12;510.979032;1e+12;1e+12;510.977853;1e+12;1e+12;510.484707;1e+12;1e+12;510.484277;1e+12;1e+12;510.483823;1e+12;1e+12;510.483833;1e+12;1e+12;510.485659;1e+12;1e+12;510.483868;1e+12;1e+12
grid_n1500_est_r000_etaSrawm03_etaYrawp03_tau04_selRARE_nu6,grid_n1500,EST,24,1500,RARE,91,0.06066666666666667,0.6415739948674081,0.6373279667051683,0.00424602816223973,-593.4707036876165,1210.941407375233,1274.700052020317,12,TRUE,TRUE,0,31,39272.64400000001,4,3,0,-0.3,0.3,-0.3,0.3,0.4,0.4,6,2.848882349498224,0.5642270991166443,-0.566342727198129,-1.2866888126918692,-1.4925821305300957,-1.4925821305300957,4,-1.75,-1.7835716533022703,-0.03357165330227052,0.0375,0.05416759012425841,0.01666759012425841,0.25,0.3742481394356763,0.12424813943567632,5,7.451617595144986,2.4516175951449863,1.5,1.8024209105237712,0.3024209105237714,0.8,0.8015190949833693,0.00151909498336921,-0.15111765050177617,0.5642270991166443,-0.26634272719812896,-1.5866888126918692,-1.8925821305300956,-1.8925821305300956,-2,ok,CONVERGENCE: REL_REDUCTION_OF_F <= FACTR*EPSMCH,593.474361;1e+12;1e+12;593.487734;1e+12;1e+12;593.485488;1e+12;1e+12;593.473833;1e+12;1e+12;593.48532;1e+12;1e+12;593.483325;1e+12;1e+12;593.473372;1e+12;1e+12;593.486432;1e+12;1e+12;593.473104;1e+12;1e+12;593.484493;1e+12;1e+12;593.470704;1e+12;1e+12;593.481154;1e+12;1e+12;593.484243;1e+12;1e+12
grid_n1500_est_r000_etaSrawm03_etaYrawp03_tau04_selRARE_nu6,grid_n1500,EST,25,1500,RARE,70,0.04666666666666667,0.625,0.6373279667051683,-0.01232796670516833,-488.8353026394739,1001.6706052789478,1065.4292499240314,12,TRUE,TRUE,0,34,58570.079000000005,4,3,0,-0.3,0.3,-0.3,0.3,0.4,0.4,6,8.150134923681039,-0.9393166465025118,-1.4914130450879246,1.121333729566031,1.4925821305300957,1.4925821305300957,4,-1.75,-1.392978443034925,0.357021556965075,0.0375,-1.7470939504516083e-4,-0.03767470939504516,0.25,0.2288885927764049,-0.02111140722359511,5,17.05265274224813,12.052652742248132,1.5,1.0990027802712647,-0.40099721972873525,0.8,0.2709261049620213,-0.5290738950379787,5.150134923681039,-0.9393166465025118,-1.1914130450879246,0.821333729566031,1.0925821305300958,1.0925821305300958,-2,ok,CONVERGENCE: REL_REDUCTION_OF_F <= FACTR*EPSMCH,488.836627;1e+12;1e+12;488.835451;1e+12;1e+12;488.840463;1e+12;1e+12;488.852458;1e+12;1e+12;488.852797;1e+12;1e+12;488.840197;1e+12;1e+12;489.025319;1e+12;1e+12;488.852986;1e+12;1e+12;489.12416;1e+12;1e+12;488.836922;1e+12;1e+12;489.12383;1e+12;1e+12;488.835303;1e+12;1e+12;488.852094;1e+12;1e+12
grid_n1500_est_r000_etaSrawm03_etaYrawp03_tau04_selRARE_nu6,grid_n1500,EST,26,1500,RARE,94,0.06266666666666666,0.6388415672913118,0.6373279667051683,0.00151360058614347,-625.6758279963001,1275.3516559926002,1339.1103006376838,12,TRUE,TRUE,0,28,43201.183,4,3,0,-0.3,0.3,-0.3,0.3,0.4,0.4,6,2.9956330243765574,0.4025165259762076,0.9717253741482764,1.4925821305300957,1.4925821305300957,1.4925821305300957,4,-1.75,-2.411142774487449,-0.6611427744874492,0.0375,0.01699165329998236,-0.02050834670001763,0.25,0.5212867438974368,0.2712867438974368,5,2.186773114530536,-2.813226885469464,1.5,1.8706873554490335,0.37068735544903375,0.8,0.8728952962888986,0.07289529628889857,-0.00436697562344257,0.4025165259762076,1.2717253741482766,1.1925821305300957,1.0925821305300958,1.0925821305300958,-2,ok,CONVERGENCE: REL_REDUCTION_OF_F <= FACTR*EPSMCH,625.675837;1e+12;1e+12;625.675869;1e+12;1e+12;625.675828;1e+12;1e+12;625.675855;1e+12;1e+12;625.680904;1e+12;1e+12;625.675896;1e+12;1e+12;625.678513;1e+12;1e+12;625.677022;1e+12;1e+12;625.676041;1e+12;1e+12;625.675828;1e+12;1e+12;626.803395;1e+12;1e+12;625.675848;1e+12;1e+12;Inf;1e+12;1e+12
grid_n1500_est_r000_etaSrawm03_etaYrawp03_tau04_selRARE_nu6,grid_n1500,EST,27,1500,RARE,91,0.06066666666666667,0.6350550381033023,0.6373279667051683,-0.002272928601866,-592.3875975675508,1208.7751951351015,1272.5338397801852,12,TRUE,TRUE,0,10,39368.172,4,3,0,-0.3,0.3,-0.3,0.3,0.4,0.4,6,2.0682441182556692,0.33646956038939513,1.4925821305300957,1.492354703432864,1.4925821305300957,1.4925821305300957,4,-1.75,-2.410610849994279,-0.6606108499942791,0.0375,-0.01236754577434837,-0.04986754577434837,0.25,0.35885492607545766,0.10885492607545766,5,4.364711773604531,-0.6352882263954687,1.5,2.184281627968348,0.6842816279683479,0.8,0.7253534324639074,-0.07464656753609267,-0.9317558817443308,0.33646956038939513,1.7925821305300955,1.192354703432864,1.0925821305300958,1.0925821305300958,-2,ok,CONVERGENCE: REL_REDUCTION_OF_F <= FACTR*EPSMCH,592.387613;1e+12;1e+12;592.387619;1e+12;1e+12;592.389112;1e+12;1e+12;592.387598;1e+12;1e+12;592.38842;1e+12;1e+12;592.388308;1e+12;1e+12;592.388519;1e+12;1e+12;592.389971;1e+12;1e+12;592.389756;1e+12;1e+12;592.643811;1e+12;1e+12;592.388139;1e+12;1e+12;592.387615;1e+12;1e+12;592.38784;1e+12;1e+12
grid_n1500_est_r000_etaSrawm03_etaYrawp03_tau04_selRARE_nu6,grid_n1500,EST,28,1500,RARE,71,0.04733333333333333,0.6457167455876023,0.6373279667051683,0.00838877888243394,-479.71223673327165,983.4244734665432,1047.183118111627,12,TRUE,TRUE,0,4,46999.775,4,3,0,-0.3,0.3,-0.3,0.3,0.4,0.4,6,1.7736910987330787,0.226918135567671,1.0363296780050422,-1.4925821305300957,-1.4925821305300957,-1.4925821305300957,4,-1.75,-3.557924891818248,-1.807924891818248,0.0375,0.08336021330745871,0.04586021330745871,0.25,0.503172952295542,0.25317295229554204,5,5.431134549081439,0.4311345490814391,1.5,1.9474716967673005,0.4474716967673005,0.8,0.9671038250488518,0.1671038250488518,-1.2263089012669213,0.226918135567671,1.3363296780050422,-1.7925821305300955,-1.8925821305300956,-1.8925821305300956,-2,ok,CONVERGENCE: REL_REDUCTION_OF_F <= FACTR*EPSMCH,479.714058;1e+12;1e+12;479.712237;1e+12;1e+12;479.712813;1e+12;1e+12;479.712888;1e+12;1e+12;479.712661;1e+12;1e+12;479.712243;1e+12;1e+12;479.712513;1e+12;1e+12;479.713722;1e+12;1e+12;479.712559;1e+12;1e+12;479.71307;1e+12;1e+12;479.712256;1e+12;1e+12;Inf;1e+12;1e+12;479.71261;1e+12;1e+12
grid_n1500_est_r000_etaSrawm03_etaYrawp03_tau04_selRARE_nu6,grid_n1500,EST,29,1500,RARE,59,0.03933333333333333,0.6385696040868455,0.6373279667051683,0.00124163738167715,-423.1001042025761,870.2002084051522,933.9588530502358,12,TRUE,TRUE,0,16,54705.899000000005,4,3,0,-0.3,0.3,-0.3,0.3,0.4,0.4,6,2.4868320303720437,0.5782013128284873,0.55806055917742,-1.4925821305300957,-1.4925821305300957,-1.4925821305300957,4,-1.75,-3.282548085934794,-1.5325480859347946,0.0375,0.11619801508598536,0.07869801508598537,0.25,-0.01829235813783467,-0.2682923581378347,5,1.125570051141069,-3.874429948858931,1.5,0.7405873750712789,-0.7594126249287211,0.8,1.018775850191574,0.21877585019157397,-0.5131679696279563,0.5782013128284873,0.85806055917742,-1.7925821305300955,-1.8925821305300956,-1.8925821305300956,-2,ok,CONVERGENCE: REL_REDUCTION_OF_F <= FACTR*EPSMCH,423.100658;1e+12;1e+12;423.101348;1e+12;1e+12;423.100759;1e+12;1e+12;423.102326;1e+12;1e+12;423.101917;1e+12;1e+12;423.100104;1e+12;1e+12;423.101279;1e+12;1e+12;423.10287;1e+12;1e+12;423.100867;1e+12;1e+12;423.100562;1e+12;1e+12;423.101362;1e+12;1e+12;423.101796;1e+12;1e+12;423.100915;1e+12;1e+12
grid_n1500_est_r000_etaSrawm03_etaYrawp03_tau04_selRARE_nu6,grid_n1500,EST,30,1500,RARE,72,0.048,0.6270903010033445,0.6373279667051683,-0.01023766570182382,-486.0000754585898,996.0001509171796,1059.7587955622632,12,TRUE,TRUE,0,22,37519.238,4,3,0,-0.3,0.3,-0.3,0.3,0.4,0.4,6,1.9569254119729396,0.3307813635001923,1.4920051718824954,-1.1114444186554344,1.4925821305300957,1.4925821305300957,4,-1.75,-2.6715064680317866,-0.9215064680317866,0.0375,0.07210436588496004,0.03460436588496004,0.25,0.42173806075394393,0.17173806075394393,5,4.493329084489277,-0.506670915510723,1.5,1.713819756472197,0.2138197564721971,0.8,0.5109201359556774,-0.2890798640443226,-1.0430745880270604,0.3307813635001923,1.7920051718824954,-1.4114444186554345,1.0925821305300958,1.0925821305300958,-2,ok,CONVERGENCE: REL_REDUCTION_OF_F <= FACTR*EPSMCH,486.096278;1e+12;1e+12;486.094658;1e+12;1e+12;486.094687;1e+12;1e+12;486.096299;1e+12;1e+12;486.089369;1e+12;1e+12;486.094048;1e+12;1e+12;486.094205;1e+12;1e+12;486.000075;1e+12;1e+12;486.088177;1e+12;1e+12;486.093936;1e+12;1e+12;486.001959;1e+12;1e+12;486.095009;1e+12;1e+12;486.093646;1e+12;1e+12
grid_n1500_est_r000_etaSrawm03_etaYrawp03_tau04_selRARE_nu6,grid_n1500,EST,31,1500,RARE,68,0.04533333333333334,0.6286672254819782,0.6373279667051683,-0.00866074122319016,-458.9064915813185,941.812983162637,1005.5716278077208,12,TRUE,TRUE,0,16,48367.921,4,3,0,-0.3,0.3,-0.3,0.3,0.4,0.4,6,2.4203801502871904,0.47178160434045713,0.3724508605474137,-1.4925821305300957,1.4925821305300957,1.4925821305300957,4,-1.75,-2.5110277092181397,-0.7610277092181397,0.0375,0.04466274209437201,0.00716274209437201,0.25,0.4429614268844355,0.19296142688443552,5,3.630595021376772,-1.369404978623228,1.5,1.4346096239903332,-0.0653903760096668,0.8,0.8191017454678035,0.01910174546780341,-0.5796198497128096,0.47178160434045713,0.6724508605474138,-1.7925821305300955,1.0925821305300958,1.0925821305300958,-2,ok,CONVERGENCE: REL_REDUCTION_OF_F <= FACTR*EPSMCH,458.906774;1e+12;1e+12;458.907242;1e+12;1e+12;458.906686;1e+12;1e+12;458.907659;1e+12;1e+12;458.906494;1e+12;1e+12;458.906492;1e+12;1e+12;458.906539;1e+12;1e+12;458.906676;1e+12;1e+12;458.906713;1e+12;1e+12;458.907808;1e+12;1e+12;Inf;1e+12;1e+12;458.908091;1e+12;1e+12;458.909185;1e+12;1e+12
grid_n1500_est_r000_etaSrawm03_etaYrawp03_tau04_selRARE_nu6,grid_n1500,EST,32,1500,RARE,83,0.05533333333333333,0.6323777403035413,0.6373279667051683,-0.00495022640162701,-567.4093937366216,1158.8187874732432,1222.577432118327,12,TRUE,TRUE,0,28,46725.41100000001,4,3,0,-0.3,0.3,-0.3,0.3,0.4,0.4,6,1.8801867993434116,0.2924496082836731,1.4925821305300957,-0.6831129735932737,-1.4925821305300957,-1.4925821305300957,4,-1.75,-3.6842989513760065,-1.9342989513760065,0.0375,0.07811614493967539,0.04061614493967539,0.25,0.5047861689614718,0.25478616896147177,5,3.3020781287736796,-1.6979218712263204,1.5,1.1246635053371634,-0.3753364946628366,0.8,1.158341037601683,0.3583410376016829,-1.1198132006565884,0.2924496082836731,1.7925821305300955,-0.9831129735932738,-1.8925821305300956,-1.8925821305300956,-2,ok,CONVERGENCE: REL_REDUCTION_OF_F <= FACTR*EPSMCH,567.409908;1e+12;1e+12;567.409609;1e+12;1e+12;567.409776;1e+12;1e+12;567.410533;1e+12;1e+12;567.413716;1e+12;1e+12;567.414011;1e+12;1e+12;567.411041;1e+12;1e+12;567.412651;1e+12;1e+12;567.410376;1e+12;1e+12;567.409394;1e+12;1e+12;567.409663;1e+12;1e+12;Inf;1e+12;1e+12;567.410196;1e+12;1e+12
grid_n1500_est_r000_etaSrawm03_etaYrawp03_tau04_selRARE_nu6,grid_n1500,EST,33,1500,RARE,88,0.05866666666666666,0.6426735218508998,0.6373279667051683,0.00534555514573142,-597.1907760436279,1218.3815520872558,1282.1401967323395,12,TRUE,TRUE,0,1,47021.507,4,3,0,-0.3,0.3,-0.3,0.3,0.4,0.4,6,3.482196407681733,0.33836760418474826,-0.3516298231550176,-1.1472341715546337,1.4925821305300957,1.4925821305300957,4,-1.75,-1.834474094232861,-0.08447409423286101,0.0375,-0.01967133549993179,-0.05717133549993179,0.25,0.1761984680525335,-0.0738015319474665,5,4.448082739412599,-0.551917260587401,1.5,1.641246713585386,0.14124671358538587,0.8,1.2778989389966169,0.4778989389966166,0.4821964076817329,0.33836760418474826,-0.05162982315501763,-1.4472341715546335,1.0925821305300958,1.0925821305300958,-2,ok,CONVERGENCE: REL_REDUCTION_OF_F <= FACTR*EPSMCH,597.190776;1e+12;1e+12;597.203668;1e+12;1e+12;597.194814;1e+12;1e+12;597.20258;1e+12;1e+12;597.19213;1e+12;1e+12;597.19577;1e+12;1e+12;597.194317;1e+12;1e+12;597.191774;1e+12;1e+12;597.194989;1e+12;1e+12;597.200225;1e+12;1e+12;597.191483;1e+12;1e+12;597.196027;1e+12;1e+12;597.191369;1e+12;1e+12
grid_n1500_est_r000_etaSrawm03_etaYrawp03_tau04_selRARE_nu6,grid_n1500,EST,34,1500,RARE,90,0.06,0.6366723259762309,0.6373279667051683,-6.556407289374233e-4,-573.2200873359778,1170.4401746719557,1234.1988193170394,12,TRUE,TRUE,0,19,51156.285,4,3,0,-0.3,0.3,-0.3,0.3,0.4,0.4,6,6.117527369098372,0.9342350591668732,-1.4925821305300957,-1.1395655121281794,1.4925821305300957,1.4925821305300957,4,-1.75,-1.2812749445130427,0.4687250554869573,0.0375,0.04071452830284198,0.00321452830284198,0.25,0.2328539375631271,-0.01714606243687286,5,-0.6505541970949579,-5.650554197094958,1.5,1.5368447862895416,0.03684478628954157,0.8,0.5437703722923176,-0.25622962770768243,3.117527369098372,0.9342350591668732,-1.1925821305300957,-1.4395655121281794,1.0925821305300958,1.0925821305300958,-2,ok,CONVERGENCE: REL_REDUCTION_OF_F <= FACTR*EPSMCH,573.223208;1e+12;1e+12;573.224149;1e+12;1e+12;573.221348;1e+12;1e+12;573.228386;1e+12;1e+12;573.245901;1e+12;1e+12;573.226428;1e+12;1e+12;573.220087;1e+12;1e+12;573.249243;1e+12;1e+12;573.245578;1e+12;1e+12;573.22562;1e+12;1e+12;574.217211;1e+12;1e+12;573.22301;1e+12;1e+12;573.252114;1e+12;1e+12
grid_n1500_est_r000_etaSrawm03_etaYrawp03_tau04_selRARE_nu6,grid_n1500,EST,35,1500,RARE,81,0.054,0.6421232876712328,0.6373279667051683,0.00479532096606449,-545.964050721105,1115.92810144221,1179.6867460872936,12,TRUE,TRUE,0,7,32748.1,4,3,0,-0.3,0.3,-0.3,0.3,0.4,0.4,6,2.4661330118725098,-0.1001401204026272,1.0505494910445954,-1.4925821305300957,1.4925821305300957,1.4925821305300957,4,-1.75,-2.507291291148246,-0.7572912911482459,0.0375,0.06064604911223167,0.02314604911223167,0.25,0.40728929786885154,0.15728929786885154,5,8.003755297954699,3.003755297954699,1.5,-0.02025415556816589,-1.520254155568166,0.8,0.3631207705887536,-0.43687922941124646,-0.5338669881274902,-0.1001401204026272,1.3505494910445954,-1.7925821305300955,1.0925821305300958,1.0925821305300958,-2,ok,CONVERGENCE: REL_REDUCTION_OF_F <= FACTR*EPSMCH,545.965734;1e+12;1e+12;545.964264;1e+12;1e+12;545.964051;1e+12;1e+12;546.634141;1e+12;1e+12;545.967145;1e+12;1e+12;545.964051;1e+12;1e+12;546.631213;1e+12;1e+12;545.966101;1e+12;1e+12;546.048738;1e+12;1e+12;546.634074;1e+12;1e+12;545.964119;1e+12;1e+12;545.96409;1e+12;1e+12;545.964059;1e+12;1e+12
grid_n1500_est_r000_etaSrawm03_etaYrawp03_tau04_selRARE_nu6,grid_n1500,EST,36,1500,RARE,91,0.06066666666666667,0.6263048016701461,0.6373279667051683,-0.0110231650350222,-593.9548560598718,1211.9097121197435,1275.6683567648272,12,TRUE,TRUE,0,10,41532.131,4,3,0,-0.3,0.3,-0.3,0.3,0.4,0.4,6,2.0578175268425594,-0.27120524436925864,1.4807665767534226,0.9424336510834868,1.4925821305300957,1.4925821305300957,4,-1.75,-2.4685167828262213,-0.7185167828262213,0.0375,0.05529806845880419,0.01779806845880419,0.25,0.452317675904972,0.20231767590497196,5,6.687806708742792,1.6878067087427917,1.5,1.985412476912673,0.4854124769126731,0.8,1.075738304045258,0.2757383040452579,-0.9421824731574406,-0.27120524436925864,1.7807665767534226,0.6424336510834869,1.0925821305300958,1.0925821305300958,-2,ok,CONVERGENCE: REL_REDUCTION_OF_F <= FACTR*EPSMCH,593.95929;1e+12;1e+12;593.959382;1e+12;1e+12;593.960257;1e+12;1e+12;593.954856;1e+12;1e+12;593.960077;1e+12;1e+12;593.959237;1e+12;1e+12;593.958547;1e+12;1e+12;593.959544;1e+12;1e+12;593.9606;1e+12;1e+12;593.956187;1e+12;1e+12;593.959402;1e+12;1e+12;593.959465;1e+12;1e+12;593.958671;1e+12;1e+12
grid_n1500_est_r000_etaSrawm03_etaYrawp03_tau04_selRARE_nu6,grid_n1500,EST,37,1500,RARE,77,0.05133333333333333,0.6426735218508998,0.6373279667051683,0.00534555514573142,-512.9419958361625,1049.883991672325,1113.6426363174087,12,TRUE,TRUE,0,16,36255.613,4,3,0,-0.3,0.3,-0.3,0.3,0.4,0.4,6,2.682476928450473,0.06973689438159943,-0.1868630165297141,1.4925821305300957,1.4884525799100026,1.4884525799100026,4,-1.75,-2.1551497203264605,-0.40514972032646046,0.0375,0.0755616206995585,0.0380616206995585,0.25,0.34508509706379836,0.09508509706379836,5,3.5069113165875914,-1.4930886834124086,1.5,0.7258316001865392,-0.7741683998134608,0.8,0.7263830293052888,-0.07361697069471129,-0.3175230715495272,0.06973689438159943,0.11313698347028588,1.1925821305300957,1.0884525799100024,1.0884525799100024,-2,ok,CONVERGENCE: REL_REDUCTION_OF_F <= FACTR*EPSMCH,512.942983;1e+12;1e+12;512.942538;1e+12;1e+12;512.943429;1e+12;1e+12;512.942868;1e+12;1e+12;512.942096;1e+12;1e+12;512.941996;1e+12;1e+12;512.942538;1e+12;1e+12;512.94231;1e+12;1e+12;512.944196;1e+12;1e+12;512.942401;1e+12;1e+12;512.945537;1e+12;1e+12;512.94209;1e+12;1e+12;512.943194;1e+12;1e+12
grid_n1500_est_r000_etaSrawm03_etaYrawp03_tau04_selRARE_nu6,grid_n1500,EST,38,1500,RARE,78,0.052,0.6487889273356401,0.6373279667051683,0.01146096063047175,-522.0388877634796,1068.0777755269592,1131.8364201720428,12,TRUE,TRUE,0,37,59298.04,4,3,0,-0.3,0.3,-0.3,0.3,0.4,0.4,6,2.435049183206345,-0.5664699289506105,1.4004038448527871,1.4925821305300957,1.4925821305300957,1.4925821305300957,4,-1.75,-2.6781254530897836,-0.9281254530897836,0.0375,0.02366966463182576,-0.01383033536817423,0.25,0.5835571956731256,0.3335571956731256,5,10.58079753000232,5.58079753000232,1.5,1.0433368890315091,-0.45666311096849066,0.8,0.9244292619250816,0.1244292619250814,-0.5649508167936554,-0.5664699289506105,1.7004038448527872,1.1925821305300957,1.0925821305300958,1.0925821305300958,-2,ok,CONVERGENCE: REL_REDUCTION_OF_F <= FACTR*EPSMCH,522.157485;1e+12;1e+12;522.155397;1e+12;1e+12;522.153772;1e+12;1e+12;522.15437;1e+12;1e+12;522.157265;1e+12;1e+12;522.153378;1e+12;1e+12;522.158699;1e+12;1e+12;522.155699;1e+12;1e+12;522.43268;1e+12;1e+12;522.155928;1e+12;1e+12;522.153375;1e+12;1e+12;522.157517;1e+12;1e+12;522.038888;1e+12;1e+12
grid_n1500_est_r000_etaSrawm03_etaYrawp03_tau04_selRARE_nu6,grid_n1500,EST,39,1500,RARE,86,0.05733333333333333,0.6510416666666666,0.6373279667051683,0.01371369996149829,-568.0364858874437,1160.0729717748875,1223.8316164199712,12,TRUE,TRUE,0,19,70767.155,4,3,0,-0.3,0.3,-0.3,0.3,0.4,0.4,6,6.094865836965145,0.8804426098711515,-1.4922590251930736,-1.4925821305300957,1.4925821305300957,1.4925821305300957,4,-1.75,-1.3723779097884248,0.3776220902115752,0.0375,0.01205933104622609,-0.0254406689537739,0.25,0.2495701105288018,-4.298894711982082e-4,5,0.00650108148822907,-4.993498918511771,1.5,1.6807860364411005,0.18078603644110047,0.8,1.3025041228326195,0.5025041228326195,3.0948658369651447,0.8804426098711515,-1.1922590251930736,-1.7925821305300955,1.0925821305300958,1.0925821305300958,-2,ok,CONVERGENCE: REL_REDUCTION_OF_F <= FACTR*EPSMCH,568.036733;1e+12;1e+12;568.039114;1e+12;1e+12;568.03746;1e+12;1e+12;568.037517;1e+12;1e+12;568.037535;1e+12;1e+12;568.037415;1e+12;1e+12;568.036486;1e+12;1e+12;Inf;1e+12;1e+12;568.036601;1e+12;1e+12;568.036584;1e+12;1e+12;568.037055;1e+12;1e+12;568.037119;1e+12;1e+12;568.040821;1e+12;1e+12
grid_n1500_est_r000_etaSrawm03_etaYrawp03_tau04_selRARE_nu6,grid_n1500,EST,40,1500,RARE,81,0.054,0.6297229219143576,0.6373279667051683,-0.0076050447908107,-542.2379894623652,1108.4759789247305,1172.2346235698142,12,TRUE,TRUE,0,31,39704.386,4,3,0,-0.3,0.3,-0.3,0.3,0.4,0.4,6,2.4269112932922288,0.5294768490966785,1.462245609805882,1.4925821305300957,0.4049574320942636,0.4049574320942636,4,-1.75,-2.944372030941503,-1.1943720309415031,0.0375,0.03673702510044652,-7.629748995534799e-4,0.25,0.7124722964780542,0.4624722964780542,5,0.6132019929330943,-4.386798007066906,1.5,1.6413645825373842,0.14136458253738415,0.8,1.0894554776320908,0.2894554776320908,-0.5730887067077712,0.5294768490966785,1.762245609805882,1.1925821305300957,0.00495743209426358,0.00495743209426358,-2,ok,CONVERGENCE: REL_REDUCTION_OF_F <= FACTR*EPSMCH,542.258335;1e+12;1e+12;542.259057;1e+12;1e+12;542.260078;1e+12;1e+12;542.261005;1e+12;1e+12;542.258222;1e+12;1e+12;542.262386;1e+12;1e+12;542.258209;1e+12;1e+12;542.254647;1e+12;1e+12;542.258465;1e+12;1e+12;542.25947;1e+12;1e+12;542.237989;1e+12;1e+12;542.25832;1e+12;1e+12;542.258249;1e+12;1e+12
grid_n1500_est_r000_etaSrawm03_etaYrawp03_tau04_selRARE_nu6,grid_n1500,EST,41,1500,RARE,74,0.04933333333333333,0.6513243595310465,0.6373279667051683,0.01399639282587816,-500.6029821466462,1025.2059642932925,1088.964608938376,12,TRUE,TRUE,0,7,44181.145,4,3,0,-0.3,0.3,-0.3,0.3,0.4,0.4,6,1.8379503007032312,-0.0440511382737493,1.3357699437545028,1.4925821305300957,-1.4925821305300957,-1.4925821305300957,4,-1.75,-3.662263300362193,-1.9122633003621932,0.0375,0.08474851335860543,0.04724851335860543,0.25,0.6679790357225464,0.4179790357225463,5,6.764679204680008,1.7646792046800082,1.5,1.171671405391071,-0.32832859460892894,0.8,0.622757105012322,-0.1772428949876781,-1.1620496992967688,-0.0440511382737493,1.6357699437545028,1.1925821305300957,-1.8925821305300956,-1.8925821305300956,-2,ok,CONVERGENCE: REL_REDUCTION_OF_F <= FACTR*EPSMCH,500.614239;1e+12;1e+12;500.603443;1e+12;1e+12;500.602982;1e+12;1e+12;500.606054;1e+12;1e+12;500.615047;1e+12;1e+12;500.602992;1e+12;1e+12;500.603159;1e+12;1e+12;500.603841;1e+12;1e+12;500.603166;1e+12;1e+12;500.603064;1e+12;1e+12;500.60392;1e+12;1e+12;500.602985;1e+12;1e+12;500.604434;1e+12;1e+12
grid_n1500_est_r000_etaSrawm03_etaYrawp03_tau04_selRARE_nu6,grid_n1500,EST,42,1500,RARE,72,0.048,0.6369426751592356,0.6373279667051683,-3.8529154593269777e-4,-473.74879092491744,971.4975818498348,1035.2562264949186,12,TRUE,TRUE,0,1,52647.134999999995,4,3,0,-0.3,0.3,-0.3,0.3,0.4,0.4,6,1.6074388852667232,0.2748855402670185,1.4925821305300957,-1.4925821305300957,0.3609927495972962,0.3609927495972962,4,-1.75,-2.8881757410388413,-1.1381757410388411,0.0375,0.07710392012756792,0.03960392012756792,0.25,0.4128242788106528,0.16282427881065276,5,5.325203078899933,0.32520307889993294,1.5,1.674893423788145,0.174893423788145,0.8,0.8327432030590961,0.03274320305909606,-1.3925611147332768,0.2748855402670185,1.7925821305300955,-1.7925821305300955,-0.03900725040270375,-0.03900725040270375,-2,ok,CONVERGENCE: REL_REDUCTION_OF_F <= FACTR*EPSMCH,473.748791;1e+12;1e+12;473.748795;1e+12;1e+12;473.748797;1e+12;1e+12;473.748938;1e+12;1e+12;473.749024;1e+12;1e+12;473.74885;1e+12;1e+12;473.778872;1e+12;1e+12;473.749407;1e+12;1e+12;473.749568;1e+12;1e+12;473.751058;1e+12;1e+12;473.75027;1e+12;1e+12;473.749092;1e+12;1e+12;473.750596;1e+12;1e+12
grid_n1500_est_r000_etaSrawm03_etaYrawp03_tau04_selRARE_nu6,grid_n1500,EST,43,1500,RARE,79,0.05266666666666667,0.6190672719768882,0.6373279667051683,-0.01826069472828018,-539.6809000782105,1103.361800156421,1167.1204448015046,12,TRUE,TRUE,0,1,37173.695,4,3,0,-0.3,0.3,-0.3,0.3,0.4,0.4,6,2.405124007890308,0.25094417810107705,1.4925821305300957,-1.4925821305300957,1.4925821305300957,1.4925821305300957,4,-1.75,-2.53388419289463,-0.7838841928946301,0.0375,0.04503066158312197,0.00753066158312197,0.25,0.3325799457212323,0.08257994572123228,5,3.44176223928509,-1.5582377607149098,1.5,1.2582318625091502,-0.2417681374908498,0.8,1.0129662693032817,0.21296626930328144,-0.5948759921096922,0.25094417810107705,1.7925821305300955,-1.7925821305300955,1.0925821305300958,1.0925821305300958,-2,ok,CONVERGENCE: REL_REDUCTION_OF_F <= FACTR*EPSMCH,539.6809;1e+12;1e+12;539.683006;1e+12;1e+12;539.684165;1e+12;1e+12;539.681086;1e+12;1e+12;539.682667;1e+12;1e+12;539.681655;1e+12;1e+12;539.681153;1e+12;1e+12;539.683039;1e+12;1e+12;539.683141;1e+12;1e+12;539.682992;1e+12;1e+12;539.681447;1e+12;1e+12;539.681259;1e+12;1e+12;539.681694;1e+12;1e+12
grid_n1500_est_r000_etaSrawm03_etaYrawp03_tau04_selRARE_nu6,grid_n1500,EST,44,1500,RARE,73,0.04866666666666666,0.6226650062266501,0.6373279667051683,-0.01466296047851822,-505.4013876079349,1034.8027752158696,1098.5614198609533,12,TRUE,TRUE,0,16,31440.063,4,3,0,-0.3,0.3,-0.3,0.3,0.4,0.4,6,2.4429682856693256,-0.30571715396347127,1.4864714592450512,-1.4925821305300957,1.4925821305300957,1.4925821305300957,4,-1.75,-2.5929581768384335,-0.8429581768384335,0.0375,0.03373743147564631,-0.00376256852435368,0.25,0.3192635153732227,0.06926351537322267,5,9.377689631006955,4.377689631006957,1.5,1.5631304221823688,0.06313042218236875,0.8,0.6606558540196098,-0.13934414598039024,-0.5570317143306744,-0.30571715396347127,1.7864714592450512,-1.7925821305300955,1.0925821305300958,1.0925821305300958,-2,ok,CONVERGENCE: REL_REDUCTION_OF_F <= FACTR*EPSMCH,505.567923;1e+12;1e+12;505.40165;1e+12;1e+12;505.401598;1e+12;1e+12;505.568953;1e+12;1e+12;505.403618;1e+12;1e+12;505.401388;1e+12;1e+12;506.047787;1e+12;1e+12;505.402462;1e+12;1e+12;505.404401;1e+12;1e+12;505.56796;1e+12;1e+12;505.402087;1e+12;1e+12;505.401664;1e+12;1e+12;505.401636;1e+12;1e+12
grid_n1500_est_r000_etaSrawm03_etaYrawp03_tau04_selRARE_nu6,grid_n1500,EST,45,1500,RARE,77,0.05133333333333333,0.6501950585175552,0.6373279667051683,0.01286709181238687,-527.7219625641607,1079.443925128321,1143.202569773405,12,TRUE,TRUE,0,31,39383.037,4,3,0,-0.3,0.3,-0.3,0.3,0.4,0.4,6,6.871278159643051,0.9176922893681516,-1.4925821305300957,-1.4925821305300957,-0.4906845914812187,-0.4906845914812187,4,-1.75,-0.9522747049302636,0.7977252950697364,0.0375,0.02069639960189378,-0.01680360039810621,0.25,-0.04599212236345142,-0.2959921223634514,5,0.9105915636660548,-4.089408436333946,1.5,1.5929621396600704,0.0929621396600704,0.8,1.1239837697523938,0.32398376975239374,3.871278159643051,0.9176922893681516,-1.1925821305300957,-1.7925821305300955,-0.8906845914812187,-0.8906845914812187,-2,ok,CONVERGENCE: REL_REDUCTION_OF_F <= FACTR*EPSMCH,527.848228;1e+12;1e+12;527.840681;1e+12;1e+12;527.848637;1e+12;1e+12;527.850744;1e+12;1e+12;527.846896;1e+12;1e+12;527.85123;1e+12;1e+12;527.837105;1e+12;1e+12;527.847474;1e+12;1e+12;527.848593;1e+12;1e+12;527.855982;1e+12;1e+12;527.721963;1e+12;1e+12;527.839971;1e+12;1e+12;527.843806;1e+12;1e+12
grid_n1500_est_r000_etaSrawm03_etaYrawp03_tau04_selRARE_nu6,grid_n1500,EST,46,1500,RARE,71,0.04733333333333333,0.625,0.6373279667051683,-0.01232796670516833,-484.3141836727836,992.6283673455672,1056.3870119906508,12,TRUE,TRUE,0,4,59352.874,4,3,0,-0.3,0.3,-0.3,0.3,0.4,0.4,6,7.990638071668042,-0.9656336399304012,-1.4925821305300957,0.9515767470229504,1.4925821305300957,1.4925821305300957,4,-1.75,-1.3569522298123096,0.3930477701876904,0.0375,0.01975099143212012,-0.01774900856787988,0.25,0.2257052232182182,-0.02429477678178179,5,16.762121431357162,11.762121431357162,1.5,2.4644688431898856,0.9644688431898856,0.8,0.8782875305218305,0.07828753052183046,4.990638071668042,-0.9656336399304012,-1.1925821305300957,0.6515767470229503,1.0925821305300958,1.0925821305300958,-2,ok,CONVERGENCE: REL_REDUCTION_OF_F <= FACTR*EPSMCH,484.315204;1e+12;1e+12;484.314184;1e+12;1e+12;484.314293;1e+12;1e+12;484.315331;1e+12;1e+12;484.316238;1e+12;1e+12;484.314705;1e+12;1e+12;484.314878;1e+12;1e+12;484.314728;1e+12;1e+12;Inf;1e+12;1e+12;484.315085;1e+12;1e+12;484.315519;1e+12;1e+12;484.315;1e+12;1e+12;484.31427;1e+12;1e+12
grid_n1500_est_r000_etaSrawm03_etaYrawp03_tau04_selRARE_nu6,grid_n1500,EST,47,1500,RARE,60,0.04,0.6369426751592356,0.6373279667051683,-3.8529154593269777e-4,-417.09623145646685,858.1924629129337,921.9511075580174,12,TRUE,TRUE,0,22,49893.302,4,3,0,-0.3,0.3,-0.3,0.3,0.4,0.4,6,1.921111074321352,-0.05758763218872922,0.5861760336156837,1.4925821305300957,-1.4925821305300957,-1.4925821305300957,4,-1.75,-3.768712399866198,-2.0187123998661987,0.0375,0.04620483587235253,0.00870483587235253,0.25,0.8631292153797849,0.6131292153797849,5,5.395912251912416,0.3959122519124163,1.5,2.1610684348505087,0.6610684348505087,0.8,0.32560006451829243,-0.4743999354817076,-1.078888925678648,-0.05758763218872922,0.8861760336156836,1.1925821305300957,-1.8925821305300956,-1.8925821305300956,-2,ok,CONVERGENCE: REL_REDUCTION_OF_F <= FACTR*EPSMCH,417.098464;1e+12;1e+12;417.096329;1e+12;1e+12;417.096396;1e+12;1e+12;417.097262;1e+12;1e+12;417.096254;1e+12;1e+12;417.096242;1e+12;1e+12;417.096545;1e+12;1e+12;417.096231;1e+12;1e+12;417.096258;1e+12;1e+12;417.096234;1e+12;1e+12;Inf;1e+12;1e+12;417.096256;1e+12;1e+12;417.096481;1e+12;1e+12
grid_n1500_est_r000_etaSrawm03_etaYrawp03_tau04_selRARE_nu6,grid_n1500,EST,48,1500,RARE,67,0.04466666666666667,0.637213254035684,0.6373279667051683,-1.1471266948437364e-4,-464.3908745059915,952.781749011983,1016.5403936570668,12,TRUE,TRUE,0,31,55061.33700000001,4,3,0,-0.3,0.3,-0.3,0.3,0.4,0.4,6,2.289531048647046,-0.18169784667383224,1.0720917741388791,-1.4925821305300957,1.4925821305300957,1.4925821305300957,4,-1.75,-2.7821957012296465,-1.0321957012296463,0.0375,-0.00124063213803405,-0.03874063213803405,0.25,0.6185077164889847,0.3685077164889847,5,7.7481309494500366,2.748130949450037,1.5,2.4525595280589747,0.9525595280589748,0.8,0.9094189840528778,0.10941898405287775,-0.7104689513529538,-0.18169784667383224,1.3720917741388792,-1.7925821305300955,1.0925821305300958,1.0925821305300958,-2,ok,CONVERGENCE: REL_REDUCTION_OF_F <= FACTR*EPSMCH,464.392019;1e+12;1e+12;464.40881;1e+12;1e+12;464.391359;1e+12;1e+12;464.407576;1e+12;1e+12;464.392574;1e+12;1e+12;464.407595;1e+12;1e+12;464.41079;1e+12;1e+12;464.410991;1e+12;1e+12;464.39159;1e+12;1e+12;464.407822;1e+12;1e+12;464.390875;1e+12;1e+12;464.411801;1e+12;1e+12;464.410541;1e+12;1e+12
grid_n1500_est_r000_etaSrawm03_etaYrawp03_tau04_selRARE_nu6,grid_n1500,EST,49,1500,RARE,84,0.056,0.6323777403035413,0.6373279667051683,-0.00495022640162701,-560.0689797754952,1144.1379595509904,1207.896604196074,12,TRUE,TRUE,0,22,39904.653000000006,4,3,0,-0.3,0.3,-0.3,0.3,0.4,0.4,6,2.521376331652289,0.6332817996602234,1.4925821305300957,1.2348665954083609,1.4925821305300957,1.4925821305300957,4,-1.75,-2.5316935530250033,-0.7816935530250033,0.0375,0.02063287378266863,-0.01686712621733136,0.25,0.4612230570122144,0.21122305701221444,5,0.7089256508175806,-4.291074349182419,1.5,1.3731963315067215,-0.1268036684932783,0.8,0.90517314635836,0.10517314635836006,-0.4786236683477112,0.6332817996602234,1.7925821305300955,0.9348665954083608,1.0925821305300958,1.0925821305300958,-2,ok,CONVERGENCE: REL_REDUCTION_OF_F <= FACTR*EPSMCH,560.069055;1e+12;1e+12;560.06933;1e+12;1e+12;560.107184;1e+12;1e+12;560.277629;1e+12;1e+12;560.10956;1e+12;1e+12;560.069075;1e+12;1e+12;560.278986;1e+12;1e+12;560.06898;1e+12;1e+12;560.112315;1e+12;1e+12;560.280671;1e+12;1e+12;560.069111;1e+12;1e+12;560.069078;1e+12;1e+12;560.069094;1e+12;1e+12
grid_n1500_est_r000_etaSrawm03_etaYrawp03_tau04_selRARE_nu6,grid_n1500,EST,50,1500,RARE,66,0.044,0.6289308176100629,0.6373279667051683,-0.00839714909510547,-448.1797985340008,920.3595970680016,984.1182417130852,12,TRUE,TRUE,0,31,50114.398,4,3,0,-0.3,0.3,-0.3,0.3,0.4,0.4,6,2.2534483233923424,0.6381660114357068,1.4915728205083076,1.4351333262994976,1.4925821305300957,1.4925821305300957,4,-1.75,-2.878030401246658,-1.128030401246658,0.0375,0.05659371975529501,0.01909371975529501,0.25,0.6105988740405159,0.36059887404051594,5,-0.8258455976739508,-5.8258455976739505,1.5,2.1038345737570956,0.6038345737570956,0.8,1.4355845932279043,0.6355845932279043,-0.7465516766076576,0.6381660114357068,1.7915728205083077,1.1351333262994976,1.0925821305300958,1.0925821305300958,-2,ok,CONVERGENCE: REL_REDUCTION_OF_F <= FACTR*EPSMCH,448.4588;1e+12;1e+12;448.456356;1e+12;1e+12;448.59707;1e+12;1e+12;448.454508;1e+12;1e+12;448.67224;1e+12;1e+12;448.452712;1e+12;1e+12;448.455718;1e+12;1e+12;448.228903;1e+12;1e+12;448.597875;1e+12;1e+12;448.451968;1e+12;1e+12;448.179799;1e+12;1e+12;Inf;1e+12;1e+12;448.45432;1e+12;1e+12
grid_n1500_est_r000_etaSrawm03_etaYrawp03_tau04_selRARE_nu6,grid_n1500,EST,51,1500,RARE,90,0.06,0.6418485237483954,0.6373279667051683,0.00452055704322706,-594.1361362478538,1212.2722724957075,1276.0309171407912,12,TRUE,TRUE,0,34,52119.100000000006,4,3,0,-0.3,0.3,-0.3,0.3,0.4,0.4,6,2.318795972417424,0.28805617961727775,1.163459672530517,-1.491710142652094,-1.4925821305300957,-1.4925821305300957,4,-1.75,-3.698145526742766,-1.948145526742766,0.0375,0.0797369995252482,0.04223699952524819,0.25,1.074769691823756,0.8247696918237561,5,5.444068539299383,0.4440685392993826,1.5,1.666468968652565,0.16646896865256533,0.8,0.5343171251506316,-0.2656828748493685,-0.6812040275825759,0.28805617961727775,1.4634596725305171,-1.791710142652094,-1.8925821305300956,-1.8925821305300956,-2,ok,CONVERGENCE: REL_REDUCTION_OF_F <= FACTR*EPSMCH,594.137528;1e+12;1e+12;594.138223;1e+12;1e+12;594.13836;1e+12;1e+12;594.138083;1e+12;1e+12;594.137634;1e+12;1e+12;594.140076;1e+12;1e+12;594.137754;1e+12;1e+12;594.138295;1e+12;1e+12;594.139128;1e+12;1e+12;594.138031;1e+12;1e+12;Inf;1e+12;1e+12;594.136136;1e+12;1e+12;594.136229;1e+12;1e+12
grid_n1500_est_r000_etaSrawm03_etaYrawp03_tau04_selRARE_nu6,grid_n1500,EST,52,1500,RARE,74,0.04933333333333333,0.6454388984509466,0.6373279667051683,0.00811093174577826,-509.0422554375287,1042.0845108750573,1105.843155520141,12,TRUE,TRUE,0,28,42296.924000000006,4,3,0,-0.3,0.3,-0.3,0.3,0.4,0.4,6,4.505506901537503,0.8661615898080136,-0.14033926917696868,-1.4925821305300957,1.4925821305300957,1.4925821305300957,4,-1.75,-2.1808927291474594,-0.43089272914745935,0.0375,0.02023170890622899,-0.017268291093771,0.25,0.34040463293232326,0.09040463293232326,5,-3.6801364760213544,-8.680136476021355,1.5,2.359196070327674,0.8591960703276742,0.8,1.1517080297172342,0.35170802971723414,1.5055069015375029,0.8661615898080136,0.1596607308230313,-1.7925821305300955,1.0925821305300958,1.0925821305300958,-2,ok,CONVERGENCE: REL_REDUCTION_OF_F <= FACTR*EPSMCH,509.254479;1e+12;1e+12;509.243396;1e+12;1e+12;509.243079;1e+12;1e+12;509.243418;1e+12;1e+12;509.256504;1e+12;1e+12;509.256701;1e+12;1e+12;509.24316;1e+12;1e+12;509.2562;1e+12;1e+12;509.258161;1e+12;1e+12;509.042255;1e+12;1e+12;509.257043;1e+12;1e+12;509.24307;1e+12;1e+12;509.25417;1e+12;1e+12
grid_n1500_est_r000_etaSrawm03_etaYrawp03_tau04_selRARE_nu6,grid_n1500,EST,53,1500,RARE,63,0.042,0.6459948320413437,0.6373279667051683,0.00866686533617533,-442.3915902867415,908.783180573483,972.5418252185666,12,TRUE,TRUE,0,28,34130.455,4,3,0,-0.3,0.3,-0.3,0.3,0.4,0.4,6,4.04021530319916,0.7018944769092799,-0.5618202231980682,-1.4925821305300957,1.226251356603081,1.226251356603081,4,-1.75,-2.0347537048063145,-0.28475370480631446,0.0375,0.05845779320534129,0.02095779320534129,0.25,0.2301598070887758,-0.01984019291122421,5,1.4244588922120562,-3.575541107787944,1.5,1.260327397404729,-0.2396726025952709,0.8,0.9222505369111468,0.12225053691114685,1.04021530319916,0.7018944769092799,-0.26182022319806825,-1.7925821305300955,0.826251356603081,0.826251356603081,-2,ok,CONVERGENCE: REL_REDUCTION_OF_F <= FACTR*EPSMCH,442.405128;1e+12;1e+12;442.404616;1e+12;1e+12;442.404894;1e+12;1e+12;442.397346;1e+12;1e+12;442.405735;1e+12;1e+12;442.401061;1e+12;1e+12;442.393522;1e+12;1e+12;442.404424;1e+12;1e+12;442.405774;1e+12;1e+12;442.39159;1e+12;1e+12;442.404665;1e+12;1e+12;442.403636;1e+12;1e+12;442.404077;1e+12;1e+12
grid_n1500_est_r000_etaSrawm03_etaYrawp03_tau04_selRARE_nu6,grid_n1500,EST,54,1500,RARE,64,0.04266666666666666,0.6313131313131313,0.6373279667051683,-0.00601483539203706,-452.5008265818095,929.001653163619,992.7602978087028,12,TRUE,TRUE,0,4,46286.032,4,3,0,-0.3,0.3,-0.3,0.3,0.4,0.4,6,1.7541168122633133,0.2807551663904189,1.4924625339274704,0.6242421944485439,-1.4925821305300957,-1.4925821305300957,4,-1.75,-4.04290782990139,-2.29290782990139,0.0375,0.09821258033041624,0.06071258033041624,0.25,0.5519345374137721,0.3019345374137721,5,3.1846005941111217,-1.8153994058888785,1.5,2.299981662902434,0.7999816629024341,0.8,1.133589790096962,0.333589790096962,-1.2458831877366867,0.2807551663904189,1.7924625339274705,0.3242421944485439,-1.8925821305300956,-1.8925821305300956,-2,ok,CONVERGENCE: REL_REDUCTION_OF_F <= FACTR*EPSMCH,452.574692;1e+12;1e+12;452.500827;1e+12;1e+12;452.576803;1e+12;1e+12;452.575453;1e+12;1e+12;452.501854;1e+12;1e+12;452.500827;1e+12;1e+12;452.577347;1e+12;1e+12;452.501548;1e+12;1e+12;452.501059;1e+12;1e+12;452.578447;1e+12;1e+12;452.50084;1e+12;1e+12;Inf;1e+12;1e+12;452.502241;1e+12;1e+12
grid_n1500_est_r000_etaSrawm03_etaYrawp03_tau04_selRARE_nu6,grid_n1500,EST,55,1500,RARE,72,0.048,0.6334459459459459,0.6373279667051683,-0.00388202075922239,-487.1982786838555,998.3965573677112,1062.1552020127947,12,TRUE,TRUE,0,28,46419.617,4,3,0,-0.3,0.3,-0.3,0.3,0.4,0.4,6,2.4243922586296645,0.4691958583795058,0.6526338727574339,-1.4925821305300957,1.4925821305300957,1.4925821305300957,4,-1.75,-2.440518733117396,-0.6905187331173961,0.0375,0.00599818415192167,-0.03150181584807832,0.25,0.30043966341907785,0.05043966341907785,5,5.104090619466221,0.10409061946622078,1.5,2.078232697775116,0.5782326977751158,0.8,0.4004128136614304,-0.3995871863385696,-0.5756077413703355,0.4691958583795058,0.952633872757434,-1.7925821305300955,1.0925821305300958,1.0925821305300958,-2,ok,CONVERGENCE: REL_REDUCTION_OF_F <= FACTR*EPSMCH,487.198661;1e+12;1e+12;487.19829;1e+12;1e+12;487.199611;1e+12;1e+12;487.19889;1e+12;1e+12;487.341824;1e+12;1e+12;487.19931;1e+12;1e+12;487.198388;1e+12;1e+12;487.201583;1e+12;1e+12;487.198335;1e+12;1e+12;487.198279;1e+12;1e+12;487.199204;1e+12;1e+12;Inf;1e+12;1e+12;487.198298;1e+12;1e+12
grid_n1500_est_r000_etaSrawm03_etaYrawp03_tau04_selRARE_nu6,grid_n1500,EST,56,1500,RARE,69,0.046,0.6628369421122404,0.6373279667051683,0.02550897540707208,-467.22910969131857,958.4582193826373,1022.2168640277208,12,TRUE,TRUE,0,37,59585.166999999994,4,3,0,-0.3,0.3,-0.3,0.3,0.4,0.4,6,2.0577900104133287,0.07323411984502654,-0.8434467587572076,1.0399911046729546,-1.4925821305300957,-1.4925821305300957,4,-1.75,-1.6511930798043553,0.09880692019564474,0.0375,0.04078581593460292,0.00328581593460292,0.25,0.5723860738679858,0.3223860738679858,5,0.8662889281693542,-4.133711071830646,1.5,1.9486909218335624,0.4486909218335622,0.8,0.8533514549306582,0.05335145493065818,-0.9422099895866712,0.07323411984502654,-0.5434467587572076,0.7399911046729546,-1.8925821305300956,-1.8925821305300956,-2,ok,CONVERGENCE: REL_REDUCTION_OF_F <= FACTR*EPSMCH,467.246199;1e+12;1e+12;467.282919;1e+12;1e+12;467.285057;1e+12;1e+12;467.246456;1e+12;1e+12;467.246409;1e+12;1e+12;467.246209;1e+12;1e+12;467.283816;1e+12;1e+12;467.287075;1e+12;1e+12;467.284644;1e+12;1e+12;467.246209;1e+12;1e+12;467.286985;1e+12;1e+12;467.283735;1e+12;1e+12;467.22911;1e+12;1e+12
grid_n1500_est_r000_etaSrawm03_etaYrawp03_tau04_selRARE_nu6,grid_n1500,EST,57,1500,RARE,72,0.048,0.6364022061943148,0.6373279667051683,-9.257605108535794e-4,-484.42611463313574,992.8522292662716,1056.6108739113552,12,TRUE,TRUE,0,34,38583.547999999995,4,3,0,-0.3,0.3,-0.3,0.3,0.4,0.4,6,4.390308644401815,-0.83156245708913,-1.456663861932729,1.4925821305300957,-1.4916488045325702,-1.4916488045325702,4,-1.75,-0.98481578618849,0.7651842138115101,0.0375,0.0018636212064838,-0.0356363787935162,0.25,0.14498737197815992,-0.10501262802184008,5,6.8422878737023005,1.8422878737023003,1.5,1.54909864485748,0.04909864485747994,0.8,0.6827162039538691,-0.11728379604613091,1.390308644401815,-0.83156245708913,-1.156663861932729,1.1925821305300957,-1.8916488045325703,-1.8916488045325703,-2,ok,CONVERGENCE: REL_REDUCTION_OF_F <= FACTR*EPSMCH,484.430273;1e+12;1e+12;484.428423;1e+12;1e+12;484.427584;1e+12;1e+12;484.428963;1e+12;1e+12;484.42612;1e+12;1e+12;484.428323;1e+12;1e+12;484.432715;1e+12;1e+12;484.566116;1e+12;1e+12;484.427865;1e+12;1e+12;484.428618;1e+12;1e+12;484.570754;1e+12;1e+12;484.426115;1e+12;1e+12;484.435726;1e+12;1e+12
grid_n1500_est_r000_etaSrawm03_etaYrawp03_tau04_selRARE_nu6,grid_n1500,EST,58,1500,RARE,85,0.05666666666666666,0.6198347107438017,0.6373279667051683,-0.01749325596136664,-570.8904938329372,1165.7809876658744,1229.539632310958,12,TRUE,TRUE,0,28,35334.643000000004,4,3,0,-0.3,0.3,-0.3,0.3,0.4,0.4,6,2.771345489912539,-0.03618136227725259,0.3932709344847072,1.464924495425169,1.4925821305300957,1.4925821305300957,4,-1.75,-2.344981949047266,-0.5949819490472659,0.0375,0.01382646261022418,-0.02367353738977581,0.25,0.4913939221040403,0.24139392210404031,5,6.387919003465319,1.3879190034653188,1.5,2.2319010016734415,0.7319010016734415,0.8,0.6328449086195302,-0.1671550913804698,-0.22865451008746085,-0.03618136227725259,0.6932709344847072,1.164924495425169,1.0925821305300958,1.0925821305300958,-2,ok,CONVERGENCE: REL_REDUCTION_OF_F <= FACTR*EPSMCH,570.891446;1e+12;1e+12;570.892477;1e+12;1e+12;570.891623;1e+12;1e+12;570.893067;1e+12;1e+12;570.891117;1e+12;1e+12;570.891975;1e+12;1e+12;570.891889;1e+12;1e+12;570.891122;1e+12;1e+12;570.894831;1e+12;1e+12;570.890494;1e+12;1e+12;570.89114;1e+12;1e+12;570.891612;1e+12;1e+12;570.891234;1e+12;1e+12
grid_n1500_est_r000_etaSrawm03_etaYrawp03_tau04_selRARE_nu6,grid_n1500,EST,59,1500,RARE,80,0.05333333333333334,0.6265664160401002,0.6373279667051683,-0.01076155066506812,-556.3613471437371,1136.7226942874745,1200.481338932558,12,TRUE,TRUE,0,16,48663.785,4,3,0,-0.3,0.3,-0.3,0.3,0.4,0.4,6,8.37642526410414,0.9185190385176522,-1.4921245419489475,-0.5719575202209337,1.4925821305300957,1.4925821305300957,4,-1.75,-1.1249151681203051,0.6250848318796949,0.0375,0.0278713387446346,-0.00962866125536539,0.25,0.04624602599571438,-0.20375397400428563,5,-2.8865741024338027,-7.886574102433803,1.5,1.064634813283167,-0.4353651867168331,0.8,0.782513891489107,-0.01748610851089305,5.376425264104141,0.9185190385176522,-1.1921245419489477,-0.8719575202209338,1.0925821305300958,1.0925821305300958,-2,ok,CONVERGENCE: REL_REDUCTION_OF_F <= FACTR*EPSMCH,556.361898;1e+12;1e+12;556.362669;1e+12;1e+12;556.438851;1e+12;1e+12;556.361666;1e+12;1e+12;556.438995;1e+12;1e+12;556.361347;1e+12;1e+12;556.361867;1e+12;1e+12;556.428095;1e+12;1e+12;556.438446;1e+12;1e+12;556.362282;1e+12;1e+12;556.557118;1e+12;1e+12;556.369286;1e+12;1e+12;556.361368;1e+12;1e+12
grid_n1500_est_r000_etaSrawm03_etaYrawp03_tau04_selRARE_nu6,grid_n1500,EST,60,1500,RARE,77,0.05133333333333333,0.6457167455876023,0.6373279667051683,0.00838877888243394,-521.314371725013,1066.628743450026,1130.3873880951096,12,TRUE,TRUE,0,19,33681.051,4,3,0,-0.3,0.3,-0.3,0.3,0.4,0.4,6,2.227266638386787,0.3919422660448776,1.3271565757341124,1.4925821305300957,1.4925821305300957,1.4925821305300957,4,-1.75,-2.345905275309765,-0.5959052753097649,0.0375,0.00659527405529074,-0.03090472594470925,0.25,0.0165272561610384,-0.2334727438389616,5,1.7243983834326515,-3.2756016165673483,1.5,0.9079682703328548,-0.5920317296671452,0.8,1.0219348970768989,0.22193489707689884,-0.7727333616132128,0.3919422660448776,1.6271565757341124,1.1925821305300957,1.0925821305300958,1.0925821305300958,-2,ok,CONVERGENCE: REL_REDUCTION_OF_F <= FACTR*EPSMCH,521.314772;1e+12;1e+12;521.314674;1e+12;1e+12;521.31445;1e+12;1e+12;521.314682;1e+12;1e+12;521.314792;1e+12;1e+12;521.314955;1e+12;1e+12;521.314372;1e+12;1e+12;521.314626;1e+12;1e+12;521.320072;1e+12;1e+12;521.321526;1e+12;1e+12;521.317678;1e+12;1e+12;521.315074;1e+12;1e+12;521.317628;1e+12;1e+12
grid_n1500_est_r000_etaSrawm03_etaYrawp03_tau04_selRARE_nu6,grid_n1500,EST,61,1500,RARE,63,0.042,0.6524575902566333,0.6373279667051683,0.01512962355146496,-437.98385348933584,899.9677069786717,963.7263516237554,12,TRUE,TRUE,0,10,49483.747,4,3,0,-0.3,0.3,-0.3,0.3,0.4,0.4,6,3.417267266062612,-0.6623065139505557,-0.23233981671254417,1.4925821305300957,1.4925821305300957,1.4925821305300957,4,-1.75,-2.2106275478191932,-0.4606275478191933,0.0375,0.06592173254578323,0.02842173254578323,0.25,0.2154063218156946,-0.03459367818430539,5,9.518049258715248,4.518049258715248,1.5,0.14284781817789366,-1.3571521818221064,0.8,0.7245416881679607,-0.07545831183203933,0.4172672660626118,-0.6623065139505557,0.06766018328745582,1.1925821305300957,1.0925821305300958,1.0925821305300958,-2,ok,CONVERGENCE: REL_REDUCTION_OF_F <= FACTR*EPSMCH,437.983857;1e+12;1e+12;437.984198;1e+12;1e+12;437.985222;1e+12;1e+12;437.983853;1e+12;1e+12;437.983907;1e+12;1e+12;437.98433;1e+12;1e+12;438.032233;1e+12;1e+12;437.984741;1e+12;1e+12;437.983931;1e+12;1e+12;437.983947;1e+12;1e+12;Inf;1e+12;1e+12;437.983867;1e+12;1e+12;437.983954;1e+12;1e+12
grid_n1500_est_r000_etaSrawm03_etaYrawp03_tau04_selRARE_nu6,grid_n1500,EST,62,1500,RARE,71,0.04733333333333333,0.6302521008403361,0.6373279667051683,-0.00707586586483222,-499.2030852106325,1022.406170421265,1086.1648150663486,12,TRUE,TRUE,0,34,43201.138,4,3,0,-0.3,0.3,-0.3,0.3,0.4,0.4,6,2.8268726393035504,0.2521134801828766,0.6835999882996463,-1.3673485809101558,1.4925821305300957,1.4925821305300957,4,-1.75,-2.5550682756589236,-0.8050682756589236,0.0375,0.0278334615538811,-0.00966653844611889,0.25,0.4390477534332798,0.1890477534332798,5,4.27229203558513,-0.7277079644148703,1.5,0.7210334398657026,-0.7789665601342974,0.8,1.0023887390329576,0.2023887390329575,-0.17312736069644963,0.2521134801828766,0.9835999882996462,-1.6673485809101558,1.0925821305300958,1.0925821305300958,-2,ok,CONVERGENCE: REL_REDUCTION_OF_F <= FACTR*EPSMCH,499.2037;1e+12;1e+12;499.203458;1e+12;1e+12;499.206031;1e+12;1e+12;499.267768;1e+12;1e+12;499.204333;1e+12;1e+12;499.20363;1e+12;1e+12;499.266744;1e+12;1e+12;499.205268;1e+12;1e+12;499.2031;1e+12;1e+12;499.266795;1e+12;1e+12;499.204442;1e+12;1e+12;499.203085;1e+12;1e+12;Inf;1e+12;1e+12
grid_n1500_est_r000_etaSrawm03_etaYrawp03_tau04_selRARE_nu6,grid_n1500,EST,63,1500,RARE,72,0.048,0.6216328222130129,0.6373279667051683,-0.01569514449215547,-499.95151759127674,1023.9030351825536,1087.661679827637,12,TRUE,TRUE,0,10,48202.078,4,3,0,-0.3,0.3,-0.3,0.3,0.4,0.4,6,2.655025039057381,-0.4328690130347373,1.2249944916242272,1.4925821305300957,1.4925821305300957,1.4925821305300957,4,-1.75,-2.6753822701202825,-0.9253822701202824,0.0375,0.05095264125785838,0.01345264125785838,0.25,0.4729229172722472,0.2229229172722472,5,8.578203210840798,3.5782032108407975,1.5,1.4977774311010683,-0.00222256889893146,0.8,0.8659826411384021,0.06598264113840202,-0.3449749609426189,-0.4328690130347373,1.5249944916242273,1.1925821305300957,1.0925821305300958,1.0925821305300958,-2,ok,CONVERGENCE: REL_REDUCTION_OF_F <= FACTR*EPSMCH,499.952542;1e+12;1e+12;499.967366;1e+12;1e+12;499.966962;1e+12;1e+12;499.951518;1e+12;1e+12;499.967778;1e+12;1e+12;499.951525;1e+12;1e+12;500.397943;1e+12;1e+12;499.965308;1e+12;1e+12;499.966644;1e+12;1e+12;499.951818;1e+12;1e+12;Inf;1e+12;1e+12;499.95338;1e+12;1e+12;499.951696;1e+12;1e+12
grid_n1500_est_r000_etaSrawm03_etaYrawp03_tau04_selRARE_nu6,grid_n1500,EST,64,1500,RARE,84,0.056,0.6350550381033023,0.6373279667051683,-0.002272928601866,-557.2236511608353,1138.4473023216706,1202.2059469667545,12,TRUE,TRUE,0,4,39083.869999999995,4,3,0,-0.3,0.3,-0.3,0.3,0.4,0.4,6,2.966613034530372,0.5707957835610569,-0.490870863479125,-1.4925821305300957,-1.4925821305300957,-1.4925821305300957,4,-1.75,-1.9358730980364036,-0.1858730980364036,0.0375,0.06126558447608209,0.02376558447608209,0.25,0.2840633767619924,0.03406337676199239,5,7.189676851015038,2.1896768510150384,1.5,1.8103041251791472,0.3103041251791472,0.8,0.5828457378437921,-0.21715426215620792,-0.03338696546962794,0.5707957835610569,-0.19087086347912505,-1.7925821305300955,-1.8925821305300956,-1.8925821305300956,-2,ok,CONVERGENCE: REL_REDUCTION_OF_F <= FACTR*EPSMCH,557.225927;1e+12;1e+12;557.223651;1e+12;1e+12;557.224967;1e+12;1e+12;557.239933;1e+12;1e+12;557.22436;1e+12;1e+12;557.223964;1e+12;1e+12;557.236341;1e+12;1e+12;557.224095;1e+12;1e+12;557.224708;1e+12;1e+12;557.239669;1e+12;1e+12;557.225774;1e+12;1e+12;557.224511;1e+12;1e+12;557.223846;1e+12;1e+12
grid_n1500_est_r000_etaSrawm03_etaYrawp03_tau04_selRARE_nu6,grid_n1500,EST,65,1500,RARE,79,0.05266666666666667,0.6165228113440198,0.6373279667051683,-0.02080515536114857,-526.5914362177722,1077.1828724355444,1140.941517080628,12,TRUE,TRUE,0,25,30936.268000000004,4,3,0,-0.3,0.3,-0.3,0.3,0.4,0.4,6,2.38472387353462,-0.1799918291560688,0.15960272012455293,1.4925821305300957,-0.2982368184941918,-0.2982368184941918,4,-1.75,-2.3675410283885707,-0.6175410283885707,0.0375,0.05038253388627962,0.01288253388627962,0.25,0.21626251142713052,-0.03373748857286948,5,4.0967657258719345,-0.9032342741280656,1.5,2.0370542842908317,0.5370542842908317,0.8,0.8997261989763156,0.09972619897631552,-0.6152761264653801,-0.1799918291560688,0.45960272012455294,1.1925821305300957,-0.6982368184941918,-0.6982368184941918,-2,ok,CONVERGENCE: REL_REDUCTION_OF_F <= FACTR*EPSMCH,526.591507;1e+12;1e+12;526.592002;1e+12;1e+12;526.591668;1e+12;1e+12;526.592797;1e+12;1e+12;526.591583;1e+12;1e+12;526.592253;1e+12;1e+12;526.592122;1e+12;1e+12;526.59155;1e+12;1e+12;526.591436;1e+12;1e+12;526.592428;1e+12;1e+12;526.59307;1e+12;1e+12;526.591847;1e+12;1e+12;526.592072;1e+12;1e+12
grid_n1500_est_r000_etaSrawm03_etaYrawp03_tau04_selRARE_nu6,grid_n1500,EST,66,1500,RARE,77,0.05133333333333333,0.6345177664974619,0.6373279667051683,-0.00281020020770639,-508.63666937399057,1041.2733387479811,1105.0319833930648,12,TRUE,TRUE,0,19,37727.269,4,3,0,-0.3,0.3,-0.3,0.3,0.4,0.4,6,2.0719742715729863,-0.4123149228222725,1.198502788977164,-1.4925821305300957,1.4925821305300957,1.4925821305300957,4,-1.75,-2.527530536319812,-0.7775305363198122,0.0375,0.06676853727296746,0.02926853727296746,0.25,0.34282790971692445,0.09282790971692444,5,9.95117538053886,4.95117538053886,1.5,1.5017028193946305,0.00170281939463046,0.8,0.6111709574661722,-0.18882904253382785,-0.9280257284270136,-0.4123149228222725,1.498502788977164,-1.7925821305300955,1.0925821305300958,1.0925821305300958,-2,ok,CONVERGENCE: REL_REDUCTION_OF_F <= FACTR*EPSMCH,508.637635;1e+12;1e+12;508.636958;1e+12;1e+12;508.669045;1e+12;1e+12;508.636755;1e+12;1e+12;508.637175;1e+12;1e+12;508.636705;1e+12;1e+12;508.636669;1e+12;1e+12;508.638379;1e+12;1e+12;508.636895;1e+12;1e+12;508.636866;1e+12;1e+12;508.640223;1e+12;1e+12;508.639072;1e+12;1e+12;508.636716;1e+12;1e+12
grid_n1500_est_r000_etaSrawm03_etaYrawp03_tau04_selRARE_nu6,grid_n1500,EST,67,1500,RARE,77,0.05133333333333333,0.6538796861377506,0.6373279667051683,0.01655171943258226,-531.6024990350841,1087.204998070168,1150.9636427152518,12,TRUE,TRUE,0,19,54916.542,4,3,0,-0.3,0.3,-0.3,0.3,0.4,0.4,6,8.630637287078763,0.9360110575887162,-1.4925821305300957,-1.4925821305300957,1.4925821305300957,1.4925821305300957,4,-1.75,-1.4887033652467128,0.26129663475328724,0.0375,0.02674488697274403,-0.01075511302725596,0.25,0.3455117036526623,0.09551170365266232,5,-5.095395842326253,-10.095395842326251,1.5,1.5917217496956717,0.0917217496956717,0.8,0.8933073264295882,0.09330732642958817,5.630637287078763,0.9360110575887162,-1.1925821305300957,-1.7925821305300955,1.0925821305300958,1.0925821305300958,-2,ok,CONVERGENCE: REL_REDUCTION_OF_F <= FACTR*EPSMCH,531.603375;1e+12;1e+12;531.60306;1e+12;1e+12;532.13468;1e+12;1e+12;531.603699;1e+12;1e+12;532.135722;1e+12;1e+12;531.605433;1e+12;1e+12;531.602499;1e+12;1e+12;531.603103;1e+12;1e+12;532.134951;1e+12;1e+12;Inf;1e+12;1e+12;532.930185;1e+12;1e+12;531.602798;1e+12;1e+12;531.602502;1e+12;1e+12
grid_n1500_est_r000_etaSrawm03_etaYrawp03_tau04_selRARE_nu6,grid_n1500,EST,68,1500,RARE,78,0.052,0.6339814032121724,0.6373279667051683,-0.00334656349299589,-520.0143144542843,1064.0286289085686,1127.7872735536523,12,TRUE,TRUE,0,19,49648.718,4,3,0,-0.3,0.3,-0.3,0.3,0.4,0.4,6,5.952327256443971,-0.8662543161220106,-1.4925593142191012,1.4925821305300957,1.4925821305300957,1.4925821305300957,4,-1.75,-1.387819981669746,0.36218001833025415,0.0375,0.06377324570341411,0.02627324570341411,0.25,0.12109097897822708,-0.12890902102177293,5,13.110621309250268,8.110621309250268,1.5,0.9451034892007956,-0.5548965107992043,0.8,0.5345858102135144,-0.2654141897864857,2.9523272564439713,-0.8662543161220106,-1.192559314219101,1.1925821305300957,1.0925821305300958,1.0925821305300958,-2,ok,CONVERGENCE: REL_REDUCTION_OF_F <= FACTR*EPSMCH,520.01451;1e+12;1e+12;520.014434;1e+12;1e+12;520.016876;1e+12;1e+12;520.014344;1e+12;1e+12;520.01612;1e+12;1e+12;520.014634;1e+12;1e+12;520.014314;1e+12;1e+12;520.015848;1e+12;1e+12;520.016531;1e+12;1e+12;520.014408;1e+12;1e+12;Inf;1e+12;1e+12;520.020695;1e+12;1e+12;520.015369;1e+12;1e+12
grid_n1500_est_r000_etaSrawm03_etaYrawp03_tau04_selRARE_nu6,grid_n1500,EST,69,1500,RARE,71,0.04733333333333333,0.6391137622496804,0.6373279667051683,0.00178579554451208,-496.2658558885244,1016.5317117770488,1080.2903564221324,12,TRUE,TRUE,0,25,49065.219,4,3,0,-0.3,0.3,-0.3,0.3,0.4,0.4,6,6.826186274502043,-0.8665155981281428,-1.4884101572785968,1.4925821305300957,1.4925821305300957,1.4925821305300957,4,-1.75,-1.4105879183967986,0.33941208160320135,0.0375,0.0163141956937568,-0.02118580430624319,0.25,0.12392733975251768,-0.12607266024748232,5,12.752429282797388,7.752429282797387,1.5,0.7475724330488649,-0.7524275669511351,0.8,0.7215630976235334,-0.07843690237646661,3.826186274502043,-0.8665155981281428,-1.1884101572785968,1.1925821305300957,1.0925821305300958,1.0925821305300958,-2,ok,CONVERGENCE: REL_REDUCTION_OF_F <= FACTR*EPSMCH,496.40657;1e+12;1e+12;496.403006;1e+12;1e+12;496.409238;1e+12;1e+12;496.403605;1e+12;1e+12;496.402803;1e+12;1e+12;496.402067;1e+12;1e+12;496.40368;1e+12;1e+12;496.350212;1e+12;1e+12;496.265856;1e+12;1e+12;496.392546;1e+12;1e+12;Inf;1e+12;1e+12;496.403663;1e+12;1e+12;496.410056;1e+12;1e+12
grid_n1500_est_r000_etaSrawm03_etaYrawp03_tau04_selRARE_nu6,grid_n1500,EST,70,1500,RARE,83,0.05533333333333333,0.6396588486140725,0.6373279667051683,0.00233088190890418,-556.776722091626,1137.553444183252,1201.3120888283356,12,TRUE,TRUE,0,28,36154.144,4,3,0,-0.3,0.3,-0.3,0.3,0.4,0.4,6,2.749953367043726,0.5117745897517377,0.6786097171797798,-1.4925821305300957,1.4925821305300957,1.4925821305300957,4,-1.75,-2.302058964317056,-0.5520589643170561,0.0375,-0.00231792576659457,-0.03981792576659458,0.25,0.2826881272448096,0.03268812724480957,5,3.4206186334427793,-1.5793813665572207,1.5,1.1429513352771965,-0.3570486647228037,0.8,0.6891345360481231,-0.11086546395187692,-0.25004663295627383,0.5117745897517377,0.9786097171797798,-1.7925821305300955,1.0925821305300958,1.0925821305300958,-2,ok,CONVERGENCE: REL_REDUCTION_OF_F <= FACTR*EPSMCH,556.776793;1e+12;1e+12;556.776886;1e+12;1e+12;556.776751;1e+12;1e+12;556.777265;1e+12;1e+12;556.939217;1e+12;1e+12;556.776734;1e+12;1e+12;556.776985;1e+12;1e+12;556.940543;1e+12;1e+12;556.941442;1e+12;1e+12;556.776722;1e+12;1e+12;556.78023;1e+12;1e+12;556.778152;1e+12;1e+12;556.778489;1e+12;1e+12
grid_n1500_est_r000_etaSrawm03_etaYrawp03_tau04_selRARE_nu6,grid_n1500,EST,71,1500,RARE,87,0.058,0.6313131313131313,0.6373279667051683,-0.00601483539203706,-590.1626364867664,1204.3252729735327,1268.0839176186164,12,TRUE,TRUE,0,13,66542.807,4,3,0,-0.3,0.3,-0.3,0.3,0.4,0.4,6,7.052556900307291,0.8843990869033769,-1.4925821305300957,-0.6649431538523164,1.4905713362627382,1.4905713362627382,4,-1.75,-1.149658410181997,0.6003415898180027,0.0375,0.03755051212887406,5.051212887406675e-5,0.25,0.13479482914111995,-0.11520517085888005,5,-1.248248005945437,-6.248248005945437,1.5,2.4108413499887655,0.9108413499887656,0.8,1.314919765865867,0.5149197658658666,4.052556900307291,0.8843990869033769,-1.1925821305300957,-0.9649431538523164,1.0905713362627385,1.0905713362627385,-2,ok,CONVERGENCE: REL_REDUCTION_OF_F <= FACTR*EPSMCH,590.166506;1e+12;1e+12;590.169852;1e+12;1e+12;590.163296;1e+12;1e+12;590.16385;1e+12;1e+12;590.162636;1e+12;1e+12;590.170046;1e+12;1e+12;590.165589;1e+12;1e+12;590.164822;1e+12;1e+12;590.163798;1e+12;1e+12;590.16852;1e+12;1e+12;590.601571;1e+12;1e+12;590.169138;1e+12;1e+12;590.164972;1e+12;1e+12
grid_n1500_est_r000_etaSrawm03_etaYrawp03_tau04_selRARE_nu6,grid_n1500,EST,72,1500,RARE,70,0.04666666666666667,0.6535947712418301,0.6373279667051683,0.01626680453666174,-475.8180540857561,975.6361081715122,1039.394752816596,12,TRUE,TRUE,0,10,32931.871999999996,4,3,0,-0.3,0.3,-0.3,0.3,0.4,0.4,6,2.4325780526968694,0.00869645885204217,0.03730574897150766,0.998667160379454,1.4925821305300957,1.4925821305300957,4,-1.75,-2.3053061597201334,-0.5553061597201334,0.0375,0.080268316291255,0.042768316291255,0.25,0.3009315495636615,0.05093154956366153,5,4.628839088630015,-0.3711609113699854,1.5,1.7588837316831851,0.25888373168318535,0.8,0.816497942306309,0.01649794230630896,-0.5674219473031306,0.00869645885204217,0.33730574897150767,0.6986671603794539,1.0925821305300958,1.0925821305300958,-2,ok,CONVERGENCE: REL_REDUCTION_OF_F <= FACTR*EPSMCH,475.819755;1e+12;1e+12;475.819118;1e+12;1e+12;475.819804;1e+12;1e+12;475.818054;1e+12;1e+12;475.823244;1e+12;1e+12;475.81855;1e+12;1e+12;475.818271;1e+12;1e+12;475.818891;1e+12;1e+12;475.820275;1e+12;1e+12;475.818304;1e+12;1e+12;475.818832;1e+12;1e+12;475.818504;1e+12;1e+12;475.82074;1e+12;1e+12
grid_n1500_est_r000_etaSrawm03_etaYrawp03_tau04_selRARE_nu6,grid_n1500,EST,73,1500,RARE,94,0.06266666666666666,0.6396588486140725,0.6373279667051683,0.00233088190890418,-623.4900909976809,1270.9801819953618,1334.7388266404455,12,TRUE,TRUE,0,37,39566.42,4,3,0,-0.3,0.3,-0.3,0.3,0.4,0.4,6,3.644039304437573,0.5177844670547951,-1.4925821305300957,0.3787553616909224,1.4925821305300957,1.4925821305300957,4,-1.75,-1.1043939796465625,0.6456060203534377,0.0375,0.03144814665836944,-0.00605185334163055,0.25,0.1831740315084243,-0.06682596849157571,5,1.8844587800893493,-3.115541219910651,1.5,1.5823228108317708,0.08232281083177084,0.8,0.7893459460157304,-0.01065405398426966,0.6440393044375732,0.5177844670547951,-1.1925821305300957,0.0787553616909224,1.0925821305300958,1.0925821305300958,-2,ok,CONVERGENCE: REL_REDUCTION_OF_F <= FACTR*EPSMCH,623.502158;1e+12;1e+12;623.493085;1e+12;1e+12;623.693475;1e+12;1e+12;623.49091;1e+12;1e+12;623.754828;1e+12;1e+12;623.490937;1e+12;1e+12;623.491276;1e+12;1e+12;623.750075;1e+12;1e+12;623.748728;1e+12;1e+12;623.490464;1e+12;1e+12;623.750874;1e+12;1e+12;623.490342;1e+12;1e+12;623.490091;1e+12;1e+12
grid_n1500_est_r000_etaSrawm03_etaYrawp03_tau04_selRARE_nu6,grid_n1500,EST,74,1500,RARE,84,0.056,0.6429489927132448,0.6373279667051683,0.00562102600807645,-571.155367823876,1166.310735647752,1230.0693802928356,12,TRUE,TRUE,0,16,47644.579,4,3,0,-0.3,0.3,-0.3,0.3,0.4,0.4,6,3.0875405706303862,-0.5681924906585758,-0.194567673165984,-0.0954943072793509,1.4925821305300957,1.4925821305300957,4,-1.75,-2.050474582356316,-0.30047458235631597,0.0375,0.03645499978187146,-0.00104500021812854,0.25,0.35539532290615916,0.10539532290615916,5,10.226263978498473,5.226263978498473,1.5,1.1061216366876885,-0.39387836331231174,0.8,1.1799315423472416,0.3799315423472416,0.08754057063038623,-0.5681924906585758,0.105432326834016,-0.39549430727935087,1.0925821305300958,1.0925821305300958,-2,ok,CONVERGENCE: REL_REDUCTION_OF_F <= FACTR*EPSMCH,571.163252;1e+12;1e+12;571.168371;1e+12;1e+12;571.168781;1e+12;1e+12;571.160998;1e+12;1e+12;571.169103;1e+12;1e+12;571.155368;1e+12;1e+12;571.309702;1e+12;1e+12;571.169616;1e+12;1e+12;571.262694;1e+12;1e+12;571.160951;1e+12;1e+12;571.169489;1e+12;1e+12;571.168793;1e+12;1e+12;571.160984;1e+12;1e+12
grid_n1500_est_r000_etaSrawm03_etaYrawp03_tau04_selRARE_nu6,grid_n1500,EST,75,1500,RARE,84,0.056,0.6451612903225806,0.6373279667051683,0.00783332361741229,-566.8158700842548,1157.6317401685096,1221.3903848135933,12,TRUE,TRUE,0,22,40777.232,4,3,0,-0.3,0.3,-0.3,0.3,0.4,0.4,6,4.108890310215288,-0.5952816799367218,-1.4925821305300957,0.5829558795185085,1.4925821305300957,1.4925821305300957,4,-1.75,-1.1959372862716875,0.5540627137283123,0.0375,0.02787374597512926,-0.00962625402487073,0.25,0.20134656306862195,-0.04865343693137805,5,7.247355158144111,2.247355158144111,1.5,1.144235438957372,-0.3557645610426279,0.8,0.6673832667477143,-0.1326167332522857,1.1088903102152878,-0.5952816799367218,-1.1925821305300957,0.2829558795185085,1.0925821305300958,1.0925821305300958,-2,ok,CONVERGENCE: REL_REDUCTION_OF_F <= FACTR*EPSMCH,566.817153;1e+12;1e+12;566.816916;1e+12;1e+12;566.816524;1e+12;1e+12;566.825333;1e+12;1e+12;566.817476;1e+12;1e+12;566.827251;1e+12;1e+12;566.828223;1e+12;1e+12;566.81587;1e+12;1e+12;566.891213;1e+12;1e+12;566.816923;1e+12;1e+12;566.872755;1e+12;1e+12;566.834202;1e+12;1e+12;566.817057;1e+12;1e+12
grid_n1500_est_r000_etaSrawm03_etaYrawp03_tau04_selRARE_nu6,grid_n1500,EST,76,1500,RARE,74,0.04933333333333333,0.6329113924050633,0.6373279667051683,-0.004416574300105,-495.6318208882805,1015.263641776561,1079.0222864216446,12,TRUE,TRUE,0,7,49209.657,4,3,0,-0.3,0.3,-0.3,0.3,0.4,0.4,6,2.6633912498962,0.64149266216247125,0.696627356432468,-1.4925821305300957,1.4925821305300957,1.4925821305300957,4,-1.75,-2.270549194766798,-0.5205491947667982,0.0375,0.09648985051243744,0.05898985051243744,0.25,-0.08868748900644789,-0.3386874890064479,5,1.7581831946824804,-3.2418168053175194,1.5,1.3158723446738745,-0.18412765532612577,0.8,0.8895322427625219,0.08953224276252181,-0.3366087501038,0.64149266216247125,0.996627356432468,-1.7925821305300955,1.0925821305300958,1.0925821305300958,-2,ok,CONVERGENCE: REL_REDUCTION_OF_F <= FACTR*EPSMCH,495.631825;1e+12;1e+12;495.633348;1e+12;1e+12;495.631821;1e+12;1e+12;495.631836;1e+12;1e+12;495.631978;1e+12;1e+12;495.633397;1e+12;1e+12;495.838544;1e+12;1e+12;495.631822;1e+12;1e+12;495.810149;1e+12;1e+12;495.631949;1e+12;1e+12;Inf;1e+12;1e+12;495.632348;1e+12;1e+12;495.632824;1e+12;1e+12
grid_n1500_est_r000_etaSrawm03_etaYrawp03_tau04_selRARE_nu6,grid_n1500,EST,77,1500,RARE,84,0.056,0.6377551020408163,0.6373279667051683,4.271353356479768e-4,-571.4263529429903,1166.8527058859806,1230.6113505310643,12,TRUE,TRUE,0,13,47155.918000000005,4,3,0,-0.3,0.3,-0.3,0.3,0.4,0.4,6,2.6546873640579736,-0.5256773487902205,0.378319400942929,1.4925821305300957,-1.4925811701106713,-1.4925811701106713,4,-1.75,-2.8230366729815506,-1.0730366729815506,0.0375,-0.00667661449569858,-0.04417661449569859,0.25,0.20511133150790364,-0.04488866849209635,5,6.615243690073953,1.615243690073953,1.5,1.4634376124098754,-0.03656238759012464,0.8,1.2672102132684524,0.4672102132684523,-0.34531263594202644,-0.5256773487902205,0.678319400942929,1.1925821305300957,-1.8925811701106712,-1.8925811701106712,-2,ok,CONVERGENCE: REL_REDUCTION_OF_F <= FACTR*EPSMCH,571.426424;1e+12;1e+12;571.426394;1e+12;1e+12;571.426456;1e+12;1e+12;571.426406;1e+12;1e+12;571.426353;1e+12;1e+12;571.426682;1e+12;1e+12;571.426355;1e+12;1e+12;571.426423;1e+12;1e+12;571.427751;1e+12;1e+12;571.426403;1e+12;1e+12;571.870302;1e+12;1e+12;Inf;1e+12;1e+12;571.42662;1e+12;1e+12
grid_n1500_est_r000_etaSrawm03_etaYrawp03_tau04_selRARE_nu6,grid_n1500,EST,78,1500,RARE,78,0.052,0.6318449873631002,0.6373279667051683,-0.00548297934206809,-528.3617398690927,1080.7234797381857,1144.4821243832691,12,TRUE,TRUE,0,22,44703.437000000005,4,3,0,-0.3,0.3,-0.3,0.3,0.4,0.4,6,2.440616610775583,0.40042490401691655,0.35429261323851086,-1.4925821305300957,-1.4925821305300957,-1.4925821305300957,4,-1.75,-3.099572407871167,-1.3495724078711668,0.0375,0.09981336123528486,0.06231336123528486,0.25,0.4979029658243532,0.24790296582435323,5,3.556756287340646,-1.443243712659354,1.5,1.1970222900660732,-0.3029777099339268,0.8,2.0978519886974447,1.297851988697445,-0.5593833892244171,0.40042490401691655,0.6542926132385108,-1.7925821305300955,-1.8925821305300956,-1.8925821305300956,-2,ok,CONVERGENCE: REL_REDUCTION_OF_F <= FACTR*EPSMCH,528.365196;1e+12;1e+12;528.364566;1e+12;1e+12;528.363647;1e+12;1e+12;528.363224;1e+12;1e+12;528.364447;1e+12;1e+12;528.363117;1e+12;1e+12;528.362007;1e+12;1e+12;528.36174;1e+12;1e+12;528.363343;1e+12;1e+12;528.362166;1e+12;1e+12;528.365325;1e+12;1e+12;528.362546;1e+12;1e+12;528.362776;1e+12;1e+12
grid_n1500_est_r000_etaSrawm03_etaYrawp03_tau04_selRARE_nu6,grid_n1500,EST,79,1500,RARE,79,0.05266666666666667,0.6418485237483954,0.6373279667051683,0.00452055704322706,-549.2938177212212,1122.5876354424424,1186.346280087526,12,TRUE,TRUE,0,25,34260.501000000004,4,3,0,-0.3,0.3,-0.3,0.3,0.4,0.4,6,4.99756886690777,-0.49819082272549214,-1.0187290382194545,1.4925821305300957,1.3567652233193717,1.3567652233193717,4,-1.75,-1.530825606208852,0.21917439379114811,0.0375,0.08405926829008695,0.04655926829008695,0.25,-0.03526829546545977,-0.2852682954654598,5,6.746114973289087,1.746114973289087,1.5,1.406525251233513,-0.09347474876648731,0.8,0.5301419304189581,-0.26985806958104197,1.9975688669077696,-0.49819082272549214,-0.7187290382194544,1.1925821305300957,0.9567652233193716,0.9567652233193716,-2,ok,CONVERGENCE: REL_REDUCTION_OF_F <= FACTR*EPSMCH,549.294204;1e+12;1e+12;549.295374;1e+12;1e+12;549.29769;1e+12;1e+12;549.294326;1e+12;1e+12;549.294819;1e+12;1e+12;549.294163;1e+12;1e+12;549.296815;1e+12;1e+12;549.294423;1e+12;1e+12;549.293818;1e+12;1e+12;549.293993;1e+12;1e+12;549.362057;1e+12;1e+12;549.296419;1e+12;1e+12;549.296532;1e+12;1e+12
grid_n1500_est_r000_etaSrawm03_etaYrawp03_tau04_selRARE_nu6,grid_n1500,EST,80,1500,RARE,72,0.048,0.6345177664974619,0.6373279667051683,-0.00281020020770639,-494.5966609271241,1013.1933218542482,1076.9519664993318,12,TRUE,TRUE,0,31,43201.087,4,3,0,-0.3,0.3,-0.3,0.3,0.4,0.4,6,2.5363869712441356,0.20647553541878505,0.9240036623057156,-1.4925821305300957,1.4925821305300957,1.4925821305300957,4,-1.75,-2.6602196402544314,-0.9102196402544314,0.0375,0.09802884583212455,0.06052884583212457,0.25,0.4705671028051488,0.2205671028051488,5,5.549881236277742,0.5498812362777423,1.5,1.4888331883972714,-0.01116681160272858,0.8,0.6041041600993471,-0.19589583990065296,-0.4636130287558644,0.20647553541878505,1.2240036623057156,-1.7925821305300955,1.0925821305300958,1.0925821305300958,-2,ok,CONVERGENCE: REL_REDUCTION_OF_F <= FACTR*EPSMCH,494.598473;1e+12;1e+12;494.597378;1e+12;1e+12;494.596729;1e+12;1e+12;494.597489;1e+12;1e+12;494.597279;1e+12;1e+12;494.597921;1e+12;1e+12;494.59881;1e+12;1e+12;494.596904;1e+12;1e+12;494.598046;1e+12;1e+12;494.597121;1e+12;1e+12;494.596661;1e+12;1e+12;494.596893;1e+12;1e+12;Inf;1e+12;1e+12
grid_n1500_est_r000_etaSrawm03_etaYrawp03_tau04_selRARE_nu6,grid_n1500,EST,81,1500,RARE,74,0.04933333333333333,0.6493506493506493,0.6373279667051683,0.012022682645481,-518.3145401570478,1060.6290803140955,1124.3877249591792,12,TRUE,TRUE,0,37,44610.113000000005,4,3,0,-0.3,0.3,-0.3,0.3,0.4,0.4,6,6.5032389555413115,0.887718606314985,-1.2035202187322005,-0.7240222895502219,-0.9632141686584648,-0.9632141686584648,4,-1.75,-0.9885400443836994,0.7614599556163006,0.0375,0.04822332295567973,0.01072332295567973,0.25,0.4507501256144583,0.20075012561445832,5,3.251098579180685,-1.7489014208193154,1.5,1.3260527096717862,-0.17394729032821377,0.8,0.6615867305505849,-0.13841326944941512,3.5032389555413115,0.887718606314985,-0.9035202187322002,-1.0240222895502218,-1.363214168658465,-1.363214168658465,-2,ok,CONVERGENCE: REL_REDUCTION_OF_F <= FACTR*EPSMCH,518.3359;1e+12;1e+12;518.344195;1e+12;1e+12;518.315359;1e+12;1e+12;518.344402;1e+12;1e+12;518.341326;1e+12;1e+12;518.344597;1e+12;1e+12;518.344321;1e+12;1e+12;518.34262;1e+12;1e+12;518.314559;1e+12;1e+12;518.34435;1e+12;1e+12;518.466928;1e+12;1e+12;518.345445;1e+12;1e+12;518.31454;1e+12;1e+12
grid_n1500_est_r000_etaSrawm03_etaYrawp03_tau04_selRARE_nu6,grid_n1500,EST,82,1500,RARE,99,0.066,0.6183017312448474,0.6373279667051683,-0.01902623546032089,-636.8612338341669,1297.7224676683338,1361.4811123134175,12,TRUE,TRUE,0,1,40795.206,4,3,0,-0.3,0.3,-0.3,0.3,0.4,0.4,6,2.1294717561293037,0.11339860600971306,1.4922284542330235,1.4925821305300957,1.4925821305300957,1.4925821305300957,4,-1.75,-2.356230314815821,-0.606230314815821,0.0375,-0.00829796657400192,-0.04579796657400192,0.25,0.3946744899121426,0.1446744899121426,5,4.879464239187142,-0.12053576081285831,1.5,1.9531297414566424,0.45312974145664264,0.8,0.9552025051877968,0.15520250518779677,-0.8705282438706963,0.11339860600971306,1.7922284542330236,1.1925821305300957,1.0925821305300958,1.0925821305300958,-2,ok,CONVERGENCE: REL_REDUCTION_OF_F <= FACTR*EPSMCH,636.861234;1e+12;1e+12;636.941365;1e+12;1e+12;636.861736;1e+12;1e+12;636.942524;1e+12;1e+12;636.970985;1e+12;1e+12;636.940812;1e+12;1e+12;636.940647;1e+12;1e+12;636.943822;1e+12;1e+12;636.943121;1e+12;1e+12;636.940692;1e+12;1e+12;636.96839;1e+12;1e+12;636.863277;1e+12;1e+12;636.944825;1e+12;1e+12
grid_n1500_est_r000_etaSrawm03_etaYrawp03_tau04_selRARE_nu6,grid_n1500,EST,83,1500,RARE,76,0.05066666666666666,0.6493506493506493,0.6373279667051683,0.012022682645481,-493.5198126726017,1011.0396253452034,1074.798269990287,12,TRUE,TRUE,0,7,39830.987,4,3,0,-0.3,0.3,-0.3,0.3,0.4,0.4,6,2.1576160474254085,-0.13724148416647666,-0.6800749032544328,0.2864330227891741,1.4893177256490957,1.4893177256490957,4,-1.75,-1.8725774826531725,-0.12257748265317224,0.0375,0.09248532831266412,0.05498532831266412,0.25,0.3322701275866573,0.0822701275866573,5,4.9971535058870815,-0.00284649411291848,1.5,0.6888718274727631,-0.8111281725272369,0.8,1.1534729630958551,0.3534729630958553,-0.8423839525745915,-0.13724148416647666,-0.38007490325443283,-0.01356697721082589,1.0893177256490951,1.0893177256490951,-2,ok,CONVERGENCE: REL_REDUCTION_OF_F <= FACTR*EPSMCH,493.520054;1e+12;1e+12;493.519834;1e+12;1e+12;493.519813;1e+12;1e+12;493.522021;1e+12;1e+12;493.543164;1e+12;1e+12;493.521959;1e+12;1e+12;493.520209;1e+12;1e+12;493.543901;1e+12;1e+12;493.543146;1e+12;1e+12;493.519825;1e+12;1e+12;493.544085;1e+12;1e+12;493.520319;1e+12;1e+12;493.520831;1e+12;1e+12
grid_n1500_est_r000_etaSrawm03_etaYrawp03_tau04_selRARE_nu6,grid_n1500,EST,84,1500,RARE,83,0.05533333333333333,0.6454388984509466,0.6373279667051683,0.00811093174577826,-569.0550312721185,1162.110062544237,1225.8687071893207,12,TRUE,TRUE,0,22,32193.889000000003,4,3,0,-0.3,0.3,-0.3,0.3,0.4,0.4,6,2.9666924198392,0.4029931318126047,0.7906443615261131,1.4925821305300957,1.4925821305300957,1.4925821305300957,4,-1.75,-2.2368629393671204,-0.4868629393671205,0.0375,0.02373742291765943,-0.01376257708234057,0.25,0.10757494747757144,-0.14242505252242857,5,2.1795132135937054,-2.8204867864062946,1.5,2.187409957686243,0.6874099576862429,0.8,0.4546839274981253,-0.3453160725018748,-0.03330758016080004,0.4029931318126047,1.090644361526113,1.1925821305300957,1.0925821305300958,1.0925821305300958,-2,ok,CONVERGENCE: REL_REDUCTION_OF_F <= FACTR*EPSMCH,569.055354;1e+12;1e+12;569.05555;1e+12;1e+12;569.055071;1e+12;1e+12;569.055236;1e+12;1e+12;569.05507;1e+12;1e+12;569.055465;1e+12;1e+12;569.055529;1e+12;1e+12;569.055031;1e+12;1e+12;569.056099;1e+12;1e+12;569.055648;1e+12;1e+12;569.135642;1e+12;1e+12;569.05526;1e+12;1e+12;569.055032;1e+12;1e+12
grid_n1500_est_r000_etaSrawm03_etaYrawp03_tau04_selRARE_nu6,grid_n1500,EST,85,1500,RARE,76,0.05066666666666666,0.6364022061943148,0.6373279667051683,-9.257605108535794e-4,-509.20310993931065,1042.4062198786214,1106.1648645237049,12,TRUE,TRUE,0,16,57777.426,4,3,0,-0.3,0.3,-0.3,0.3,0.4,0.4,6,6.740820515063623,-0.9095292863663108,-1.4925821305300957,1.2853220172681374,1.4925821305300957,1.4925821305300957,4,-1.75,-1.177155302325665,0.5728446976743351,0.0375,0.05304464437155744,0.01554464437155744,0.25,-0.2395468511305608,-0.4895468511305609,5,12.77710606430202,7.77710606430202,1.5,1.4073812329045146,-0.09261876709548544,0.8,1.0185972746058356,0.21859727460583556,3.740820515063623,-0.9095292863663108,-1.1925821305300957,0.9853220172681374,1.0925821305300958,1.0925821305300958,-2,ok,CONVERGENCE: REL_REDUCTION_OF_F <= FACTR*EPSMCH,509.216523;1e+12;1e+12;509.216599;1e+12;1e+12;509.216722;1e+12;1e+12;509.215213;1e+12;1e+12;509.21836;1e+12;1e+12;509.20311;1e+12;1e+12;509.216431;1e+12;1e+12;509.217823;1e+12;1e+12;509.218977;1e+12;1e+12;Inf;1e+12;1e+12;509.216766;1e+12;1e+12;509.21656;1e+12;1e+12;509.216506;1e+12;1e+12
grid_n1500_est_r000_etaSrawm03_etaYrawp03_tau04_selRARE_nu6,grid_n1500,EST,86,1500,RARE,87,0.058,0.6337135614702155,0.6373279667051683,-0.00361440523495282,-569.2670933429631,1162.5341866859262,1226.29283133101,12,TRUE,TRUE,0,13,51744.143,4,3,0,-0.3,0.3,-0.3,0.3,0.4,0.4,6,2.4771546459745046,0.6884515231425199,0.5842029335410982,-1.4925821305300957,-0.7206419803600806,-0.7206419803600806,4,-1.75,-2.595222266779148,-0.8452222667791478,0.0375,0.08324051527253554,0.04574051527253554,0.25,0.06161310812790839,-0.1883868918720916,5,0.7613786383415244,-4.238621361658476,1.5,0.8464339878622056,-0.6535660121377944,0.8,1.211564201268569,0.41156420126856896,-0.5228453540254954,0.6884515231425199,0.8842029335410981,-1.7925821305300955,-1.120641980360081,-1.120641980360081,-2,ok,CONVERGENCE: REL_REDUCTION_OF_F <= FACTR*EPSMCH,569.381374;1e+12;1e+12;569.353509;1e+12;1e+12;569.269842;1e+12;1e+12;569.365936;1e+12;1e+12;569.267093;1e+12;1e+12;569.358825;1e+12;1e+12;569.356614;1e+12;1e+12;569.267164;1e+12;1e+12;569.267886;1e+12;1e+12;569.356005;1e+12;1e+12;Inf;1e+12;1e+12;569.357782;1e+12;1e+12;569.267955;1e+12;1e+12
grid_n1500_est_r000_etaSrawm03_etaYrawp03_tau04_selRARE_nu6,grid_n1500,EST,87,1500,RARE,74,0.04933333333333333,0.6631299734748011,0.6373279667051683,0.02580200676963273,-512.7443118290028,1049.4886236580055,1113.2472683030892,12,TRUE,TRUE,0,10,34091.453,4,3,0,-0.3,0.3,-0.3,0.3,0.4,0.4,6,2.435011857618674,0.07812496610773124,1.4925821305300957,1.4925821305300957,1.4925821305300957,1.4925821305300957,4,-1.75,-2.464661773674411,-0.7146617736744112,0.0375,0.06893510334792544,0.03143510334792544,0.25,0.0891748137210265,-0.16082518627897352,5,5.382353051043432,0.3823530510434318,1.5,1.4576832605393364,-0.04231673946066361,0.8,0.5893967149028946,-0.21060328509710544,-0.5649881423813259,0.07812496610773124,1.7925821305300955,1.1925821305300957,1.0925821305300958,1.0925821305300958,-2,ok,CONVERGENCE: REL_REDUCTION_OF_F <= FACTR*EPSMCH,512.744881;1e+12;1e+12;512.745774;1e+12;1e+12;512.746355;1e+12;1e+12;512.744312;1e+12;1e+12;512.746641;1e+12;1e+12;512.744921;1e+12;1e+12;512.744801;1e+12;1e+12;512.744822;1e+12;1e+12;512.746697;1e+12;1e+12;512.744333;1e+12;1e+12;512.745041;1e+12;1e+12;512.74437;1e+12;1e+12;512.744318;1e+12;1e+12
grid_n1500_est_r000_etaSrawm03_etaYrawp03_tau04_selRARE_nu6,grid_n1500,EST,88,1500,RARE,89,0.05933333333333333,0.6426735218508998,0.6373279667051683,0.00534555514573142,-587.4253672764894,1198.8507345529788,1262.6093791980625,12,TRUE,TRUE,0,4,54963.546,4,3,0,-0.3,0.3,-0.3,0.3,0.4,0.4,6,6.790482429572923,-0.8973594700357589,-1.4925821305300957,1.0863765768727915,1.4925821305300957,1.4925821305300957,4,-1.75,-1.239208298239166,0.5107917017608341,0.0375,0.03741843199010506,-8.156800989493618e-5,0.25,0.18749558389093993,-0.06250441610906007,5,13.103396228212636,8.103396228212636,1.5,2.4507823481670763,0.9507823481670764,0.8,0.38311606834073914,-0.4168839316592609,3.790482429572923,-0.8973594700357589,-1.1925821305300957,0.7863765768727915,1.0925821305300958,1.0925821305300958,-2,ok,CONVERGENCE: REL_REDUCTION_OF_F <= FACTR*EPSMCH,587.428401;1e+12;1e+12;587.425367;1e+12;1e+12;587.493172;1e+12;1e+12;587.429138;1e+12;1e+12;587.494397;1e+12;1e+12;587.497313;1e+12;1e+12;587.492772;1e+12;1e+12;587.495401;1e+12;1e+12;587.495605;1e+12;1e+12;Inf;1e+12;1e+12;587.496045;1e+12;1e+12;587.428163;1e+12;1e+12;587.494566;1e+12;1e+12
grid_n1500_est_r000_etaSrawm03_etaYrawp03_tau04_selRARE_nu6,grid_n1500,EST,89,1500,RARE,77,0.05133333333333333,0.6382978723404256,0.6373279667051683,9.699056352572288e-4,-510.7815694894415,1045.563138978883,1109.321783623967,12,TRUE,TRUE,0,13,45963.641,4,3,0,-0.3,0.3,-0.3,0.3,0.4,0.4,6,2.8439015806821413,0.5304097297301821,0.21113775883918,-1.4925821305300957,1.4925821305300957,1.4925821305300957,4,-1.75,-2.3313241574942007,-0.5813241574942007,0.0375,0.10229342339732468,0.06479342339732466,0.25,0.319989551444083,0.06998955144408298,5,3.7666123277547134,-1.2333876722452866,1.5,2.1520878498741007,0.6520878498741007,0.8,0.47452523228426,-0.32547476771574,-0.15609841931785873,0.5304097297301821,0.51113775883918,-1.7925821305300955,1.0925821305300958,1.0925821305300958,-2,ok,CONVERGENCE: REL_REDUCTION_OF_F <= FACTR*EPSMCH,510.781573;1e+12;1e+12;510.781671;1e+12;1e+12;510.781598;1e+12;1e+12;510.781575;1e+12;1e+12;510.781569;1e+12;1e+12;510.781571;1e+12;1e+12;510.781575;1e+12;1e+12;510.78159;1e+12;1e+12;510.786072;1e+12;1e+12;510.78164;1e+12;1e+12;510.781622;1e+12;1e+12;Inf;1e+12;1e+12;510.781587;1e+12;1e+12
grid_n1500_est_r000_etaSrawm03_etaYrawp03_tau04_selRARE_nu6,grid_n1500,EST,90,1500,RARE,75,0.05,0.6496318752706799,0.6373279667051683,0.01230390856551155,-504.0179571572361,1032.0359143144722,1095.7945589595558,12,TRUE,TRUE,0,4,40588.053,4,3,0,-0.3,0.3,-0.3,0.3,0.4,0.4,6,2.2803703537080033,0.24952395568623983,1.0008704578044314,-1.4925821305300957,1.4925821305300957,1.4925821305300957,4,-1.75,-2.701808546690747,-0.9518085466907472,0.0375,0.02004566846023004,-0.01745433153976995,0.25,0.657534420116733,0.407534420116733,5,3.004977865074801,-1.995022134925199,1.5,1.1801203173296508,-0.31987968267034916,0.8,1.3446362001982664,0.5446362001982663,-0.7196296462919967,0.24952395568623983,1.3008704578044314,-1.7925821305300955,1.0925821305300958,1.0925821305300958,-2,ok,CONVERGENCE: REL_REDUCTION_OF_F <= FACTR*EPSMCH,504.018106;1e+12;1e+12;504.017957;1e+12;1e+12;504.017969;1e+12;1e+12;504.01891;1e+12;1e+12;504.061175;1e+12;1e+12;504.019984;1e+12;1e+12;504.017958;1e+12;1e+12;504.020481;1e+12;1e+12;504.019316;1e+12;1e+12;504.017957;1e+12;1e+12;504.020741;1e+12;1e+12;504.018647;1e+12;1e+12;504.017989;1e+12;1e+12
grid_n1500_est_r000_etaSrawm03_etaYrawp03_tau04_selRARE_nu6,grid_n1500,EST,91,1500,RARE,76,0.05066666666666666,0.6172839506172839,0.6373279667051683,-0.02004401608788442,-506.8844108195864,1037.7688216391728,1101.5274662842564,12,TRUE,TRUE,0,10,32448.782,4,3,0,-0.3,0.3,-0.3,0.3,0.4,0.4,6,2.360678582987122,0.5364952827550866,0.9901079080314036,1.4925821305300957,1.4925821305300957,1.4925821305300957,4,-1.75,-2.339968367330495,-0.5899683673304952,0.0375,0.08818903951882576,0.05068903951882576,0.25,0.01725507915834737,-0.23274492084165263,5,1.4420918454713887,-3.5579081545286115,1.5,1.936312130208132,0.4363121302081321,0.8,0.6365444635798427,-0.1634555364201573,-0.6393214170128778,0.5364952827550866,1.2901079080314035,1.1925821305300957,1.0925821305300958,1.0925821305300958,-2,ok,CONVERGENCE: REL_REDUCTION_OF_F <= FACTR*EPSMCH,506.88449;1e+12;1e+12;506.884889;1e+12;1e+12;506.885554;1e+12;1e+12;506.884411;1e+12;1e+12;506.885857;1e+12;1e+12;506.884671;1e+12;1e+12;506.884413;1e+12;1e+12;506.885029;1e+12;1e+12;506.885284;1e+12;1e+12;506.884427;1e+12;1e+12;506.884837;1e+12;1e+12;506.885633;1e+12;1e+12;506.886343;1e+12;1e+12
grid_n1500_est_r000_etaSrawm03_etaYrawp03_tau04_selRARE_nu6,grid_n1500,EST,92,1500,RARE,84,0.056,0.6490696668109044,0.6373279667051683,0.01174170010573605,-550.8191930823461,1125.6383861646923,1189.397030809776,12,TRUE,TRUE,0,19,49182.911,4,3,0,-0.3,0.3,-0.3,0.3,0.4,0.4,6,3.117783038125267,-0.46880901861213525,-1.4925821305300957,-0.04487199441538184,1.4925821305300957,1.4925821305300957,4,-1.75,-1.2329593937543444,0.5170406062456556,0.0375,0.04207747891250454,0.00457747891250454,0.25,0.32396516836571226,0.07396516836571226,5,8.510886884787842,3.5108868847878423,1.5,1.9576928997694416,0.45769289976944183,0.8,0.632321154925836,-0.16767884507416408,0.11778303812526714,-0.46880901861213525,-1.1925821305300957,-0.34487199441538186,1.0925821305300958,1.0925821305300958,-2,ok,CONVERGENCE: REL_REDUCTION_OF_F <= FACTR*EPSMCH,550.819306;1e+12;1e+12;550.827212;1e+12;1e+12;550.821288;1e+12;1e+12;550.819989;1e+12;1e+12;550.836025;1e+12;1e+12;550.827779;1e+12;1e+12;550.819193;1e+12;1e+12;550.821666;1e+12;1e+12;550.820039;1e+12;1e+12;550.82052;1e+12;1e+12;Inf;1e+12;1e+12;550.820594;1e+12;1e+12;550.819675;1e+12;1e+12
grid_n1500_est_r000_etaSrawm03_etaYrawp03_tau04_selRARE_nu6,grid_n1500,EST,93,1500,RARE,82,0.05466666666666667,0.6501950585175552,0.6373279667051683,0.01286709181238687,-569.1408131608326,1162.2816263216653,1226.040270966749,12,TRUE,TRUE,0,7,79854.412,4,3,0,-0.3,0.3,-0.3,0.3,0.4,0.4,6,9.12062194139073,-0.9378987894699627,-1.4925821305300957,1.4925821305300957,1.4922835012503264,1.4922835012503264,4,-1.75,-1.3693640387182997,0.3806359612817003,0.0375,0.02601864721416856,-0.01148135278583143,0.25,0.19491171670138577,-0.05508828329861423,5,16.898785785376734,11.898785785376734,1.5,1.6922359499293416,0.19223594992934157,0.8,0.817302450195665,0.01730245019566501,6.120621941390731,-0.9378987894699627,-1.1925821305300957,1.1925821305300957,1.0922835012503262,1.0922835012503262,-2,ok,CONVERGENCE: REL_REDUCTION_OF_F <= FACTR*EPSMCH,569.141102;1e+12;1e+12;569.143479;1e+12;1e+12;569.140813;1e+12;1e+12;569.140896;1e+12;1e+12;569.141247;1e+12;1e+12;569.141538;1e+12;1e+12;Inf;1e+12;1e+12;569.141093;1e+12;1e+12;569.140815;1e+12;1e+12;569.140847;1e+12;1e+12;569.145501;1e+12;1e+12;569.142173;1e+12;1e+12;569.141543;1e+12;1e+12
grid_n1500_est_r000_etaSrawm03_etaYrawp03_tau04_selRARE_nu6,grid_n1500,EST,94,1500,RARE,74,0.04933333333333333,0.6380263717566993,0.6373279667051683,6.984050515309592e-4,-511.4991934164573,1046.9983868329143,1110.7570314779982,12,TRUE,TRUE,0,1,48921.41,4,3,0,-0.3,0.3,-0.3,0.3,0.4,0.4,6,2.1555135397331413,0.05920621213493721,0.979871863184271,-1.4925821305300957,-1.4925821305300957,-1.4925821305300957,4,-1.75,-3.212640732272355,-1.4626407322723551,0.0375,0.11891489486863116,0.08141489486863115,0.25,-0.06460607612280814,-0.3146060761228081,5,5.665126258189465,0.6651262581894652,1.5,1.315772785400282,-0.18422721459971816,0.8,1.5997496655405368,0.7997496655405367,-0.8444864602668587,0.05920621213493721,1.279871863184271,-1.7925821305300955,-1.8925821305300956,-1.8925821305300956,-2,ok,CONVERGENCE: REL_REDUCTION_OF_F <= FACTR*EPSMCH,511.499193;1e+12;1e+12;511.499596;1e+12;1e+12;511.500203;1e+12;1e+12;511.49921;1e+12;1e+12;511.499796;1e+12;1e+12;511.49959;1e+12;1e+12;511.499238;1e+12;1e+12;511.499853;1e+12;1e+12;511.502149;1e+12;1e+12;511.499206;1e+12;1e+12;Inf;1e+12;1e+12;511.499268;1e+12;1e+12;511.500674;1e+12;1e+12
grid_n1500_est_r000_etaSrawm03_etaYrawp03_tau04_selRARE_nu6,grid_n1500,EST,95,1500,RARE,79,0.05266666666666667,0.6535947712418301,0.6373279667051683,0.01626680453666174,-518.4285315633747,1060.8570631267494,1124.615707771833,12,TRUE,TRUE,0,25,53814.317,4,3,0,-0.3,0.3,-0.3,0.3,0.4,0.4,6,4.117670395951,-0.8094215175743075,-1.4711920447436648,0.2826631607862448,0.5186507638813125,0.5186507638813125,4,-1.75,-0.9796080778383855,0.7703919221616143,0.0375,0.03877355584841874,0.00127355584841874,0.25,0.34631252811912705,0.09631252811912704,5,8.660056094473633,3.660056094473634,1.5,1.7414483228518705,0.24144832285187048,0.8,0.6712455161189232,-0.1287544838810768,1.1176703959510004,-0.8094215175743075,-1.1711920447436648,-0.01733683921375517,0.11865076388131246,0.11865076388131246,-2,ok,CONVERGENCE: REL_REDUCTION_OF_F <= FACTR*EPSMCH,518.432966;1e+12;1e+12;518.435748;1e+12;1e+12;518.432866;1e+12;1e+12;518.440018;1e+12;1e+12;518.430785;1e+12;1e+12;518.431179;1e+12;1e+12;518.442038;1e+12;1e+12;518.430672;1e+12;1e+12;518.428532;1e+12;1e+12;518.437138;1e+12;1e+12;518.585821;1e+12;1e+12;518.435516;1e+12;1e+12;518.429359;1e+12;1e+12
grid_n1500_est_r000_etaSrawm03_etaYrawp03_tau04_selRARE_nu6,grid_n1500,EST,96,1500,RARE,89,0.05933333333333333,0.6385696040868455,0.6373279667051683,0.00124163738167715,-599.4045907912503,1222.8091815825003,1286.5678262275842,12,TRUE,TRUE,0,7,39197.043000000005,4,3,0,-0.3,0.3,-0.3,0.3,0.4,0.4,6,2.5968854273403,-0.1056232671649554,1.4064361279627335,1.4925821305300957,1.4925821305300957,1.4925821305300957,4,-1.75,-2.4181895987143585,-0.6681895987143585,0.0375,0.06926313947383,0.03176313947383,0.25,0.31085101534856635,0.06085101534856635,5,7.139696353934139,2.1396963539341387,1.5,1.2246431077136188,-0.27535689228638116,0.8,0.3872216371832504,-0.4127783628167497,-0.4031145726597001,-0.1056232671649554,1.7064361279627336,1.1925821305300957,1.0925821305300958,1.0925821305300958,-2,ok,CONVERGENCE: REL_REDUCTION_OF_F <= FACTR*EPSMCH,599.407323;1e+12;1e+12;599.406296;1e+12;1e+12;599.404591;1e+12;1e+12;599.404629;1e+12;1e+12;599.405673;1e+12;1e+12;599.407175;1e+12;1e+12;599.404613;1e+12;1e+12;599.406983;1e+12;1e+12;599.409633;1e+12;1e+12;599.408326;1e+12;1e+12;599.409754;1e+12;1e+12;599.404821;1e+12;1e+12;599.407026;1e+12;1e+12
grid_n1500_est_r000_etaSrawm03_etaYrawp03_tau04_selRARE_nu6,grid_n1500,EST,97,1500,RARE,70,0.04666666666666667,0.6385696040868455,0.6373279667051683,0.00124163738167715,-484.6580548067728,993.3161096135456,1057.0747542586291,12,TRUE,TRUE,0,22,54624.412,4,3,0,-0.3,0.3,-0.3,0.3,0.4,0.4,6,2.831924953804428,0.3834144730435622,0.2216605362890281,-1.4925821305300957,1.4925821305300957,1.4925821305300957,4,-1.75,-2.220173568404343,-0.4701735684043431,0.0375,0.04241483603779863,0.00491483603779863,0.25,0.08238432253771596,-0.16761567746228404,5,4.800358090298899,-0.19964190970110085,1.5,1.688758823488948,0.1887588234889479,0.8,0.8395735110114716,0.03957351101147155,-0.16807504619557223,0.3834144730435622,0.5216605362890281,-1.7925821305300955,1.0925821305300958,1.0925821305300958,-2,ok,CONVERGENCE: REL_REDUCTION_OF_F <= FACTR*EPSMCH,484.658176;1e+12;1e+12;484.658827;1e+12;1e+12;484.659761;1e+12;1e+12;484.66028;1e+12;1e+12;484.66129;1e+12;1e+12;484.658207;1e+12;1e+12;484.658268;1e+12;1e+12;484.658055;1e+12;1e+12;484.658305;1e+12;1e+12;Inf;1e+12;1e+12;484.658122;1e+12;1e+12;484.659331;1e+12;1e+12;484.658231;1e+12;1e+12
grid_n1500_est_r000_etaSrawm03_etaYrawp03_tau04_selRARE_nu6,grid_n1500,EST,98,1500,RARE,80,0.05333333333333334,0.639386189258312,0.6373279667051683,0.00205822255314369,-546.6667605564975,1117.333521112995,1181.0921657580786,12,TRUE,TRUE,0,13,47978.044,4,3,0,-0.3,0.3,-0.3,0.3,0.4,0.4,6,2.863549387575769,-0.4917850744808311,0.673882226546414,1.4925821305300957,1.4925821305300957,1.4925821305300957,4,-1.75,-2.289455338281293,-0.5394553382812926,0.0375,0.00766872062256974,-0.02983127937743026,0.25,0.2048951122662309,-0.04510488773376914,5,10.461579296683285,5.461579296683283,1.5,1.4277820648933606,-0.07221793510663943,0.8,0.09777250523100922,-0.7022274947689908,-0.13645061242423084,-0.4917850744808311,0.973882226546414,1.1925821305300957,1.0925821305300958,1.0925821305300958,-2,ok,CONVERGENCE: REL_REDUCTION_OF_F <= FACTR*EPSMCH,546.667526;1e+12;1e+12;546.667387;1e+12;1e+12;546.666768;1e+12;1e+12;546.66694;1e+12;1e+12;546.666761;1e+12;1e+12;546.667151;1e+12;1e+12;546.667254;1e+12;1e+12;546.668978;1e+12;1e+12;546.719265;1e+12;1e+12;546.668008;1e+12;1e+12;546.92052;1e+12;1e+12;546.66678;1e+12;1e+12;546.66866;1e+12;1e+12
grid_n1500_est_r000_etaSrawm03_etaYrawp03_tau04_selRARE_nu6,grid_n1500,EST,99,1500,RARE,65,0.04333333333333333,0.6544502617801047,0.6373279667051683,0.01712229507493634,-461.977972078117,947.955944156234,1011.7145888013176,12,TRUE,TRUE,0,34,89141.17400000001,4,3,0,-0.3,0.3,-0.3,0.3,0.4,0.4,6,8.8121422538952,0.964733621709572,-1.4925821305300957,-1.4925821305300957,1.4887976057397665,1.4887976057397665,4,-1.75,-1.3450284103073384,0.4049715896926616,0.0375,0.02259504708202008,-0.01490495291797991,0.25,-0.0993960588359435,-0.3493960588359435,5,-7.0269990539051745,-12.026999053905175,1.5,1.1800738616568067,-0.3199261383431933,0.8,0.8835851433777582,0.08358514337775813,5.8121422538952,0.964733621709572,-1.1925821305300957,-1.7925821305300955,1.0887976057397664,1.0887976057397664,-2,ok,CONVERGENCE: REL_REDUCTION_OF_F <= FACTR*EPSMCH,462.788203;1e+12;1e+12;461.978231;1e+12;1e+12;461.977987;1e+12;1e+12;462.783713;1e+12;1e+12;462.083145;1e+12;1e+12;461.985961;1e+12;1e+12;461.980714;1e+12;1e+12;462.079256;1e+12;1e+12;462.081253;1e+12;1e+12;461.978383;1e+12;1e+12;462.234446;1e+12;1e+12;461.977972;1e+12;1e+12;461.979149;1e+12;1e+12
grid_n1500_est_r000_etaSrawm03_etaYrawp03_tau04_selRARE_nu6,grid_n1500,EST,100,1500,RARE,73,0.04866666666666666,0.6421232876712328,0.6373279667051683,0.00479532096606449,-492.101426705853,1008.202853411706,1071.9614980567897,12,TRUE,TRUE,0,25,24907.52,4,3,0,-0.3,0.3,-0.3,0.3,0.4,0.4,6,1.779726549592225,0.13017903974200384,0.14200684645883582,-0.29096791443235376,-0.3741580436112047,-0.3741580436112047,4,-1.75,-2.8233558295817964,-1.0733558295817964,0.0375,0.02930338853837454,-0.00819661146162545,0.25,0.602288065758595,0.35228806575859495,5,6.022691231110363,1.0226912311103629,1.5,0.8923515948634887,-0.6076484051365113,0.8,0.35451803692806594,-0.4454819630719341,-1.220273450407775,0.13017903974200384,0.4420068464588358,-0.5909679144323537,-0.7741580436112048,-0.7741580436112048,-2,ok,CONVERGENCE: REL_REDUCTION_OF_F <= FACTR*EPSMCH,492.105065;1e+12;1e+12;492.105815;1e+12;1e+12;492.104363;1e+12;1e+12;492.107487;1e+12;1e+12;492.102115;1e+12;1e+12;492.107857;1e+12;1e+12;492.107843;1e+12;1e+12;492.10322;1e+12;1e+12;492.101427;1e+12;1e+12;492.108675;1e+12;1e+12;492.101542;1e+12;1e+12;492.105098;1e+12;1e+12;492.10554;1e+12;1e+12
