scenario,scenario_label,dgp_family,fit_family,rep,n,n_selected,selection_rate,hidden_acceptance_rate,success,finite_fit,regular_convergence,convergence,message,logLik,AIC,BIC,AICc,k_params,seconds,em_iterations,raw_package_AIC,raw_package_BIC,k_package_implied,start_id,stage,all_stage1_values,criteria_source,conv_source,sigmaY_true,sigmaY_hat,sigmaY_bias,rho_true,rho_hat,rho_bias,etaS_true,etaS_hat,etaS_bias,etaY_true,etaY_hat,etaY_bias,tau_bar_true,tau_bar_hat,tau_bar_bias,alpha_legacy_true,alpha_legacy_hat,nu_true,nu_hat,nu_bias,betaSel_1_true,betaSel_1_hat,betaSel_1_bias,betaSel_2_true,betaSel_2_hat,betaSel_2_bias,betaSel_3_true,betaSel_3_hat,betaSel_3_bias,betaOut_1_true,betaOut_1_hat,betaOut_1_bias,betaOut_2_true,betaOut_2_hat,betaOut_2_bias,betaOut_3_true,betaOut_3_hat,betaOut_3_bias,BIC_minus_AIC,expected_BIC_minus_AIC,IC_gap_error,betaSel_4_true,betaSel_5_true,betaSel_6_true,betaSel_7_true,betaSel_8_true,betaSel_9_true,betaSel_10_true,betaSel_11_true,betaSel_12_true,betaSel_13_true,betaSel_14_true,betaSel_15_true,betaSel_16_true,betaSel_17_true,betaSel_18_true,betaSel_19_true,betaSel_20_true,betaSel_4_hat,betaSel_5_hat,betaSel_6_hat,betaSel_7_hat,betaSel_8_hat,betaSel_9_hat,betaSel_10_hat,betaSel_11_hat,betaSel_12_hat,betaSel_13_hat,betaSel_14_hat,betaSel_15_hat,betaSel_16_hat,betaSel_17_hat,betaSel_18_hat,betaSel_19_hat,betaSel_20_hat,betaSel_4_bias,betaSel_5_bias,betaSel_6_bias,betaSel_7_bias,betaSel_8_bias,betaSel_9_bias,betaSel_10_bias,betaSel_11_bias,betaSel_12_bias,betaSel_13_bias,betaSel_14_bias,betaSel_15_bias,betaSel_16_bias,betaSel_17_bias,betaSel_18_bias,betaSel_19_bias,betaSel_20_bias,betaOut_4_true,betaOut_5_true,betaOut_6_true,betaOut_7_true,betaOut_8_true,betaOut_9_true,betaOut_10_true,betaOut_11_true,betaOut_12_true,betaOut_13_true,betaOut_14_true,betaOut_15_true,betaOut_16_true,betaOut_17_true,betaOut_18_true,betaOut_19_true,betaOut_20_true,betaOut_4_hat,betaOut_5_hat,betaOut_6_hat,betaOut_7_hat,betaOut_8_hat,betaOut_9_hat,betaOut_10_hat,betaOut_11_hat,betaOut_12_hat,betaOut_13_hat,betaOut_14_hat,betaOut_15_hat,betaOut_16_hat,betaOut_17_hat,betaOut_18_hat,betaOut_19_hat,betaOut_20_hat,betaOut_4_bias,betaOut_5_bias,betaOut_6_bias,betaOut_7_bias,betaOut_8_bias,betaOut_9_bias,betaOut_10_bias,betaOut_11_bias,betaOut_12_bias,betaOut_13_bias,betaOut_14_bias,betaOut_15_bias,betaOut_16_bias,betaOut_17_bias,betaOut_18_bias,betaOut_19_bias,betaOut_20_bias,success_chr,success_bool,converged_regular,AIC_correct,BIC_correct,AICc_correct,raw_BIC_minus_AIC,corrected_BIC_minus_AIC,k_implied_by_raw_BIC,raw_ic_has_wrong_k,seconds_correct,etaS_near_boundary,etaY_near_boundary,tau_near_boundary
hidden_truncation_skewness,hidden-truncation skewness,ESN,NH,1,1000,343,0.343,0.6257822277847309,TRUE,TRUE,TRUE,0,NA,-1349.3362007885594,2714.6724015771188,2753.9344438089756,2714.817709347048,8,91.171,NA,2700.6724015771188,2705.580156856101,1.000000000000017,NA,HeckmanEM,NA,raw_AIC_BIC_implied_logLik,finite_logLik_no_explicit_code,3,2.887956381294683,-0.1120436187053171,0.4,0.5349895099480477,0.1349895099480477,-0.7,NA,NA,0.7,NA,NA,0.5,NA,NA,0.5,NA,NA,NA,NA,-0.7,-1.0038793145596725,-0.3038793145596723,0.15,0.15910141436628375,0.00910141436628375,1,1.0095237682537934,0.00952376825379341,5,5.424903350411782,0.42490335041178184,1.5,1.5905753317438025,0.09057533174380228,0.8,0.8787752841667714,0.07877528416677138,39.26204223185687,39.262042231857095,-2.2737367544323206e-13,NA,NA,NA,NA,NA,NA,NA,NA,NA,NA,NA,NA,NA,NA,NA,NA,NA,NA,NA,NA,NA,NA,NA,NA,NA,NA,NA,NA,NA,NA,NA,NA,NA,NA,NA,NA,NA,NA,NA,NA,NA,NA,NA,NA,NA,NA,NA,NA,NA,NA,NA,NA,NA,NA,NA,NA,NA,NA,NA,NA,NA,NA,NA,NA,NA,NA,NA,NA,NA,NA,NA,NA,NA,NA,NA,NA,NA,NA,NA,NA,NA,NA,NA,NA,NA,NA,NA,NA,NA,NA,NA,NA,NA,NA,NA,NA,NA,NA,NA,NA,NA,NA,true,TRUE,TRUE,2714.6724015771188,2753.9344438089756,2714.817709347048,39.26204223185687,39.26204223185687,7.999999999999954,FALSE,91.171,NA,NA,NA
hidden_truncation_skewness,hidden-truncation skewness,ESN,HT,1,1000,343,0.343,0.6257822277847309,TRUE,TRUE,TRUE,0,NA,-1349.276252844445,2716.55250568889,2760.722303199729,2716.734323870708,9,134.62300000000002,NA,2700.55250568889,2705.4602609678723,1.000000000000017,NA,HeckmanEM,NA,raw_AIC_BIC_implied_logLik,finite_logLik_no_explicit_code,3,2.839606251104951,-0.1603937488950491,0.4,0.5377730724079954,0.1377730724079954,-0.7,NA,NA,0.7,NA,NA,0.5,NA,NA,0.5,NA,NA,NA,NA,-0.7,-1.0130625290208808,-0.31306252902088083,0.15,0.1600545873241374,0.01005458732413741,1,1.019158709835015,0.01915870983501499,5,5.414750825565789,0.4147508255657888,1.5,1.5918675035577103,0.09186750355771034,0.8,0.8814629837797856,0.08146298377978556,44.16979751083909,44.16979751083923,-1.4210854715202004e-13,NA,NA,NA,NA,NA,NA,NA,NA,NA,NA,NA,NA,NA,NA,NA,NA,NA,NA,NA,NA,NA,NA,NA,NA,NA,NA,NA,NA,NA,NA,NA,NA,NA,NA,NA,NA,NA,NA,NA,NA,NA,NA,NA,NA,NA,NA,NA,NA,NA,NA,NA,NA,NA,NA,NA,NA,NA,NA,NA,NA,NA,NA,NA,NA,NA,NA,NA,NA,NA,NA,NA,NA,NA,NA,NA,NA,NA,NA,NA,NA,NA,NA,NA,NA,NA,NA,NA,NA,NA,NA,NA,NA,NA,NA,NA,NA,NA,NA,NA,NA,NA,NA,true,TRUE,TRUE,2716.55250568889,2760.722303199729,2716.734323870708,44.16979751083909,44.16979751083909,8.999999999999972,FALSE,134.62300000000002,NA,NA,NA
hidden_truncation_skewness,hidden-truncation skewness,ESN,CN,1,1000,343,0.343,0.6257822277847309,TRUE,TRUE,TRUE,0,NA,-1349.3322204154456,2718.664440830891,2767.7419936207125,2718.886887746968,10,589.646,NA,2700.664440830891,2705.5721961098734,1.000000000000017,NA,HeckmanEM,NA,raw_AIC_BIC_implied_logLik,finite_logLik_no_explicit_code,3,2.8717032585146964,-0.12829674148530357,0.4,0.5354534621153457,0.1354534621153457,-0.7,NA,NA,0.7,NA,NA,0.5,NA,NA,0.5,NA,NA,NA,NA,-0.7,-1.0088292590578525,-0.3088292590578525,0.15,0.1598362326396218,0.0098362326396218,1,1.0145357861682032,0.01453578616820316,5,5.423120861182396,0.4231208611823955,1.5,1.590772802295797,0.09077280229579698,0.8,0.8790907200908605,0.07909072009086049,49.07755278982131,49.07755278982137,-5.684341886080802e-14,NA,NA,NA,NA,NA,NA,NA,NA,NA,NA,NA,NA,NA,NA,NA,NA,NA,NA,NA,NA,NA,NA,NA,NA,NA,NA,NA,NA,NA,NA,NA,NA,NA,NA,NA,NA,NA,NA,NA,NA,NA,NA,NA,NA,NA,NA,NA,NA,NA,NA,NA,NA,NA,NA,NA,NA,NA,NA,NA,NA,NA,NA,NA,NA,NA,NA,NA,NA,NA,NA,NA,NA,NA,NA,NA,NA,NA,NA,NA,NA,NA,NA,NA,NA,NA,NA,NA,NA,NA,NA,NA,NA,NA,NA,NA,NA,NA,NA,NA,NA,NA,NA,true,TRUE,TRUE,2718.664440830891,2767.7419936207125,2718.886887746968,49.07755278982131,49.07755278982131,9.999999999999988,FALSE,589.646,NA,NA,NA
hidden_truncation_skewness,hidden-truncation skewness,ESN,ESN,1,1000,343,0.343,0.6257822277847309,TRUE,TRUE,TRUE,0,CONVERGENCE: REL_REDUCTION_OF_F <= FACTR*EPSMCH,-1348.7956589469995,2719.591317893999,2773.5766259628026,2719.858524371732,11,14387.575,NA,NA,NA,NA,10,stage2,1349.33822265745;1349.33926355183;1349.33660477594;1349.2528851459;1349.33621679704;1348.96783041316;1349.33629050608;1349.33523893978;1349.33625447202;1348.93946501137;1349.13902692151;1349.33840269696;1349.33763155325;1349.33620044016,proposed_likelihood,stage2,3,3.1627080452491105,0.16270804524911053,0.4,0.6204752588233543,0.22047525882335428,-0.7,1.4925821305300957,2.192582130530096,0.7,0.735054251235931,0.03505425123593109,0.5,0.98315536307146,0.48315536307146,0.5,0.98315536307146,NA,NA,NA,-0.7,-1.2284808032760737,-0.5284808032760735,0.15,0.13590562479145263,-0.01409437520854736,1,0.8716345197107126,-0.1283654802892874,5,4.447637697762016,-0.5523623022379844,1.5,1.6068577889013085,0.10685778890130848,0.8,0.8757512180736459,0.07575121807364582,53.98530806880353,53.985308068803505,2.842170943040401e-14,NA,NA,NA,NA,NA,NA,NA,NA,NA,NA,NA,NA,NA,NA,NA,NA,NA,NA,NA,NA,NA,NA,NA,NA,NA,NA,NA,NA,NA,NA,NA,NA,NA,NA,NA,NA,NA,NA,NA,NA,NA,NA,NA,NA,NA,NA,NA,NA,NA,NA,NA,NA,NA,NA,NA,NA,NA,NA,NA,NA,NA,NA,NA,NA,NA,NA,NA,NA,NA,NA,NA,NA,NA,NA,NA,NA,NA,NA,NA,NA,NA,NA,NA,NA,NA,NA,NA,NA,NA,NA,NA,NA,NA,NA,NA,NA,NA,NA,NA,NA,NA,NA,true,TRUE,TRUE,2719.591317893999,2773.5766259628026,2719.858524371732,53.98530806880353,53.98530806880353,11.000000000000005,FALSE,14387.575,TRUE,FALSE,FALSE
hidden_truncation_skewness,hidden-truncation skewness,ESN,EST,1,1000,343,0.343,0.6257822277847309,TRUE,TRUE,TRUE,0,CONVERGENCE: REL_REDUCTION_OF_F <= FACTR*EPSMCH,-1355.5782332835424,2735.156466567085,2794.0495299148706,2735.4725759895773,12,18335.834000000003,NA,NA,NA,NA,22,stage2,1355.6626854197;1e+12;1e+12;1355.57837584306;1e+12;1e+12;1355.64148287657;1e+12;1e+12;1355.57895562205;1e+12;1e+12;1355.59871173304;1e+12;1e+12;1355.57823421273;1e+12;1e+12;1355.59151940469;1e+12;1e+12;1355.57823356889;1e+12;1e+12;1355.6787009502;1e+12;1e+12;1355.58114462954;1e+12;1e+12;1355.58840115182;1e+12;1e+12;1355.57869122368;1e+12;1e+12;1355.69046755315;1e+12;1e+12;1355.5783885685;1e+12;1e+12,proposed_likelihood,stage2,3,3.148654814306461,0.148654814306461,0.4,0.7330591088512556,0.33305910885125556,-0.7,-1.066817175384106,-0.3668171753841061,0.7,-0.4225919141576103,-1.1225919141576104,0.5,1.4925821305300957,0.9925821305300956,0.5,1.4925821305300957,NA,4,NA,-0.7,-0.7137726231093137,-0.0137726231093137,0.15,0.1438607732196163,-0.0061392267803837,1,0.9483835029337728,-0.05161649706622728,5,5.726442249494832,0.7264422494948324,1.5,1.5783416189346209,0.07834161893462088,0.8,0.9111122730798896,0.11111227307988958,58.893063347785755,58.89306334778564,1.1368683772161603e-13,NA,NA,NA,NA,NA,NA,NA,NA,NA,NA,NA,NA,NA,NA,NA,NA,NA,NA,NA,NA,NA,NA,NA,NA,NA,NA,NA,NA,NA,NA,NA,NA,NA,NA,NA,NA,NA,NA,NA,NA,NA,NA,NA,NA,NA,NA,NA,NA,NA,NA,NA,NA,NA,NA,NA,NA,NA,NA,NA,NA,NA,NA,NA,NA,NA,NA,NA,NA,NA,NA,NA,NA,NA,NA,NA,NA,NA,NA,NA,NA,NA,NA,NA,NA,NA,NA,NA,NA,NA,NA,NA,NA,NA,NA,NA,NA,NA,NA,NA,NA,NA,NA,true,TRUE,TRUE,2735.156466567085,2794.0495299148706,2735.4725759895773,58.893063347785755,58.893063347785755,12.000000000000023,FALSE,18335.834000000003,FALSE,FALSE,TRUE
hidden_truncation_skewness,hidden-truncation skewness,ESN,NH,2,1000,359,0.359,0.6451612903225806,TRUE,TRUE,TRUE,0,NA,-1409.0045312106354,2834.0090624212708,2873.2711046531276,2834.1543701912,8,131.622,NA,2820.0090624212708,2824.916817700253,1.000000000000017,NA,HeckmanEM,NA,raw_AIC_BIC_implied_logLik,finite_logLik_no_explicit_code,3,3.116488783265428,0.116488783265428,0.4,0.5546341891598265,0.15463418915982652,-0.7,NA,NA,0.7,NA,NA,0.5,NA,NA,0.5,NA,NA,NA,NA,-0.7,-1.000321390749343,-0.30032139074934294,0.15,0.16934928404108174,0.01934928404108174,1,1.0603821241699505,0.06038212416995026,5,5.173170694785497,0.1731706947854974,1.5,1.302263497526152,-0.197736502473848,0.8,0.8596225694068474,0.0596225694068474,39.26204223185687,39.262042231857095,-2.2737367544323206e-13,NA,NA,NA,NA,NA,NA,NA,NA,NA,NA,NA,NA,NA,NA,NA,NA,NA,NA,NA,NA,NA,NA,NA,NA,NA,NA,NA,NA,NA,NA,NA,NA,NA,NA,NA,NA,NA,NA,NA,NA,NA,NA,NA,NA,NA,NA,NA,NA,NA,NA,NA,NA,NA,NA,NA,NA,NA,NA,NA,NA,NA,NA,NA,NA,NA,NA,NA,NA,NA,NA,NA,NA,NA,NA,NA,NA,NA,NA,NA,NA,NA,NA,NA,NA,NA,NA,NA,NA,NA,NA,NA,NA,NA,NA,NA,NA,NA,NA,NA,NA,NA,NA,true,TRUE,TRUE,2834.0090624212708,2873.2711046531276,2834.1543701912,39.26204223185687,39.26204223185687,7.999999999999954,FALSE,131.622,NA,NA,NA
hidden_truncation_skewness,hidden-truncation skewness,ESN,HT,2,1000,359,0.359,0.6451612903225806,TRUE,TRUE,TRUE,0,NA,-1409.146521952433,2836.293043904866,2880.462841415705,2836.474862086684,9,198.764,NA,2820.293043904866,2825.200799183848,1.000000000000017,NA,HeckmanEM,NA,raw_AIC_BIC_implied_logLik,finite_logLik_no_explicit_code,3,3.094147602575359,0.09414760257535892,0.4,0.554644269370716,0.15464426937071596,-0.7,NA,NA,0.7,NA,NA,0.5,NA,NA,0.5,NA,NA,NA,NA,-0.7,-1.0034911144034857,-0.30349111440348575,0.15,0.17013858314873198,0.02013858314873198,1,1.0635285468524096,0.0635285468524096,5,5.17792802310491,0.17792802310490963,1.5,1.3066369463745489,-0.19336305362545111,0.8,0.8591119856126581,0.05911198561265807,44.16979751083909,44.16979751083923,-1.4210854715202004e-13,NA,NA,NA,NA,NA,NA,NA,NA,NA,NA,NA,NA,NA,NA,NA,NA,NA,NA,NA,NA,NA,NA,NA,NA,NA,NA,NA,NA,NA,NA,NA,NA,NA,NA,NA,NA,NA,NA,NA,NA,NA,NA,NA,NA,NA,NA,NA,NA,NA,NA,NA,NA,NA,NA,NA,NA,NA,NA,NA,NA,NA,NA,NA,NA,NA,NA,NA,NA,NA,NA,NA,NA,NA,NA,NA,NA,NA,NA,NA,NA,NA,NA,NA,NA,NA,NA,NA,NA,NA,NA,NA,NA,NA,NA,NA,NA,NA,NA,NA,NA,NA,NA,true,TRUE,TRUE,2836.293043904866,2880.462841415705,2836.474862086684,44.16979751083909,44.16979751083909,8.999999999999972,FALSE,198.764,NA,NA,NA
hidden_truncation_skewness,hidden-truncation skewness,ESN,CN,2,1000,359,0.359,0.6451612903225806,TRUE,TRUE,TRUE,0,NA,-1409.004531373521,2838.0090627470427,2887.086615536864,2838.2315096631196,10,368.092,NA,2820.0090627470427,2824.916818026025,1.000000000000017,NA,HeckmanEM,NA,raw_AIC_BIC_implied_logLik,finite_logLik_no_explicit_code,3,3.1164410551522845,0.11644105515228452,0.4,0.554669515025992,0.15466951502599202,-0.7,NA,NA,0.7,NA,NA,0.5,NA,NA,0.5,NA,NA,NA,NA,-0.7,-1.0003462600954238,-0.30034626009542387,0.15,0.1693521026090298,0.01935210260902981,1,1.0604106691252289,0.06041066912522885,5,5.173045719143206,0.17304571914320643,1.5,1.3022675961156898,-0.19773240388431024,0.8,0.8596253543419679,0.05962535434196781,49.07755278982131,49.07755278982137,-5.684341886080802e-14,NA,NA,NA,NA,NA,NA,NA,NA,NA,NA,NA,NA,NA,NA,NA,NA,NA,NA,NA,NA,NA,NA,NA,NA,NA,NA,NA,NA,NA,NA,NA,NA,NA,NA,NA,NA,NA,NA,NA,NA,NA,NA,NA,NA,NA,NA,NA,NA,NA,NA,NA,NA,NA,NA,NA,NA,NA,NA,NA,NA,NA,NA,NA,NA,NA,NA,NA,NA,NA,NA,NA,NA,NA,NA,NA,NA,NA,NA,NA,NA,NA,NA,NA,NA,NA,NA,NA,NA,NA,NA,NA,NA,NA,NA,NA,NA,NA,NA,NA,NA,NA,NA,true,TRUE,TRUE,2838.009062747042,2887.0866155368635,2838.231509663119,49.07755278982131,49.07755278982131,9.999999999999988,FALSE,368.092,NA,NA,NA
hidden_truncation_skewness,hidden-truncation skewness,ESN,ESN,2,1000,359,0.359,0.6451612903225806,TRUE,TRUE,TRUE,0,CONVERGENCE: REL_REDUCTION_OF_F <= FACTR*EPSMCH,-1408.0527470280408,2838.1054940560816,2892.090802124885,2838.3727005338146,11,17625.187,NA,NA,NA,NA,6,stage2,1408.06351185595;1408.06740980456;1408.09018693179;1408.05570199734;1408.08428489237;1408.05437564798;1408.05593653819;1408.07762681975;1408.13204957786;1408.33220424731;1408.07578109583;1408.05707305816;1408.08577540171;1409.00453087127,proposed_likelihood,stage2,3,4.193439663864621,1.1934396638646207,0.4,0.7385386422035081,0.33853864220350804,-0.7,-1.4722220918244942,-0.7722220918244942,0.7,-0.7195664244532323,-1.4195664244532322,0.5,1.3779070861564735,0.8779070861564737,0.5,1.3779070861564735,NA,NA,NA,-0.7,-0.5455599936884719,0.1544400063115281,0.15,0.13983644248207786,-0.01016355751792214,1,0.8831340894562694,-0.11686591054373063,5,6.1997498371857,1.1997498371857,1.5,1.3025466024954555,-0.1974533975045445,0.8,0.8656735843845286,0.06567358438452853,53.98530806880353,53.985308068803505,2.842170943040401e-14,NA,NA,NA,NA,NA,NA,NA,NA,NA,NA,NA,NA,NA,NA,NA,NA,NA,NA,NA,NA,NA,NA,NA,NA,NA,NA,NA,NA,NA,NA,NA,NA,NA,NA,NA,NA,NA,NA,NA,NA,NA,NA,NA,NA,NA,NA,NA,NA,NA,NA,NA,NA,NA,NA,NA,NA,NA,NA,NA,NA,NA,NA,NA,NA,NA,NA,NA,NA,NA,NA,NA,NA,NA,NA,NA,NA,NA,NA,NA,NA,NA,NA,NA,NA,NA,NA,NA,NA,NA,NA,NA,NA,NA,NA,NA,NA,NA,NA,NA,NA,NA,NA,true,TRUE,TRUE,2838.1054940560816,2892.090802124885,2838.3727005338146,53.98530806880353,53.98530806880353,11.000000000000005,FALSE,17625.187,TRUE,FALSE,FALSE
hidden_truncation_skewness,hidden-truncation skewness,ESN,EST,2,1000,359,0.359,0.6451612903225806,TRUE,TRUE,TRUE,0,CONVERGENCE: REL_REDUCTION_OF_F <= FACTR*EPSMCH,-1413.489631523805,2850.97926304761,2909.8723263953957,2851.2953724701024,12,18892.436,NA,NA,NA,NA,16,stage2,1413.50592594611;1e+12;1e+12;1413.48978446483;1e+12;1e+12;1413.48983362152;1e+12;1e+12;1413.49030737723;1e+12;1e+12;1413.48985263006;1e+12;1e+12;1413.48963198328;1e+12;1e+12;1413.49707612867;1e+12;1e+12;1413.48967592666;1e+12;1e+12;1413.50610006867;1e+12;1e+12;1413.50112439339;1e+12;1e+12;1413.49934607271;1e+12;1e+12;1413.48997650689;1e+12;1e+12;1413.48965298812;1e+12;1e+12;1413.4962402493;1e+12;1e+12,proposed_likelihood,stage2,3,3.995130126100959,0.9951301261009592,0.4,0.8090123971571201,0.4090123971571201,-0.7,-1.4925821305300957,-0.7925821305300957,0.7,-0.6661548471725421,-1.3661548471725422,0.5,1.4925821305300957,0.9925821305300956,0.5,1.4925821305300957,NA,4,NA,-0.7,-0.5572568496586363,0.14274315034136364,0.15,0.14812543558163457,-0.00187456441836544,1,0.9286866742479376,-0.07131332575206228,5,5.920614097205974,0.9206140972059744,1.5,1.4134790628222265,-0.08652093717777354,0.8,0.8711580073867369,0.07115800738673683,58.893063347785755,58.89306334778564,1.1368683772161603e-13,NA,NA,NA,NA,NA,NA,NA,NA,NA,NA,NA,NA,NA,NA,NA,NA,NA,NA,NA,NA,NA,NA,NA,NA,NA,NA,NA,NA,NA,NA,NA,NA,NA,NA,NA,NA,NA,NA,NA,NA,NA,NA,NA,NA,NA,NA,NA,NA,NA,NA,NA,NA,NA,NA,NA,NA,NA,NA,NA,NA,NA,NA,NA,NA,NA,NA,NA,NA,NA,NA,NA,NA,NA,NA,NA,NA,NA,NA,NA,NA,NA,NA,NA,NA,NA,NA,NA,NA,NA,NA,NA,NA,NA,NA,NA,NA,NA,NA,NA,NA,NA,NA,true,TRUE,TRUE,2850.97926304761,2909.8723263953957,2851.2953724701024,58.893063347785755,58.893063347785755,12.000000000000023,FALSE,18892.436,TRUE,FALSE,TRUE
hidden_truncation_skewness,hidden-truncation skewness,ESN,NH,3,1000,354,0.354,0.6459948320413437,TRUE,TRUE,TRUE,0,NA,-1381.7592753847189,2779.5185507694378,2818.7805930012946,2779.663858539367,8,120.807,NA,2765.5185507694378,2770.42630604842,1.000000000000017,NA,HeckmanEM,NA,raw_AIC_BIC_implied_logLik,finite_logLik_no_explicit_code,3,3.2501581316195844,0.25015813161958445,0.4,0.7217144902900711,0.32171449029007104,-0.7,NA,NA,0.7,NA,NA,0.5,NA,NA,0.5,NA,NA,NA,NA,-0.7,-0.9486541256367392,-0.24865412563673917,0.15,0.1648667664489899,0.0148667664489899,1,0.992660341989766,-0.00733965801023395,5,4.609831679933011,-0.390168320066989,1.5,1.4630276836811968,-0.03697231631880315,0.8,0.9560070827342686,0.15600708273426855,39.26204223185687,39.262042231857095,-2.2737367544323206e-13,NA,NA,NA,NA,NA,NA,NA,NA,NA,NA,NA,NA,NA,NA,NA,NA,NA,NA,NA,NA,NA,NA,NA,NA,NA,NA,NA,NA,NA,NA,NA,NA,NA,NA,NA,NA,NA,NA,NA,NA,NA,NA,NA,NA,NA,NA,NA,NA,NA,NA,NA,NA,NA,NA,NA,NA,NA,NA,NA,NA,NA,NA,NA,NA,NA,NA,NA,NA,NA,NA,NA,NA,NA,NA,NA,NA,NA,NA,NA,NA,NA,NA,NA,NA,NA,NA,NA,NA,NA,NA,NA,NA,NA,NA,NA,NA,NA,NA,NA,NA,NA,NA,true,TRUE,TRUE,2779.5185507694378,2818.7805930012946,2779.663858539367,39.26204223185687,39.26204223185687,7.999999999999954,FALSE,120.807,NA,NA,NA
hidden_truncation_skewness,hidden-truncation skewness,ESN,HT,3,1000,354,0.354,0.6459948320413437,TRUE,TRUE,TRUE,0,NA,-1381.833777762566,2781.667555525132,2825.837353035971,2781.84937370695,9,182.10400000000004,NA,2765.667555525132,2770.575310804114,1.000000000000017,NA,HeckmanEM,NA,raw_AIC_BIC_implied_logLik,finite_logLik_no_explicit_code,3,3.226951158485841,0.22695115848584055,0.4,0.7221455167045517,0.3221455167045517,-0.7,NA,NA,0.7,NA,NA,0.5,NA,NA,0.5,NA,NA,NA,NA,-0.7,-0.9524431978398668,-0.2524431978398669,0.15,0.16556083475339095,0.01556083475339095,1,0.9968826251214744,-0.00311737487852548,5,4.6106675438713065,-0.3893324561286935,1.5,1.460508629579044,-0.03949137042095607,0.8,0.9563048319017609,0.1563048319017607,44.16979751083909,44.16979751083923,-1.4210854715202004e-13,NA,NA,NA,NA,NA,NA,NA,NA,NA,NA,NA,NA,NA,NA,NA,NA,NA,NA,NA,NA,NA,NA,NA,NA,NA,NA,NA,NA,NA,NA,NA,NA,NA,NA,NA,NA,NA,NA,NA,NA,NA,NA,NA,NA,NA,NA,NA,NA,NA,NA,NA,NA,NA,NA,NA,NA,NA,NA,NA,NA,NA,NA,NA,NA,NA,NA,NA,NA,NA,NA,NA,NA,NA,NA,NA,NA,NA,NA,NA,NA,NA,NA,NA,NA,NA,NA,NA,NA,NA,NA,NA,NA,NA,NA,NA,NA,NA,NA,NA,NA,NA,NA,true,TRUE,TRUE,2781.667555525132,2825.837353035971,2781.84937370695,44.16979751083909,44.16979751083909,8.999999999999972,FALSE,182.10400000000004,NA,NA,NA
hidden_truncation_skewness,hidden-truncation skewness,ESN,CN,3,1000,354,0.354,0.6459948320413437,TRUE,TRUE,TRUE,0,NA,-1381.759279388392,2783.518558776784,2832.5961115666055,2783.741005692861,10,494.9899999999999,NA,2765.518558776784,2770.4263140557664,1.000000000000017,NA,HeckmanEM,NA,raw_AIC_BIC_implied_logLik,finite_logLik_no_explicit_code,3,3.2501030192147153,0.25010301921471534,0.4,0.7218681168617697,0.32186811686176964,-0.7,NA,NA,0.7,NA,NA,0.5,NA,NA,0.5,NA,NA,NA,NA,-0.7,-0.9487088292071324,-0.24870882920713244,0.15,0.16487418819491703,0.01487418819491703,1,0.9927090833265638,-0.00729091667343617,5,4.6091729658681135,-0.39082703413188646,1.5,1.4630213095725555,-0.0369786904274445,0.8,0.955987474041756,0.15598747404175606,49.07755278982131,49.07755278982137,-5.684341886080802e-14,NA,NA,NA,NA,NA,NA,NA,NA,NA,NA,NA,NA,NA,NA,NA,NA,NA,NA,NA,NA,NA,NA,NA,NA,NA,NA,NA,NA,NA,NA,NA,NA,NA,NA,NA,NA,NA,NA,NA,NA,NA,NA,NA,NA,NA,NA,NA,NA,NA,NA,NA,NA,NA,NA,NA,NA,NA,NA,NA,NA,NA,NA,NA,NA,NA,NA,NA,NA,NA,NA,NA,NA,NA,NA,NA,NA,NA,NA,NA,NA,NA,NA,NA,NA,NA,NA,NA,NA,NA,NA,NA,NA,NA,NA,NA,NA,NA,NA,NA,NA,NA,NA,true,TRUE,TRUE,2783.518558776784,2832.5961115666055,2783.741005692861,49.07755278982131,49.07755278982131,9.999999999999988,FALSE,494.9899999999999,NA,NA,NA
hidden_truncation_skewness,hidden-truncation skewness,ESN,ESN,3,1000,354,0.354,0.6459948320413437,TRUE,TRUE,TRUE,0,CONVERGENCE: REL_REDUCTION_OF_F <= FACTR*EPSMCH,-1381.5367218009712,2785.0734436019425,2839.058751670746,2785.3406500796755,11,16244.332,NA,NA,NA,NA,10,stage2,1381.75342263934;1381.72077045486;1381.75127724055;1381.56810256722;1381.75749619906;1381.54656514017;1381.56548924692;1381.75790522926;1381.74911049944;1381.5375552033;1381.759322762;1381.75374296163;1381.72746853711;1381.75927505261,proposed_likelihood,stage2,3,3.8793542081269785,0.8793542081269785,0.4,0.8117060149584545,0.4117060149584545,-0.7,-1.4808011540350647,-0.7808011540350648,0.7,-0.04279268398751816,-0.7427926839875181,0.5,1.3662106419574944,0.8662106419574944,0.5,1.3662106419574944,NA,NA,NA,-0.7,-0.4774818773013312,0.22251812269866875,0.15,0.13259041244883898,-0.01740958755116101,1,0.7980202449013784,-0.20197975509862165,5,5.454004900797857,0.45400490079785705,1.5,1.4685673940734365,-0.03143260592656372,0.8,0.9528084567211224,0.15280845672112242,53.98530806880353,53.985308068803505,2.842170943040401e-14,NA,NA,NA,NA,NA,NA,NA,NA,NA,NA,NA,NA,NA,NA,NA,NA,NA,NA,NA,NA,NA,NA,NA,NA,NA,NA,NA,NA,NA,NA,NA,NA,NA,NA,NA,NA,NA,NA,NA,NA,NA,NA,NA,NA,NA,NA,NA,NA,NA,NA,NA,NA,NA,NA,NA,NA,NA,NA,NA,NA,NA,NA,NA,NA,NA,NA,NA,NA,NA,NA,NA,NA,NA,NA,NA,NA,NA,NA,NA,NA,NA,NA,NA,NA,NA,NA,NA,NA,NA,NA,NA,NA,NA,NA,NA,NA,NA,NA,NA,NA,NA,NA,true,TRUE,TRUE,2785.0734436019425,2839.058751670746,2785.3406500796755,53.98530806880353,53.98530806880353,11.000000000000005,FALSE,16244.332,TRUE,FALSE,FALSE
hidden_truncation_skewness,hidden-truncation skewness,ESN,EST,3,1000,354,0.354,0.6459948320413437,TRUE,TRUE,TRUE,0,CONVERGENCE: REL_REDUCTION_OF_F <= FACTR*EPSMCH,-1386.6836793412078,2797.3673586824157,2856.2604220302014,2797.683468104908,12,17907.735,NA,NA,NA,NA,7,stage2,1386.68368658372;1e+12;1e+12;1386.68444161528;1e+12;1e+12;1386.68367961405;1e+12;1e+12;1386.68988611468;1e+12;1e+12;1386.68369055823;1e+12;1e+12;1386.68370666007;1e+12;1e+12;1386.68383527137;1e+12;1e+12;1386.68799160744;1e+12;1e+12;1386.697542397;1e+12;1e+12;1386.68380089952;1e+12;1e+12;1386.69166174762;1e+12;1e+12;1386.68999852515;1e+12;1e+12;1386.68375321599;1e+12;1e+12;1386.694769143;1e+12;1e+12,proposed_likelihood,stage2,3,4.124384641139782,1.1243846411397822,0.4,0.8753580252647921,0.4753580252647921,-0.7,-1.4925821305300957,-0.7925821305300957,0.7,-0.5155517961427225,-1.2155517961427225,0.5,1.4925821305300957,0.9925821305300956,0.5,1.4925821305300957,NA,4,NA,-0.7,-0.5120945523919308,0.18790544760806915,0.15,0.1430745253883746,-0.0069254746116254,1,0.8679027377675826,-0.13209726223241736,5,5.53453939260874,0.5345393926087398,1.5,1.4417748960752446,-0.05822510392475544,0.8,0.9465899068887872,0.14658990688878715,58.893063347785755,58.89306334778564,1.1368683772161603e-13,NA,NA,NA,NA,NA,NA,NA,NA,NA,NA,NA,NA,NA,NA,NA,NA,NA,NA,NA,NA,NA,NA,NA,NA,NA,NA,NA,NA,NA,NA,NA,NA,NA,NA,NA,NA,NA,NA,NA,NA,NA,NA,NA,NA,NA,NA,NA,NA,NA,NA,NA,NA,NA,NA,NA,NA,NA,NA,NA,NA,NA,NA,NA,NA,NA,NA,NA,NA,NA,NA,NA,NA,NA,NA,NA,NA,NA,NA,NA,NA,NA,NA,NA,NA,NA,NA,NA,NA,NA,NA,NA,NA,NA,NA,NA,NA,NA,NA,NA,NA,NA,NA,true,TRUE,TRUE,2797.3673586824157,2856.2604220302014,2797.683468104908,58.893063347785755,58.893063347785755,12.000000000000023,FALSE,17907.735,TRUE,FALSE,TRUE
hidden_truncation_skewness,hidden-truncation skewness,ESN,NH,4,1000,335,0.335,0.6293266205160478,TRUE,TRUE,TRUE,0,NA,-1281.8716641600852,2579.7433283201703,2619.0053705520277,2579.8886360900997,8,78.72500000000001,NA,2565.7433283201703,2570.651083599153,1.000000000000017,NA,HeckmanEM,NA,raw_AIC_BIC_implied_logLik,finite_logLik_no_explicit_code,3,2.6886280720786946,-0.3113719279213054,0.4,0.3996451592720573,-3.5484072794272903e-4,-0.7,NA,NA,0.7,NA,NA,0.5,NA,NA,0.5,NA,NA,NA,NA,-0.7,-1.1244766942568407,-0.4244766942568408,0.15,0.17123370763001866,0.02123370763001866,1,1.17608905368587,0.17608905368587013,5,6.179641789704599,1.1796417897045988,1.5,1.5808510417170034,0.08085104171700341,0.8,0.684393647509994,-0.11560635249000606,39.26204223185732,39.262042231857095,2.2737367544323206e-13,NA,NA,NA,NA,NA,NA,NA,NA,NA,NA,NA,NA,NA,NA,NA,NA,NA,NA,NA,NA,NA,NA,NA,NA,NA,NA,NA,NA,NA,NA,NA,NA,NA,NA,NA,NA,NA,NA,NA,NA,NA,NA,NA,NA,NA,NA,NA,NA,NA,NA,NA,NA,NA,NA,NA,NA,NA,NA,NA,NA,NA,NA,NA,NA,NA,NA,NA,NA,NA,NA,NA,NA,NA,NA,NA,NA,NA,NA,NA,NA,NA,NA,NA,NA,NA,NA,NA,NA,NA,NA,NA,NA,NA,NA,NA,NA,NA,NA,NA,NA,NA,NA,true,TRUE,TRUE,2579.7433283201703,2619.0053705520277,2579.8886360900997,39.26204223185732,39.26204223185732,8.000000000000046,FALSE,78.72500000000001,NA,NA,NA
hidden_truncation_skewness,hidden-truncation skewness,ESN,HT,4,1000,335,0.335,0.6293266205160478,TRUE,TRUE,TRUE,0,NA,-1281.7322090208477,2581.4644180416954,2625.6342155525344,2581.646236223514,9,121.793,NA,2565.4644180416954,2570.3721733206776,1.000000000000017,NA,HeckmanEM,NA,raw_AIC_BIC_implied_logLik,finite_logLik_no_explicit_code,3,2.6282707088580795,-0.37172929114192055,0.4,0.4096987444114115,0.00969874441141149,-0.7,NA,NA,0.7,NA,NA,0.5,NA,NA,0.5,NA,NA,NA,NA,-0.7,-1.1385648603432448,-0.4385648603432448,0.15,0.1733139049771336,0.02331390497713362,1,1.1902802104846115,0.19028021048461177,5,6.14751238881962,1.14751238881962,1.5,1.5879297820847942,0.08792978208479418,0.8,0.6880870620237635,-0.11191293797623658,44.16979751083909,44.16979751083923,-1.4210854715202004e-13,NA,NA,NA,NA,NA,NA,NA,NA,NA,NA,NA,NA,NA,NA,NA,NA,NA,NA,NA,NA,NA,NA,NA,NA,NA,NA,NA,NA,NA,NA,NA,NA,NA,NA,NA,NA,NA,NA,NA,NA,NA,NA,NA,NA,NA,NA,NA,NA,NA,NA,NA,NA,NA,NA,NA,NA,NA,NA,NA,NA,NA,NA,NA,NA,NA,NA,NA,NA,NA,NA,NA,NA,NA,NA,NA,NA,NA,NA,NA,NA,NA,NA,NA,NA,NA,NA,NA,NA,NA,NA,NA,NA,NA,NA,NA,NA,NA,NA,NA,NA,NA,NA,true,TRUE,TRUE,2581.4644180416954,2625.6342155525344,2581.6462362235134,44.16979751083909,44.16979751083909,8.999999999999972,FALSE,121.793,NA,NA,NA
hidden_truncation_skewness,hidden-truncation skewness,ESN,CN,4,1000,335,0.335,0.6293266205160478,TRUE,TRUE,TRUE,0,NA,-1281.808190187871,2583.6163803757427,2632.693933165564,2583.8388272918196,10,606.236,NA,2565.6163803757427,2570.524135654725,1.000000000000017,NA,HeckmanEM,NA,raw_AIC_BIC_implied_logLik,finite_logLik_no_explicit_code,3,2.63227696676334,-0.3677230332366599,0.4,0.40529486236476736,0.00529486236476733,-0.7,NA,NA,0.7,NA,NA,0.5,NA,NA,0.5,NA,NA,NA,NA,-0.7,-1.1421197120941524,-0.44211971209415246,0.15,0.17383819673125214,0.02383819673125214,1,1.1943984237561327,0.1943984237561327,5,6.158593022555188,1.1585930225551877,1.5,1.58290371216298,0.08290371216298009,0.8,0.6876006456568915,-0.11239935434310856,49.07755278982131,49.07755278982137,-5.684341886080802e-14,NA,NA,NA,NA,NA,NA,NA,NA,NA,NA,NA,NA,NA,NA,NA,NA,NA,NA,NA,NA,NA,NA,NA,NA,NA,NA,NA,NA,NA,NA,NA,NA,NA,NA,NA,NA,NA,NA,NA,NA,NA,NA,NA,NA,NA,NA,NA,NA,NA,NA,NA,NA,NA,NA,NA,NA,NA,NA,NA,NA,NA,NA,NA,NA,NA,NA,NA,NA,NA,NA,NA,NA,NA,NA,NA,NA,NA,NA,NA,NA,NA,NA,NA,NA,NA,NA,NA,NA,NA,NA,NA,NA,NA,NA,NA,NA,NA,NA,NA,NA,NA,NA,true,TRUE,TRUE,2583.616380375742,2632.6939331655635,2583.838827291819,49.07755278982131,49.07755278982131,9.999999999999988,FALSE,606.236,NA,NA,NA
hidden_truncation_skewness,hidden-truncation skewness,ESN,ESN,4,1000,335,0.335,0.6293266205160478,TRUE,TRUE,TRUE,0,CONVERGENCE: REL_REDUCTION_OF_F <= FACTR*EPSMCH,-1280.6387965148813,2583.2775930297626,2637.262901098566,2583.5447995074956,11,14016.989,NA,NA,NA,NA,10,stage2,1281.87625024158;1281.8739160028;1281.87244713471;1281.61936856995;1281.04938788438;1281.8716748791;1281.87166782254;1281.10077268316;1281.08900965696;1280.64254458768;1281.01389297186;1281.85801180111;1281.87400991033;1281.87166379804,proposed_likelihood,stage2,3,3.54034303807932,0.5403430380793202,0.4,0.00698726749671054,-0.3930127325032895,-0.7,-0.8825253351272364,-0.18252533512723643,0.7,1.4898683286667325,0.7898683286667325,0.5,-0.793073154890553,-1.293073154890553,0.5,-0.793073154890553,NA,NA,NA,-0.7,-0.5762807253425576,0.12371927465744235,0.15,0.15817876245731757,0.00817876245731757,1,1.0949036207019247,0.0949036207019247,5,3.4798971473252474,-1.5201028526747526,1.5,1.548572464790294,0.04857246479029409,0.8,0.6899512225243927,-0.11004877747560736,53.98530806880353,53.985308068803505,2.842170943040401e-14,NA,NA,NA,NA,NA,NA,NA,NA,NA,NA,NA,NA,NA,NA,NA,NA,NA,NA,NA,NA,NA,NA,NA,NA,NA,NA,NA,NA,NA,NA,NA,NA,NA,NA,NA,NA,NA,NA,NA,NA,NA,NA,NA,NA,NA,NA,NA,NA,NA,NA,NA,NA,NA,NA,NA,NA,NA,NA,NA,NA,NA,NA,NA,NA,NA,NA,NA,NA,NA,NA,NA,NA,NA,NA,NA,NA,NA,NA,NA,NA,NA,NA,NA,NA,NA,NA,NA,NA,NA,NA,NA,NA,NA,NA,NA,NA,NA,NA,NA,NA,NA,NA,true,TRUE,TRUE,2583.2775930297626,2637.262901098566,2583.5447995074956,53.98530806880353,53.98530806880353,11.000000000000005,FALSE,14016.989,FALSE,TRUE,FALSE
hidden_truncation_skewness,hidden-truncation skewness,ESN,EST,4,1000,335,0.335,0.6293266205160478,TRUE,TRUE,TRUE,0,CONVERGENCE: REL_REDUCTION_OF_F <= FACTR*EPSMCH,-1288.0626545864422,2600.1253091728845,2659.0183725206703,2600.441418595377,12,18247.769000000004,NA,NA,NA,NA,19,stage2,1288.06360477608;1e+12;1e+12;1288.06270891304;1e+12;1e+12;1288.06368146754;1e+12;1e+12;1288.06267026372;1e+12;1e+12;1288.07647858489;1e+12;1e+12;1288.06265818861;1e+12;1e+12;1288.06265575183;1e+12;1e+12;1288.06266689098;1e+12;1e+12;1288.06617544658;1e+12;1e+12;1288.06282419242;1e+12;1e+12;1288.06492250512;1e+12;1e+12;1288.06269897457;1e+12;1e+12;1288.06488091632;1e+12;1e+12;1288.06267061094;1e+12;1e+12,proposed_likelihood,stage2,3,2.8564367421270984,-0.14356325787290158,0.4,0.6386650039053265,0.23866500390532652,-0.7,-1.0447237771708051,-0.3447237771708054,0.7,-0.5139043888483303,-1.2139043888483303,0.5,1.4925821305300957,0.9925821305300956,0.5,1.4925821305300957,NA,4,NA,-0.7,-0.8334744241969385,-0.13347442419693856,0.15,0.16389037944483892,0.01389037944483892,1,1.107078401939549,0.10707840193954898,5,6.472558521569906,1.4725585215699055,1.5,1.6527323138574097,0.1527323138574097,0.8,0.7006424716723583,-0.09935752832764178,58.893063347785755,58.89306334778564,1.1368683772161603e-13,NA,NA,NA,NA,NA,NA,NA,NA,NA,NA,NA,NA,NA,NA,NA,NA,NA,NA,NA,NA,NA,NA,NA,NA,NA,NA,NA,NA,NA,NA,NA,NA,NA,NA,NA,NA,NA,NA,NA,NA,NA,NA,NA,NA,NA,NA,NA,NA,NA,NA,NA,NA,NA,NA,NA,NA,NA,NA,NA,NA,NA,NA,NA,NA,NA,NA,NA,NA,NA,NA,NA,NA,NA,NA,NA,NA,NA,NA,NA,NA,NA,NA,NA,NA,NA,NA,NA,NA,NA,NA,NA,NA,NA,NA,NA,NA,NA,NA,NA,NA,NA,NA,true,TRUE,TRUE,2600.1253091728845,2659.0183725206703,2600.441418595377,58.893063347785755,58.893063347785755,12.000000000000023,FALSE,18247.769000000004,FALSE,FALSE,TRUE
hidden_truncation_skewness,hidden-truncation skewness,ESN,NH,5,1000,332,0.332,0.6422607578676943,TRUE,TRUE,TRUE,0,NA,-1297.1226217566536,2610.2452435133073,2649.507285745164,2610.3905512832366,8,89.755,NA,2596.2452435133073,2601.1529987922895,1.000000000000017,NA,HeckmanEM,NA,raw_AIC_BIC_implied_logLik,finite_logLik_no_explicit_code,3,3.0091101404330924,0.00911014043309244,0.4,0.600476910163477,0.20047691016347705,-0.7,NA,NA,0.7,NA,NA,0.5,NA,NA,0.5,NA,NA,NA,NA,-0.7,-1.11924586492406,-0.41924586492406,0.15,0.17168850476889905,0.02168850476889905,1,1.1035683975267967,0.1035683975267967,5,5.214686556574708,0.2146865565747076,1.5,1.647662225545229,0.14766222554522868,0.8,0.7386532563229578,-0.06134674367704229,39.26204223185687,39.262042231857095,-2.2737367544323206e-13,NA,NA,NA,NA,NA,NA,NA,NA,NA,NA,NA,NA,NA,NA,NA,NA,NA,NA,NA,NA,NA,NA,NA,NA,NA,NA,NA,NA,NA,NA,NA,NA,NA,NA,NA,NA,NA,NA,NA,NA,NA,NA,NA,NA,NA,NA,NA,NA,NA,NA,NA,NA,NA,NA,NA,NA,NA,NA,NA,NA,NA,NA,NA,NA,NA,NA,NA,NA,NA,NA,NA,NA,NA,NA,NA,NA,NA,NA,NA,NA,NA,NA,NA,NA,NA,NA,NA,NA,NA,NA,NA,NA,NA,NA,NA,NA,NA,NA,NA,NA,NA,NA,true,TRUE,TRUE,2610.2452435133073,2649.507285745164,2610.3905512832366,39.26204223185687,39.26204223185687,7.999999999999954,FALSE,89.755,NA,NA,NA
hidden_truncation_skewness,hidden-truncation skewness,ESN,HT,5,1000,332,0.332,0.6422607578676943,TRUE,TRUE,TRUE,0,NA,-1297.219785895785,2612.43957179157,2656.609369302409,2612.621389973388,9,135.449,NA,2596.43957179157,2601.347327070552,1.000000000000017,NA,HeckmanEM,NA,raw_AIC_BIC_implied_logLik,finite_logLik_no_explicit_code,3,2.985883265722165,-0.01411673427783499,0.4,0.59926777061287,0.19926777061286993,-0.7,NA,NA,0.7,NA,NA,0.5,NA,NA,0.5,NA,NA,NA,NA,-0.7,-1.123953172477867,-0.4239531724778671,0.15,0.1726114820854902,0.02261148208549021,1,1.1082284563153155,0.10822845631531576,5,5.222755948369413,0.2227559483694126,1.5,1.6474540416983583,0.14745404169835852,0.8,0.7372422727084924,-0.06275772729150764,44.16979751083909,44.16979751083923,-1.4210854715202004e-13,NA,NA,NA,NA,NA,NA,NA,NA,NA,NA,NA,NA,NA,NA,NA,NA,NA,NA,NA,NA,NA,NA,NA,NA,NA,NA,NA,NA,NA,NA,NA,NA,NA,NA,NA,NA,NA,NA,NA,NA,NA,NA,NA,NA,NA,NA,NA,NA,NA,NA,NA,NA,NA,NA,NA,NA,NA,NA,NA,NA,NA,NA,NA,NA,NA,NA,NA,NA,NA,NA,NA,NA,NA,NA,NA,NA,NA,NA,NA,NA,NA,NA,NA,NA,NA,NA,NA,NA,NA,NA,NA,NA,NA,NA,NA,NA,NA,NA,NA,NA,NA,NA,true,TRUE,TRUE,2612.43957179157,2656.609369302409,2612.621389973388,44.16979751083909,44.16979751083909,8.999999999999972,FALSE,135.449,NA,NA,NA
hidden_truncation_skewness,hidden-truncation skewness,ESN,CN,5,1000,332,0.332,0.6422607578676943,TRUE,TRUE,TRUE,0,NA,-1297.1226242828243,2614.2452485656486,2663.32280135547,2614.4676954817255,10,387.033,NA,2596.2452485656486,2601.153003844631,1.000000000000017,NA,HeckmanEM,NA,raw_AIC_BIC_implied_logLik,finite_logLik_no_explicit_code,3,3.00857095835669,0.00857095835669019,0.4,0.600270255218349,0.20027025521834896,-0.7,NA,NA,0.7,NA,NA,0.5,NA,NA,0.5,NA,NA,NA,NA,-0.7,-1.119390070901234,-0.41939007090123415,0.15,0.17171375971276362,0.02171375971276362,1,1.1037169406820808,0.10371694068208082,5,5.215471923658636,0.21547192365863577,1.5,1.647681271697548,0.14768127169754797,0.8,0.7386472407903806,-0.06135275920961947,49.07755278982131,49.07755278982137,-5.684341886080802e-14,NA,NA,NA,NA,NA,NA,NA,NA,NA,NA,NA,NA,NA,NA,NA,NA,NA,NA,NA,NA,NA,NA,NA,NA,NA,NA,NA,NA,NA,NA,NA,NA,NA,NA,NA,NA,NA,NA,NA,NA,NA,NA,NA,NA,NA,NA,NA,NA,NA,NA,NA,NA,NA,NA,NA,NA,NA,NA,NA,NA,NA,NA,NA,NA,NA,NA,NA,NA,NA,NA,NA,NA,NA,NA,NA,NA,NA,NA,NA,NA,NA,NA,NA,NA,NA,NA,NA,NA,NA,NA,NA,NA,NA,NA,NA,NA,NA,NA,NA,NA,NA,NA,true,TRUE,TRUE,2614.2452485656486,2663.32280135547,2614.4676954817255,49.07755278982131,49.07755278982131,9.999999999999988,FALSE,387.033,NA,NA,NA
hidden_truncation_skewness,hidden-truncation skewness,ESN,ESN,5,1000,332,0.332,0.6422607578676943,TRUE,TRUE,TRUE,0,CONVERGENCE: REL_REDUCTION_OF_F <= FACTR*EPSMCH,-1296.481422793433,2614.962845586866,2668.9481536556696,2615.230052064599,11,19379.125,NA,NA,NA,NA,10,stage2,1296.77149515368;1296.78319308541;1296.74547836105;1296.65219367855;1296.74751968658;1296.50121700627;1296.54030039589;1296.80336896366;1296.67791777072;1296.50443459352;1296.77401822613;1296.86617759996;1296.74077964655;1297.122621563,proposed_likelihood,stage2,3,2.965781195335066,-0.03421880466493388,0.4,0.4662484138266499,0.06624841382664987,-0.7,-1.4925821305300957,-0.7925821305300957,0.7,0.7043947538753175,0.00439475387531751,0.5,1.1675483276806806,0.6675483276806806,0.5,1.1675483276806806,NA,NA,NA,-0.7,-0.5821905236224787,0.11780947637752126,0.15,0.14002100696223677,-0.00997899303776322,1,0.8993200664719581,-0.10067993352804194,5,5.408507626285419,0.40850762628541926,1.5,1.649131494160066,0.1491314941600661,0.8,0.7420961546120879,-0.05790384538791215,53.98530806880353,53.985308068803505,2.842170943040401e-14,NA,NA,NA,NA,NA,NA,NA,NA,NA,NA,NA,NA,NA,NA,NA,NA,NA,NA,NA,NA,NA,NA,NA,NA,NA,NA,NA,NA,NA,NA,NA,NA,NA,NA,NA,NA,NA,NA,NA,NA,NA,NA,NA,NA,NA,NA,NA,NA,NA,NA,NA,NA,NA,NA,NA,NA,NA,NA,NA,NA,NA,NA,NA,NA,NA,NA,NA,NA,NA,NA,NA,NA,NA,NA,NA,NA,NA,NA,NA,NA,NA,NA,NA,NA,NA,NA,NA,NA,NA,NA,NA,NA,NA,NA,NA,NA,NA,NA,NA,NA,NA,NA,true,TRUE,TRUE,2614.962845586866,2668.9481536556696,2615.230052064599,53.98530806880353,53.98530806880353,11.000000000000005,FALSE,19379.125,TRUE,FALSE,FALSE
hidden_truncation_skewness,hidden-truncation skewness,ESN,EST,5,1000,332,0.332,0.6422607578676943,TRUE,TRUE,TRUE,0,CONVERGENCE: REL_REDUCTION_OF_F <= FACTR*EPSMCH,-1304.296903095201,2632.593806190402,2691.486869538188,2632.9099156128946,12,17946.331,NA,NA,NA,NA,13,stage2,1304.29693702058;1e+12;1e+12;1304.29690846386;1e+12;1e+12;1304.29722006694;1e+12;1e+12;1304.29880844304;1e+12;1e+12;1304.2969036987;1e+12;1e+12;1304.29705629125;1e+12;1e+12;1304.3148326694;1e+12;1e+12;1304.29764382713;1e+12;1e+12;1304.29709222318;1e+12;1e+12;1304.29754833435;1e+12;1e+12;1304.30221345486;1e+12;1e+12;1304.29695009706;1e+12;1e+12;1304.31467549003;1e+12;1e+12;1304.29690672271;1e+12;1e+12,proposed_likelihood,stage2,3,3.7155808381342177,0.7155808381342177,0.4,0.8114060679213575,0.4114060679213575,-0.7,-1.4925821305300957,-0.7925821305300957,0.7,-0.4519739264789754,-1.1519739264789752,0.5,1.4925821305300957,0.9925821305300956,0.5,1.4925821305300957,NA,4,NA,-0.7,-0.6507750687790386,0.04922493122096139,0.15,0.1527675706503442,0.00276757065034419,1,0.9520412452232472,-0.04795875477675271,5,5.9822269318302,0.9822269318302004,1.5,1.6363537144499845,0.13635371444998445,0.8,0.7083386084099633,-0.09166139159003672,58.893063347785755,58.89306334778564,1.1368683772161603e-13,NA,NA,NA,NA,NA,NA,NA,NA,NA,NA,NA,NA,NA,NA,NA,NA,NA,NA,NA,NA,NA,NA,NA,NA,NA,NA,NA,NA,NA,NA,NA,NA,NA,NA,NA,NA,NA,NA,NA,NA,NA,NA,NA,NA,NA,NA,NA,NA,NA,NA,NA,NA,NA,NA,NA,NA,NA,NA,NA,NA,NA,NA,NA,NA,NA,NA,NA,NA,NA,NA,NA,NA,NA,NA,NA,NA,NA,NA,NA,NA,NA,NA,NA,NA,NA,NA,NA,NA,NA,NA,NA,NA,NA,NA,NA,NA,NA,NA,NA,NA,NA,NA,true,TRUE,TRUE,2632.593806190402,2691.486869538188,2632.9099156128946,58.893063347785755,58.893063347785755,12.000000000000023,FALSE,17946.331,TRUE,FALSE,TRUE
hidden_truncation_skewness,hidden-truncation skewness,ESN,NH,6,1000,313,0.313,0.6345177664974619,TRUE,TRUE,TRUE,0,NA,-1253.8849325354438,2523.7698650708876,2563.031907302745,2523.915172840817,8,114.14,NA,2509.7698650708876,2514.67762034987,1.000000000000017,NA,HeckmanEM,NA,raw_AIC_BIC_implied_logLik,finite_logLik_no_explicit_code,3,3.15036959923228,0.15036959923228022,0.4,0.6768281211948105,0.2768281211948105,-0.7,NA,NA,0.7,NA,NA,0.5,NA,NA,0.5,NA,NA,NA,NA,-0.7,-1.131712091302772,-0.4317120913027721,0.15,0.15027719802429002,2.771980242900207e-4,1,1.0942313873599228,0.09423138735992276,5,5.0861886870205435,0.0861886870205435,1.5,1.3633086271003674,-0.13669137289963262,0.8,0.7895905883604879,-0.01040941163951214,39.26204223185732,39.262042231857095,2.2737367544323206e-13,NA,NA,NA,NA,NA,NA,NA,NA,NA,NA,NA,NA,NA,NA,NA,NA,NA,NA,NA,NA,NA,NA,NA,NA,NA,NA,NA,NA,NA,NA,NA,NA,NA,NA,NA,NA,NA,NA,NA,NA,NA,NA,NA,NA,NA,NA,NA,NA,NA,NA,NA,NA,NA,NA,NA,NA,NA,NA,NA,NA,NA,NA,NA,NA,NA,NA,NA,NA,NA,NA,NA,NA,NA,NA,NA,NA,NA,NA,NA,NA,NA,NA,NA,NA,NA,NA,NA,NA,NA,NA,NA,NA,NA,NA,NA,NA,NA,NA,NA,NA,NA,NA,true,TRUE,TRUE,2523.7698650708876,2563.031907302745,2523.915172840817,39.26204223185732,39.26204223185732,8.000000000000046,FALSE,114.14,NA,NA,NA
hidden_truncation_skewness,hidden-truncation skewness,ESN,HT,6,1000,313,0.313,0.6345177664974619,TRUE,TRUE,TRUE,0,NA,-1253.9302502981834,2525.860500596367,2570.030298107206,2526.042318778185,9,170.13,NA,2509.860500596367,2514.768255875349,1.000000000000017,NA,HeckmanEM,NA,raw_AIC_BIC_implied_logLik,finite_logLik_no_explicit_code,3,3.125900518918128,0.12590051891812817,0.4,0.6771877755726612,0.27718777557266117,-0.7,NA,NA,0.7,NA,NA,0.5,NA,NA,0.5,NA,NA,NA,NA,-0.7,-1.1360221774625503,-0.43602217746255034,0.15,0.15106954867478023,0.00106954867478023,1,1.0982415473720513,0.09824154737205126,5,5.079897194261643,0.0798971942616431,1.5,1.3611696185116158,-0.13883038148838422,0.8,0.7932348109990237,-0.00676518900097633,44.16979751083909,44.16979751083923,-1.4210854715202004e-13,NA,NA,NA,NA,NA,NA,NA,NA,NA,NA,NA,NA,NA,NA,NA,NA,NA,NA,NA,NA,NA,NA,NA,NA,NA,NA,NA,NA,NA,NA,NA,NA,NA,NA,NA,NA,NA,NA,NA,NA,NA,NA,NA,NA,NA,NA,NA,NA,NA,NA,NA,NA,NA,NA,NA,NA,NA,NA,NA,NA,NA,NA,NA,NA,NA,NA,NA,NA,NA,NA,NA,NA,NA,NA,NA,NA,NA,NA,NA,NA,NA,NA,NA,NA,NA,NA,NA,NA,NA,NA,NA,NA,NA,NA,NA,NA,NA,NA,NA,NA,NA,NA,true,TRUE,TRUE,2525.860500596367,2570.030298107206,2526.042318778185,44.16979751083909,44.16979751083909,8.999999999999972,FALSE,170.13,NA,NA,NA
hidden_truncation_skewness,hidden-truncation skewness,ESN,CN,6,1000,313,0.313,0.6345177664974619,TRUE,TRUE,TRUE,0,NA,-1253.8849589691206,2527.769917938241,2576.8474707280625,2527.992364854318,10,614.784,NA,2509.769917938241,2514.6776732172234,1.000000000000017,NA,HeckmanEM,NA,raw_AIC_BIC_implied_logLik,finite_logLik_no_explicit_code,3,3.149714602167978,0.14971460216797805,0.4,0.6770085131972089,0.27700851319720887,-0.7,NA,NA,0.7,NA,NA,0.5,NA,NA,0.5,NA,NA,NA,NA,-0.7,-1.1320008857537978,-0.4320008857537978,0.15,0.15030889921748955,3.088992174895555e-4,1,1.0944977749103753,0.09449777491037524,5,5.085387750976608,0.08538775097660789,1.5,1.3633142132371907,-0.1366857867628093,0.8,0.7895931714484252,-0.01040682855157482,49.07755278982131,49.07755278982137,-5.684341886080802e-14,NA,NA,NA,NA,NA,NA,NA,NA,NA,NA,NA,NA,NA,NA,NA,NA,NA,NA,NA,NA,NA,NA,NA,NA,NA,NA,NA,NA,NA,NA,NA,NA,NA,NA,NA,NA,NA,NA,NA,NA,NA,NA,NA,NA,NA,NA,NA,NA,NA,NA,NA,NA,NA,NA,NA,NA,NA,NA,NA,NA,NA,NA,NA,NA,NA,NA,NA,NA,NA,NA,NA,NA,NA,NA,NA,NA,NA,NA,NA,NA,NA,NA,NA,NA,NA,NA,NA,NA,NA,NA,NA,NA,NA,NA,NA,NA,NA,NA,NA,NA,NA,NA,true,TRUE,TRUE,2527.769917938241,2576.8474707280625,2527.992364854318,49.07755278982131,49.07755278982131,9.999999999999988,FALSE,614.784,NA,NA,NA
hidden_truncation_skewness,hidden-truncation skewness,ESN,ESN,6,1000,313,0.313,0.6345177664974619,TRUE,TRUE,TRUE,0,CONVERGENCE: REL_REDUCTION_OF_F <= FACTR*EPSMCH,-1253.849500745959,2529.699001491918,2583.6843095607214,2529.966207969651,11,10149.225,NA,NA,NA,NA,10,stage2,1253.88087718077;1253.85817584542;1253.88251362525;1253.85729391813;1253.8840497782;1253.85475610247;1253.8580407532;1253.88431508342;1253.88398829442;1253.84950281454;1253.88485083886;1253.87786075937;1253.88214712678;1253.88493227923,proposed_likelihood,stage2,3,3.473923759329558,0.473923759329558,0.4,0.7354371657106712,0.33543716571067117,-0.7,-0.795122780603766,-0.095122780603766,0.7,-0.21844219262638265,-0.9184421926263826,0.5,1.1605470807424163,0.6605470807424165,0.5,1.1605470807424163,NA,NA,NA,-0.7,-0.8387162578561758,-0.1387162578561758,0.15,0.13660936014598338,-0.01339063985401661,1,0.9941983746736563,-0.00580162532634365,5,5.65728983888878,0.6572898388887802,1.5,1.3637169420880813,-0.13628305791191875,0.8,0.7855683837763359,-0.01443161622366417,53.98530806880353,53.985308068803505,2.842170943040401e-14,NA,NA,NA,NA,NA,NA,NA,NA,NA,NA,NA,NA,NA,NA,NA,NA,NA,NA,NA,NA,NA,NA,NA,NA,NA,NA,NA,NA,NA,NA,NA,NA,NA,NA,NA,NA,NA,NA,NA,NA,NA,NA,NA,NA,NA,NA,NA,NA,NA,NA,NA,NA,NA,NA,NA,NA,NA,NA,NA,NA,NA,NA,NA,NA,NA,NA,NA,NA,NA,NA,NA,NA,NA,NA,NA,NA,NA,NA,NA,NA,NA,NA,NA,NA,NA,NA,NA,NA,NA,NA,NA,NA,NA,NA,NA,NA,NA,NA,NA,NA,NA,NA,true,TRUE,TRUE,2529.699001491918,2583.6843095607214,2529.966207969651,53.98530806880353,53.98530806880353,11.000000000000005,FALSE,10149.225,FALSE,FALSE,FALSE
hidden_truncation_skewness,hidden-truncation skewness,ESN,EST,6,1000,313,0.313,0.6345177664974619,TRUE,TRUE,TRUE,0,CONVERGENCE: REL_REDUCTION_OF_F <= FACTR*EPSMCH,-1260.2016723429165,2544.4033446858325,2603.2964080336183,2544.719454108325,12,17899.853,NA,NA,NA,NA,13,stage2,1260.2358229907;1e+12;1e+12;1260.2027435875;1e+12;1e+12;1260.20957981668;1e+12;1e+12;1260.20752820103;1e+12;1e+12;1260.20174194398;1e+12;1e+12;1260.20208769023;1e+12;1e+12;1260.20182535242;1e+12;1e+12;1260.21021181273;1e+12;1e+12;1260.22919840476;1e+12;1e+12;1260.20232718046;1e+12;1e+12;1260.21244001867;1e+12;1e+12;1260.20175957658;1e+12;1e+12;1260.23296085241;1e+12;1e+12;1260.20833168264;1e+12;1e+12,proposed_likelihood,stage2,3,3.85815011867011,0.8581501186701099,0.4,0.8435616541524884,0.4435616541524884,-0.7,-1.4925821305300957,-0.7925821305300957,0.7,-0.3825270162847765,-1.0825270162847764,0.5,1.4925821305300957,0.9925821305300956,0.5,1.4925821305300957,NA,4,NA,-0.7,-0.6500678943540907,0.04993210564590922,0.15,0.12858526711799548,-0.02141473288200451,1,0.9176915384113205,-0.08230846158867955,5,5.790708221966619,0.7907082219666188,1.5,1.3366952295512455,-0.1633047704487545,0.8,0.8152273070816916,0.01522730708169151,58.893063347785755,58.89306334778564,1.1368683772161603e-13,NA,NA,NA,NA,NA,NA,NA,NA,NA,NA,NA,NA,NA,NA,NA,NA,NA,NA,NA,NA,NA,NA,NA,NA,NA,NA,NA,NA,NA,NA,NA,NA,NA,NA,NA,NA,NA,NA,NA,NA,NA,NA,NA,NA,NA,NA,NA,NA,NA,NA,NA,NA,NA,NA,NA,NA,NA,NA,NA,NA,NA,NA,NA,NA,NA,NA,NA,NA,NA,NA,NA,NA,NA,NA,NA,NA,NA,NA,NA,NA,NA,NA,NA,NA,NA,NA,NA,NA,NA,NA,NA,NA,NA,NA,NA,NA,NA,NA,NA,NA,NA,NA,true,TRUE,TRUE,2544.403344685833,2603.2964080336187,2544.7194541083254,58.893063347785755,58.893063347785755,12.000000000000023,FALSE,17899.853,TRUE,FALSE,TRUE
hidden_truncation_skewness,hidden-truncation skewness,ESN,NH,7,1000,324,0.324,0.6257822277847309,TRUE,TRUE,TRUE,0,NA,-1277.507463080517,2571.014926161034,2610.276968392891,2571.1602339309634,8,88.488,NA,2557.014926161034,2561.9226814400163,1.000000000000017,NA,HeckmanEM,NA,raw_AIC_BIC_implied_logLik,finite_logLik_no_explicit_code,3,2.787091211866971,-0.21290878813302916,0.4,0.532205387839243,0.13220538783924296,-0.7,NA,NA,0.7,NA,NA,0.5,NA,NA,0.5,NA,NA,NA,NA,-0.7,-1.0622853694023322,-0.36228536940233225,0.15,0.18019695649702033,0.03019695649702034,1,0.9683766426116716,-0.03162335738832844,5,5.530466475921963,0.5304664759219628,1.5,1.512145702233973,0.01214570223397304,0.8,0.720575356091094,-0.07942464390890602,39.26204223185687,39.262042231857095,-2.2737367544323206e-13,NA,NA,NA,NA,NA,NA,NA,NA,NA,NA,NA,NA,NA,NA,NA,NA,NA,NA,NA,NA,NA,NA,NA,NA,NA,NA,NA,NA,NA,NA,NA,NA,NA,NA,NA,NA,NA,NA,NA,NA,NA,NA,NA,NA,NA,NA,NA,NA,NA,NA,NA,NA,NA,NA,NA,NA,NA,NA,NA,NA,NA,NA,NA,NA,NA,NA,NA,NA,NA,NA,NA,NA,NA,NA,NA,NA,NA,NA,NA,NA,NA,NA,NA,NA,NA,NA,NA,NA,NA,NA,NA,NA,NA,NA,NA,NA,NA,NA,NA,NA,NA,NA,true,TRUE,TRUE,2571.014926161034,2610.276968392891,2571.1602339309634,39.26204223185687,39.26204223185687,7.999999999999954,FALSE,88.488,NA,NA,NA
hidden_truncation_skewness,hidden-truncation skewness,ESN,HT,7,1000,324,0.324,0.6257822277847309,TRUE,TRUE,TRUE,0,NA,-1277.4161451863094,2572.832290372619,2617.002087883458,2573.014108554437,9,164.665,NA,2556.832290372619,2561.740045651601,1.000000000000017,NA,HeckmanEM,NA,raw_AIC_BIC_implied_logLik,finite_logLik_no_explicit_code,3,2.7027555329242587,-0.29724446707574126,0.4,0.5199579289956877,0.11995792899568768,-0.7,NA,NA,0.7,NA,NA,0.5,NA,NA,0.5,NA,NA,NA,NA,-0.7,-1.0756641183004785,-0.3756641183004785,0.15,0.1829341379022084,0.03293413790220842,1,0.980790517270178,-0.01920948272982203,5,5.59131410983353,0.5913141098335304,1.5,1.5137330326129428,0.01373303261294278,0.8,0.717015720112743,-0.0829842798872571,44.16979751083909,44.16979751083923,-1.4210854715202004e-13,NA,NA,NA,NA,NA,NA,NA,NA,NA,NA,NA,NA,NA,NA,NA,NA,NA,NA,NA,NA,NA,NA,NA,NA,NA,NA,NA,NA,NA,NA,NA,NA,NA,NA,NA,NA,NA,NA,NA,NA,NA,NA,NA,NA,NA,NA,NA,NA,NA,NA,NA,NA,NA,NA,NA,NA,NA,NA,NA,NA,NA,NA,NA,NA,NA,NA,NA,NA,NA,NA,NA,NA,NA,NA,NA,NA,NA,NA,NA,NA,NA,NA,NA,NA,NA,NA,NA,NA,NA,NA,NA,NA,NA,NA,NA,NA,NA,NA,NA,NA,NA,NA,true,TRUE,TRUE,2572.832290372619,2617.002087883458,2573.014108554437,44.16979751083909,44.16979751083909,8.999999999999972,FALSE,164.665,NA,NA,NA
hidden_truncation_skewness,hidden-truncation skewness,ESN,CN,7,1000,324,0.324,0.6257822277847309,TRUE,TRUE,TRUE,0,NA,-1277.5030973190608,2575.0061946381215,2624.083747427943,2575.2286415541985,10,607.174,NA,2557.0061946381215,2561.913949917104,1.000000000000017,NA,HeckmanEM,NA,raw_AIC_BIC_implied_logLik,finite_logLik_no_explicit_code,3,2.7691383708906243,-0.2308616291093757,0.4,0.5310447186250811,0.13104471862508105,-0.7,NA,NA,0.7,NA,NA,0.5,NA,NA,0.5,NA,NA,NA,NA,-0.7,-1.0676804006799614,-0.36768040067996144,0.15,0.18114470696905463,0.03114470696905463,1,0.9733298727325712,-0.02667012726742879,5,5.53564313861127,0.5356431386112703,1.5,1.5122150361846851,0.01221503618468533,0.8,0.7204372793286908,-0.0795627206713092,49.07755278982131,49.07755278982137,-5.684341886080802e-14,NA,NA,NA,NA,NA,NA,NA,NA,NA,NA,NA,NA,NA,NA,NA,NA,NA,NA,NA,NA,NA,NA,NA,NA,NA,NA,NA,NA,NA,NA,NA,NA,NA,NA,NA,NA,NA,NA,NA,NA,NA,NA,NA,NA,NA,NA,NA,NA,NA,NA,NA,NA,NA,NA,NA,NA,NA,NA,NA,NA,NA,NA,NA,NA,NA,NA,NA,NA,NA,NA,NA,NA,NA,NA,NA,NA,NA,NA,NA,NA,NA,NA,NA,NA,NA,NA,NA,NA,NA,NA,NA,NA,NA,NA,NA,NA,NA,NA,NA,NA,NA,NA,true,TRUE,TRUE,2575.0061946381215,2624.083747427943,2575.2286415541985,49.07755278982131,49.07755278982131,9.999999999999988,FALSE,607.174,NA,NA,NA
hidden_truncation_skewness,hidden-truncation skewness,ESN,ESN,7,1000,324,0.324,0.6257822277847309,TRUE,TRUE,TRUE,0,CONVERGENCE: REL_REDUCTION_OF_F <= FACTR*EPSMCH,-1276.9152549941132,2575.8305099882264,2629.81581805703,2576.0977164659594,11,17433.136000000002,NA,NA,NA,NA,2,stage2,1276.93397495401;1276.91691338015;1276.97623008413;1276.9336762202;1277.07044873997;1276.98702221215;1276.92518061049;1277.11275777879;1277.08384961576;1276.94313521575;1277.11267465608;1276.92374606818;1276.97344147478;1277.50746280576,proposed_likelihood,stage2,3,4.508451888602288,1.5084518886022875,0.4,0.7859512824399563,0.38595128243995624,-0.7,-1.461961730752266,-0.7619617307522659,0.7,-0.7808797744184786,-1.4808797744184783,0.5,-1.296520844489689,-1.796520844489689,0.5,-1.296520844489689,NA,NA,NA,-0.7,0.16301663975468497,0.8630166397546849,0.15,0.13226644117881262,-0.01773355882118738,1,0.7105709771268548,-0.2894290228731452,5,10.131323562142835,5.131323562142837,1.5,1.5229469187027955,0.02294691870279552,0.8,0.7173341252452359,-0.08266587475476417,53.98530806880353,53.985308068803505,2.842170943040401e-14,NA,NA,NA,NA,NA,NA,NA,NA,NA,NA,NA,NA,NA,NA,NA,NA,NA,NA,NA,NA,NA,NA,NA,NA,NA,NA,NA,NA,NA,NA,NA,NA,NA,NA,NA,NA,NA,NA,NA,NA,NA,NA,NA,NA,NA,NA,NA,NA,NA,NA,NA,NA,NA,NA,NA,NA,NA,NA,NA,NA,NA,NA,NA,NA,NA,NA,NA,NA,NA,NA,NA,NA,NA,NA,NA,NA,NA,NA,NA,NA,NA,NA,NA,NA,NA,NA,NA,NA,NA,NA,NA,NA,NA,NA,NA,NA,NA,NA,NA,NA,NA,NA,true,TRUE,TRUE,2575.8305099882264,2629.81581805703,2576.0977164659594,53.98530806880353,53.98530806880353,11.000000000000005,FALSE,17433.136000000002,TRUE,FALSE,FALSE
hidden_truncation_skewness,hidden-truncation skewness,ESN,EST,7,1000,324,0.324,0.6257822277847309,TRUE,TRUE,TRUE,0,CONVERGENCE: REL_REDUCTION_OF_F <= FACTR*EPSMCH,-1280.7928787171666,2585.585757434333,2644.478820782119,2585.9018668568256,12,17967.728,NA,NA,NA,NA,22,stage2,1280.80292680525;1e+12;1e+12;1280.80742437137;1e+12;1e+12;1280.80780804185;1e+12;1e+12;1280.80544476484;1e+12;1e+12;1280.79365063275;1e+12;1e+12;1280.80610267471;1e+12;1e+12;1280.81203872946;1e+12;1e+12;1280.7933311014;1e+12;1e+12;1280.79930021386;1e+12;1e+12;1280.79890152045;1e+12;1e+12;1280.79621094746;1e+12;1e+12;1280.79844482686;1e+12;1e+12;1280.80677756391;1e+12;1e+12;1280.80778810908;1e+12;1e+12,proposed_likelihood,stage2,3,3.14601449677243,0.14601449677242995,0.4,0.7216404605868806,0.32164046058688056,-0.7,-1.4080781713366743,-0.7080781713366744,0.7,-0.5195464702658241,-1.219546470265824,0.5,1.4921304103830355,0.9921304103830356,0.5,1.4921304103830355,NA,4,NA,-0.7,-0.6456844365557092,0.05431556344429078,0.15,0.16091310188210442,0.01091310188210442,1,0.8534178549016481,-0.14658214509835188,5,6.388751528002001,1.3887515280020013,1.5,1.5409921736978989,0.04099217369789887,0.8,0.676214858910818,-0.12378514108918204,58.893063347785755,58.89306334778564,1.1368683772161603e-13,NA,NA,NA,NA,NA,NA,NA,NA,NA,NA,NA,NA,NA,NA,NA,NA,NA,NA,NA,NA,NA,NA,NA,NA,NA,NA,NA,NA,NA,NA,NA,NA,NA,NA,NA,NA,NA,NA,NA,NA,NA,NA,NA,NA,NA,NA,NA,NA,NA,NA,NA,NA,NA,NA,NA,NA,NA,NA,NA,NA,NA,NA,NA,NA,NA,NA,NA,NA,NA,NA,NA,NA,NA,NA,NA,NA,NA,NA,NA,NA,NA,NA,NA,NA,NA,NA,NA,NA,NA,NA,NA,NA,NA,NA,NA,NA,NA,NA,NA,NA,NA,NA,true,TRUE,TRUE,2585.585757434333,2644.478820782119,2585.9018668568256,58.893063347785755,58.893063347785755,12.000000000000023,FALSE,17967.728,FALSE,FALSE,TRUE
hidden_truncation_skewness,hidden-truncation skewness,ESN,NH,8,1000,356,0.356,0.6365372374283895,TRUE,TRUE,TRUE,0,NA,-1351.99194903745,2719.9838980749,2759.245940306757,2720.12920584483,8,13.484,NA,2705.9838980749,2710.8916533538822,1.000000000000017,NA,HeckmanEM,NA,raw_AIC_BIC_implied_logLik,finite_logLik_no_explicit_code,3,2.8858450484448124,-0.11415495155518762,0.4,0.6641346190029341,0.2641346190029341,-0.7,NA,NA,0.7,NA,NA,0.5,NA,NA,0.5,NA,NA,NA,NA,-0.7,-1.0517285895091768,-0.35172858950917685,0.15,0.16436016770118966,0.01436016770118966,1,1.1535693146662358,0.1535693146662358,5,4.704314760977906,-0.2956852390220943,1.5,1.5705285908830342,0.0705285908830342,0.8,0.8742314940117324,0.07423149401173235,39.26204223185687,39.262042231857095,-2.2737367544323206e-13,NA,NA,NA,NA,NA,NA,NA,NA,NA,NA,NA,NA,NA,NA,NA,NA,NA,NA,NA,NA,NA,NA,NA,NA,NA,NA,NA,NA,NA,NA,NA,NA,NA,NA,NA,NA,NA,NA,NA,NA,NA,NA,NA,NA,NA,NA,NA,NA,NA,NA,NA,NA,NA,NA,NA,NA,NA,NA,NA,NA,NA,NA,NA,NA,NA,NA,NA,NA,NA,NA,NA,NA,NA,NA,NA,NA,NA,NA,NA,NA,NA,NA,NA,NA,NA,NA,NA,NA,NA,NA,NA,NA,NA,NA,NA,NA,NA,NA,NA,NA,NA,NA,true,TRUE,TRUE,2719.9838980749,2759.245940306757,2720.1292058448294,39.26204223185687,39.26204223185687,7.999999999999954,FALSE,13.484,NA,NA,NA
hidden_truncation_skewness,hidden-truncation skewness,ESN,HT,8,1000,356,0.356,0.6365372374283895,TRUE,TRUE,TRUE,0,NA,-1352.1647719297227,2722.3295438594455,2766.4993413702846,2722.5113620412635,9,37.75,NA,2706.3295438594455,2711.2372991384277,1.000000000000017,NA,HeckmanEM,NA,raw_AIC_BIC_implied_logLik,finite_logLik_no_explicit_code,3,2.8653749818391674,-0.1346250181608326,0.4,0.6637652883350845,0.2637652883350845,-0.7,NA,NA,0.7,NA,NA,0.5,NA,NA,0.5,NA,NA,NA,NA,-0.7,-1.0559314027077848,-0.3559314027077849,0.15,0.16507100569089422,0.01507100569089423,1,1.1579525835454207,0.15795258354542074,5,4.708609883240617,-0.2913901167593833,1.5,1.571597695129866,0.07159769512986602,0.8,0.8736756786137831,0.0736756786137831,44.16979751083909,44.16979751083923,-1.4210854715202004e-13,NA,NA,NA,NA,NA,NA,NA,NA,NA,NA,NA,NA,NA,NA,NA,NA,NA,NA,NA,NA,NA,NA,NA,NA,NA,NA,NA,NA,NA,NA,NA,NA,NA,NA,NA,NA,NA,NA,NA,NA,NA,NA,NA,NA,NA,NA,NA,NA,NA,NA,NA,NA,NA,NA,NA,NA,NA,NA,NA,NA,NA,NA,NA,NA,NA,NA,NA,NA,NA,NA,NA,NA,NA,NA,NA,NA,NA,NA,NA,NA,NA,NA,NA,NA,NA,NA,NA,NA,NA,NA,NA,NA,NA,NA,NA,NA,NA,NA,NA,NA,NA,NA,true,TRUE,TRUE,2722.3295438594455,2766.4993413702846,2722.5113620412635,44.16979751083909,44.16979751083909,8.999999999999972,FALSE,37.75,NA,NA,NA
hidden_truncation_skewness,hidden-truncation skewness,ESN,CN,8,1000,356,0.356,0.6365372374283895,TRUE,TRUE,TRUE,0,NA,-1351.991950032801,2723.983900065602,2773.0614528554233,2724.206346981679,10,235.468,NA,2705.983900065602,2710.8916553445843,1.000000000000017,NA,HeckmanEM,NA,raw_AIC_BIC_implied_logLik,finite_logLik_no_explicit_code,3,2.8854028426710725,-0.1145971573289275,0.4,0.6639524050714856,0.26395240507148554,-0.7,NA,NA,0.7,NA,NA,0.5,NA,NA,0.5,NA,NA,NA,NA,-0.7,-1.0518576762952117,-0.3518576762952117,0.15,0.16437849027760004,0.01437849027760004,1,1.1537310114588493,0.15373101145884926,5,4.705073805134721,-0.2949261948652788,1.5,1.5705112856024437,0.07051128560244369,0.8,0.8742095366911903,0.07420953669119024,49.07755278982131,49.07755278982137,-5.684341886080802e-14,NA,NA,NA,NA,NA,NA,NA,NA,NA,NA,NA,NA,NA,NA,NA,NA,NA,NA,NA,NA,NA,NA,NA,NA,NA,NA,NA,NA,NA,NA,NA,NA,NA,NA,NA,NA,NA,NA,NA,NA,NA,NA,NA,NA,NA,NA,NA,NA,NA,NA,NA,NA,NA,NA,NA,NA,NA,NA,NA,NA,NA,NA,NA,NA,NA,NA,NA,NA,NA,NA,NA,NA,NA,NA,NA,NA,NA,NA,NA,NA,NA,NA,NA,NA,NA,NA,NA,NA,NA,NA,NA,NA,NA,NA,NA,NA,NA,NA,NA,NA,NA,NA,true,TRUE,TRUE,2723.983900065602,2773.0614528554233,2724.206346981679,49.07755278982131,49.07755278982131,9.999999999999988,FALSE,235.468,NA,NA,NA
hidden_truncation_skewness,hidden-truncation skewness,ESN,ESN,8,1000,356,0.356,0.6365372374283895,TRUE,TRUE,TRUE,0,CONVERGENCE: REL_REDUCTION_OF_F <= FACTR*EPSMCH,-1351.980454514044,2725.960909028088,2779.9462170968914,2726.228115505821,11,9898.269,NA,NA,NA,NA,6,stage2,1351.98940963277;1351.98894934149;1351.98921039365;1351.98844213407;1351.98867843131;1351.9827156187;1351.9887519306;1351.9883972765;1351.9889993669;1351.98986103889;1351.98967201213;1351.98762257218;1351.98965765888;1351.99194895079,proposed_likelihood,stage2,3,2.979299289212343,-0.020700710787656888,0.4,0.6502718137445279,0.2502718137445279,-0.7,-0.02287380768640278,0.6771261923135972,0.7,-0.5000648314779678,-1.2000648314779676,0.5,0.7173421119294887,0.2173421119294887,0.5,0.7173421119294887,NA,NA,NA,-0.7,-1.041993857167128,-0.34199385716712816,0.15,0.1642658645695125,0.01426586456951251,1,1.1526842494204894,0.15268424942048942,5,5.1595005129808245,0.15950051298082446,1.5,1.5717291716253332,0.07172917162533321,0.8,0.8730913793599826,0.07309137935998256,53.98530806880353,53.985308068803505,2.842170943040401e-14,NA,NA,NA,NA,NA,NA,NA,NA,NA,NA,NA,NA,NA,NA,NA,NA,NA,NA,NA,NA,NA,NA,NA,NA,NA,NA,NA,NA,NA,NA,NA,NA,NA,NA,NA,NA,NA,NA,NA,NA,NA,NA,NA,NA,NA,NA,NA,NA,NA,NA,NA,NA,NA,NA,NA,NA,NA,NA,NA,NA,NA,NA,NA,NA,NA,NA,NA,NA,NA,NA,NA,NA,NA,NA,NA,NA,NA,NA,NA,NA,NA,NA,NA,NA,NA,NA,NA,NA,NA,NA,NA,NA,NA,NA,NA,NA,NA,NA,NA,NA,NA,NA,true,TRUE,TRUE,2725.960909028088,2779.9462170968914,2726.228115505821,53.98530806880353,53.98530806880353,11.000000000000005,FALSE,9898.269,FALSE,FALSE,FALSE
hidden_truncation_skewness,hidden-truncation skewness,ESN,EST,8,1000,356,0.356,0.6365372374283895,TRUE,TRUE,TRUE,0,CONVERGENCE: REL_REDUCTION_OF_F <= FACTR*EPSMCH,-1361.5793551840331,2747.1587103680663,2806.051773715852,2747.4748197905587,12,18695.269,NA,NA,NA,NA,28,stage2,1361.57942912549;1e+12;1e+12;1361.60454007377;1e+12;1e+12;1361.59137933959;1e+12;1e+12;1361.57947269687;1e+12;1e+12;1361.57936197653;1e+12;1e+12;1361.57942796742;1e+12;1e+12;1361.60514571437;1e+12;1e+12;1361.58070752229;1e+12;1e+12;1361.58585502975;1e+12;1e+12;1361.57935582437;1e+12;1e+12;1361.57957771848;1e+12;1e+12;1361.57945783568;1e+12;1e+12;1361.87171944287;1e+12;1e+12;1361.57936329512;1e+12;1e+12,proposed_likelihood,stage2,3,3.276373227355782,0.2763732273557826,0.4,0.7994952176310324,0.3994952176310323,-0.7,-0.9600904975106276,-0.2600904975106275,0.7,-0.6864672225939331,-1.3864672225939332,0.5,1.4925821305300957,0.9925821305300956,0.5,1.4925821305300957,NA,4,NA,-0.7,-0.7950252781916316,-0.09502527819163165,0.15,0.159070479392782,0.00907047939278199,1,1.0973055885728586,0.09730558857285863,5,5.288687700542262,0.2886877005422619,1.5,1.6129411146685555,0.1129411146685555,0.8,0.8569364729898071,0.05693647298980708,58.893063347785755,58.89306334778564,1.1368683772161603e-13,NA,NA,NA,NA,NA,NA,NA,NA,NA,NA,NA,NA,NA,NA,NA,NA,NA,NA,NA,NA,NA,NA,NA,NA,NA,NA,NA,NA,NA,NA,NA,NA,NA,NA,NA,NA,NA,NA,NA,NA,NA,NA,NA,NA,NA,NA,NA,NA,NA,NA,NA,NA,NA,NA,NA,NA,NA,NA,NA,NA,NA,NA,NA,NA,NA,NA,NA,NA,NA,NA,NA,NA,NA,NA,NA,NA,NA,NA,NA,NA,NA,NA,NA,NA,NA,NA,NA,NA,NA,NA,NA,NA,NA,NA,NA,NA,NA,NA,NA,NA,NA,NA,true,TRUE,TRUE,2747.1587103680663,2806.051773715852,2747.4748197905587,58.893063347785755,58.893063347785755,12.000000000000023,FALSE,18695.269,FALSE,FALSE,TRUE
hidden_truncation_skewness,hidden-truncation skewness,ESN,NH,9,1000,323,0.323,0.6510416666666666,TRUE,TRUE,TRUE,0,NA,-1289.1709990165923,2594.341998033185,2633.6040402650424,2594.4873058031144,8,143.57600000000002,NA,2580.341998033185,2585.2497533121673,1.000000000000017,NA,HeckmanEM,NA,raw_AIC_BIC_implied_logLik,finite_logLik_no_explicit_code,3,2.85406960788924,-0.1459303921107602,0.4,0.5353596043573612,0.13535960435736116,-0.7,NA,NA,0.7,NA,NA,0.5,NA,NA,0.5,NA,NA,NA,NA,-0.7,-1.044108474342173,-0.34410847434217273,0.15,0.14416277318965115,-0.00583722681034884,1,1.018201091940888,0.01820109194088814,5,5.593241046641104,0.5932410466411042,1.5,1.485017020554619,-0.01498297944538107,0.8,0.6697009711543875,-0.1302990288456125,39.26204223185732,39.262042231857095,-2.2737367544323206e-13,NA,NA,NA,NA,NA,NA,NA,NA,NA,NA,NA,NA,NA,NA,NA,NA,NA,NA,NA,NA,NA,NA,NA,NA,NA,NA,NA,NA,NA,NA,NA,NA,NA,NA,NA,NA,NA,NA,NA,NA,NA,NA,NA,NA,NA,NA,NA,NA,NA,NA,NA,NA,NA,NA,NA,NA,NA,NA,NA,NA,NA,NA,NA,NA,NA,NA,NA,NA,NA,NA,NA,NA,NA,NA,NA,NA,NA,NA,NA,NA,NA,NA,NA,NA,NA,NA,NA,NA,NA,NA,NA,NA,NA,NA,NA,NA,NA,NA,NA,NA,NA,NA,true,TRUE,TRUE,2594.3419980331846,2633.6040402650415,2594.487305803114,39.26204223185732,39.26204223185687,8.000000000000046,FALSE,143.57600000000002,NA,NA,NA
hidden_truncation_skewness,hidden-truncation skewness,ESN,HT,9,1000,323,0.323,0.6510416666666666,TRUE,TRUE,TRUE,0,NA,-1289.3265039600444,2596.653007920089,2640.822805430928,2596.834826101907,9,215.727,NA,2580.653007920089,2585.560763199071,1.000000000000017,NA,HeckmanEM,NA,raw_AIC_BIC_implied_logLik,finite_logLik_no_explicit_code,3,2.8354625048914226,-0.1645374951085774,0.4,0.5368559360414139,0.13685593604141388,-0.7,NA,NA,0.7,NA,NA,0.5,NA,NA,0.5,NA,NA,NA,NA,-0.7,-1.0479828289634427,-0.3479828289634428,0.15,0.14476758209061724,-0.00523241790938275,1,1.0222472497141404,0.02224724971414038,5,5.589070624581251,0.5890706245812511,1.5,1.4885608528918155,-0.0114391471081845,0.8,0.6694815181421968,-0.13051848185780324,44.16979751083909,44.16979751083923,-1.4210854715202004e-13,NA,NA,NA,NA,NA,NA,NA,NA,NA,NA,NA,NA,NA,NA,NA,NA,NA,NA,NA,NA,NA,NA,NA,NA,NA,NA,NA,NA,NA,NA,NA,NA,NA,NA,NA,NA,NA,NA,NA,NA,NA,NA,NA,NA,NA,NA,NA,NA,NA,NA,NA,NA,NA,NA,NA,NA,NA,NA,NA,NA,NA,NA,NA,NA,NA,NA,NA,NA,NA,NA,NA,NA,NA,NA,NA,NA,NA,NA,NA,NA,NA,NA,NA,NA,NA,NA,NA,NA,NA,NA,NA,NA,NA,NA,NA,NA,NA,NA,NA,NA,NA,NA,true,TRUE,TRUE,2596.653007920089,2640.822805430928,2596.834826101907,44.16979751083909,44.16979751083909,8.999999999999972,FALSE,215.727,NA,NA,NA
hidden_truncation_skewness,hidden-truncation skewness,ESN,CN,9,1000,323,0.323,0.6510416666666666,TRUE,TRUE,TRUE,0,NA,-1289.1709989809492,2598.3419979618984,2647.4195507517197,2598.5644448779753,10,397.318,NA,2580.3419979618984,2585.2497532408806,1.000000000000017,NA,HeckmanEM,NA,raw_AIC_BIC_implied_logLik,finite_logLik_no_explicit_code,3,2.8540423086775792,-0.14595769132242076,0.4,0.5353749352873641,0.1353749352873641,-0.7,NA,NA,0.7,NA,NA,0.5,NA,NA,0.5,NA,NA,NA,NA,-0.7,-1.044121681994041,-0.34412168199404136,0.15,0.14416452977387645,-0.00583547022612354,1,1.0182132287313397,0.01821322873133946,5,5.5931901281113445,0.5931901281113445,1.5,1.4850155743634963,-0.01498442563650348,0.8,0.6697008118767402,-0.1302991881232598,49.07755278982131,49.07755278982137,-5.684341886080802e-14,NA,NA,NA,NA,NA,NA,NA,NA,NA,NA,NA,NA,NA,NA,NA,NA,NA,NA,NA,NA,NA,NA,NA,NA,NA,NA,NA,NA,NA,NA,NA,NA,NA,NA,NA,NA,NA,NA,NA,NA,NA,NA,NA,NA,NA,NA,NA,NA,NA,NA,NA,NA,NA,NA,NA,NA,NA,NA,NA,NA,NA,NA,NA,NA,NA,NA,NA,NA,NA,NA,NA,NA,NA,NA,NA,NA,NA,NA,NA,NA,NA,NA,NA,NA,NA,NA,NA,NA,NA,NA,NA,NA,NA,NA,NA,NA,NA,NA,NA,NA,NA,NA,true,TRUE,TRUE,2598.3419979618984,2647.4195507517197,2598.5644448779753,49.07755278982131,49.07755278982131,9.999999999999988,FALSE,397.318,NA,NA,NA
hidden_truncation_skewness,hidden-truncation skewness,ESN,ESN,9,1000,323,0.323,0.6510416666666666,TRUE,TRUE,TRUE,0,CONVERGENCE: REL_REDUCTION_OF_F <= FACTR*EPSMCH,-1287.1982889938338,2596.3965779876676,2650.381886056471,2596.663784465401,11,14381.887,NA,NA,NA,NA,10,stage2,1289.01466958909;1288.99275369909;1289.16632425699;1288.99137671497;1289.17051089665;1288.99155964319;1288.99148628401;1289.17064775131;1289.17029587556;1287.25545496897;1289.07379886822;1288.99096179257;1289.16574603899;1289.17099865376,proposed_likelihood,stage2,3,3.14835724690289,0.14835724690288998,0.4,0.28852419983176614,-0.11147580016823389,-0.7,-0.8454426173920375,-0.14544261739203757,0.7,1.4925821305300957,0.7925821305300957,0.5,1.4925821305300957,0.9925821305300956,0.5,1.4925821305300957,NA,NA,NA,-0.7,-0.8347434676847422,-0.1347434676847422,0.15,0.14048478124191757,-0.00951521875808242,1,0.967244603063742,-0.03275539693625806,5,5.061490321218337,0.06149032121833731,1.5,1.4508950139335417,-0.0491049860664583,0.8,0.655859238544951,-0.14414076145504906,53.98530806880353,53.985308068803505,2.842170943040401e-14,NA,NA,NA,NA,NA,NA,NA,NA,NA,NA,NA,NA,NA,NA,NA,NA,NA,NA,NA,NA,NA,NA,NA,NA,NA,NA,NA,NA,NA,NA,NA,NA,NA,NA,NA,NA,NA,NA,NA,NA,NA,NA,NA,NA,NA,NA,NA,NA,NA,NA,NA,NA,NA,NA,NA,NA,NA,NA,NA,NA,NA,NA,NA,NA,NA,NA,NA,NA,NA,NA,NA,NA,NA,NA,NA,NA,NA,NA,NA,NA,NA,NA,NA,NA,NA,NA,NA,NA,NA,NA,NA,NA,NA,NA,NA,NA,NA,NA,NA,NA,NA,NA,true,TRUE,TRUE,2596.3965779876676,2650.381886056471,2596.6637844654006,53.98530806880353,53.98530806880353,11.000000000000005,FALSE,14381.887,FALSE,TRUE,TRUE
hidden_truncation_skewness,hidden-truncation skewness,ESN,EST,9,1000,323,0.323,0.6510416666666666,TRUE,TRUE,TRUE,0,CONVERGENCE: REL_REDUCTION_OF_F <= FACTR*EPSMCH,-1297.4898256357146,2618.9796512714292,2677.872714619215,2619.2957606939217,12,17333.891,NA,NA,NA,NA,7,stage2,1297.4974665366;1e+12;1e+12;1297.49195585223;1e+12;1e+12;1297.48982569332;1e+12;1e+12;1297.49589780851;1e+12;1e+12;1297.49040397594;1e+12;1e+12;1297.49645189694;1e+12;1e+12;1297.48985185834;1e+12;1e+12;1297.50089675535;1e+12;1e+12;1297.4945804374;1e+12;1e+12;1297.49494753603;1e+12;1e+12;1297.49540184248;1e+12;1e+12;1297.48983870107;1e+12;1e+12;1297.49176521329;1e+12;1e+12;1297.50041806393;1e+12;1e+12,proposed_likelihood,stage2,3,3.5864750574478252,0.5864750574478252,0.4,0.7856335458609012,0.3856335458609011,-0.7,-1.4925821305300957,-0.7925821305300957,0.7,-0.4903613863152626,-1.190361386315263,0.5,1.4925821305300957,0.9925821305300956,0.5,1.4925821305300957,NA,4,NA,-0.7,-0.59271801409719,0.1072819859028099,0.15,0.12519768409701265,-0.02480231590298734,1,0.8797139405794321,-0.12028605942056791,5,6.113877961711791,1.1138779617117909,1.5,1.5463130026973888,0.0463130026973888,0.8,0.6818534446041352,-0.11814655539586484,58.893063347785755,58.89306334778564,1.1368683772161603e-13,NA,NA,NA,NA,NA,NA,NA,NA,NA,NA,NA,NA,NA,NA,NA,NA,NA,NA,NA,NA,NA,NA,NA,NA,NA,NA,NA,NA,NA,NA,NA,NA,NA,NA,NA,NA,NA,NA,NA,NA,NA,NA,NA,NA,NA,NA,NA,NA,NA,NA,NA,NA,NA,NA,NA,NA,NA,NA,NA,NA,NA,NA,NA,NA,NA,NA,NA,NA,NA,NA,NA,NA,NA,NA,NA,NA,NA,NA,NA,NA,NA,NA,NA,NA,NA,NA,NA,NA,NA,NA,NA,NA,NA,NA,NA,NA,NA,NA,NA,NA,NA,NA,true,TRUE,TRUE,2618.9796512714292,2677.872714619215,2619.2957606939217,58.893063347785755,58.893063347785755,12.000000000000023,FALSE,17333.891,TRUE,FALSE,TRUE
hidden_truncation_skewness,hidden-truncation skewness,ESN,NH,10,1000,354,0.354,0.6285355122564424,TRUE,TRUE,TRUE,0,NA,-1346.402570676228,2708.805141352456,2748.067183584313,2708.950449122385,8,73.64099999999999,NA,2694.805141352456,2699.712896631438,1.000000000000017,NA,HeckmanEM,NA,raw_AIC_BIC_implied_logLik,finite_logLik_no_explicit_code,3,2.7788380957277545,-0.22116190427224547,0.4,0.5265021632515754,0.12650216325157537,-0.7,NA,NA,0.7,NA,NA,0.5,NA,NA,0.5,NA,NA,NA,NA,-0.7,-1.0238957258307866,-0.32389572583078663,0.15,0.1798361648040547,0.02983616480405471,1,1.0977968806520766,0.0977968806520766,5,5.457803783264178,0.45780378326417814,1.5,1.4678794166618248,-0.03212058333817524,0.8,0.8156843127930498,0.01568431279304971,39.26204223185732,39.262042231857095,2.2737367544323206e-13,NA,NA,NA,NA,NA,NA,NA,NA,NA,NA,NA,NA,NA,NA,NA,NA,NA,NA,NA,NA,NA,NA,NA,NA,NA,NA,NA,NA,NA,NA,NA,NA,NA,NA,NA,NA,NA,NA,NA,NA,NA,NA,NA,NA,NA,NA,NA,NA,NA,NA,NA,NA,NA,NA,NA,NA,NA,NA,NA,NA,NA,NA,NA,NA,NA,NA,NA,NA,NA,NA,NA,NA,NA,NA,NA,NA,NA,NA,NA,NA,NA,NA,NA,NA,NA,NA,NA,NA,NA,NA,NA,NA,NA,NA,NA,NA,NA,NA,NA,NA,NA,NA,true,TRUE,TRUE,2708.805141352456,2748.067183584313,2708.950449122385,39.26204223185732,39.26204223185732,8.000000000000046,FALSE,73.64099999999999,NA,NA,NA
hidden_truncation_skewness,hidden-truncation skewness,ESN,HT,10,1000,354,0.354,0.6285355122564424,TRUE,TRUE,TRUE,0,NA,-1346.4540366818474,2710.9080733636947,2755.077870874534,2711.0898915455127,9,109.636,NA,2694.9080733636947,2699.815828642677,1.000000000000017,NA,HeckmanEM,NA,raw_AIC_BIC_implied_logLik,finite_logLik_no_explicit_code,3,2.7586907494199022,-0.24130925058009775,0.4,0.5263731378277781,0.12637313782777804,-0.7,NA,NA,0.7,NA,NA,0.5,NA,NA,0.5,NA,NA,NA,NA,-0.7,-1.0286026565474506,-0.3286026565474507,0.15,0.18068247807190255,0.03068247807190258,1,1.102880283391905,0.10288028339190491,5,5.459210770483372,0.4592107704833719,1.5,1.4674144746744602,-0.03258552532553982,0.8,0.8155329761297736,0.01553297612977355,44.16979751083909,44.16979751083923,-1.4210854715202004e-13,NA,NA,NA,NA,NA,NA,NA,NA,NA,NA,NA,NA,NA,NA,NA,NA,NA,NA,NA,NA,NA,NA,NA,NA,NA,NA,NA,NA,NA,NA,NA,NA,NA,NA,NA,NA,NA,NA,NA,NA,NA,NA,NA,NA,NA,NA,NA,NA,NA,NA,NA,NA,NA,NA,NA,NA,NA,NA,NA,NA,NA,NA,NA,NA,NA,NA,NA,NA,NA,NA,NA,NA,NA,NA,NA,NA,NA,NA,NA,NA,NA,NA,NA,NA,NA,NA,NA,NA,NA,NA,NA,NA,NA,NA,NA,NA,NA,NA,NA,NA,NA,NA,true,TRUE,TRUE,2710.9080733636947,2755.077870874534,2711.0898915455127,44.16979751083909,44.16979751083909,8.999999999999972,FALSE,109.636,NA,NA,NA
hidden_truncation_skewness,hidden-truncation skewness,ESN,CN,10,1000,354,0.354,0.6285355122564424,TRUE,TRUE,TRUE,0,NA,-1346.4025783535892,2712.8051567071784,2761.8827094969997,2713.0276036232553,10,472.684,NA,2694.8051567071784,2699.7129119861606,1.000000000000017,NA,HeckmanEM,NA,raw_AIC_BIC_implied_logLik,finite_logLik_no_explicit_code,3,2.7781976421352303,-0.22180235786476965,0.4,0.5263047085791689,0.12630470857916887,-0.7,NA,NA,0.7,NA,NA,0.5,NA,NA,0.5,NA,NA,NA,NA,-0.7,-1.0240963369610587,-0.3240963369610588,0.15,0.1798741708957655,0.02987417089576549,1,1.098015557654617,0.09801555765461668,5,5.458412421658239,0.45841242165823903,1.5,1.467862480105604,-0.03213751989439606,0.8,0.8156864978138763,0.01568649781387621,49.07755278982131,49.07755278982137,-5.684341886080802e-14,NA,NA,NA,NA,NA,NA,NA,NA,NA,NA,NA,NA,NA,NA,NA,NA,NA,NA,NA,NA,NA,NA,NA,NA,NA,NA,NA,NA,NA,NA,NA,NA,NA,NA,NA,NA,NA,NA,NA,NA,NA,NA,NA,NA,NA,NA,NA,NA,NA,NA,NA,NA,NA,NA,NA,NA,NA,NA,NA,NA,NA,NA,NA,NA,NA,NA,NA,NA,NA,NA,NA,NA,NA,NA,NA,NA,NA,NA,NA,NA,NA,NA,NA,NA,NA,NA,NA,NA,NA,NA,NA,NA,NA,NA,NA,NA,NA,NA,NA,NA,NA,NA,true,TRUE,TRUE,2712.8051567071784,2761.8827094969997,2713.0276036232553,49.07755278982131,49.07755278982131,9.999999999999988,FALSE,472.684,NA,NA,NA
hidden_truncation_skewness,hidden-truncation skewness,ESN,ESN,10,1000,354,0.354,0.6285355122564424,TRUE,TRUE,TRUE,0,CONVERGENCE: REL_REDUCTION_OF_F <= FACTR*EPSMCH,-1345.8524849143782,2713.7049698287565,2767.69027789756,2713.9721763064895,11,13014.108,NA,NA,NA,NA,10,stage2,1346.40308025751;1346.40303787264;1346.40313064704;1346.40261834126;1346.40262311751;1345.99546696337;1346.40268888562;1346.40198741887;1346.40274276504;1345.85248596504;1345.88014219343;1346.40285021788;1346.40348671347;1346.40257051881,proposed_likelihood,stage2,3,3.1946493566470826,0.1946493566470826,0.4,0.6545673821816621,0.2545673821816621,-0.7,1.4627492675331035,2.1627492675331035,0.7,0.513591513746516,-0.1864084862534839,0.5,-0.13624087620195238,-0.6362408762019524,0.5,-0.13624087620195238,NA,NA,NA,-0.7,-1.4558977388926977,-0.7558977388926977,0.15,0.14102573637627724,-0.00897426362372275,1,0.8649819603581864,-0.13501803964181358,5,3.7130857230122927,-1.286914276987707,1.5,1.4593985490639534,-0.04060145093604661,0.8,0.8170968579408697,0.01709685794086968,53.98530806880353,53.985308068803505,2.842170943040401e-14,NA,NA,NA,NA,NA,NA,NA,NA,NA,NA,NA,NA,NA,NA,NA,NA,NA,NA,NA,NA,NA,NA,NA,NA,NA,NA,NA,NA,NA,NA,NA,NA,NA,NA,NA,NA,NA,NA,NA,NA,NA,NA,NA,NA,NA,NA,NA,NA,NA,NA,NA,NA,NA,NA,NA,NA,NA,NA,NA,NA,NA,NA,NA,NA,NA,NA,NA,NA,NA,NA,NA,NA,NA,NA,NA,NA,NA,NA,NA,NA,NA,NA,NA,NA,NA,NA,NA,NA,NA,NA,NA,NA,NA,NA,NA,NA,NA,NA,NA,NA,NA,NA,true,TRUE,TRUE,2713.7049698287565,2767.69027789756,2713.9721763064895,53.98530806880353,53.98530806880353,11.000000000000005,FALSE,13014.108,TRUE,FALSE,FALSE
hidden_truncation_skewness,hidden-truncation skewness,ESN,EST,10,1000,354,0.354,0.6285355122564424,TRUE,TRUE,TRUE,0,CONVERGENCE: REL_REDUCTION_OF_F <= FACTR*EPSMCH,-1354.4502427690463,2732.9004855380927,2791.7935488858784,2733.216594960585,12,18456.138,NA,NA,NA,NA,4,stage2,1354.45025305465;1e+12;1e+12;1354.4502428586;1e+12;1e+12;1354.50171527133;1e+12;1e+12;1354.45325954787;1e+12;1e+12;1354.47796529422;1e+12;1e+12;1354.45029050137;1e+12;1e+12;1354.46209992163;1e+12;1e+12;1354.45025824137;1e+12;1e+12;1354.87062209454;1e+12;1e+12;1354.45204554729;1e+12;1e+12;1354.45196943648;1e+12;1e+12;1354.45048230955;1e+12;1e+12;1354.8656876811;1e+12;1e+12;1354.45024631076;1e+12;1e+12,proposed_likelihood,stage2,3,2.731481063438527,-0.2685189365614731,0.4,0.6505987381197715,0.2505987381197715,-0.7,-0.8153798314814944,-0.11537983148149444,0.7,-0.304524913306624,-1.004524913306624,0.5,1.4925821305300957,0.9925821305300956,0.5,1.4925821305300957,NA,4,NA,-0.7,-0.8375606465725884,-0.13756064657258849,0.15,0.18084605612972715,0.03084605612972715,1,1.0905312298176468,0.09053122981764684,5,5.752061338158491,0.7520613381584909,1.5,1.475451146697366,-0.0245488533026339,0.8,0.8139751487741214,0.01397514877412131,58.893063347785755,58.89306334778564,1.1368683772161603e-13,NA,NA,NA,NA,NA,NA,NA,NA,NA,NA,NA,NA,NA,NA,NA,NA,NA,NA,NA,NA,NA,NA,NA,NA,NA,NA,NA,NA,NA,NA,NA,NA,NA,NA,NA,NA,NA,NA,NA,NA,NA,NA,NA,NA,NA,NA,NA,NA,NA,NA,NA,NA,NA,NA,NA,NA,NA,NA,NA,NA,NA,NA,NA,NA,NA,NA,NA,NA,NA,NA,NA,NA,NA,NA,NA,NA,NA,NA,NA,NA,NA,NA,NA,NA,NA,NA,NA,NA,NA,NA,NA,NA,NA,NA,NA,NA,NA,NA,NA,NA,NA,NA,true,TRUE,TRUE,2732.9004855380927,2791.7935488858784,2733.216594960585,58.893063347785755,58.893063347785755,12.000000000000023,FALSE,18456.138,FALSE,FALSE,TRUE
hidden_truncation_skewness,hidden-truncation skewness,ESN,NH,11,1000,353,0.353,0.6333122229259025,TRUE,TRUE,TRUE,0,NA,-1372.2640350022086,2760.5280700044173,2799.7901122362746,2760.6733777743466,8,59.312000000000005,NA,2746.5280700044173,2751.4358252833995,1.000000000000017,NA,HeckmanEM,NA,raw_AIC_BIC_implied_logLik,finite_logLik_no_explicit_code,3,2.92795595968391,-0.07204404031609002,0.4,0.42908792587082534,0.02908792587082531,-0.7,NA,NA,0.7,NA,NA,0.5,NA,NA,0.5,NA,NA,NA,NA,-0.7,-1.1460872189447635,-0.4460872189447635,0.15,0.162031286490663,0.01203128649066301,1,1.2151324472452727,0.2151324472452727,5,5.848506357939178,0.8485063579391783,1.5,1.5523990245621395,0.05239902456213952,0.8,0.7248703606276085,-0.07512963937239159,39.26204223185732,39.262042231857095,2.2737367544323206e-13,NA,NA,NA,NA,NA,NA,NA,NA,NA,NA,NA,NA,NA,NA,NA,NA,NA,NA,NA,NA,NA,NA,NA,NA,NA,NA,NA,NA,NA,NA,NA,NA,NA,NA,NA,NA,NA,NA,NA,NA,NA,NA,NA,NA,NA,NA,NA,NA,NA,NA,NA,NA,NA,NA,NA,NA,NA,NA,NA,NA,NA,NA,NA,NA,NA,NA,NA,NA,NA,NA,NA,NA,NA,NA,NA,NA,NA,NA,NA,NA,NA,NA,NA,NA,NA,NA,NA,NA,NA,NA,NA,NA,NA,NA,NA,NA,NA,NA,NA,NA,NA,NA,true,TRUE,TRUE,2760.5280700044173,2799.7901122362746,2760.6733777743466,39.26204223185732,39.26204223185732,8.000000000000046,FALSE,59.312000000000005,NA,NA,NA
hidden_truncation_skewness,hidden-truncation skewness,ESN,HT,11,1000,353,0.353,0.6333122229259025,TRUE,TRUE,TRUE,0,NA,-1372.260023490168,2762.520046980336,2806.689844491175,2762.701865162154,9,92.778,NA,2746.520046980336,2751.427802259318,1.000000000000017,NA,HeckmanEM,NA,raw_AIC_BIC_implied_logLik,finite_logLik_no_explicit_code,3,2.91003053935337,-0.08996946064663014,0.4,0.4331728314418023,0.03317283144180227,-0.7,NA,NA,0.7,NA,NA,0.5,NA,NA,0.5,NA,NA,NA,NA,-0.7,-1.1512098497557282,-0.4512098497557282,0.15,0.16283841760463097,0.01283841760463097,1,1.2202680545951314,0.22026805459513144,5,5.83543641016032,0.8354364101603204,1.5,1.5574866509914371,0.05748665099143735,0.8,0.7248923165986425,-0.07510768340135754,44.16979751083909,44.16979751083923,-1.4210854715202004e-13,NA,NA,NA,NA,NA,NA,NA,NA,NA,NA,NA,NA,NA,NA,NA,NA,NA,NA,NA,NA,NA,NA,NA,NA,NA,NA,NA,NA,NA,NA,NA,NA,NA,NA,NA,NA,NA,NA,NA,NA,NA,NA,NA,NA,NA,NA,NA,NA,NA,NA,NA,NA,NA,NA,NA,NA,NA,NA,NA,NA,NA,NA,NA,NA,NA,NA,NA,NA,NA,NA,NA,NA,NA,NA,NA,NA,NA,NA,NA,NA,NA,NA,NA,NA,NA,NA,NA,NA,NA,NA,NA,NA,NA,NA,NA,NA,NA,NA,NA,NA,NA,NA,true,TRUE,TRUE,2762.520046980336,2806.689844491175,2762.701865162154,44.16979751083909,44.16979751083909,8.999999999999972,FALSE,92.778,NA,NA,NA
hidden_truncation_skewness,hidden-truncation skewness,ESN,CN,11,1000,353,0.353,0.6333122229259025,TRUE,TRUE,TRUE,0,NA,-1372.262887813628,2764.5257756272563,2813.6033284170776,2764.748222543333,10,583.4870000000001,NA,2746.5257756272563,2751.4335309062385,1.000000000000017,NA,HeckmanEM,NA,raw_AIC_BIC_implied_logLik,finite_logLik_no_explicit_code,3,2.914755013862466,-0.08524498613753417,0.4,0.429913662411757,0.02991366241175697,-0.7,NA,NA,0.7,NA,NA,0.5,NA,NA,0.5,NA,NA,NA,NA,-0.7,-1.1509396165218495,-0.4509396165218498,0.15,0.16273060804924294,0.01273060804924294,1,1.2202246305700943,0.2202246305700943,5,5.845747542392655,0.8457475423926546,1.5,1.5534054916268345,0.05340549162683428,0.8,0.7249265838403985,-0.0750734161596015,49.07755278982131,49.07755278982137,-5.684341886080802e-14,NA,NA,NA,NA,NA,NA,NA,NA,NA,NA,NA,NA,NA,NA,NA,NA,NA,NA,NA,NA,NA,NA,NA,NA,NA,NA,NA,NA,NA,NA,NA,NA,NA,NA,NA,NA,NA,NA,NA,NA,NA,NA,NA,NA,NA,NA,NA,NA,NA,NA,NA,NA,NA,NA,NA,NA,NA,NA,NA,NA,NA,NA,NA,NA,NA,NA,NA,NA,NA,NA,NA,NA,NA,NA,NA,NA,NA,NA,NA,NA,NA,NA,NA,NA,NA,NA,NA,NA,NA,NA,NA,NA,NA,NA,NA,NA,NA,NA,NA,NA,NA,NA,true,TRUE,TRUE,2764.525775627256,2813.603328417077,2764.7482225433328,49.07755278982131,49.07755278982131,9.999999999999988,FALSE,583.4870000000001,NA,NA,NA
hidden_truncation_skewness,hidden-truncation skewness,ESN,ESN,11,1000,353,0.353,0.6333122229259025,TRUE,TRUE,TRUE,0,CONVERGENCE: REL_REDUCTION_OF_F <= FACTR*EPSMCH,-1369.8721996082695,2761.7443992165395,2815.729707285343,2762.0116056942725,11,16132.807,NA,NA,NA,NA,10,stage2,1372.16432850804;1372.1526162922;1372.26393748641;1371.08223253018;1370.94698566947;1371.26986574007;1371.24257524297;1370.8890940978;1370.978147685;1369.87479714841;1370.88311934159;1371.36260907868;1372.26609612102;1372.2640346145,proposed_likelihood,stage2,3,3.3769377559633735,0.37693775596337353,0.4,0.551507472582694,0.15150747258269393,-0.7,1.489831308642665,2.189831308642665,0.7,1.4925821305300957,0.7925821305300957,0.5,1.4783583450033952,0.9783583450033952,0.5,1.4783583450033952,NA,NA,NA,-0.7,-1.3087251507687234,-0.6087251507687235,0.15,0.14642773693168754,-0.00357226306831245,1,1.0971761179205557,0.09717611792055549,5,4.62074514416136,-0.3792548558386404,1.5,1.5593437277290725,0.05934372772907248,0.8,0.731129966553831,-0.06887003344616904,53.98530806880353,53.985308068803505,2.842170943040401e-14,NA,NA,NA,NA,NA,NA,NA,NA,NA,NA,NA,NA,NA,NA,NA,NA,NA,NA,NA,NA,NA,NA,NA,NA,NA,NA,NA,NA,NA,NA,NA,NA,NA,NA,NA,NA,NA,NA,NA,NA,NA,NA,NA,NA,NA,NA,NA,NA,NA,NA,NA,NA,NA,NA,NA,NA,NA,NA,NA,NA,NA,NA,NA,NA,NA,NA,NA,NA,NA,NA,NA,NA,NA,NA,NA,NA,NA,NA,NA,NA,NA,NA,NA,NA,NA,NA,NA,NA,NA,NA,NA,NA,NA,NA,NA,NA,NA,NA,NA,NA,NA,NA,true,TRUE,TRUE,2761.744399216539,2815.7297072853426,2762.011605694272,53.98530806880353,53.98530806880353,11.000000000000005,FALSE,16132.807,TRUE,TRUE,TRUE
hidden_truncation_skewness,hidden-truncation skewness,ESN,EST,11,1000,353,0.353,0.6333122229259025,TRUE,TRUE,TRUE,0,CONVERGENCE: REL_REDUCTION_OF_F <= FACTR*EPSMCH,-1380.7153434489596,2785.4306868979193,2844.323750245705,2785.7467963204117,12,17705.833000000002,NA,NA,NA,NA,34,stage2,1380.71552157874;1e+12;1e+12;1380.71535119683;1e+12;1e+12;1380.71561096713;1e+12;1e+12;1380.74045082007;1e+12;1e+12;1380.7242920247;1e+12;1e+12;1380.72338598729;1e+12;1e+12;1380.72313466739;1e+12;1e+12;1380.74149366411;1e+12;1e+12;1380.73385267117;1e+12;1e+12;1380.71922597814;1e+12;1e+12;1380.71536212762;1e+12;1e+12;1380.71534923905;1e+12;1e+12;1380.99913993171;1e+12;1e+12;1380.71537975518;1e+12;1e+12,proposed_likelihood,stage2,3,3.299211048035281,0.2992110480352812,0.4,0.6968969002082269,0.2968969002082269,-0.7,-1.0263221467463224,-0.32632214674632243,0.7,-0.5538781424064243,-1.2538781424064245,0.5,1.4925821305300957,0.9925821305300956,0.5,1.4925821305300957,NA,4,NA,-0.7,-0.8774697654312588,-0.1774697654312588,0.15,0.1589686819844354,0.0089686819844354,1,1.1673778315689396,0.1673778315689396,5,6.127921548462218,1.1279215484622176,1.5,1.635474194251106,0.13547419425110596,0.8,0.7104658801959702,-0.08953411980402981,58.893063347785755,58.89306334778564,1.1368683772161603e-13,NA,NA,NA,NA,NA,NA,NA,NA,NA,NA,NA,NA,NA,NA,NA,NA,NA,NA,NA,NA,NA,NA,NA,NA,NA,NA,NA,NA,NA,NA,NA,NA,NA,NA,NA,NA,NA,NA,NA,NA,NA,NA,NA,NA,NA,NA,NA,NA,NA,NA,NA,NA,NA,NA,NA,NA,NA,NA,NA,NA,NA,NA,NA,NA,NA,NA,NA,NA,NA,NA,NA,NA,NA,NA,NA,NA,NA,NA,NA,NA,NA,NA,NA,NA,NA,NA,NA,NA,NA,NA,NA,NA,NA,NA,NA,NA,NA,NA,NA,NA,NA,NA,true,TRUE,TRUE,2785.4306868979193,2844.323750245705,2785.7467963204117,58.893063347785755,58.893063347785755,12.000000000000023,FALSE,17705.833000000002,FALSE,FALSE,TRUE
hidden_truncation_skewness,hidden-truncation skewness,ESN,NH,12,1000,346,0.346,0.6402048655569782,TRUE,TRUE,TRUE,0,NA,-1351.6897025069457,2719.3794050138913,2758.641447245748,2719.5247127838206,8,50.896,NA,2705.3794050138913,2710.2871602928735,1.000000000000017,NA,HeckmanEM,NA,raw_AIC_BIC_implied_logLik,finite_logLik_no_explicit_code,3,2.9156019141257477,-0.08439808587425235,0.4,0.5378411245978951,0.1378411245978951,-0.7,NA,NA,0.7,NA,NA,0.5,NA,NA,0.5,NA,NA,NA,NA,-0.7,-1.1141969448138171,-0.4141969448138172,0.15,0.14253939682941022,-0.00746060317058977,1,1.1580030689092942,0.15800306890929416,5,5.798944189996509,0.7989441899965088,1.5,1.676714589128465,0.17671458912846494,0.8,0.6865700405216417,-0.11342995947835832,39.26204223185687,39.262042231857095,-2.2737367544323206e-13,NA,NA,NA,NA,NA,NA,NA,NA,NA,NA,NA,NA,NA,NA,NA,NA,NA,NA,NA,NA,NA,NA,NA,NA,NA,NA,NA,NA,NA,NA,NA,NA,NA,NA,NA,NA,NA,NA,NA,NA,NA,NA,NA,NA,NA,NA,NA,NA,NA,NA,NA,NA,NA,NA,NA,NA,NA,NA,NA,NA,NA,NA,NA,NA,NA,NA,NA,NA,NA,NA,NA,NA,NA,NA,NA,NA,NA,NA,NA,NA,NA,NA,NA,NA,NA,NA,NA,NA,NA,NA,NA,NA,NA,NA,NA,NA,NA,NA,NA,NA,NA,NA,true,TRUE,TRUE,2719.3794050138913,2758.641447245748,2719.5247127838206,39.26204223185687,39.26204223185687,7.999999999999954,FALSE,50.896,NA,NA,NA
hidden_truncation_skewness,hidden-truncation skewness,ESN,HT,12,1000,346,0.346,0.6402048655569782,TRUE,TRUE,TRUE,0,NA,-1351.4640285270673,2720.9280570541346,2765.0978545649737,2721.1098752359526,9,38.181,NA,2704.9280570541346,2709.835812333117,1.000000000000017,NA,HeckmanEM,NA,raw_AIC_BIC_implied_logLik,finite_logLik_no_explicit_code,3,2.8213464630255687,-0.17865353697443132,0.4,0.5396324843175759,0.1396324843175759,-0.7,NA,NA,0.7,NA,NA,0.5,NA,NA,0.5,NA,NA,NA,NA,-0.7,-1.1345566070164557,-0.4345566070164557,0.15,0.1449747954621547,-0.00502520453784532,1,1.1796782118864912,0.17967821188649125,5,5.801789865285636,0.8017898652856363,1.5,1.6815870741465293,0.1815870741465293,0.8,0.6863273881907991,-0.11367261180920096,44.16979751083909,44.16979751083923,-1.4210854715202004e-13,NA,NA,NA,NA,NA,NA,NA,NA,NA,NA,NA,NA,NA,NA,NA,NA,NA,NA,NA,NA,NA,NA,NA,NA,NA,NA,NA,NA,NA,NA,NA,NA,NA,NA,NA,NA,NA,NA,NA,NA,NA,NA,NA,NA,NA,NA,NA,NA,NA,NA,NA,NA,NA,NA,NA,NA,NA,NA,NA,NA,NA,NA,NA,NA,NA,NA,NA,NA,NA,NA,NA,NA,NA,NA,NA,NA,NA,NA,NA,NA,NA,NA,NA,NA,NA,NA,NA,NA,NA,NA,NA,NA,NA,NA,NA,NA,NA,NA,NA,NA,NA,NA,true,TRUE,TRUE,2720.9280570541346,2765.0978545649737,2721.1098752359526,44.16979751083909,44.16979751083909,8.999999999999972,FALSE,38.181,NA,NA,NA
hidden_truncation_skewness,hidden-truncation skewness,ESN,CN,12,1000,346,0.346,0.6402048655569782,TRUE,TRUE,TRUE,0,NA,-1351.647467535416,2723.294935070832,2772.372487860653,2723.5173819869087,10,594.245,NA,2705.294935070832,2710.202690349814,1.000000000000017,NA,HeckmanEM,NA,raw_AIC_BIC_implied_logLik,finite_logLik_no_explicit_code,3,2.8680436591541367,-0.13195634084586327,0.4,0.5386351394001885,0.13863513940018846,-0.7,NA,NA,0.7,NA,NA,0.5,NA,NA,0.5,NA,NA,NA,NA,-0.7,-1.1289109114694316,-0.4289109114694316,0.15,0.14442293956774457,-0.00557706043225544,1,1.1733641786450524,0.17336417864505238,5,5.797928409158971,0.7979284091589713,1.5,1.6799841844201855,0.1799841844201855,0.8,0.6864061877252924,-0.11359381227470766,49.07755278982131,49.07755278982137,-5.684341886080802e-14,NA,NA,NA,NA,NA,NA,NA,NA,NA,NA,NA,NA,NA,NA,NA,NA,NA,NA,NA,NA,NA,NA,NA,NA,NA,NA,NA,NA,NA,NA,NA,NA,NA,NA,NA,NA,NA,NA,NA,NA,NA,NA,NA,NA,NA,NA,NA,NA,NA,NA,NA,NA,NA,NA,NA,NA,NA,NA,NA,NA,NA,NA,NA,NA,NA,NA,NA,NA,NA,NA,NA,NA,NA,NA,NA,NA,NA,NA,NA,NA,NA,NA,NA,NA,NA,NA,NA,NA,NA,NA,NA,NA,NA,NA,NA,NA,NA,NA,NA,NA,NA,NA,true,TRUE,TRUE,2723.294935070832,2772.372487860653,2723.5173819869087,49.07755278982131,49.07755278982131,9.999999999999988,FALSE,594.245,NA,NA,NA
hidden_truncation_skewness,hidden-truncation skewness,ESN,ESN,12,1000,346,0.346,0.6402048655569782,TRUE,TRUE,TRUE,0,CONVERGENCE: REL_REDUCTION_OF_F <= FACTR*EPSMCH,-1351.6219836460032,2725.2439672920063,2779.22927536081,2725.5111737697393,11,12997.683,NA,NA,NA,NA,8,stage2,1351.6893767371;1351.68878802674;1351.68977719144;1351.65104085597;1351.68530490324;1351.64897124206;1351.6627814501;1351.62675037906;1351.68848370158;1351.64859236279;1351.62578162807;1351.6895359133;1351.68922887704;1351.68970215407,proposed_likelihood,stage2,3,2.9464965052452357,-0.05350349475476435,0.4,0.4484887001672644,0.04848870016726436,-0.7,1.0241399283496089,1.7241399283496086,0.7,-0.602086486903108,-1.302086486903108,0.5,-0.9949366441429496,-1.4949366441429497,0.5,-0.9949366441429496,NA,NA,NA,-0.7,-1.7347108741533528,-1.0347108741533528,0.15,0.11700418293419088,-0.03299581706580912,1,0.9588017233213548,-0.04119827667864528,5,5.883621633661025,0.8836216336610248,1.5,1.6778180831835603,0.1778180831835603,0.8,0.683278760232502,-0.11672123976749804,53.98530806880353,53.985308068803505,2.842170943040401e-14,NA,NA,NA,NA,NA,NA,NA,NA,NA,NA,NA,NA,NA,NA,NA,NA,NA,NA,NA,NA,NA,NA,NA,NA,NA,NA,NA,NA,NA,NA,NA,NA,NA,NA,NA,NA,NA,NA,NA,NA,NA,NA,NA,NA,NA,NA,NA,NA,NA,NA,NA,NA,NA,NA,NA,NA,NA,NA,NA,NA,NA,NA,NA,NA,NA,NA,NA,NA,NA,NA,NA,NA,NA,NA,NA,NA,NA,NA,NA,NA,NA,NA,NA,NA,NA,NA,NA,NA,NA,NA,NA,NA,NA,NA,NA,NA,NA,NA,NA,NA,NA,NA,true,TRUE,TRUE,2725.2439672920063,2779.22927536081,2725.5111737697393,53.98530806880353,53.98530806880353,11.000000000000005,FALSE,12997.683,FALSE,FALSE,FALSE
hidden_truncation_skewness,hidden-truncation skewness,ESN,EST,12,1000,346,0.346,0.6402048655569782,TRUE,TRUE,TRUE,0,CONVERGENCE: REL_REDUCTION_OF_F <= FACTR*EPSMCH,-1355.4945520465697,2734.9891040931393,2793.882167440925,2735.3052135156317,12,18190.733,NA,NA,NA,NA,13,stage2,1355.49456279122;1e+12;1e+12;1355.49461563872;1e+12;1e+12;1355.50542831549;1e+12;1e+12;1355.50346877914;1e+12;1e+12;1355.49455247376;1e+12;1e+12;1355.50211378704;1e+12;1e+12;1355.4966621975;1e+12;1e+12;1355.50150220024;1e+12;1e+12;1355.50099105617;1e+12;1e+12;1355.49980243255;1e+12;1e+12;1355.49683074987;1e+12;1e+12;1355.50605127204;1e+12;1e+12;1355.49697226887;1e+12;1e+12;1355.49462675763;1e+12;1e+12,proposed_likelihood,stage2,3,3.196793158129192,0.19679315812919196,0.4,0.7368221572325059,0.33682215723250586,-0.7,-1.4925821305300957,-0.7925821305300957,0.7,-0.2005461274506268,-0.9005461274506268,0.5,1.4925821305300957,0.9925821305300956,0.5,1.4925821305300957,NA,4,NA,-0.7,-0.6502002206715761,0.04979977932842383,0.15,0.12417036087904404,-0.02582963912095595,1,0.999354751705628,-6.452482943720694e-4,5,6.322145569828452,1.322145569828452,1.5,1.6927252814900118,0.19272528149001175,0.8,0.6975331393104474,-0.10246686068955269,58.893063347785755,58.89306334778564,1.1368683772161603e-13,NA,NA,NA,NA,NA,NA,NA,NA,NA,NA,NA,NA,NA,NA,NA,NA,NA,NA,NA,NA,NA,NA,NA,NA,NA,NA,NA,NA,NA,NA,NA,NA,NA,NA,NA,NA,NA,NA,NA,NA,NA,NA,NA,NA,NA,NA,NA,NA,NA,NA,NA,NA,NA,NA,NA,NA,NA,NA,NA,NA,NA,NA,NA,NA,NA,NA,NA,NA,NA,NA,NA,NA,NA,NA,NA,NA,NA,NA,NA,NA,NA,NA,NA,NA,NA,NA,NA,NA,NA,NA,NA,NA,NA,NA,NA,NA,NA,NA,NA,NA,NA,NA,true,TRUE,TRUE,2734.9891040931393,2793.882167440925,2735.3052135156317,58.893063347785755,58.893063347785755,12.000000000000023,FALSE,18190.733,TRUE,FALSE,TRUE
hidden_truncation_skewness,hidden-truncation skewness,ESN,NH,13,1000,349,0.349,0.6418485237483954,TRUE,TRUE,TRUE,0,NA,-1357.4698849968856,2730.9397699937713,2770.2018122256286,2731.0850777637006,8,28.379,NA,2716.9397699937713,2721.8475252727535,1.000000000000017,NA,HeckmanEM,NA,raw_AIC_BIC_implied_logLik,finite_logLik_no_explicit_code,3,2.748959047938454,-0.2510409520615462,0.4,0.5064399580612174,0.10643995806121742,-0.7,NA,NA,0.7,NA,NA,0.5,NA,NA,0.5,NA,NA,NA,NA,-0.7,-0.9931697840454474,-0.29316978404544747,0.15,0.16206020554005013,0.01206020554005013,1,0.9532187716868908,-0.04678122831310916,5,5.622953098027378,0.6229530980273781,1.5,1.3950124484406965,-0.10498755155930373,0.8,0.8746634781045298,0.07466347810452978,39.26204223185732,39.262042231857095,2.2737367544323206e-13,NA,NA,NA,NA,NA,NA,NA,NA,NA,NA,NA,NA,NA,NA,NA,NA,NA,NA,NA,NA,NA,NA,NA,NA,NA,NA,NA,NA,NA,NA,NA,NA,NA,NA,NA,NA,NA,NA,NA,NA,NA,NA,NA,NA,NA,NA,NA,NA,NA,NA,NA,NA,NA,NA,NA,NA,NA,NA,NA,NA,NA,NA,NA,NA,NA,NA,NA,NA,NA,NA,NA,NA,NA,NA,NA,NA,NA,NA,NA,NA,NA,NA,NA,NA,NA,NA,NA,NA,NA,NA,NA,NA,NA,NA,NA,NA,NA,NA,NA,NA,NA,NA,true,TRUE,TRUE,2730.9397699937713,2770.2018122256286,2731.0850777637006,39.26204223185732,39.26204223185732,8.000000000000046,FALSE,28.379,NA,NA,NA
hidden_truncation_skewness,hidden-truncation skewness,ESN,HT,13,1000,349,0.349,0.6418485237483954,TRUE,TRUE,TRUE,0,NA,-1356.5891390447143,2731.1782780894287,2775.3480756002677,2731.3600962712467,9,146.868,NA,2715.1782780894287,2720.086033368411,1.000000000000017,NA,HeckmanEM,NA,raw_AIC_BIC_implied_logLik,finite_logLik_no_explicit_code,3,2.551486549116172,-0.4485134508838282,0.4,0.4835140570258218,0.08351405702582171,-0.7,NA,NA,0.7,NA,NA,0.5,NA,NA,0.5,NA,NA,NA,NA,-0.7,-1.021368169289072,-0.3213681692890722,0.15,0.16793995851899138,0.01793995851899138,1,0.9800068496932088,-0.01999315030679127,5,5.754837752758467,0.7548377527584673,1.5,1.364764108682796,-0.13523589131720404,0.8,0.8638293584169385,0.06382935841693849,44.16979751083909,44.16979751083923,-1.4210854715202004e-13,NA,NA,NA,NA,NA,NA,NA,NA,NA,NA,NA,NA,NA,NA,NA,NA,NA,NA,NA,NA,NA,NA,NA,NA,NA,NA,NA,NA,NA,NA,NA,NA,NA,NA,NA,NA,NA,NA,NA,NA,NA,NA,NA,NA,NA,NA,NA,NA,NA,NA,NA,NA,NA,NA,NA,NA,NA,NA,NA,NA,NA,NA,NA,NA,NA,NA,NA,NA,NA,NA,NA,NA,NA,NA,NA,NA,NA,NA,NA,NA,NA,NA,NA,NA,NA,NA,NA,NA,NA,NA,NA,NA,NA,NA,NA,NA,NA,NA,NA,NA,NA,NA,true,TRUE,TRUE,2731.1782780894287,2775.3480756002677,2731.3600962712467,44.16979751083909,44.16979751083909,8.999999999999972,FALSE,146.868,NA,NA,NA
hidden_truncation_skewness,hidden-truncation skewness,ESN,CN,13,1000,349,0.349,0.6418485237483954,TRUE,TRUE,TRUE,0,NA,-1356.5201968629506,2733.040393725901,2782.1179465157225,2733.262840641978,10,594.018,NA,2715.040393725901,2719.9481490048834,1.000000000000017,NA,HeckmanEM,NA,raw_AIC_BIC_implied_logLik,finite_logLik_no_explicit_code,3,2.5078255239089735,-0.4921744760910265,0.4,0.48893600156664646,0.08893600156664644,-0.7,NA,NA,0.7,NA,NA,0.5,NA,NA,0.5,NA,NA,NA,NA,-0.7,-1.0426399190817026,-0.34263991908170266,0.15,0.171167330643846,0.02116733064384601,1,0.9999657936498112,-3.420635018880347e-5,5,5.73563800581029,0.7356380058102898,1.5,1.3665247196818833,-0.13347528031811673,0.8,0.8628941414851272,0.06289414148512718,49.07755278982131,49.07755278982137,-5.684341886080802e-14,NA,NA,NA,NA,NA,NA,NA,NA,NA,NA,NA,NA,NA,NA,NA,NA,NA,NA,NA,NA,NA,NA,NA,NA,NA,NA,NA,NA,NA,NA,NA,NA,NA,NA,NA,NA,NA,NA,NA,NA,NA,NA,NA,NA,NA,NA,NA,NA,NA,NA,NA,NA,NA,NA,NA,NA,NA,NA,NA,NA,NA,NA,NA,NA,NA,NA,NA,NA,NA,NA,NA,NA,NA,NA,NA,NA,NA,NA,NA,NA,NA,NA,NA,NA,NA,NA,NA,NA,NA,NA,NA,NA,NA,NA,NA,NA,NA,NA,NA,NA,NA,NA,true,TRUE,TRUE,2733.040393725901,2782.1179465157225,2733.262840641978,49.07755278982131,49.07755278982131,9.999999999999988,FALSE,594.018,NA,NA,NA
hidden_truncation_skewness,hidden-truncation skewness,ESN,ESN,13,1000,349,0.349,0.6418485237483954,TRUE,TRUE,TRUE,0,CONVERGENCE: REL_REDUCTION_OF_F <= FACTR*EPSMCH,-1356.4782089306889,2734.9564178613778,2788.9417259301813,2735.2236243391108,11,19609.814,NA,NA,NA,NA,6,stage2,1356.53056132121;1356.51250014735;1356.55791520237;1356.52483183089;1356.57806452686;1356.51237712474;1356.57601076114;1356.55862144978;1356.57918212752;1357.29341095078;1356.51060876111;1356.53946811975;1356.57484192646;1357.46988464965,proposed_likelihood,stage2,3,4.062797416817138,1.062797416817138,0.4,0.5648332016932147,0.1648332016932147,-0.7,-0.5716334743427702,0.12836652565722972,0.7,-1.3444189068733257,-2.0444189068733256,0.5,-1.4343468373840282,-1.934346837384028,0.5,-1.4343468373840282,NA,NA,NA,-0.7,-0.5011603919707792,0.1988396080292207,0.15,0.154741231780222,0.00474123178022201,1,0.9032505501993104,-0.09674944980068956,5,10.000969886143992,5.0009698861439915,1.5,1.3791149289124485,-0.12088507108755152,0.8,0.8849629193059583,0.08496291930595823,53.98530806880353,53.985308068803505,2.842170943040401e-14,NA,NA,NA,NA,NA,NA,NA,NA,NA,NA,NA,NA,NA,NA,NA,NA,NA,NA,NA,NA,NA,NA,NA,NA,NA,NA,NA,NA,NA,NA,NA,NA,NA,NA,NA,NA,NA,NA,NA,NA,NA,NA,NA,NA,NA,NA,NA,NA,NA,NA,NA,NA,NA,NA,NA,NA,NA,NA,NA,NA,NA,NA,NA,NA,NA,NA,NA,NA,NA,NA,NA,NA,NA,NA,NA,NA,NA,NA,NA,NA,NA,NA,NA,NA,NA,NA,NA,NA,NA,NA,NA,NA,NA,NA,NA,NA,NA,NA,NA,NA,NA,NA,true,TRUE,TRUE,2734.9564178613778,2788.9417259301813,2735.2236243391108,53.98530806880353,53.98530806880353,11.000000000000005,FALSE,19609.814,FALSE,FALSE,TRUE
hidden_truncation_skewness,hidden-truncation skewness,ESN,EST,13,1000,349,0.349,0.6418485237483954,TRUE,TRUE,TRUE,0,CONVERGENCE: REL_REDUCTION_OF_F <= FACTR*EPSMCH,-1356.6750547168797,2737.350109433759,2796.2431727815447,2737.6662188562514,12,16505.708000000002,NA,NA,NA,NA,4,stage2,1356.67756515708;1e+12;1e+12;1356.67505480584;1e+12;1e+12;1356.67516323364;1e+12;1e+12;1356.67784568427;1e+12;1e+12;1356.67856800135;1e+12;1e+12;1356.67918086135;1e+12;1e+12;1356.6769795499;1e+12;1e+12;1356.67752959788;1e+12;1e+12;1356.70328694728;1e+12;1e+12;1356.67751676538;1e+12;1e+12;1356.67651499995;1e+12;1e+12;1356.67632076832;1e+12;1e+12;1356.68396062464;1e+12;1e+12;1356.67575023884;1e+12;1e+12,proposed_likelihood,stage2,3,3.3998120363756668,0.3998120363756667,0.4,0.7526987740067127,0.3526987740067127,-0.7,-1.4915364910266176,-0.7915364910266176,0.7,-0.8301542913637221,-1.530154291363722,0.5,1.4925821305300957,0.9925821305300956,0.5,1.4925821305300957,NA,4,NA,-0.7,-0.5627514534411735,0.13724854655882646,0.15,0.14768602182078003,-0.00231397817921996,1,0.8259082022285001,-0.17409179777149986,5,6.474121691208416,1.474121691208416,1.5,1.3271649751219874,-0.1728350248780126,0.8,0.8782214332196616,0.07822143321966157,58.893063347785755,58.89306334778564,1.1368683772161603e-13,NA,NA,NA,NA,NA,NA,NA,NA,NA,NA,NA,NA,NA,NA,NA,NA,NA,NA,NA,NA,NA,NA,NA,NA,NA,NA,NA,NA,NA,NA,NA,NA,NA,NA,NA,NA,NA,NA,NA,NA,NA,NA,NA,NA,NA,NA,NA,NA,NA,NA,NA,NA,NA,NA,NA,NA,NA,NA,NA,NA,NA,NA,NA,NA,NA,NA,NA,NA,NA,NA,NA,NA,NA,NA,NA,NA,NA,NA,NA,NA,NA,NA,NA,NA,NA,NA,NA,NA,NA,NA,NA,NA,NA,NA,NA,NA,NA,NA,NA,NA,NA,NA,true,TRUE,TRUE,2737.3501094337594,2796.243172781545,2737.666218856252,58.893063347785755,58.893063347785755,12.000000000000023,FALSE,16505.708000000002,TRUE,FALSE,TRUE
hidden_truncation_skewness,hidden-truncation skewness,ESN,NH,14,1000,329,0.329,0.6389776357827476,TRUE,TRUE,TRUE,0,NA,-1290.0082957779969,2596.0165915559937,2635.2786337878506,2596.161899325923,8,70.584,NA,2582.0165915559937,2586.924346834976,1.000000000000017,NA,HeckmanEM,NA,raw_AIC_BIC_implied_logLik,finite_logLik_no_explicit_code,3,2.8303236016174873,-0.1696763983825127,0.4,0.5459732856314782,0.14597328563147816,-0.7,NA,NA,0.7,NA,NA,0.5,NA,NA,0.5,NA,NA,NA,NA,-0.7,-1.0731570682120788,-0.3731570682120789,0.15,0.17511069702245058,0.02511069702245058,1,1.0392886895973057,0.03928868959730569,5,5.709948839922361,0.7099488399223608,1.5,1.6042405925155396,0.10424059251553965,0.8,0.6562758928456012,-0.14372410715439887,39.26204223185687,39.262042231857095,-2.2737367544323206e-13,NA,NA,NA,NA,NA,NA,NA,NA,NA,NA,NA,NA,NA,NA,NA,NA,NA,NA,NA,NA,NA,NA,NA,NA,NA,NA,NA,NA,NA,NA,NA,NA,NA,NA,NA,NA,NA,NA,NA,NA,NA,NA,NA,NA,NA,NA,NA,NA,NA,NA,NA,NA,NA,NA,NA,NA,NA,NA,NA,NA,NA,NA,NA,NA,NA,NA,NA,NA,NA,NA,NA,NA,NA,NA,NA,NA,NA,NA,NA,NA,NA,NA,NA,NA,NA,NA,NA,NA,NA,NA,NA,NA,NA,NA,NA,NA,NA,NA,NA,NA,NA,NA,true,TRUE,TRUE,2596.0165915559937,2635.2786337878506,2596.161899325923,39.26204223185687,39.26204223185687,7.999999999999954,FALSE,70.584,NA,NA,NA
hidden_truncation_skewness,hidden-truncation skewness,ESN,HT,14,1000,329,0.329,0.6389776357827476,TRUE,TRUE,TRUE,0,NA,-1290.038710732976,2598.077421465952,2642.247218976791,2598.25923964777,9,107.032,NA,2582.077421465952,2586.985176744934,1.000000000000017,NA,HeckmanEM,NA,raw_AIC_BIC_implied_logLik,finite_logLik_no_explicit_code,3,2.8083085903633545,-0.19169140963664555,0.4,0.5465475884382267,0.14654758843822668,-0.7,NA,NA,0.7,NA,NA,0.5,NA,NA,0.5,NA,NA,NA,NA,-0.7,-1.0777116364288029,-0.3777116364288029,0.15,0.17568785596150344,0.02568785596150344,1,1.044184203665412,0.04418420366541187,5,5.71188786747088,0.71188786747088,1.5,1.6024233070565923,0.10242330705659251,0.8,0.6566294742651897,-0.14337052573481035,44.16979751083909,44.16979751083923,-1.4210854715202004e-13,NA,NA,NA,NA,NA,NA,NA,NA,NA,NA,NA,NA,NA,NA,NA,NA,NA,NA,NA,NA,NA,NA,NA,NA,NA,NA,NA,NA,NA,NA,NA,NA,NA,NA,NA,NA,NA,NA,NA,NA,NA,NA,NA,NA,NA,NA,NA,NA,NA,NA,NA,NA,NA,NA,NA,NA,NA,NA,NA,NA,NA,NA,NA,NA,NA,NA,NA,NA,NA,NA,NA,NA,NA,NA,NA,NA,NA,NA,NA,NA,NA,NA,NA,NA,NA,NA,NA,NA,NA,NA,NA,NA,NA,NA,NA,NA,NA,NA,NA,NA,NA,NA,true,TRUE,TRUE,2598.077421465952,2642.247218976791,2598.25923964777,44.16979751083909,44.16979751083909,8.999999999999972,FALSE,107.032,NA,NA,NA
hidden_truncation_skewness,hidden-truncation skewness,ESN,CN,14,1000,329,0.329,0.6389776357827476,TRUE,TRUE,TRUE,0,NA,-1290.0083274011458,2600.0166548022917,2649.094207592113,2600.2391017183686,10,606.5820000000001,NA,2582.0166548022917,2586.924410081274,1.000000000000017,NA,HeckmanEM,NA,raw_AIC_BIC_implied_logLik,finite_logLik_no_explicit_code,3,2.829402089788331,-0.17059791021166903,0.4,0.5461833428559193,0.14618334285591927,-0.7,NA,NA,0.7,NA,NA,0.5,NA,NA,0.5,NA,NA,NA,NA,-0.7,-1.0735502384505191,-0.3735502384505194,0.15,0.17517282848902008,0.02517282848902008,1,1.0396646665618132,0.03966466656181322,5,5.709241645496535,0.7092416454965349,1.5,1.6042373238817804,0.10423732388178042,0.8,0.6562796571871485,-0.1437203428128515,49.07755278982131,49.07755278982137,-5.684341886080802e-14,NA,NA,NA,NA,NA,NA,NA,NA,NA,NA,NA,NA,NA,NA,NA,NA,NA,NA,NA,NA,NA,NA,NA,NA,NA,NA,NA,NA,NA,NA,NA,NA,NA,NA,NA,NA,NA,NA,NA,NA,NA,NA,NA,NA,NA,NA,NA,NA,NA,NA,NA,NA,NA,NA,NA,NA,NA,NA,NA,NA,NA,NA,NA,NA,NA,NA,NA,NA,NA,NA,NA,NA,NA,NA,NA,NA,NA,NA,NA,NA,NA,NA,NA,NA,NA,NA,NA,NA,NA,NA,NA,NA,NA,NA,NA,NA,NA,NA,NA,NA,NA,NA,true,TRUE,TRUE,2600.0166548022917,2649.094207592113,2600.2391017183686,49.07755278982131,49.07755278982131,9.999999999999988,FALSE,606.5820000000001,NA,NA,NA
hidden_truncation_skewness,hidden-truncation skewness,ESN,ESN,14,1000,329,0.329,0.6389776357827476,TRUE,TRUE,TRUE,0,CONVERGENCE: REL_REDUCTION_OF_F <= FACTR*EPSMCH,-1289.6087685364794,2601.2175370729587,2655.2028451417623,2601.4847435506917,11,15252.833,NA,NA,NA,NA,1,stage2,1289.61175775988;1289.63630394845;1289.62620060604;1289.61978827447;1289.62202295696;1289.62100078184;1289.62189768771;1289.62745903467;1289.61537985802;1289.96247672149;1289.62936670102;1289.63397161982;1289.62425638695;1290.0082954498,proposed_likelihood,stage2,3,3.756898848620605,0.7568988486206045,0.4,0.6463075113642944,0.2463075113642944,-0.7,-0.69637945052555,0.00362054947445,0.7,-0.901017714060721,-1.601017714060721,0.5,-0.33731979425394243,-0.8373197942539424,0.5,-0.33731979425394243,NA,NA,NA,-0.7,-0.5563651976934432,0.1436348023065568,0.15,0.1608961125003815,0.0108961125003815,1,0.9562870832469316,-0.04371291675306832,5,8.26492676041842,3.2649267604184207,1.5,1.6051165717026807,0.10511657170268074,0.8,0.6649452283718345,-0.1350547716281656,53.98530806880353,53.985308068803505,2.842170943040401e-14,NA,NA,NA,NA,NA,NA,NA,NA,NA,NA,NA,NA,NA,NA,NA,NA,NA,NA,NA,NA,NA,NA,NA,NA,NA,NA,NA,NA,NA,NA,NA,NA,NA,NA,NA,NA,NA,NA,NA,NA,NA,NA,NA,NA,NA,NA,NA,NA,NA,NA,NA,NA,NA,NA,NA,NA,NA,NA,NA,NA,NA,NA,NA,NA,NA,NA,NA,NA,NA,NA,NA,NA,NA,NA,NA,NA,NA,NA,NA,NA,NA,NA,NA,NA,NA,NA,NA,NA,NA,NA,NA,NA,NA,NA,NA,NA,NA,NA,NA,NA,NA,NA,true,TRUE,TRUE,2601.2175370729587,2655.2028451417623,2601.4847435506917,53.98530806880353,53.98530806880353,11.000000000000005,FALSE,15252.833,FALSE,FALSE,FALSE
hidden_truncation_skewness,hidden-truncation skewness,ESN,EST,14,1000,329,0.329,0.6389776357827476,TRUE,TRUE,TRUE,0,CONVERGENCE: REL_REDUCTION_OF_F <= FACTR*EPSMCH,-1294.6646857125331,2613.3293714250663,2672.222434772852,2613.6454808475587,12,15833.199,NA,NA,NA,NA,28,stage2,1294.66478856961;1e+12;1e+12;1294.66585066622;1e+12;1e+12;1294.66470155853;1e+12;1e+12;1294.66610513158;1e+12;1e+12;1294.66988042653;1e+12;1e+12;1294.66568068688;1e+12;1e+12;1294.66815633694;1e+12;1e+12;1294.66523759526;1e+12;1e+12;1294.6647667035;1e+12;1e+12;1294.66468960769;1e+12;1e+12;1294.66520603571;1e+12;1e+12;1294.66844457443;1e+12;1e+12;1294.67978216299;1e+12;1e+12;1294.67449751432;1e+12;1e+12,proposed_likelihood,stage2,3,3.561394066308887,0.5613940663088872,0.4,0.8025117382350602,0.40251173823506015,-0.7,-1.492483774470002,-0.7924837744700022,0.7,-0.5995095360883943,-1.299509536088394,0.5,1.4925821305300957,0.9925821305300956,0.5,1.4925821305300957,NA,4,NA,-0.7,-0.6201530703662266,0.07984692963377338,0.15,0.14769238616432384,-0.00230761383567615,1,0.9050506207605562,-0.0949493792394438,5,6.304040005059768,1.3040400050597682,1.5,1.568719734763722,0.06871973476372206,0.8,0.6804401433559689,-0.11955985664403113,58.893063347785755,58.89306334778564,1.1368683772161603e-13,NA,NA,NA,NA,NA,NA,NA,NA,NA,NA,NA,NA,NA,NA,NA,NA,NA,NA,NA,NA,NA,NA,NA,NA,NA,NA,NA,NA,NA,NA,NA,NA,NA,NA,NA,NA,NA,NA,NA,NA,NA,NA,NA,NA,NA,NA,NA,NA,NA,NA,NA,NA,NA,NA,NA,NA,NA,NA,NA,NA,NA,NA,NA,NA,NA,NA,NA,NA,NA,NA,NA,NA,NA,NA,NA,NA,NA,NA,NA,NA,NA,NA,NA,NA,NA,NA,NA,NA,NA,NA,NA,NA,NA,NA,NA,NA,NA,NA,NA,NA,NA,NA,true,TRUE,TRUE,2613.3293714250663,2672.222434772852,2613.6454808475587,58.893063347785755,58.893063347785755,12.000000000000023,FALSE,15833.199,TRUE,FALSE,TRUE
hidden_truncation_skewness,hidden-truncation skewness,ESN,NH,15,1000,343,0.343,0.6389776357827476,TRUE,TRUE,TRUE,0,NA,-1305.873588612937,2627.747177225874,2667.009219457731,2627.892484995803,8,81.089,NA,2613.747177225874,2618.6549325048563,1.000000000000017,NA,HeckmanEM,NA,raw_AIC_BIC_implied_logLik,finite_logLik_no_explicit_code,3,2.720901430300919,-0.2790985696990811,0.4,0.4984372933553563,0.09843729335535634,-0.7,NA,NA,0.7,NA,NA,0.5,NA,NA,0.5,NA,NA,NA,NA,-0.7,-1.1198265884056833,-0.4198265884056833,0.15,0.17713643104542867,0.02713643104542867,1,1.1399671764191155,0.1399671764191155,5,5.3641501977328065,0.36415019773280655,1.5,1.5081717616902877,0.00817176169028766,0.8,0.9074642191096252,0.10746421910962511,39.26204223185687,39.262042231857095,-2.2737367544323206e-13,NA,NA,NA,NA,NA,NA,NA,NA,NA,NA,NA,NA,NA,NA,NA,NA,NA,NA,NA,NA,NA,NA,NA,NA,NA,NA,NA,NA,NA,NA,NA,NA,NA,NA,NA,NA,NA,NA,NA,NA,NA,NA,NA,NA,NA,NA,NA,NA,NA,NA,NA,NA,NA,NA,NA,NA,NA,NA,NA,NA,NA,NA,NA,NA,NA,NA,NA,NA,NA,NA,NA,NA,NA,NA,NA,NA,NA,NA,NA,NA,NA,NA,NA,NA,NA,NA,NA,NA,NA,NA,NA,NA,NA,NA,NA,NA,NA,NA,NA,NA,NA,NA,true,TRUE,TRUE,2627.747177225874,2667.009219457731,2627.8924849958034,39.26204223185687,39.26204223185687,7.999999999999954,FALSE,81.089,NA,NA,NA
hidden_truncation_skewness,hidden-truncation skewness,ESN,HT,15,1000,343,0.343,0.6389776357827476,TRUE,TRUE,TRUE,0,NA,-1306.0078084301235,2630.015616860247,2674.185414371086,2630.197435042065,9,120.925,NA,2614.015616860247,2618.9233721392293,1.000000000000017,NA,HeckmanEM,NA,raw_AIC_BIC_implied_logLik,finite_logLik_no_explicit_code,3,2.700208519271749,-0.2997914807282509,0.4,0.4978993267094251,0.09789932670942514,-0.7,NA,NA,0.7,NA,NA,0.5,NA,NA,0.5,NA,NA,NA,NA,-0.7,-1.1236860344972546,-0.4236860344972546,0.15,0.1777992912573505,0.0277992912573505,1,1.1436457582740305,0.14364575827403048,5,5.37305057903711,0.3730505790371099,1.5,1.5083977863228513,0.00839778632285126,0.8,0.9056465129074642,0.1056465129074642,44.16979751083909,44.16979751083923,-1.4210854715202004e-13,NA,NA,NA,NA,NA,NA,NA,NA,NA,NA,NA,NA,NA,NA,NA,NA,NA,NA,NA,NA,NA,NA,NA,NA,NA,NA,NA,NA,NA,NA,NA,NA,NA,NA,NA,NA,NA,NA,NA,NA,NA,NA,NA,NA,NA,NA,NA,NA,NA,NA,NA,NA,NA,NA,NA,NA,NA,NA,NA,NA,NA,NA,NA,NA,NA,NA,NA,NA,NA,NA,NA,NA,NA,NA,NA,NA,NA,NA,NA,NA,NA,NA,NA,NA,NA,NA,NA,NA,NA,NA,NA,NA,NA,NA,NA,NA,NA,NA,NA,NA,NA,NA,true,TRUE,TRUE,2630.015616860247,2674.185414371086,2630.197435042065,44.16979751083909,44.16979751083909,8.999999999999972,FALSE,120.925,NA,NA,NA
hidden_truncation_skewness,hidden-truncation skewness,ESN,CN,15,1000,343,0.343,0.6389776357827476,TRUE,TRUE,TRUE,0,NA,-1305.8735897023605,2631.747179404721,2680.824732194542,2631.9696263207975,10,319.138,NA,2613.747179404721,2618.654934683703,1.000000000000017,NA,HeckmanEM,NA,raw_AIC_BIC_implied_logLik,finite_logLik_no_explicit_code,3,2.7209048359970827,-0.27909516400291734,0.4,0.49861022983100894,0.09861022983100892,-0.7,NA,NA,0.7,NA,NA,0.5,NA,NA,0.5,NA,NA,NA,NA,-0.7,-1.1198597999778164,-0.4198597999778164,0.15,0.17713709156649515,0.02713709156649516,1,1.1400063619422385,0.14000636194223848,5,5.363642993732027,0.3636429937320269,1.5,1.5081615196089224,0.00816151960892241,0.8,0.9074649498438064,0.1074649498438065,49.07755278982131,49.07755278982137,-5.684341886080802e-14,NA,NA,NA,NA,NA,NA,NA,NA,NA,NA,NA,NA,NA,NA,NA,NA,NA,NA,NA,NA,NA,NA,NA,NA,NA,NA,NA,NA,NA,NA,NA,NA,NA,NA,NA,NA,NA,NA,NA,NA,NA,NA,NA,NA,NA,NA,NA,NA,NA,NA,NA,NA,NA,NA,NA,NA,NA,NA,NA,NA,NA,NA,NA,NA,NA,NA,NA,NA,NA,NA,NA,NA,NA,NA,NA,NA,NA,NA,NA,NA,NA,NA,NA,NA,NA,NA,NA,NA,NA,NA,NA,NA,NA,NA,NA,NA,NA,NA,NA,NA,NA,NA,true,TRUE,TRUE,2631.747179404721,2680.8247321945423,2631.969626320798,49.07755278982086,49.07755278982131,9.999999999999895,FALSE,319.138,NA,NA,NA
hidden_truncation_skewness,hidden-truncation skewness,ESN,ESN,15,1000,343,0.343,0.6389776357827476,TRUE,TRUE,TRUE,0,CONVERGENCE: REL_REDUCTION_OF_F <= FACTR*EPSMCH,-1304.801818252378,2631.6036365047557,2685.5889445735593,2631.8708429824887,11,13081.361,NA,NA,NA,NA,6,stage2,1304.8128370773;1304.80961857806;1304.81635460817;1304.80995237613;1304.81705637159;1304.80181966094;1304.81556106072;1304.81421054764;1304.8180224338;1305.26879979292;1304.81091242942;1304.8065869489;1304.81730623092;1305.87358825486,proposed_likelihood,stage2,3,3.459532078187214,0.45953207818721387,0.4,0.6255025233238888,0.22550252332388876,-0.7,-0.97718776063587,-0.27718776063587014,0.7,-0.91843600364976,-1.61843600364976,0.5,1.1682836688901908,0.6682836688901908,0.5,1.1682836688901908,NA,NA,NA,-0.7,-0.7848588824979285,-0.0848588824979285,0.15,0.16078707091119404,0.01078707091119404,1,1.036318917475508,0.036318917475508077,5,6.371157479169863,1.371157479169863,1.5,1.510648130059116,0.01064813005911613,0.8,0.90566844484686,0.10566844484686,53.98530806880353,53.985308068803505,2.842170943040401e-14,NA,NA,NA,NA,NA,NA,NA,NA,NA,NA,NA,NA,NA,NA,NA,NA,NA,NA,NA,NA,NA,NA,NA,NA,NA,NA,NA,NA,NA,NA,NA,NA,NA,NA,NA,NA,NA,NA,NA,NA,NA,NA,NA,NA,NA,NA,NA,NA,NA,NA,NA,NA,NA,NA,NA,NA,NA,NA,NA,NA,NA,NA,NA,NA,NA,NA,NA,NA,NA,NA,NA,NA,NA,NA,NA,NA,NA,NA,NA,NA,NA,NA,NA,NA,NA,NA,NA,NA,NA,NA,NA,NA,NA,NA,NA,NA,NA,NA,NA,NA,NA,NA,true,TRUE,TRUE,2631.603636504756,2685.5889445735597,2631.870842982489,53.98530806880353,53.98530806880353,11.000000000000005,FALSE,13081.361,FALSE,FALSE,FALSE
hidden_truncation_skewness,hidden-truncation skewness,ESN,EST,15,1000,343,0.343,0.6389776357827476,TRUE,TRUE,TRUE,0,CONVERGENCE: REL_REDUCTION_OF_F <= FACTR*EPSMCH,-1313.3646574867755,2650.729314973551,2709.622378321337,2651.0454243960435,12,14391.986,NA,NA,NA,NA,1,stage2,1313.36465781585;1e+12;1e+12;1313.36475355629;1e+12;1e+12;1313.36473096629;1e+12;1e+12;1313.36631152743;1e+12;1e+12;1313.36468911823;1e+12;1e+12;1313.36638810977;1e+12;1e+12;1313.36493101749;1e+12;1e+12;1313.36534467954;1e+12;1e+12;1313.36488109525;1e+12;1e+12;1313.36580181414;1e+12;1e+12;1313.36480871313;1e+12;1e+12;1313.36551850687;1e+12;1e+12;1313.36567331412;1e+12;1e+12;1313.36823987983;1e+12;1e+12,proposed_likelihood,stage2,3,3.3886659565757675,0.3886659565757675,0.4,0.7603682004290341,0.36036820042903406,-0.7,-1.492578922497826,-0.7925789224978259,0.7,-0.6737232105828381,-1.373723210582838,0.5,1.4925821305300957,0.9925821305300956,0.5,1.4925821305300957,NA,4,NA,-0.7,-0.6500544165401038,0.04994558345989619,0.15,0.15073919588179024,7.3919588179025e-4,1,0.9806639795640816,-0.01933602043591842,5,6.146463370048738,1.146463370048738,1.5,1.4917099689429718,-0.00829003105702819,0.8,0.871322408480476,0.071322408480476,58.893063347785755,58.89306334778564,1.1368683772161603e-13,NA,NA,NA,NA,NA,NA,NA,NA,NA,NA,NA,NA,NA,NA,NA,NA,NA,NA,NA,NA,NA,NA,NA,NA,NA,NA,NA,NA,NA,NA,NA,NA,NA,NA,NA,NA,NA,NA,NA,NA,NA,NA,NA,NA,NA,NA,NA,NA,NA,NA,NA,NA,NA,NA,NA,NA,NA,NA,NA,NA,NA,NA,NA,NA,NA,NA,NA,NA,NA,NA,NA,NA,NA,NA,NA,NA,NA,NA,NA,NA,NA,NA,NA,NA,NA,NA,NA,NA,NA,NA,NA,NA,NA,NA,NA,NA,NA,NA,NA,NA,NA,NA,true,TRUE,TRUE,2650.729314973551,2709.622378321337,2651.0454243960435,58.893063347785755,58.893063347785755,12.000000000000023,FALSE,14391.986,TRUE,FALSE,TRUE
hidden_truncation_skewness,hidden-truncation skewness,ESN,NH,16,1000,347,0.347,0.6341154090044389,TRUE,TRUE,TRUE,0,NA,-1341.6951986386014,2699.3903972772027,2738.65243950906,2699.535705047132,8,83.028,NA,2685.3903972772027,2690.298152556185,1.000000000000017,NA,HeckmanEM,NA,raw_AIC_BIC_implied_logLik,finite_logLik_no_explicit_code,3,2.869462291945648,-0.13053770805435194,0.4,0.5231542780465739,0.12315427804657386,-0.7,NA,NA,0.7,NA,NA,0.5,NA,NA,0.5,NA,NA,NA,NA,-0.7,-1.0547688158708382,-0.3547688158708382,0.15,0.16735885033497294,0.01735885033497294,1,1.142326864059173,0.14232686405917305,5,5.425334345236306,0.4253343452363056,1.5,1.704706461901662,0.20470646190166208,0.8,0.7790634625394723,-0.0209365374605277,39.26204223185732,39.262042231857095,2.2737367544323206e-13,NA,NA,NA,NA,NA,NA,NA,NA,NA,NA,NA,NA,NA,NA,NA,NA,NA,NA,NA,NA,NA,NA,NA,NA,NA,NA,NA,NA,NA,NA,NA,NA,NA,NA,NA,NA,NA,NA,NA,NA,NA,NA,NA,NA,NA,NA,NA,NA,NA,NA,NA,NA,NA,NA,NA,NA,NA,NA,NA,NA,NA,NA,NA,NA,NA,NA,NA,NA,NA,NA,NA,NA,NA,NA,NA,NA,NA,NA,NA,NA,NA,NA,NA,NA,NA,NA,NA,NA,NA,NA,NA,NA,NA,NA,NA,NA,NA,NA,NA,NA,NA,NA,true,TRUE,TRUE,2699.3903972772027,2738.65243950906,2699.535705047132,39.26204223185732,39.26204223185732,8.000000000000046,FALSE,83.028,NA,NA,NA
hidden_truncation_skewness,hidden-truncation skewness,ESN,HT,16,1000,347,0.347,0.6341154090044389,TRUE,TRUE,TRUE,0,NA,-1341.6624734152629,2701.3249468305257,2745.494744341365,2701.5067650123437,9,123.888,NA,2685.3249468305257,2690.232702109508,1.000000000000017,NA,HeckmanEM,NA,raw_AIC_BIC_implied_logLik,finite_logLik_no_explicit_code,3,2.8282981747534555,-0.17170182524654454,0.4,0.5231882172853799,0.12318821728537988,-0.7,NA,NA,0.7,NA,NA,0.5,NA,NA,0.5,NA,NA,NA,NA,-0.7,-1.0631307432021773,-0.3631307432021773,0.15,0.16876898438523416,0.01876898438523416,1,1.1510906813968995,0.15109068139689974,5,5.418556107888017,0.41855610788801734,1.5,1.7001501410683504,0.2001501410683504,0.8,0.7849185661480274,-0.01508143385197269,44.16979751083909,44.16979751083923,-1.4210854715202004e-13,NA,NA,NA,NA,NA,NA,NA,NA,NA,NA,NA,NA,NA,NA,NA,NA,NA,NA,NA,NA,NA,NA,NA,NA,NA,NA,NA,NA,NA,NA,NA,NA,NA,NA,NA,NA,NA,NA,NA,NA,NA,NA,NA,NA,NA,NA,NA,NA,NA,NA,NA,NA,NA,NA,NA,NA,NA,NA,NA,NA,NA,NA,NA,NA,NA,NA,NA,NA,NA,NA,NA,NA,NA,NA,NA,NA,NA,NA,NA,NA,NA,NA,NA,NA,NA,NA,NA,NA,NA,NA,NA,NA,NA,NA,NA,NA,NA,NA,NA,NA,NA,NA,true,TRUE,TRUE,2701.3249468305257,2745.494744341365,2701.5067650123437,44.16979751083909,44.16979751083909,8.999999999999972,FALSE,123.888,NA,NA,NA
hidden_truncation_skewness,hidden-truncation skewness,ESN,CN,16,1000,347,0.347,0.6341154090044389,TRUE,TRUE,TRUE,0,NA,-1341.6947595924748,2703.3895191849497,2752.467071974771,2703.6119661010266,10,507.993,NA,2685.3895191849497,2690.297274463932,1.000000000000017,NA,HeckmanEM,NA,raw_AIC_BIC_implied_logLik,finite_logLik_no_explicit_code,3,2.862817374031811,-0.13718262596818898,0.4,0.5233634981715168,0.12336349817151682,-0.7,NA,NA,0.7,NA,NA,0.5,NA,NA,0.5,NA,NA,NA,NA,-0.7,-1.0570846066924389,-0.3570846066924389,0.15,0.16772751800003677,0.01772751800003677,1,1.1448204580293782,0.14482045802937815,5,5.424449204632354,0.4244492046323538,1.5,1.7046313562748134,0.20463135627481344,0.8,0.7792300733482217,-0.02076992665177834,49.07755278982131,49.07755278982137,-5.684341886080802e-14,NA,NA,NA,NA,NA,NA,NA,NA,NA,NA,NA,NA,NA,NA,NA,NA,NA,NA,NA,NA,NA,NA,NA,NA,NA,NA,NA,NA,NA,NA,NA,NA,NA,NA,NA,NA,NA,NA,NA,NA,NA,NA,NA,NA,NA,NA,NA,NA,NA,NA,NA,NA,NA,NA,NA,NA,NA,NA,NA,NA,NA,NA,NA,NA,NA,NA,NA,NA,NA,NA,NA,NA,NA,NA,NA,NA,NA,NA,NA,NA,NA,NA,NA,NA,NA,NA,NA,NA,NA,NA,NA,NA,NA,NA,NA,NA,NA,NA,NA,NA,NA,NA,true,TRUE,TRUE,2703.3895191849497,2752.467071974771,2703.6119661010266,49.07755278982131,49.07755278982131,9.999999999999988,FALSE,507.993,NA,NA,NA
hidden_truncation_skewness,hidden-truncation skewness,ESN,ESN,16,1000,347,0.347,0.6341154090044389,TRUE,TRUE,TRUE,0,CONVERGENCE: REL_REDUCTION_OF_F <= FACTR*EPSMCH,-1340.7080391390157,2703.416078278031,2757.4013863468344,2703.683284755764,11,12209.917,NA,NA,NA,NA,11,stage2,1341.69020953236;1341.68721584929;1341.69417920255;1341.68786883466;1341.23989103949;1341.68946167332;1341.68830511501;1341.04158498538;1341.01878365008;1341.69104723552;1340.87422124105;1341.68849433744;1341.69258106281;1341.69519832129,proposed_likelihood,stage2,3,2.939769116886685,-0.06023088311331515,0.4,0.5476873845539123,0.14768738455391228,-0.7,1.4925821305300957,2.192582130530096,0.7,-0.3035917394784849,-1.0035917394784848,0.5,0.6747256972904386,0.17472569729043863,0.5,0.6747256972904386,NA,NA,NA,-0.7,-1.3162730899125523,-0.6162730899125524,0.15,0.1388277318229811,-0.01117226817701888,1,0.9444614738771144,-0.05553852612288546,5,4.896755868323868,-0.10324413167613232,1.5,1.7038144888132507,0.2038144888132507,0.8,0.7797558230775352,-0.02024417692246483,53.98530806880353,53.985308068803505,2.842170943040401e-14,NA,NA,NA,NA,NA,NA,NA,NA,NA,NA,NA,NA,NA,NA,NA,NA,NA,NA,NA,NA,NA,NA,NA,NA,NA,NA,NA,NA,NA,NA,NA,NA,NA,NA,NA,NA,NA,NA,NA,NA,NA,NA,NA,NA,NA,NA,NA,NA,NA,NA,NA,NA,NA,NA,NA,NA,NA,NA,NA,NA,NA,NA,NA,NA,NA,NA,NA,NA,NA,NA,NA,NA,NA,NA,NA,NA,NA,NA,NA,NA,NA,NA,NA,NA,NA,NA,NA,NA,NA,NA,NA,NA,NA,NA,NA,NA,NA,NA,NA,NA,NA,NA,true,TRUE,TRUE,2703.4160782780314,2757.401386346835,2703.6832847557644,53.98530806880353,53.98530806880353,11.000000000000005,FALSE,12209.917,TRUE,FALSE,FALSE
hidden_truncation_skewness,hidden-truncation skewness,ESN,EST,16,1000,347,0.347,0.6341154090044389,TRUE,TRUE,TRUE,0,CONVERGENCE: REL_REDUCTION_OF_F <= FACTR*EPSMCH,-1346.8987780270284,2717.7975560540567,2776.6906194018425,2718.113665476549,12,18283.871,NA,NA,NA,NA,1,stage2,1346.89877823622;1e+12;1e+12;1346.90029788242;1e+12;1e+12;1346.90247929681;1e+12;1e+12;1346.92936918707;1e+12;1e+12;1346.90354242615;1e+12;1e+12;1346.89897679152;1e+12;1e+12;1346.93642232175;1e+12;1e+12;1346.89878963832;1e+12;1e+12;1346.9029228433;1e+12;1e+12;1346.90384982367;1e+12;1e+12;1346.90255983181;1e+12;1e+12;1346.89877975744;1e+12;1e+12;1346.90176223146;1e+12;1e+12;1346.89878413738;1e+12;1e+12,proposed_likelihood,stage2,3,2.9846419283391783,-0.0153580716608217,0.4,0.6834413067882591,0.2834413067882591,-0.7,-0.8614647935611691,-0.16146479356116916,0.7,-0.577905415057824,-1.277905415057824,0.5,1.4925821305300957,0.9925821305300956,0.5,1.4925821305300957,NA,4,NA,-0.7,-0.8523611384843012,-0.15236113848430122,0.15,0.16456804602460418,0.01456804602460418,1,1.1272591983045563,0.12725919830455634,5,5.7549783437790465,0.7549783437790465,1.5,1.651022625547535,0.1510226255475351,0.8,0.8390432717078434,0.03904327170784338,58.893063347785755,58.89306334778564,1.1368683772161603e-13,NA,NA,NA,NA,NA,NA,NA,NA,NA,NA,NA,NA,NA,NA,NA,NA,NA,NA,NA,NA,NA,NA,NA,NA,NA,NA,NA,NA,NA,NA,NA,NA,NA,NA,NA,NA,NA,NA,NA,NA,NA,NA,NA,NA,NA,NA,NA,NA,NA,NA,NA,NA,NA,NA,NA,NA,NA,NA,NA,NA,NA,NA,NA,NA,NA,NA,NA,NA,NA,NA,NA,NA,NA,NA,NA,NA,NA,NA,NA,NA,NA,NA,NA,NA,NA,NA,NA,NA,NA,NA,NA,NA,NA,NA,NA,NA,NA,NA,NA,NA,NA,NA,true,TRUE,TRUE,2717.7975560540567,2776.6906194018425,2718.113665476549,58.893063347785755,58.893063347785755,12.000000000000023,FALSE,18283.871,FALSE,FALSE,TRUE
hidden_truncation_skewness,hidden-truncation skewness,ESN,NH,17,1000,325,0.325,0.6381620931716656,TRUE,TRUE,TRUE,0,NA,-1277.9742391950922,2571.9484783901844,2611.2105206220413,2572.0937861601137,8,78.16,NA,2557.9484783901844,2562.8562336691666,1.000000000000017,NA,HeckmanEM,NA,raw_AIC_BIC_implied_logLik,finite_logLik_no_explicit_code,3,3.0606225760968497,0.06062257609684973,0.4,0.6921428998121711,0.2921428998121711,-0.7,NA,NA,0.7,NA,NA,0.5,NA,NA,0.5,NA,NA,NA,NA,-0.7,-1.0427342595753406,-0.34273425957534065,0.15,0.17232064104423614,0.02232064104423614,1,1.0084378066334438,0.00843780663344384,5,4.966989254506476,-0.03301074549352378,1.5,1.502928092896638,0.00292809289663797,0.8,0.7032653668289944,-0.0967346331710056,39.26204223185687,39.262042231857095,-2.2737367544323206e-13,NA,NA,NA,NA,NA,NA,NA,NA,NA,NA,NA,NA,NA,NA,NA,NA,NA,NA,NA,NA,NA,NA,NA,NA,NA,NA,NA,NA,NA,NA,NA,NA,NA,NA,NA,NA,NA,NA,NA,NA,NA,NA,NA,NA,NA,NA,NA,NA,NA,NA,NA,NA,NA,NA,NA,NA,NA,NA,NA,NA,NA,NA,NA,NA,NA,NA,NA,NA,NA,NA,NA,NA,NA,NA,NA,NA,NA,NA,NA,NA,NA,NA,NA,NA,NA,NA,NA,NA,NA,NA,NA,NA,NA,NA,NA,NA,NA,NA,NA,NA,NA,NA,true,TRUE,TRUE,2571.9484783901844,2611.2105206220413,2572.0937861601137,39.26204223185687,39.26204223185687,7.999999999999954,FALSE,78.16,NA,NA,NA
hidden_truncation_skewness,hidden-truncation skewness,ESN,HT,17,1000,325,0.325,0.6381620931716656,TRUE,TRUE,TRUE,0,NA,-1278.2117029565816,2574.423405913163,2618.5932034240022,2574.605224094981,9,124.819,NA,2558.423405913163,2563.3311611921454,1.000000000000017,NA,HeckmanEM,NA,raw_AIC_BIC_implied_logLik,finite_logLik_no_explicit_code,3,3.036464171883771,0.03646417188377082,0.4,0.6906640754415269,0.29066407544152684,-0.7,NA,NA,0.7,NA,NA,0.5,NA,NA,0.5,NA,NA,NA,NA,-0.7,-1.0461173314150565,-0.3461173314150565,0.15,0.17321483319875383,0.02321483319875383,1,1.0113823785430751,0.01138237854307533,5,4.974693029455201,-0.0253069705447988,1.5,1.5029987476212583,0.00299874762125851,0.8,0.7042419506190801,-0.09575804938091992,44.16979751083909,44.16979751083923,-1.4210854715202004e-13,NA,NA,NA,NA,NA,NA,NA,NA,NA,NA,NA,NA,NA,NA,NA,NA,NA,NA,NA,NA,NA,NA,NA,NA,NA,NA,NA,NA,NA,NA,NA,NA,NA,NA,NA,NA,NA,NA,NA,NA,NA,NA,NA,NA,NA,NA,NA,NA,NA,NA,NA,NA,NA,NA,NA,NA,NA,NA,NA,NA,NA,NA,NA,NA,NA,NA,NA,NA,NA,NA,NA,NA,NA,NA,NA,NA,NA,NA,NA,NA,NA,NA,NA,NA,NA,NA,NA,NA,NA,NA,NA,NA,NA,NA,NA,NA,NA,NA,NA,NA,NA,NA,true,TRUE,TRUE,2574.423405913163,2618.5932034240022,2574.605224094981,44.16979751083909,44.16979751083909,8.999999999999972,FALSE,124.819,NA,NA,NA
hidden_truncation_skewness,hidden-truncation skewness,ESN,CN,17,1000,325,0.325,0.6381620931716656,TRUE,TRUE,TRUE,0,NA,-1277.9742378387425,2575.948475677485,2625.0260284673063,2576.170922593562,10,199.545,NA,2557.948475677485,2562.8562309564672,1.000000000000017,NA,HeckmanEM,NA,raw_AIC_BIC_implied_logLik,finite_logLik_no_explicit_code,3,3.0602287773422385,0.06022877734223852,0.4,0.6919960228730359,0.29199602287303583,-0.7,NA,NA,0.7,NA,NA,0.5,NA,NA,0.5,NA,NA,NA,NA,-0.7,-1.04280968967786,-0.3428096896778601,0.15,0.17233886645361515,0.02233886645361515,1,1.0085206463870529,0.00852064638705285,5,4.967648563711116,-0.03235143628888437,1.5,1.502950951395788,0.00295095139578793,0.8,0.7032673308912989,-0.09673266910870117,49.07755278982131,49.07755278982137,-5.684341886080802e-14,NA,NA,NA,NA,NA,NA,NA,NA,NA,NA,NA,NA,NA,NA,NA,NA,NA,NA,NA,NA,NA,NA,NA,NA,NA,NA,NA,NA,NA,NA,NA,NA,NA,NA,NA,NA,NA,NA,NA,NA,NA,NA,NA,NA,NA,NA,NA,NA,NA,NA,NA,NA,NA,NA,NA,NA,NA,NA,NA,NA,NA,NA,NA,NA,NA,NA,NA,NA,NA,NA,NA,NA,NA,NA,NA,NA,NA,NA,NA,NA,NA,NA,NA,NA,NA,NA,NA,NA,NA,NA,NA,NA,NA,NA,NA,NA,NA,NA,NA,NA,NA,NA,true,TRUE,TRUE,2575.948475677485,2625.0260284673063,2576.170922593562,49.07755278982131,49.07755278982131,9.999999999999988,FALSE,199.545,NA,NA,NA
hidden_truncation_skewness,hidden-truncation skewness,ESN,ESN,17,1000,325,0.325,0.6381620931716656,TRUE,TRUE,TRUE,0,CONVERGENCE: REL_REDUCTION_OF_F <= FACTR*EPSMCH,-1276.2196664198316,2574.439332839663,2628.4246409084667,2574.706539317396,11,15806.08,NA,NA,NA,NA,12,stage2,1277.92922880501;1276.27097033252;1277.57987983065;1276.22745965242;1277.58840231453;1276.24552882162;1276.23367689647;1277.59896244095;1277.61711505922;1276.22616255106;1277.57391818201;1276.2196673537;1277.82325909204;1277.97423901654,proposed_likelihood,stage2,3,3.5863163417504684,0.5863163417504684,0.4,0.7846258726428355,0.38462587264283543,-0.7,-1.4925821305300957,-0.7925821305300957,0.7,-0.03419822777013169,-0.7341982277701317,0.5,1.4773013029888342,0.9773013029888342,0.5,1.4773013029888342,NA,NA,NA,-0.7,-0.5818426954954852,0.11815730450451478,0.15,0.14041891647257396,-0.00958108352742603,1,0.8209145162604289,-0.17908548373957112,5,5.664574207750445,0.6645742077504453,1.5,1.5050937660239263,0.0050937660239263,0.8,0.7006061672807422,-0.09939383271925784,53.98530806880353,53.985308068803505,2.842170943040401e-14,NA,NA,NA,NA,NA,NA,NA,NA,NA,NA,NA,NA,NA,NA,NA,NA,NA,NA,NA,NA,NA,NA,NA,NA,NA,NA,NA,NA,NA,NA,NA,NA,NA,NA,NA,NA,NA,NA,NA,NA,NA,NA,NA,NA,NA,NA,NA,NA,NA,NA,NA,NA,NA,NA,NA,NA,NA,NA,NA,NA,NA,NA,NA,NA,NA,NA,NA,NA,NA,NA,NA,NA,NA,NA,NA,NA,NA,NA,NA,NA,NA,NA,NA,NA,NA,NA,NA,NA,NA,NA,NA,NA,NA,NA,NA,NA,NA,NA,NA,NA,NA,NA,true,TRUE,TRUE,2574.439332839663,2628.4246409084667,2574.706539317396,53.98530806880353,53.98530806880353,11.000000000000005,FALSE,15806.08,TRUE,FALSE,TRUE
hidden_truncation_skewness,hidden-truncation skewness,ESN,EST,17,1000,325,0.325,0.6381620931716656,TRUE,TRUE,TRUE,0,CONVERGENCE: REL_REDUCTION_OF_F <= FACTR*EPSMCH,-1283.8969708660538,2591.7939417321077,2650.6870050798934,2592.1100511546,12,17277.126000000004,NA,NA,NA,NA,22,stage2,1283.89702069923;1e+12;1e+12;1283.89697424685;1e+12;1e+12;1283.89697399044;1e+12;1e+12;1283.8969762987;1e+12;1e+12;1283.89700980746;1e+12;1e+12;1283.89699235266;1e+12;1e+12;1283.89698654051;1e+12;1e+12;1283.89697174358;1e+12;1e+12;1283.89699058496;1e+12;1e+12;1283.89697391808;1e+12;1e+12;1283.89700556568;1e+12;1e+12;1283.89702937091;1e+12;1e+12;1283.89700697246;1e+12;1e+12;1283.89697673144;1e+12;1e+12,proposed_likelihood,stage2,3,3.7494698317404,0.7494698317404,0.4,0.8342738729957672,0.43427387299576714,-0.7,-1.4925821305300957,-0.7925821305300957,0.7,-0.4696565815697532,-1.169656581569753,0.5,1.4925821305300957,0.9925821305300956,0.5,1.4925821305300957,NA,4,NA,-0.7,-0.5850022675512181,0.11499773244878186,0.15,0.15482747388623147,0.00482747388623147,1,0.8636689604006269,-0.1363310395993731,5,5.938354372372607,0.9383543723726068,1.5,1.52615916836206,0.02615916836205989,0.8,0.695559577569527,-0.10444042243047302,58.893063347785755,58.89306334778564,1.1368683772161603e-13,NA,NA,NA,NA,NA,NA,NA,NA,NA,NA,NA,NA,NA,NA,NA,NA,NA,NA,NA,NA,NA,NA,NA,NA,NA,NA,NA,NA,NA,NA,NA,NA,NA,NA,NA,NA,NA,NA,NA,NA,NA,NA,NA,NA,NA,NA,NA,NA,NA,NA,NA,NA,NA,NA,NA,NA,NA,NA,NA,NA,NA,NA,NA,NA,NA,NA,NA,NA,NA,NA,NA,NA,NA,NA,NA,NA,NA,NA,NA,NA,NA,NA,NA,NA,NA,NA,NA,NA,NA,NA,NA,NA,NA,NA,NA,NA,NA,NA,NA,NA,NA,NA,true,TRUE,TRUE,2591.7939417321077,2650.6870050798934,2592.1100511546,58.893063347785755,58.893063347785755,12.000000000000023,FALSE,17277.126000000004,TRUE,FALSE,TRUE
hidden_truncation_skewness,hidden-truncation skewness,ESN,NH,18,1000,355,0.355,0.6489292667099286,TRUE,TRUE,TRUE,0,NA,-1338.1517605546164,2692.303521109233,2731.5655633410897,2692.448828879162,8,47.103,NA,2678.303521109233,2683.211276388215,1.000000000000017,NA,HeckmanEM,NA,raw_AIC_BIC_implied_logLik,finite_logLik_no_explicit_code,3,2.6901040760840464,-0.30989592391595355,0.4,0.3253120900274443,-0.0746879099725557,-0.7,NA,NA,0.7,NA,NA,0.5,NA,NA,0.5,NA,NA,NA,NA,-0.7,-1.1824328900216332,-0.48243289002163325,0.15,0.18972214972792936,0.03972214972792937,1,1.3050498736481964,0.30504987364819636,5,6.050878179421635,1.0508781794216349,1.5,1.5172685868181994,0.01726858681819942,0.8,0.7821119228577408,-0.01788807714225926,39.26204223185687,39.262042231857095,-2.2737367544323206e-13,NA,NA,NA,NA,NA,NA,NA,NA,NA,NA,NA,NA,NA,NA,NA,NA,NA,NA,NA,NA,NA,NA,NA,NA,NA,NA,NA,NA,NA,NA,NA,NA,NA,NA,NA,NA,NA,NA,NA,NA,NA,NA,NA,NA,NA,NA,NA,NA,NA,NA,NA,NA,NA,NA,NA,NA,NA,NA,NA,NA,NA,NA,NA,NA,NA,NA,NA,NA,NA,NA,NA,NA,NA,NA,NA,NA,NA,NA,NA,NA,NA,NA,NA,NA,NA,NA,NA,NA,NA,NA,NA,NA,NA,NA,NA,NA,NA,NA,NA,NA,NA,NA,true,TRUE,TRUE,2692.303521109233,2731.5655633410897,2692.448828879162,39.26204223185687,39.26204223185687,7.999999999999954,FALSE,47.103,NA,NA,NA
hidden_truncation_skewness,hidden-truncation skewness,ESN,HT,18,1000,355,0.355,0.6489292667099286,TRUE,TRUE,TRUE,0,NA,-1338.1886909978734,2694.377381995747,2738.547179506586,2694.559200177565,9,71.21300000000001,NA,2678.377381995747,2683.285137274729,1.000000000000017,NA,HeckmanEM,NA,raw_AIC_BIC_implied_logLik,finite_logLik_no_explicit_code,3,2.6709139670377744,-0.3290860329622256,0.4,0.325542904417987,-0.07445709558201302,-0.7,NA,NA,0.7,NA,NA,0.5,NA,NA,0.5,NA,NA,NA,NA,-0.7,-1.1876789849626794,-0.4876789849626795,0.15,0.1906378532447136,0.04063785324471358,1,1.310765665637694,0.31076566563769403,5,6.052684547955049,1.0526845479550486,1.5,1.5196650126558424,0.01966501265584241,0.8,0.7811336987862204,-0.01886630121377963,44.16979751083909,44.16979751083923,-1.4210854715202004e-13,NA,NA,NA,NA,NA,NA,NA,NA,NA,NA,NA,NA,NA,NA,NA,NA,NA,NA,NA,NA,NA,NA,NA,NA,NA,NA,NA,NA,NA,NA,NA,NA,NA,NA,NA,NA,NA,NA,NA,NA,NA,NA,NA,NA,NA,NA,NA,NA,NA,NA,NA,NA,NA,NA,NA,NA,NA,NA,NA,NA,NA,NA,NA,NA,NA,NA,NA,NA,NA,NA,NA,NA,NA,NA,NA,NA,NA,NA,NA,NA,NA,NA,NA,NA,NA,NA,NA,NA,NA,NA,NA,NA,NA,NA,NA,NA,NA,NA,NA,NA,NA,NA,true,TRUE,TRUE,2694.377381995747,2738.547179506586,2694.559200177565,44.16979751083909,44.16979751083909,8.999999999999972,FALSE,71.21300000000001,NA,NA,NA
hidden_truncation_skewness,hidden-truncation skewness,ESN,CN,18,1000,355,0.355,0.6489292667099286,TRUE,TRUE,TRUE,0,NA,-1338.1517889022828,2696.3035778045655,2745.381130594387,2696.5260247206425,10,585.301,NA,2678.3035778045655,2683.2113330835477,1.000000000000017,NA,HeckmanEM,NA,raw_AIC_BIC_implied_logLik,finite_logLik_no_explicit_code,3,2.6892663091917965,-0.31073369080820346,0.4,0.32552491526408905,-0.07447508473591097,-0.7,NA,NA,0.7,NA,NA,0.5,NA,NA,0.5,NA,NA,NA,NA,-0.7,-1.182820718265467,-0.48282071826546713,0.15,0.18978370312383133,0.03978370312383134,1,1.3054790580959852,0.3054790580959852,5,6.05033269101759,1.05033269101759,1.5,1.517302508329987,0.01730250832998692,0.8,0.7821195271999795,-0.01788047280002058,49.07755278982131,49.07755278982137,-5.684341886080802e-14,NA,NA,NA,NA,NA,NA,NA,NA,NA,NA,NA,NA,NA,NA,NA,NA,NA,NA,NA,NA,NA,NA,NA,NA,NA,NA,NA,NA,NA,NA,NA,NA,NA,NA,NA,NA,NA,NA,NA,NA,NA,NA,NA,NA,NA,NA,NA,NA,NA,NA,NA,NA,NA,NA,NA,NA,NA,NA,NA,NA,NA,NA,NA,NA,NA,NA,NA,NA,NA,NA,NA,NA,NA,NA,NA,NA,NA,NA,NA,NA,NA,NA,NA,NA,NA,NA,NA,NA,NA,NA,NA,NA,NA,NA,NA,NA,NA,NA,NA,NA,NA,NA,true,TRUE,TRUE,2696.3035778045655,2745.381130594387,2696.5260247206425,49.07755278982131,49.07755278982131,9.999999999999988,FALSE,585.301,NA,NA,NA
hidden_truncation_skewness,hidden-truncation skewness,ESN,ESN,18,1000,355,0.355,0.6489292667099286,TRUE,TRUE,TRUE,0,CONVERGENCE: REL_REDUCTION_OF_F <= FACTR*EPSMCH,-1338.0410594203977,2698.0821188407954,2752.067426909599,2698.3493253185284,11,9254.146,NA,NA,NA,NA,10,stage2,1338.15247259711;1338.15288390263;1338.15201661518;1338.15183060232;1338.15180332463;1338.13056811264;1338.15624469645;1338.15178300208;1338.15190433572;1338.04106071642;1338.15148644374;1338.15292561894;1338.15215627735;1338.15176018349,proposed_likelihood,stage2,3,2.827792831312683,-0.17220716868731678,0.4,0.13998329211431254,-0.2600167078856875,-0.7,-0.8015355981601167,-0.1015355981601167,0.7,0.7217520314864044,0.02175203148640447,0.5,1.0033751520305634,0.5033751520305634,0.5,1.0033751520305634,NA,NA,NA,-0.7,-0.8667406532955076,-0.1667406532955077,0.15,0.17464677664469835,0.02464677664469836,1,1.2028045092041575,0.2028045092041577,5,5.652386488066881,0.652386488066881,1.5,1.511890096323895,0.01189009632389503,0.8,0.7826525681033673,-0.01734743189663279,53.98530806880353,53.985308068803505,2.842170943040401e-14,NA,NA,NA,NA,NA,NA,NA,NA,NA,NA,NA,NA,NA,NA,NA,NA,NA,NA,NA,NA,NA,NA,NA,NA,NA,NA,NA,NA,NA,NA,NA,NA,NA,NA,NA,NA,NA,NA,NA,NA,NA,NA,NA,NA,NA,NA,NA,NA,NA,NA,NA,NA,NA,NA,NA,NA,NA,NA,NA,NA,NA,NA,NA,NA,NA,NA,NA,NA,NA,NA,NA,NA,NA,NA,NA,NA,NA,NA,NA,NA,NA,NA,NA,NA,NA,NA,NA,NA,NA,NA,NA,NA,NA,NA,NA,NA,NA,NA,NA,NA,NA,NA,true,TRUE,TRUE,2698.0821188407954,2752.067426909599,2698.3493253185284,53.98530806880353,53.98530806880353,11.000000000000005,FALSE,9254.146,FALSE,FALSE,FALSE
hidden_truncation_skewness,hidden-truncation skewness,ESN,EST,18,1000,355,0.355,0.6489292667099286,TRUE,TRUE,TRUE,0,CONVERGENCE: REL_REDUCTION_OF_F <= FACTR*EPSMCH,-1345.6782703721208,2715.3565407442416,2774.2496040920273,2715.672650166734,12,18027.517999999996,NA,NA,NA,NA,10,stage2,1345.68486814696;1e+12;1e+12;1345.68934618772;1e+12;1e+12;1345.68652042315;1e+12;1e+12;1345.67908437158;1e+12;1e+12;1345.68251686805;1e+12;1e+12;1345.68311290061;1e+12;1e+12;1345.67848979552;1e+12;1e+12;1345.68521586416;1e+12;1e+12;1345.68931773518;1e+12;1e+12;1345.68965431561;1e+12;1e+12;1345.67914275879;1e+12;1e+12;1345.68564628173;1e+12;1e+12;1345.68049846379;1e+12;1e+12;1345.68329940395;1e+12;1e+12,proposed_likelihood,stage2,3,2.4077978511234877,-0.5922021488765123,0.4,0.16143736261800204,-0.238562637381998,-0.7,-1.4925821305300957,-0.7925821305300957,0.7,0.46088438316916824,-0.2391156168308317,0.5,1.4925821305300957,0.9925821305300956,0.5,1.4925821305300957,NA,4,NA,-0.7,-0.7246942309502273,-0.02469423095022738,0.15,0.17115283689740302,0.02115283689740302,1,1.154738841695137,0.15473884169513696,5,6.150564514940356,1.1505645149403565,1.5,1.5358704080177226,0.03587040801772256,0.8,0.7514533951939537,-0.04854660480604633,58.893063347785755,58.89306334778564,1.1368683772161603e-13,NA,NA,NA,NA,NA,NA,NA,NA,NA,NA,NA,NA,NA,NA,NA,NA,NA,NA,NA,NA,NA,NA,NA,NA,NA,NA,NA,NA,NA,NA,NA,NA,NA,NA,NA,NA,NA,NA,NA,NA,NA,NA,NA,NA,NA,NA,NA,NA,NA,NA,NA,NA,NA,NA,NA,NA,NA,NA,NA,NA,NA,NA,NA,NA,NA,NA,NA,NA,NA,NA,NA,NA,NA,NA,NA,NA,NA,NA,NA,NA,NA,NA,NA,NA,NA,NA,NA,NA,NA,NA,NA,NA,NA,NA,NA,NA,NA,NA,NA,NA,NA,NA,true,TRUE,TRUE,2715.3565407442416,2774.2496040920273,2715.672650166734,58.893063347785755,58.893063347785755,12.000000000000023,FALSE,18027.517999999996,TRUE,FALSE,TRUE
hidden_truncation_skewness,hidden-truncation skewness,ESN,NH,19,1000,340,0.34,0.6297229219143576,TRUE,TRUE,TRUE,0,NA,-1291.5237141421198,2599.0474282842397,2638.309470516097,2599.192736054169,8,79.853,NA,2585.0474282842397,2589.955183563222,1.000000000000017,NA,HeckmanEM,NA,raw_AIC_BIC_implied_logLik,finite_logLik_no_explicit_code,3,2.821121124397841,-0.17887887560215887,0.4,0.553245211453037,0.15324521145303693,-0.7,NA,NA,0.7,NA,NA,0.5,NA,NA,0.5,NA,NA,NA,NA,-0.7,-1.0781798685830877,-0.3781798685830875,0.15,0.20781777816654787,0.05781777816654787,1,1.1226146532363153,0.12261465323631526,5,5.368183694380144,0.36818369438014376,1.5,1.0941672351940994,-0.4058327648059006,0.8,0.8038246607463293,0.00382466074632925,39.26204223185687,39.262042231857095,-2.2737367544323206e-13,NA,NA,NA,NA,NA,NA,NA,NA,NA,NA,NA,NA,NA,NA,NA,NA,NA,NA,NA,NA,NA,NA,NA,NA,NA,NA,NA,NA,NA,NA,NA,NA,NA,NA,NA,NA,NA,NA,NA,NA,NA,NA,NA,NA,NA,NA,NA,NA,NA,NA,NA,NA,NA,NA,NA,NA,NA,NA,NA,NA,NA,NA,NA,NA,NA,NA,NA,NA,NA,NA,NA,NA,NA,NA,NA,NA,NA,NA,NA,NA,NA,NA,NA,NA,NA,NA,NA,NA,NA,NA,NA,NA,NA,NA,NA,NA,NA,NA,NA,NA,NA,NA,true,TRUE,TRUE,2599.0474282842397,2638.3094705160966,2599.192736054169,39.26204223185732,39.26204223185687,8.000000000000046,FALSE,79.853,NA,NA,NA
hidden_truncation_skewness,hidden-truncation skewness,ESN,HT,19,1000,340,0.34,0.6297229219143576,TRUE,TRUE,TRUE,0,NA,-1291.487671035905,2600.97534207181,2645.145139582649,2601.157160253628,9,119.761,NA,2584.97534207181,2589.883097350792,1.000000000000017,NA,HeckmanEM,NA,raw_AIC_BIC_implied_logLik,finite_logLik_no_explicit_code,3,2.7923766865775863,-0.2076233134224137,0.4,0.5508147294218346,0.1508147294218346,-0.7,NA,NA,0.7,NA,NA,0.5,NA,NA,0.5,NA,NA,NA,NA,-0.7,-1.086497782755324,-0.386497782755324,0.15,0.20991774660956056,0.05991774660956059,1,1.1313755209782843,0.13137552097828453,5,5.380578236836179,0.380578236836179,1.5,1.0925799408799286,-0.4074200591200714,0.8,0.8033113814937648,0.00331138149376475,44.16979751083909,44.16979751083923,-1.4210854715202004e-13,NA,NA,NA,NA,NA,NA,NA,NA,NA,NA,NA,NA,NA,NA,NA,NA,NA,NA,NA,NA,NA,NA,NA,NA,NA,NA,NA,NA,NA,NA,NA,NA,NA,NA,NA,NA,NA,NA,NA,NA,NA,NA,NA,NA,NA,NA,NA,NA,NA,NA,NA,NA,NA,NA,NA,NA,NA,NA,NA,NA,NA,NA,NA,NA,NA,NA,NA,NA,NA,NA,NA,NA,NA,NA,NA,NA,NA,NA,NA,NA,NA,NA,NA,NA,NA,NA,NA,NA,NA,NA,NA,NA,NA,NA,NA,NA,NA,NA,NA,NA,NA,NA,true,TRUE,TRUE,2600.97534207181,2645.145139582649,2601.157160253628,44.16979751083909,44.16979751083909,8.999999999999972,FALSE,119.761,NA,NA,NA
hidden_truncation_skewness,hidden-truncation skewness,ESN,CN,19,1000,340,0.34,0.6297229219143576,TRUE,TRUE,TRUE,0,NA,-1291.2399529094362,2602.4799058188723,2651.5574586086937,2602.7023527349493,10,595.2230000000001,NA,2584.4799058188723,2589.3876610978546,1.000000000000017,NA,HeckmanEM,NA,raw_AIC_BIC_implied_logLik,finite_logLik_no_explicit_code,3,2.7511892557274584,-0.24881074427254157,0.4,0.5462838462012825,0.14628384620128243,-0.7,NA,NA,0.7,NA,NA,0.5,NA,NA,0.5,NA,NA,NA,NA,-0.7,-1.1023419370690812,-0.4023419370690813,0.15,0.2143227048381024,0.0643227048381024,1,1.1480473249390362,0.14804732493903616,5,5.393332047483002,0.3933320474830024,1.5,1.0917842071691537,-0.4082157928308465,0.8,0.8033482405643735,0.00334824056437343,49.07755278982131,49.07755278982137,-5.684341886080802e-14,NA,NA,NA,NA,NA,NA,NA,NA,NA,NA,NA,NA,NA,NA,NA,NA,NA,NA,NA,NA,NA,NA,NA,NA,NA,NA,NA,NA,NA,NA,NA,NA,NA,NA,NA,NA,NA,NA,NA,NA,NA,NA,NA,NA,NA,NA,NA,NA,NA,NA,NA,NA,NA,NA,NA,NA,NA,NA,NA,NA,NA,NA,NA,NA,NA,NA,NA,NA,NA,NA,NA,NA,NA,NA,NA,NA,NA,NA,NA,NA,NA,NA,NA,NA,NA,NA,NA,NA,NA,NA,NA,NA,NA,NA,NA,NA,NA,NA,NA,NA,NA,NA,true,TRUE,TRUE,2602.4799058188723,2651.5574586086937,2602.7023527349493,49.07755278982131,49.07755278982131,9.999999999999988,FALSE,595.2230000000001,NA,NA,NA
hidden_truncation_skewness,hidden-truncation skewness,ESN,ESN,19,1000,340,0.34,0.6297229219143576,TRUE,TRUE,TRUE,0,CONVERGENCE: REL_REDUCTION_OF_F <= FACTR*EPSMCH,-1290.2226870865625,2602.445374173125,2656.4306822419285,2602.712580650858,11,17726.927,NA,NA,NA,NA,11,stage2,1290.98891171814;1290.98895709733;1290.98760474285;1290.98663582972;1291.0416371233;1290.99141624576;1290.99013298107;1290.99212000091;1290.35763385651;1291.5257920195;1290.25342826319;1290.98547094717;1291.00098160579;1291.52371381609,proposed_likelihood,stage2,3,2.9746697241752016,-0.02533027582479841,0.4,0.6034013506503727,0.20340135065037268,-0.7,1.4925821305300957,2.192582130530096,0.7,-0.23263974403082488,-0.9326397440308248,0.5,-0.7925892742762586,-1.2925892742762586,0.5,-0.7925892742762586,NA,NA,NA,-0.7,-1.675982644569713,-0.9759826445697132,0.15,0.1544896827845801,0.00448968278458011,1,0.8267907372643309,-0.17320926273566906,5,4.109017355663228,-0.8909826443367717,1.5,1.0914933426573723,-0.4085066573426277,0.8,0.8015155922874114,0.00151559228741138,53.98530806880353,53.985308068803505,2.842170943040401e-14,NA,NA,NA,NA,NA,NA,NA,NA,NA,NA,NA,NA,NA,NA,NA,NA,NA,NA,NA,NA,NA,NA,NA,NA,NA,NA,NA,NA,NA,NA,NA,NA,NA,NA,NA,NA,NA,NA,NA,NA,NA,NA,NA,NA,NA,NA,NA,NA,NA,NA,NA,NA,NA,NA,NA,NA,NA,NA,NA,NA,NA,NA,NA,NA,NA,NA,NA,NA,NA,NA,NA,NA,NA,NA,NA,NA,NA,NA,NA,NA,NA,NA,NA,NA,NA,NA,NA,NA,NA,NA,NA,NA,NA,NA,NA,NA,NA,NA,NA,NA,NA,NA,true,TRUE,TRUE,2602.445374173125,2656.4306822419285,2602.712580650858,53.98530806880353,53.98530806880353,11.000000000000005,FALSE,17726.927,TRUE,FALSE,FALSE
hidden_truncation_skewness,hidden-truncation skewness,ESN,EST,19,1000,340,0.34,0.6297229219143576,TRUE,TRUE,TRUE,0,CONVERGENCE: REL_REDUCTION_OF_F <= FACTR*EPSMCH,-1293.751971023853,2611.503942047706,2670.397005395492,2611.8200514701985,12,15518.982,NA,NA,NA,NA,19,stage2,1293.75389052406;1e+12;1e+12;1293.75197465877;1e+12;1e+12;1293.75197303167;1e+12;1e+12;1293.75388833359;1e+12;1e+12;1293.75201755433;1e+12;1e+12;1293.75235641325;1e+12;1e+12;1293.75197233217;1e+12;1e+12;1293.75205553254;1e+12;1e+12;1293.75197135286;1e+12;1e+12;1293.75198939942;1e+12;1e+12;1293.75330112292;1e+12;1e+12;1293.75197993316;1e+12;1e+12;1293.75197714146;1e+12;1e+12;1293.75201040311;1e+12;1e+12,proposed_likelihood,stage2,3,3.668482909039868,0.6684829090398678,0.4,0.7693974646124446,0.3693974646124446,-0.7,-1.4925821305300957,-0.7925821305300957,0.7,-1.1169886116308476,-1.8169886116308476,0.5,1.4925821305300957,0.9925821305300956,0.5,1.4925821305300957,NA,4,NA,-0.7,-0.6956760101829882,0.00432398981701176,0.15,0.20018438003965103,0.05018438003965103,1,1.0562316390382804,0.05623163903828043,5,6.417374442379212,1.417374442379212,1.5,1.0731221859924642,-0.42687781400753577,0.8,0.8321246410376713,0.03212464103767121,58.893063347785755,58.89306334778564,1.1368683772161603e-13,NA,NA,NA,NA,NA,NA,NA,NA,NA,NA,NA,NA,NA,NA,NA,NA,NA,NA,NA,NA,NA,NA,NA,NA,NA,NA,NA,NA,NA,NA,NA,NA,NA,NA,NA,NA,NA,NA,NA,NA,NA,NA,NA,NA,NA,NA,NA,NA,NA,NA,NA,NA,NA,NA,NA,NA,NA,NA,NA,NA,NA,NA,NA,NA,NA,NA,NA,NA,NA,NA,NA,NA,NA,NA,NA,NA,NA,NA,NA,NA,NA,NA,NA,NA,NA,NA,NA,NA,NA,NA,NA,NA,NA,NA,NA,NA,NA,NA,NA,NA,NA,NA,true,TRUE,TRUE,2611.503942047706,2670.3970053954918,2611.8200514701985,58.89306334778621,58.893063347785755,12.000000000000115,FALSE,15518.982,TRUE,FALSE,TRUE
hidden_truncation_skewness,hidden-truncation skewness,ESN,NH,20,1000,332,0.332,0.6493506493506493,TRUE,TRUE,TRUE,0,NA,-1329.4534772638724,2674.906954527745,2714.168996759602,2675.052262297674,8,147.074,NA,2660.906954527745,2665.814709806727,1.000000000000017,NA,HeckmanEM,NA,raw_AIC_BIC_implied_logLik,finite_logLik_no_explicit_code,3,3.020607078999109,0.02060707899910907,0.4,0.5641697605477803,0.16416976054778032,-0.7,NA,NA,0.7,NA,NA,0.5,NA,NA,0.5,NA,NA,NA,NA,-0.7,-1.0649773660746489,-0.3649773660746487,0.15,0.1394242933157863,-0.0105757066842137,1,1.0619061256116185,0.06190612561161846,5,5.543377976449445,0.5433779764494453,1.5,1.6987609742319756,0.1987609742319756,0.8,0.5901279395663613,-0.2098720604336387,39.26204223185732,39.262042231857095,2.2737367544323206e-13,NA,NA,NA,NA,NA,NA,NA,NA,NA,NA,NA,NA,NA,NA,NA,NA,NA,NA,NA,NA,NA,NA,NA,NA,NA,NA,NA,NA,NA,NA,NA,NA,NA,NA,NA,NA,NA,NA,NA,NA,NA,NA,NA,NA,NA,NA,NA,NA,NA,NA,NA,NA,NA,NA,NA,NA,NA,NA,NA,NA,NA,NA,NA,NA,NA,NA,NA,NA,NA,NA,NA,NA,NA,NA,NA,NA,NA,NA,NA,NA,NA,NA,NA,NA,NA,NA,NA,NA,NA,NA,NA,NA,NA,NA,NA,NA,NA,NA,NA,NA,NA,NA,true,TRUE,TRUE,2674.906954527745,2714.168996759602,2675.052262297674,39.26204223185732,39.26204223185732,8.000000000000046,FALSE,147.074,NA,NA,NA
hidden_truncation_skewness,hidden-truncation skewness,ESN,HT,20,1000,332,0.332,0.6493506493506493,TRUE,TRUE,TRUE,0,NA,-1329.6157303157358,2677.2314606314717,2721.401258142311,2677.4132788132897,9,221.562,NA,2661.2314606314717,2666.139215910454,1.000000000000017,NA,HeckmanEM,NA,raw_AIC_BIC_implied_logLik,finite_logLik_no_explicit_code,3,3.0006662091393212,6.662091393212499e-4,0.4,0.5656346199623004,0.16563461996230033,-0.7,NA,NA,0.7,NA,NA,0.5,NA,NA,0.5,NA,NA,NA,NA,-0.7,-1.0686694598212636,-0.3686694598212637,0.15,0.13984211123824364,-0.01015788876175635,1,1.0656567535504795,0.06565675355047973,5,5.539335668064952,0.5393356680649521,1.5,1.7011374776670736,0.20113747766707357,0.8,0.5900795567152206,-0.20992044328477943,44.16979751083909,44.16979751083923,-1.4210854715202004e-13,NA,NA,NA,NA,NA,NA,NA,NA,NA,NA,NA,NA,NA,NA,NA,NA,NA,NA,NA,NA,NA,NA,NA,NA,NA,NA,NA,NA,NA,NA,NA,NA,NA,NA,NA,NA,NA,NA,NA,NA,NA,NA,NA,NA,NA,NA,NA,NA,NA,NA,NA,NA,NA,NA,NA,NA,NA,NA,NA,NA,NA,NA,NA,NA,NA,NA,NA,NA,NA,NA,NA,NA,NA,NA,NA,NA,NA,NA,NA,NA,NA,NA,NA,NA,NA,NA,NA,NA,NA,NA,NA,NA,NA,NA,NA,NA,NA,NA,NA,NA,NA,NA,true,TRUE,TRUE,2677.2314606314717,2721.401258142311,2677.4132788132897,44.16979751083909,44.16979751083909,8.999999999999972,FALSE,221.562,NA,NA,NA
hidden_truncation_skewness,hidden-truncation skewness,ESN,CN,20,1000,332,0.332,0.6493506493506493,TRUE,TRUE,TRUE,0,NA,-1329.4534772395446,2678.906954479089,2727.9845072689104,2679.129401395166,10,406.116,NA,2660.906954479089,2665.8147097580713,1.000000000000017,NA,HeckmanEM,NA,raw_AIC_BIC_implied_logLik,finite_logLik_no_explicit_code,3,3.0205799855679394,0.02057998556793938,0.4,0.5641807608970556,0.16418076089705558,-0.7,NA,NA,0.7,NA,NA,0.5,NA,NA,0.5,NA,NA,NA,NA,-0.7,-1.0649891858004437,-0.3649891858004437,0.15,0.13942582691934863,-0.01057417308065136,1,1.0619174617795155,0.06191746177951551,5,5.543338502392281,0.543338502392281,1.5,1.6987604148390372,0.19876041483903717,0.8,0.5901282889448326,-0.20987171105516744,49.07755278982131,49.07755278982137,-5.684341886080802e-14,NA,NA,NA,NA,NA,NA,NA,NA,NA,NA,NA,NA,NA,NA,NA,NA,NA,NA,NA,NA,NA,NA,NA,NA,NA,NA,NA,NA,NA,NA,NA,NA,NA,NA,NA,NA,NA,NA,NA,NA,NA,NA,NA,NA,NA,NA,NA,NA,NA,NA,NA,NA,NA,NA,NA,NA,NA,NA,NA,NA,NA,NA,NA,NA,NA,NA,NA,NA,NA,NA,NA,NA,NA,NA,NA,NA,NA,NA,NA,NA,NA,NA,NA,NA,NA,NA,NA,NA,NA,NA,NA,NA,NA,NA,NA,NA,NA,NA,NA,NA,NA,NA,true,TRUE,TRUE,2678.906954479089,2727.9845072689104,2679.129401395166,49.07755278982131,49.07755278982131,9.999999999999988,FALSE,406.116,NA,NA,NA
hidden_truncation_skewness,hidden-truncation skewness,ESN,ESN,20,1000,332,0.332,0.6493506493506493,TRUE,TRUE,TRUE,0,CONVERGENCE: REL_REDUCTION_OF_F <= FACTR*EPSMCH,-1327.7239669388807,2677.4479338777614,2731.433241946565,2677.7151403554944,11,8271.894,NA,NA,NA,NA,10,stage2,1329.44913854291;1329.44677707594;1329.45061212753;1329.44159880862;1329.45239294829;1329.43525336513;1329.44527418821;1329.45168612054;1329.45254459578;1327.72413918037;1329.45348062276;1329.44460493452;1329.45084745816;1329.4534768987,proposed_likelihood,stage2,3,3.250431006731013,0.25043100673101293,0.4,0.1865531857705295,-0.2134468142294705,-0.7,-1.4925727566217375,-0.7925727566217375,0.7,1.4898547825987791,0.7898547825987792,0.5,1.3420702932109638,0.8420702932109638,0.5,1.3420702932109638,NA,NA,NA,-0.7,-0.6532213353928131,0.04677866460718682,0.15,0.12424912855755511,-0.02575087144244486,1,0.9383297229915296,-0.06167027700847027,5,5.113450689683979,0.11345068968397864,1.5,1.6841023218315572,0.18410232183155717,0.8,0.5877370196145523,-0.21226298038544775,53.98530806880353,53.985308068803505,2.842170943040401e-14,NA,NA,NA,NA,NA,NA,NA,NA,NA,NA,NA,NA,NA,NA,NA,NA,NA,NA,NA,NA,NA,NA,NA,NA,NA,NA,NA,NA,NA,NA,NA,NA,NA,NA,NA,NA,NA,NA,NA,NA,NA,NA,NA,NA,NA,NA,NA,NA,NA,NA,NA,NA,NA,NA,NA,NA,NA,NA,NA,NA,NA,NA,NA,NA,NA,NA,NA,NA,NA,NA,NA,NA,NA,NA,NA,NA,NA,NA,NA,NA,NA,NA,NA,NA,NA,NA,NA,NA,NA,NA,NA,NA,NA,NA,NA,NA,NA,NA,NA,NA,NA,NA,true,TRUE,TRUE,2677.4479338777614,2731.433241946565,2677.7151403554944,53.98530806880353,53.98530806880353,11.000000000000005,FALSE,8271.894,TRUE,TRUE,FALSE
hidden_truncation_skewness,hidden-truncation skewness,ESN,EST,20,1000,332,0.332,0.6493506493506493,TRUE,TRUE,TRUE,0,CONVERGENCE: REL_REDUCTION_OF_F <= FACTR*EPSMCH,-1339.0301796566296,2702.060359313259,2760.953422661045,2702.3764687357516,12,17889.136,NA,NA,NA,NA,34,stage2,1339.03037905133;1e+12;1e+12;1339.03019900729;1e+12;1e+12;1339.0302526049;1e+12;1e+12;1339.03323202636;1e+12;1e+12;1339.03055088391;1e+12;1e+12;1339.03411413699;1e+12;1e+12;1339.03202858896;1e+12;1e+12;1339.03567487721;1e+12;1e+12;1339.03449759322;1e+12;1e+12;1339.03872867168;1e+12;1e+12;1339.03393116009;1e+12;1e+12;1339.03018001792;1e+12;1e+12;1339.03117520064;1e+12;1e+12;1339.03022352737;1e+12;1e+12,proposed_likelihood,stage2,3,3.868432630377197,0.8684326303771965,0.4,0.8163735055984487,0.41637350559844866,-0.7,-1.4925821305300957,-0.7925821305300957,0.7,-0.4602805979800981,-1.160280597980098,0.5,1.4925821305300957,0.9925821305300956,0.5,1.4925821305300957,NA,4,NA,-0.7,-0.5840152470203631,0.11598475297963684,0.15,0.1133059337126294,-0.03669406628737058,1,0.8822013833670401,-0.11779861663295987,5,6.063491710298058,1.0634917102980577,1.5,1.7329101125712938,0.2329101125712938,0.8,0.5851588204217031,-0.21484117957829696,58.893063347785755,58.89306334778564,1.1368683772161603e-13,NA,NA,NA,NA,NA,NA,NA,NA,NA,NA,NA,NA,NA,NA,NA,NA,NA,NA,NA,NA,NA,NA,NA,NA,NA,NA,NA,NA,NA,NA,NA,NA,NA,NA,NA,NA,NA,NA,NA,NA,NA,NA,NA,NA,NA,NA,NA,NA,NA,NA,NA,NA,NA,NA,NA,NA,NA,NA,NA,NA,NA,NA,NA,NA,NA,NA,NA,NA,NA,NA,NA,NA,NA,NA,NA,NA,NA,NA,NA,NA,NA,NA,NA,NA,NA,NA,NA,NA,NA,NA,NA,NA,NA,NA,NA,NA,NA,NA,NA,NA,NA,NA,true,TRUE,TRUE,2702.060359313259,2760.953422661045,2702.3764687357516,58.893063347785755,58.893063347785755,12.000000000000023,FALSE,17889.136,TRUE,FALSE,TRUE
hidden_truncation_skewness,hidden-truncation skewness,ESN,NH,21,1000,355,0.355,0.6353240152477764,TRUE,TRUE,TRUE,0,NA,-1361.8713640021203,2739.7427280042407,2779.004770236098,2739.88803577417,8,92.807,NA,2725.7427280042407,2730.650483283223,1.000000000000017,NA,HeckmanEM,NA,raw_AIC_BIC_implied_logLik,finite_logLik_no_explicit_code,3,2.7533881153078803,-0.2466118846921197,0.4,0.5719781827360967,0.17197818273609666,-0.7,NA,NA,0.7,NA,NA,0.5,NA,NA,0.5,NA,NA,NA,NA,-0.7,-0.9848837526381382,-0.28488375263813825,0.15,0.15986350032014324,0.00986350032014324,1,1.0247302308351534,0.02473023083515335,5,5.7958552857905765,0.7958552857905765,1.5,1.4264378588223658,-0.07356214117763415,0.8,0.6200200384976287,-0.1799799615023714,39.26204223185732,39.262042231857095,2.2737367544323206e-13,NA,NA,NA,NA,NA,NA,NA,NA,NA,NA,NA,NA,NA,NA,NA,NA,NA,NA,NA,NA,NA,NA,NA,NA,NA,NA,NA,NA,NA,NA,NA,NA,NA,NA,NA,NA,NA,NA,NA,NA,NA,NA,NA,NA,NA,NA,NA,NA,NA,NA,NA,NA,NA,NA,NA,NA,NA,NA,NA,NA,NA,NA,NA,NA,NA,NA,NA,NA,NA,NA,NA,NA,NA,NA,NA,NA,NA,NA,NA,NA,NA,NA,NA,NA,NA,NA,NA,NA,NA,NA,NA,NA,NA,NA,NA,NA,NA,NA,NA,NA,NA,NA,true,TRUE,TRUE,2739.7427280042407,2779.004770236098,2739.88803577417,39.26204223185732,39.26204223185732,8.000000000000046,FALSE,92.807,NA,NA,NA
hidden_truncation_skewness,hidden-truncation skewness,ESN,HT,21,1000,355,0.355,0.6353240152477764,TRUE,TRUE,TRUE,0,NA,-1361.854535413142,2741.709070826284,2785.878868337123,2741.890889008102,9,140.11399999999998,NA,2725.709070826284,2730.6168261052662,1.000000000000017,NA,HeckmanEM,NA,raw_AIC_BIC_implied_logLik,finite_logLik_no_explicit_code,3,2.7291151336542443,-0.2708848663457557,0.4,0.5700613326375371,0.1700613326375371,-0.7,NA,NA,0.7,NA,NA,0.5,NA,NA,0.5,NA,NA,NA,NA,-0.7,-0.9893976524420508,-0.28939765244205096,0.15,0.16055991685163457,0.01055991685163457,1,1.0296266037624051,0.02962660376240533,5,5.809182178850372,0.8091821788503717,1.5,1.426416039989825,-0.07358396001017509,0.8,0.6180749999809483,-0.18192500001905176,44.16979751083909,44.16979751083923,-1.4210854715202004e-13,NA,NA,NA,NA,NA,NA,NA,NA,NA,NA,NA,NA,NA,NA,NA,NA,NA,NA,NA,NA,NA,NA,NA,NA,NA,NA,NA,NA,NA,NA,NA,NA,NA,NA,NA,NA,NA,NA,NA,NA,NA,NA,NA,NA,NA,NA,NA,NA,NA,NA,NA,NA,NA,NA,NA,NA,NA,NA,NA,NA,NA,NA,NA,NA,NA,NA,NA,NA,NA,NA,NA,NA,NA,NA,NA,NA,NA,NA,NA,NA,NA,NA,NA,NA,NA,NA,NA,NA,NA,NA,NA,NA,NA,NA,NA,NA,NA,NA,NA,NA,NA,NA,true,TRUE,TRUE,2741.709070826284,2785.878868337123,2741.890889008102,44.16979751083909,44.16979751083909,8.999999999999972,FALSE,140.11399999999998,NA,NA,NA
hidden_truncation_skewness,hidden-truncation skewness,ESN,CN,21,1000,355,0.355,0.6353240152477764,TRUE,TRUE,TRUE,0,NA,-1361.8580411381847,2743.7160822763694,2792.7936350661907,2743.9385291924464,10,586.432,NA,2725.7160822763694,2730.6238375553517,1.000000000000017,NA,HeckmanEM,NA,raw_AIC_BIC_implied_logLik,finite_logLik_no_explicit_code,3,2.7209182302413555,-0.2790817697586445,0.4,0.5703591042905513,0.17035910429055123,-0.7,NA,NA,0.7,NA,NA,0.5,NA,NA,0.5,NA,NA,NA,NA,-0.7,-0.9936390545533516,-0.2936390545533516,0.15,0.1612648198982095,0.01126481989820951,1,1.0339630377388291,0.03396303773882914,5,5.8055995985787705,0.8055995985787705,1.5,1.4259010356538389,-0.07409896434616114,0.8,0.6185460670848799,-0.18145393291512013,49.07755278982131,49.07755278982137,-5.684341886080802e-14,NA,NA,NA,NA,NA,NA,NA,NA,NA,NA,NA,NA,NA,NA,NA,NA,NA,NA,NA,NA,NA,NA,NA,NA,NA,NA,NA,NA,NA,NA,NA,NA,NA,NA,NA,NA,NA,NA,NA,NA,NA,NA,NA,NA,NA,NA,NA,NA,NA,NA,NA,NA,NA,NA,NA,NA,NA,NA,NA,NA,NA,NA,NA,NA,NA,NA,NA,NA,NA,NA,NA,NA,NA,NA,NA,NA,NA,NA,NA,NA,NA,NA,NA,NA,NA,NA,NA,NA,NA,NA,NA,NA,NA,NA,NA,NA,NA,NA,NA,NA,NA,NA,true,TRUE,TRUE,2743.7160822763694,2792.7936350661907,2743.9385291924464,49.07755278982131,49.07755278982131,9.999999999999988,FALSE,586.432,NA,NA,NA
hidden_truncation_skewness,hidden-truncation skewness,ESN,ESN,21,1000,355,0.355,0.6353240152477764,TRUE,TRUE,TRUE,0,CONVERGENCE: REL_REDUCTION_OF_F <= FACTR*EPSMCH,-1361.148112874427,2744.296225748854,2798.2815338176574,2744.563432226587,11,16216.501,NA,NA,NA,NA,8,stage2,1361.1486735463;1361.21108657335;1361.14871794344;1361.20233017377;1361.14860362281;1361.58258026788;1361.21466885651;1361.14811428221;1361.15244164506;1361.18260308374;1361.14925098942;1361.16258052951;1361.16030298457;1361.87136377881,proposed_likelihood,stage2,3,2.8285898019107147,-0.17141019808928526,0.4,0.442874953253712,0.04287495325371199,-0.7,1.4925821305300957,2.192582130530096,0.7,-1.2931309536439377,-1.9931309536439377,0.5,-0.08353215968970948,-0.5835321596897095,0.5,-0.08353215968970948,NA,NA,NA,-0.7,-1.382473416054365,-0.6824734160543651,0.15,0.1352670081543275,-0.0147329918456725,1,0.8780257108700947,-0.12197428912990528,5,6.163045070341247,1.163045070341247,1.5,1.4329477090316554,-0.06705229096834464,0.8,0.6036113406974195,-0.19638865930258056,53.98530806880353,53.985308068803505,2.842170943040401e-14,NA,NA,NA,NA,NA,NA,NA,NA,NA,NA,NA,NA,NA,NA,NA,NA,NA,NA,NA,NA,NA,NA,NA,NA,NA,NA,NA,NA,NA,NA,NA,NA,NA,NA,NA,NA,NA,NA,NA,NA,NA,NA,NA,NA,NA,NA,NA,NA,NA,NA,NA,NA,NA,NA,NA,NA,NA,NA,NA,NA,NA,NA,NA,NA,NA,NA,NA,NA,NA,NA,NA,NA,NA,NA,NA,NA,NA,NA,NA,NA,NA,NA,NA,NA,NA,NA,NA,NA,NA,NA,NA,NA,NA,NA,NA,NA,NA,NA,NA,NA,NA,NA,true,TRUE,TRUE,2744.296225748854,2798.2815338176574,2744.563432226587,53.98530806880353,53.98530806880353,11.000000000000005,FALSE,16216.501,TRUE,FALSE,FALSE
hidden_truncation_skewness,hidden-truncation skewness,ESN,EST,21,1000,355,0.355,0.6353240152477764,TRUE,TRUE,TRUE,0,CONVERGENCE: REL_REDUCTION_OF_F <= FACTR*EPSMCH,-1366.768763479919,2757.537526959838,2816.430590307624,2757.8536363823305,12,17001.346999999998,NA,NA,NA,NA,31,stage2,1366.77211323776;1e+12;1e+12;1366.77486196599;1e+12;1e+12;1366.77192634808;1e+12;1e+12;1366.77260876054;1e+12;1e+12;1366.77571376036;1e+12;1e+12;1366.7745823596;1e+12;1e+12;1366.77629436663;1e+12;1e+12;1366.77916923141;1e+12;1e+12;1366.77321568209;1e+12;1e+12;1366.77342386824;1e+12;1e+12;1366.7687640942;1e+12;1e+12;1366.77307226376;1e+12;1e+12;1366.83422828229;1e+12;1e+12;1366.77519283457;1e+12;1e+12,proposed_likelihood,stage2,3,3.453421093748416,0.45342109374841577,0.4,0.7828862306434137,0.3828862306434137,-0.7,-1.367856318053693,-0.6678563180536929,0.7,-0.8257680923678734,-1.5257680923678734,0.5,1.4925821305300957,0.9925821305300956,0.5,1.4925821305300957,NA,4,NA,-0.7,-0.6168680541414492,0.08313194585855077,0.15,0.14511186496529033,-0.00488813503470966,1,0.9459665021251914,-0.0540334978748086,5,6.719127322487123,1.7191273224871226,1.5,1.424176152813647,-0.07582384718635304,0.8,0.5587087602883465,-0.24129123971165356,58.893063347785755,58.89306334778564,1.1368683772161603e-13,NA,NA,NA,NA,NA,NA,NA,NA,NA,NA,NA,NA,NA,NA,NA,NA,NA,NA,NA,NA,NA,NA,NA,NA,NA,NA,NA,NA,NA,NA,NA,NA,NA,NA,NA,NA,NA,NA,NA,NA,NA,NA,NA,NA,NA,NA,NA,NA,NA,NA,NA,NA,NA,NA,NA,NA,NA,NA,NA,NA,NA,NA,NA,NA,NA,NA,NA,NA,NA,NA,NA,NA,NA,NA,NA,NA,NA,NA,NA,NA,NA,NA,NA,NA,NA,NA,NA,NA,NA,NA,NA,NA,NA,NA,NA,NA,NA,NA,NA,NA,NA,NA,true,TRUE,TRUE,2757.537526959838,2816.430590307624,2757.8536363823305,58.893063347785755,58.893063347785755,12.000000000000023,FALSE,17001.346999999998,FALSE,FALSE,TRUE
hidden_truncation_skewness,hidden-truncation skewness,ESN,NH,22,1000,349,0.349,0.6257822277847309,TRUE,TRUE,TRUE,0,NA,-1316.534935168105,2649.06987033621,2688.3319125680673,2649.2151781061393,8,123.53,NA,2635.06987033621,2639.977625615192,1.000000000000017,NA,HeckmanEM,NA,raw_AIC_BIC_implied_logLik,finite_logLik_no_explicit_code,3,2.7805743220407395,-0.2194256779592605,0.4,0.5649960462610804,0.16499604626108033,-0.7,NA,NA,0.7,NA,NA,0.5,NA,NA,0.5,NA,NA,NA,NA,-0.7,-1.1710122784811072,-0.47101227848110727,0.15,0.1743178040267868,0.02431780402678679,1,1.2407328094505443,0.24073280945054457,5,5.212171657066642,0.21217165706664165,1.5,1.405260419336099,-0.09473958066390108,0.8,0.787841192812084,-0.01215880718791606,39.26204223185732,39.262042231857095,2.2737367544323206e-13,NA,NA,NA,NA,NA,NA,NA,NA,NA,NA,NA,NA,NA,NA,NA,NA,NA,NA,NA,NA,NA,NA,NA,NA,NA,NA,NA,NA,NA,NA,NA,NA,NA,NA,NA,NA,NA,NA,NA,NA,NA,NA,NA,NA,NA,NA,NA,NA,NA,NA,NA,NA,NA,NA,NA,NA,NA,NA,NA,NA,NA,NA,NA,NA,NA,NA,NA,NA,NA,NA,NA,NA,NA,NA,NA,NA,NA,NA,NA,NA,NA,NA,NA,NA,NA,NA,NA,NA,NA,NA,NA,NA,NA,NA,NA,NA,NA,NA,NA,NA,NA,NA,true,TRUE,TRUE,2649.06987033621,2688.3319125680673,2649.2151781061393,39.26204223185732,39.26204223185732,8.000000000000046,FALSE,123.53,NA,NA,NA
hidden_truncation_skewness,hidden-truncation skewness,ESN,HT,22,1000,349,0.349,0.6257822277847309,TRUE,TRUE,TRUE,0,NA,-1316.3676663098504,2650.735332619701,2694.90513013054,2650.917150801519,9,174.902,NA,2634.735332619701,2639.643087898683,1.000000000000017,NA,HeckmanEM,NA,raw_AIC_BIC_implied_logLik,finite_logLik_no_explicit_code,3,2.7202629344001954,-0.2797370655998046,0.4,0.566542170731289,0.16654217073128896,-0.7,NA,NA,0.7,NA,NA,0.5,NA,NA,0.5,NA,NA,NA,NA,-0.7,-1.1847780761998417,-0.4847780761998417,0.15,0.17682855197045844,0.02682855197045844,1,1.2558214407793775,0.2558214407793775,5,5.20386485589717,0.2038648558971703,1.5,1.4101569827060494,-0.08984301729395061,0.8,0.7910012714960495,-0.00899872850395056,44.16979751083909,44.16979751083923,-1.4210854715202004e-13,NA,NA,NA,NA,NA,NA,NA,NA,NA,NA,NA,NA,NA,NA,NA,NA,NA,NA,NA,NA,NA,NA,NA,NA,NA,NA,NA,NA,NA,NA,NA,NA,NA,NA,NA,NA,NA,NA,NA,NA,NA,NA,NA,NA,NA,NA,NA,NA,NA,NA,NA,NA,NA,NA,NA,NA,NA,NA,NA,NA,NA,NA,NA,NA,NA,NA,NA,NA,NA,NA,NA,NA,NA,NA,NA,NA,NA,NA,NA,NA,NA,NA,NA,NA,NA,NA,NA,NA,NA,NA,NA,NA,NA,NA,NA,NA,NA,NA,NA,NA,NA,NA,true,TRUE,TRUE,2650.735332619701,2694.90513013054,2650.917150801519,44.16979751083909,44.16979751083909,8.999999999999972,FALSE,174.902,NA,NA,NA
hidden_truncation_skewness,hidden-truncation skewness,ESN,CN,22,1000,349,0.349,0.6257822277847309,TRUE,TRUE,TRUE,0,NA,-1316.176030695473,2652.352061390946,2701.429614180767,2652.574508307023,10,320.44599999999997,NA,2634.352061390946,2639.259816669928,1.000000000000017,NA,HeckmanEM,NA,raw_AIC_BIC_implied_logLik,finite_logLik_no_explicit_code,3,2.6968482056933256,-0.3031517943066744,0.4,0.5644727991007763,0.16447279910077628,-0.7,NA,NA,0.7,NA,NA,0.5,NA,NA,0.5,NA,NA,NA,NA,-0.7,-1.1911649696204178,-0.4911649696204179,0.15,0.1776224030998415,0.02762240309984151,1,1.2626044302571553,0.2626044302571553,5,5.203362115883814,0.20336211588381392,1.5,1.4152280739736234,-0.08477192602637662,0.8,0.7928952059814729,-0.00710479401852715,49.07755278982131,49.07755278982137,-5.684341886080802e-14,NA,NA,NA,NA,NA,NA,NA,NA,NA,NA,NA,NA,NA,NA,NA,NA,NA,NA,NA,NA,NA,NA,NA,NA,NA,NA,NA,NA,NA,NA,NA,NA,NA,NA,NA,NA,NA,NA,NA,NA,NA,NA,NA,NA,NA,NA,NA,NA,NA,NA,NA,NA,NA,NA,NA,NA,NA,NA,NA,NA,NA,NA,NA,NA,NA,NA,NA,NA,NA,NA,NA,NA,NA,NA,NA,NA,NA,NA,NA,NA,NA,NA,NA,NA,NA,NA,NA,NA,NA,NA,NA,NA,NA,NA,NA,NA,NA,NA,NA,NA,NA,NA,true,TRUE,TRUE,2652.352061390946,2701.429614180767,2652.574508307023,49.07755278982131,49.07755278982131,9.999999999999988,FALSE,320.44599999999997,NA,NA,NA
hidden_truncation_skewness,hidden-truncation skewness,ESN,ESN,22,1000,349,0.349,0.6257822277847309,TRUE,TRUE,TRUE,0,CONVERGENCE: REL_REDUCTION_OF_F <= FACTR*EPSMCH,-1314.9594383270323,2651.9188766540647,2705.904184722868,2652.1860831317977,11,18033.069,NA,NA,NA,NA,12,stage2,1315.13780930644;1315.01460619613;1315.27810590518;1315.47907698938;1315.67256124345;1315.48080330888;1315.49041139504;1315.1127923226;1315.67383132524;1315.47723087856;1315.55964298097;1315.00533477464;1315.21854280675;1316.53493485463,proposed_likelihood,stage2,3,3.4082719577799674,0.4082719577799674,0.4,-0.04524767182123164,-0.4452476718212317,-0.7,-1.4925821305300957,-0.7925821305300957,0.7,1.4925821305300957,0.7925821305300957,0.5,-1.4249882462092724,-1.9249882462092724,0.5,-1.4249882462092724,NA,NA,NA,-0.7,-0.20200767320124663,0.4979923267987533,0.15,0.14636973369586528,-0.00363026630413471,1,1.0345541285846591,0.03455412858465911,5,2.784067203680946,-2.215932796319054,1.5,1.428166680458147,-0.07183331954185301,0.8,0.7802874224255942,-0.01971257757440581,53.98530806880353,53.985308068803505,2.842170943040401e-14,NA,NA,NA,NA,NA,NA,NA,NA,NA,NA,NA,NA,NA,NA,NA,NA,NA,NA,NA,NA,NA,NA,NA,NA,NA,NA,NA,NA,NA,NA,NA,NA,NA,NA,NA,NA,NA,NA,NA,NA,NA,NA,NA,NA,NA,NA,NA,NA,NA,NA,NA,NA,NA,NA,NA,NA,NA,NA,NA,NA,NA,NA,NA,NA,NA,NA,NA,NA,NA,NA,NA,NA,NA,NA,NA,NA,NA,NA,NA,NA,NA,NA,NA,NA,NA,NA,NA,NA,NA,NA,NA,NA,NA,NA,NA,NA,NA,NA,NA,NA,NA,NA,true,TRUE,TRUE,2651.9188766540647,2705.904184722868,2652.1860831317977,53.98530806880353,53.98530806880353,11.000000000000005,FALSE,18033.069,TRUE,TRUE,FALSE
hidden_truncation_skewness,hidden-truncation skewness,ESN,EST,22,1000,349,0.349,0.6257822277847309,TRUE,TRUE,TRUE,0,CONVERGENCE: REL_REDUCTION_OF_F <= FACTR*EPSMCH,-1319.5135812841302,2663.0271625682603,2721.920225916046,2663.343271990753,12,17737.925000000003,NA,NA,NA,NA,4,stage2,1319.51359984563;1e+12;1e+12;1319.51358133748;1e+12;1e+12;1319.51360704503;1e+12;1e+12;1319.51358215905;1e+12;1e+12;1319.51358564782;1e+12;1e+12;1319.5135864839;1e+12;1e+12;1319.51358189198;1e+12;1e+12;1319.51360422792;1e+12;1e+12;1319.51364693405;1e+12;1e+12;1319.51358781086;1e+12;1e+12;1319.51527739657;1e+12;1e+12;1319.51359700994;1e+12;1e+12;1319.51533976289;1e+12;1e+12;1319.51360284266;1e+12;1e+12,proposed_likelihood,stage2,3,3.276055052753532,0.27605505275353215,0.4,0.7788327069525066,0.3788327069525066,-0.7,-1.4925821305300957,-0.7925821305300957,0.7,-0.39011431627511023,-1.09011431627511,0.5,1.4925821305300957,0.9925821305300956,0.5,1.4925821305300957,NA,4,NA,-0.7,-0.7075280978092248,-0.00752809780922481,0.15,0.1620436639865749,0.01204366398657491,1,1.0945553144475908,0.0945553144475908,5,5.818294572279614,0.8182945722796138,1.5,1.4021411055259922,-0.09785889447400777,0.8,0.8084152619424796,0.00841526194247954,58.893063347785755,58.89306334778564,1.1368683772161603e-13,NA,NA,NA,NA,NA,NA,NA,NA,NA,NA,NA,NA,NA,NA,NA,NA,NA,NA,NA,NA,NA,NA,NA,NA,NA,NA,NA,NA,NA,NA,NA,NA,NA,NA,NA,NA,NA,NA,NA,NA,NA,NA,NA,NA,NA,NA,NA,NA,NA,NA,NA,NA,NA,NA,NA,NA,NA,NA,NA,NA,NA,NA,NA,NA,NA,NA,NA,NA,NA,NA,NA,NA,NA,NA,NA,NA,NA,NA,NA,NA,NA,NA,NA,NA,NA,NA,NA,NA,NA,NA,NA,NA,NA,NA,NA,NA,NA,NA,NA,NA,NA,NA,true,TRUE,TRUE,2663.0271625682603,2721.920225916046,2663.343271990753,58.893063347785755,58.893063347785755,12.000000000000023,FALSE,17737.925000000003,TRUE,FALSE,TRUE
hidden_truncation_skewness,hidden-truncation skewness,ESN,NH,23,1000,328,0.328,0.6476683937823834,TRUE,TRUE,TRUE,0,NA,-1248.700870512217,2513.401741024434,2552.663783256291,2513.5470487943635,8,42.837,NA,2499.401741024434,2504.3094963034164,1.000000000000017,NA,HeckmanEM,NA,raw_AIC_BIC_implied_logLik,finite_logLik_no_explicit_code,3,2.4850102943592858,-0.5149897056407142,0.4,0.03656653274529458,-0.36343346725470543,-0.7,NA,NA,0.7,NA,NA,0.5,NA,NA,0.5,NA,NA,NA,NA,-0.7,-1.1963392288545427,-0.49633922885454274,0.15,0.20470209435321857,0.05470209435321857,1,1.1457421698663428,0.1457421698663428,5,6.841874859519454,1.8418748595194536,1.5,1.3540532199807966,-0.14594678001920336,0.8,0.6974562175536999,-0.10254378244630014,39.26204223185687,39.262042231857095,-2.2737367544323206e-13,NA,NA,NA,NA,NA,NA,NA,NA,NA,NA,NA,NA,NA,NA,NA,NA,NA,NA,NA,NA,NA,NA,NA,NA,NA,NA,NA,NA,NA,NA,NA,NA,NA,NA,NA,NA,NA,NA,NA,NA,NA,NA,NA,NA,NA,NA,NA,NA,NA,NA,NA,NA,NA,NA,NA,NA,NA,NA,NA,NA,NA,NA,NA,NA,NA,NA,NA,NA,NA,NA,NA,NA,NA,NA,NA,NA,NA,NA,NA,NA,NA,NA,NA,NA,NA,NA,NA,NA,NA,NA,NA,NA,NA,NA,NA,NA,NA,NA,NA,NA,NA,NA,true,TRUE,TRUE,2513.401741024434,2552.663783256291,2513.5470487943635,39.26204223185687,39.26204223185687,7.999999999999954,FALSE,42.837,NA,NA,NA
hidden_truncation_skewness,hidden-truncation skewness,ESN,HT,23,1000,328,0.328,0.6476683937823834,TRUE,TRUE,TRUE,0,NA,-1248.7877011822047,2515.5754023644095,2559.7451998752485,2515.7572205462275,9,64.385,NA,2499.5754023644095,2504.4831576433917,1.000000000000017,NA,HeckmanEM,NA,raw_AIC_BIC_implied_logLik,finite_logLik_no_explicit_code,3,2.4662442898522987,-0.5337557101477013,0.4,0.03728009220252586,-0.36271990779747415,-0.7,NA,NA,0.7,NA,NA,0.5,NA,NA,0.5,NA,NA,NA,NA,-0.7,-1.2003286087453389,-0.5003286087453389,0.15,0.2054615396918095,0.0554615396918095,1,1.149714474418594,0.1497144744185941,5,6.840311101334383,1.8403111013343831,1.5,1.351827166821747,-0.14817283317825303,0.8,0.697827747777284,-0.10217225222271609,44.16979751083909,44.16979751083923,-1.4210854715202004e-13,NA,NA,NA,NA,NA,NA,NA,NA,NA,NA,NA,NA,NA,NA,NA,NA,NA,NA,NA,NA,NA,NA,NA,NA,NA,NA,NA,NA,NA,NA,NA,NA,NA,NA,NA,NA,NA,NA,NA,NA,NA,NA,NA,NA,NA,NA,NA,NA,NA,NA,NA,NA,NA,NA,NA,NA,NA,NA,NA,NA,NA,NA,NA,NA,NA,NA,NA,NA,NA,NA,NA,NA,NA,NA,NA,NA,NA,NA,NA,NA,NA,NA,NA,NA,NA,NA,NA,NA,NA,NA,NA,NA,NA,NA,NA,NA,NA,NA,NA,NA,NA,NA,true,TRUE,TRUE,2515.5754023644095,2559.7451998752485,2515.7572205462275,44.16979751083909,44.16979751083909,8.999999999999972,FALSE,64.385,NA,NA,NA
hidden_truncation_skewness,hidden-truncation skewness,ESN,CN,23,1000,328,0.328,0.6476683937823834,TRUE,TRUE,TRUE,0,NA,-1248.700874292169,2517.401748584338,2566.479301374159,2517.6241955004148,10,552.037,NA,2499.401748584338,2504.30950386332,1.000000000000017,NA,HeckmanEM,NA,raw_AIC_BIC_implied_logLik,finite_logLik_no_explicit_code,3,2.484791061289977,-0.5152089387100229,0.4,0.03684861210693776,-0.3631513878930623,-0.7,NA,NA,0.7,NA,NA,0.5,NA,NA,0.5,NA,NA,NA,NA,-0.7,-1.1964502963553627,-0.4964502963553627,0.15,0.20471993662716992,0.05471993662716992,1,1.1458496673496,0.14584966734959992,5,6.841269428720189,1.8412694287201887,1.5,1.3540573635734647,-0.1459426364265353,0.8,0.6974400249927665,-0.10255997500723356,49.07755278982131,49.07755278982137,-5.684341886080802e-14,NA,NA,NA,NA,NA,NA,NA,NA,NA,NA,NA,NA,NA,NA,NA,NA,NA,NA,NA,NA,NA,NA,NA,NA,NA,NA,NA,NA,NA,NA,NA,NA,NA,NA,NA,NA,NA,NA,NA,NA,NA,NA,NA,NA,NA,NA,NA,NA,NA,NA,NA,NA,NA,NA,NA,NA,NA,NA,NA,NA,NA,NA,NA,NA,NA,NA,NA,NA,NA,NA,NA,NA,NA,NA,NA,NA,NA,NA,NA,NA,NA,NA,NA,NA,NA,NA,NA,NA,NA,NA,NA,NA,NA,NA,NA,NA,NA,NA,NA,NA,NA,NA,true,TRUE,TRUE,2517.401748584338,2566.479301374159,2517.6241955004148,49.07755278982131,49.07755278982131,9.999999999999988,FALSE,552.037,NA,NA,NA
hidden_truncation_skewness,hidden-truncation skewness,ESN,ESN,23,1000,328,0.328,0.6476683937823834,TRUE,TRUE,TRUE,0,CONVERGENCE: REL_REDUCTION_OF_F <= FACTR*EPSMCH,-1246.913969634976,2515.827939269952,2569.813247338755,2516.095145747685,11,14264.843,NA,NA,NA,NA,2,stage2,1248.70085237663;1246.91462803824;1247.95653902654;1247.5214766478;1247.90322651702;1247.51270104884;1247.5138077547;1247.58466755141;1248.05887401235;1247.51174387694;1247.55747686867;1248.70081742032;1248.70086388583;1248.70087010729,proposed_likelihood,stage2,3,2.8912352653617837,-0.10876473463821634,0.4,0.33192027115706146,-0.06807972884293856,-0.7,-1.4925821305300957,-0.7925821305300957,0.7,-0.7858092135850381,-1.485809213585038,0.5,1.436465783810237,0.936465783810237,0.5,1.436465783810237,NA,NA,NA,-0.7,-0.7228523928390619,-0.02285239283906193,0.15,0.17241095630990066,0.02241095630990067,1,0.964330677621232,-0.03566932237876785,5,7.355411670433775,2.3554116704337753,1.5,1.3682364529321005,-0.1317635470678995,0.8,0.7050788955301087,-0.09492110446989133,53.98530806880353,53.985308068803505,2.842170943040401e-14,NA,NA,NA,NA,NA,NA,NA,NA,NA,NA,NA,NA,NA,NA,NA,NA,NA,NA,NA,NA,NA,NA,NA,NA,NA,NA,NA,NA,NA,NA,NA,NA,NA,NA,NA,NA,NA,NA,NA,NA,NA,NA,NA,NA,NA,NA,NA,NA,NA,NA,NA,NA,NA,NA,NA,NA,NA,NA,NA,NA,NA,NA,NA,NA,NA,NA,NA,NA,NA,NA,NA,NA,NA,NA,NA,NA,NA,NA,NA,NA,NA,NA,NA,NA,NA,NA,NA,NA,NA,NA,NA,NA,NA,NA,NA,NA,NA,NA,NA,NA,NA,NA,true,TRUE,TRUE,2515.827939269952,2569.8132473387554,2516.095145747685,53.98530806880308,53.98530806880353,10.999999999999913,FALSE,14264.843,TRUE,FALSE,TRUE
hidden_truncation_skewness,hidden-truncation skewness,ESN,EST,23,1000,328,0.328,0.6476683937823834,TRUE,TRUE,TRUE,0,CONVERGENCE: REL_REDUCTION_OF_F <= FACTR*EPSMCH,-1255.2631755223383,2534.526351044677,2593.419414392463,2534.8424604671695,12,18449.361000000004,NA,NA,NA,NA,16,stage2,1255.26317954221;1e+12;1e+12;1255.26317826716;1e+12;1e+12;1255.26317893771;1e+12;1e+12;1255.26348038058;1e+12;1e+12;1255.26338892944;1e+12;1e+12;1255.26317570783;1e+12;1e+12;1255.26323482829;1e+12;1e+12;1255.26588886409;1e+12;1e+12;1255.28393448631;1e+12;1e+12;1255.26576737345;1e+12;1e+12;1255.26317798523;1e+12;1e+12;1255.26407149311;1e+12;1e+12;1255.26357598031;1e+12;1e+12;1255.26356815739;1e+12;1e+12,proposed_likelihood,stage2,3,2.490010481293323,-0.5099895187066772,0.4,0.3590716668406818,-0.04092833315931821,-0.7,-1.4925821305300957,-0.7925821305300957,0.7,-0.43423376651479706,-1.134233766514797,0.5,1.4925821305300957,0.9925821305300956,0.5,1.4925821305300957,NA,4,NA,-0.7,-0.7237783387463484,-0.02377833874634849,0.15,0.18272194543917156,0.03272194543917156,1,1.004989012920824,0.00498901292082409,5,7.009602856587391,2.0096028565873914,1.5,1.352548798503841,-0.1474512014961591,0.8,0.7043081248537895,-0.09569187514621058,58.893063347785755,58.89306334778564,1.1368683772161603e-13,NA,NA,NA,NA,NA,NA,NA,NA,NA,NA,NA,NA,NA,NA,NA,NA,NA,NA,NA,NA,NA,NA,NA,NA,NA,NA,NA,NA,NA,NA,NA,NA,NA,NA,NA,NA,NA,NA,NA,NA,NA,NA,NA,NA,NA,NA,NA,NA,NA,NA,NA,NA,NA,NA,NA,NA,NA,NA,NA,NA,NA,NA,NA,NA,NA,NA,NA,NA,NA,NA,NA,NA,NA,NA,NA,NA,NA,NA,NA,NA,NA,NA,NA,NA,NA,NA,NA,NA,NA,NA,NA,NA,NA,NA,NA,NA,NA,NA,NA,NA,NA,NA,true,TRUE,TRUE,2534.5263510446766,2593.4194143924624,2534.842460467169,58.893063347785755,58.893063347785755,12.000000000000023,FALSE,18449.361000000004,TRUE,FALSE,TRUE
hidden_truncation_skewness,hidden-truncation skewness,ESN,NH,24,1000,357,0.357,0.6435006435006435,TRUE,TRUE,TRUE,0,NA,-1398.641761929946,2813.283523859892,2852.5455660917487,2813.428831629821,8,61.06399999999999,NA,2799.283523859892,2804.191279138874,1.000000000000017,NA,HeckmanEM,NA,raw_AIC_BIC_implied_logLik,finite_logLik_no_explicit_code,3,2.994960222332609,-0.00503977766739094,0.4,0.4096769660062127,0.00967696600621265,-0.7,NA,NA,0.7,NA,NA,0.5,NA,NA,0.5,NA,NA,NA,NA,-0.7,-1.0719455058439835,-0.3719455058439835,0.15,0.1654085113210965,0.01540851132109649,1,1.2010961372591118,0.2010961372591118,5,5.485027989071621,0.4850279890716207,1.5,1.64592066832269,0.1459206683226899,0.8,0.872601529930103,0.07260152993010294,39.26204223185687,39.262042231857095,-2.2737367544323206e-13,NA,NA,NA,NA,NA,NA,NA,NA,NA,NA,NA,NA,NA,NA,NA,NA,NA,NA,NA,NA,NA,NA,NA,NA,NA,NA,NA,NA,NA,NA,NA,NA,NA,NA,NA,NA,NA,NA,NA,NA,NA,NA,NA,NA,NA,NA,NA,NA,NA,NA,NA,NA,NA,NA,NA,NA,NA,NA,NA,NA,NA,NA,NA,NA,NA,NA,NA,NA,NA,NA,NA,NA,NA,NA,NA,NA,NA,NA,NA,NA,NA,NA,NA,NA,NA,NA,NA,NA,NA,NA,NA,NA,NA,NA,NA,NA,NA,NA,NA,NA,NA,NA,true,TRUE,TRUE,2813.283523859892,2852.5455660917487,2813.428831629821,39.26204223185687,39.26204223185687,7.999999999999954,FALSE,61.06399999999999,NA,NA,NA
hidden_truncation_skewness,hidden-truncation skewness,ESN,HT,24,1000,357,0.357,0.6435006435006435,TRUE,TRUE,TRUE,0,NA,-1397.9748337491487,2813.9496674982975,2858.1194650091365,2814.1314856801155,9,104.605,NA,2797.9496674982975,2802.8574227772797,1.000000000000017,NA,HeckmanEM,NA,raw_AIC_BIC_implied_logLik,finite_logLik_no_explicit_code,3,2.8362529959545313,-0.1637470040454687,0.4,0.4032076738537228,0.00320767385372278,-0.7,NA,NA,0.7,NA,NA,0.5,NA,NA,0.5,NA,NA,NA,NA,-0.7,-1.103386891208844,-0.4033868912088441,0.15,0.17167088084275028,0.02167088084275029,1,1.2340799969036709,0.23407999690367065,5,5.560521315634339,0.5605213156343387,1.5,1.6294395383571985,0.12943953835719846,0.8,0.8577130614505862,0.05771306145058619,44.16979751083909,44.16979751083923,-1.4210854715202004e-13,NA,NA,NA,NA,NA,NA,NA,NA,NA,NA,NA,NA,NA,NA,NA,NA,NA,NA,NA,NA,NA,NA,NA,NA,NA,NA,NA,NA,NA,NA,NA,NA,NA,NA,NA,NA,NA,NA,NA,NA,NA,NA,NA,NA,NA,NA,NA,NA,NA,NA,NA,NA,NA,NA,NA,NA,NA,NA,NA,NA,NA,NA,NA,NA,NA,NA,NA,NA,NA,NA,NA,NA,NA,NA,NA,NA,NA,NA,NA,NA,NA,NA,NA,NA,NA,NA,NA,NA,NA,NA,NA,NA,NA,NA,NA,NA,NA,NA,NA,NA,NA,NA,true,TRUE,TRUE,2813.9496674982975,2858.1194650091365,2814.1314856801155,44.16979751083909,44.16979751083909,8.999999999999972,FALSE,104.605,NA,NA,NA
hidden_truncation_skewness,hidden-truncation skewness,ESN,CN,24,1000,357,0.357,0.6435006435006435,TRUE,TRUE,TRUE,0,NA,-1398.105540779897,2816.211081559794,2865.288634349615,2816.433528475871,10,582.133,NA,2798.211081559794,2803.118836838776,1.000000000000017,NA,HeckmanEM,NA,raw_AIC_BIC_implied_logLik,finite_logLik_no_explicit_code,3,2.850086277459083,-0.14991372254091706,0.4,0.40686969941019085,0.00686969941019083,-0.7,NA,NA,0.7,NA,NA,0.5,NA,NA,0.5,NA,NA,NA,NA,-0.7,-1.1060984290195308,-0.40609842901953086,0.15,0.17137278769514802,0.02137278769514802,1,1.2381951671534972,0.2381951671534972,5,5.5289176812044225,0.5289176812044225,1.5,1.6267090022521116,0.12670900225211157,0.8,0.8628353118751013,0.06283531187510127,49.07755278982131,49.07755278982137,-5.684341886080802e-14,NA,NA,NA,NA,NA,NA,NA,NA,NA,NA,NA,NA,NA,NA,NA,NA,NA,NA,NA,NA,NA,NA,NA,NA,NA,NA,NA,NA,NA,NA,NA,NA,NA,NA,NA,NA,NA,NA,NA,NA,NA,NA,NA,NA,NA,NA,NA,NA,NA,NA,NA,NA,NA,NA,NA,NA,NA,NA,NA,NA,NA,NA,NA,NA,NA,NA,NA,NA,NA,NA,NA,NA,NA,NA,NA,NA,NA,NA,NA,NA,NA,NA,NA,NA,NA,NA,NA,NA,NA,NA,NA,NA,NA,NA,NA,NA,NA,NA,NA,NA,NA,NA,true,TRUE,TRUE,2816.211081559794,2865.288634349615,2816.433528475871,49.07755278982131,49.07755278982131,9.999999999999988,FALSE,582.133,NA,NA,NA
hidden_truncation_skewness,hidden-truncation skewness,ESN,ESN,24,1000,357,0.357,0.6435006435006435,TRUE,TRUE,TRUE,0,CONVERGENCE: REL_REDUCTION_OF_F <= FACTR*EPSMCH,-1397.6769620598784,2817.353924119757,2871.3392321885603,2817.62113059749,11,17282.966,NA,NA,NA,NA,6,stage2,1397.71233155463;1397.71621080769;1397.71271484325;1397.68546288674;1397.71928641486;1397.68287008676;1397.83486430396;1397.71310356877;1397.71568515384;1397.7027790924;1397.67831555957;1397.71099636119;1397.71462403758;1398.6417616114,proposed_likelihood,stage2,3,3.245343601401109,0.24534360140110856,0.4,0.1861537979631019,-0.2138462020368981,-0.7,1.4925821305300957,2.192582130530096,0.7,-1.3147928582293524,-2.0147928582293524,0.5,-0.8736993948676581,-1.373699394867658,0.5,-0.8736993948676581,NA,NA,NA,-0.7,-1.5927446822474574,-0.8927446822474574,0.15,0.13819230644739186,-0.01180769355260813,1,0.9962297125450448,-0.00377028745495522,5,6.76416772481366,1.7641677248136602,1.5,1.6498597200283058,0.14985972002830583,0.8,0.8787556295782518,0.07875562957825177,53.98530806880353,53.985308068803505,2.842170943040401e-14,NA,NA,NA,NA,NA,NA,NA,NA,NA,NA,NA,NA,NA,NA,NA,NA,NA,NA,NA,NA,NA,NA,NA,NA,NA,NA,NA,NA,NA,NA,NA,NA,NA,NA,NA,NA,NA,NA,NA,NA,NA,NA,NA,NA,NA,NA,NA,NA,NA,NA,NA,NA,NA,NA,NA,NA,NA,NA,NA,NA,NA,NA,NA,NA,NA,NA,NA,NA,NA,NA,NA,NA,NA,NA,NA,NA,NA,NA,NA,NA,NA,NA,NA,NA,NA,NA,NA,NA,NA,NA,NA,NA,NA,NA,NA,NA,NA,NA,NA,NA,NA,NA,true,TRUE,TRUE,2817.353924119757,2871.3392321885603,2817.62113059749,53.98530806880353,53.98530806880353,11.000000000000005,FALSE,17282.966,TRUE,FALSE,FALSE
hidden_truncation_skewness,hidden-truncation skewness,ESN,EST,24,1000,357,0.357,0.6435006435006435,TRUE,TRUE,TRUE,0,CONVERGENCE: REL_REDUCTION_OF_F <= FACTR*EPSMCH,-1400.9196729648118,2825.8393459296235,2884.7324092774093,2826.155455352116,12,18851.297,NA,NA,NA,NA,28,stage2,1400.92838123266;1e+12;1e+12;1400.91982344248;1e+12;1e+12;1400.91972421414;1e+12;1e+12;1400.91968677058;1e+12;1e+12;1400.94117239994;1e+12;1e+12;1400.91972731496;1e+12;1e+12;1400.92918374787;1e+12;1e+12;1400.92165260495;1e+12;1e+12;1400.92164785793;1e+12;1e+12;1400.91967456155;1e+12;1e+12;1400.919688482;1e+12;1e+12;1400.92063486625;1e+12;1e+12;1400.91969414069;1e+12;1e+12;1400.92923995372;1e+12;1e+12,proposed_likelihood,stage2,3,3.2803597694555884,0.2803597694555884,0.4,0.6315839550706854,0.2315839550706854,-0.7,-0.8958823301328733,-0.19588233013287337,0.7,-0.856761284919408,-1.556761284919408,0.5,1.4925821305300957,0.9925821305300956,0.5,1.4925821305300957,NA,4,NA,-0.7,-0.8723088909677726,-0.1723088909677727,0.15,0.1709725848410268,0.02097258484102682,1,1.1976974618796763,0.19769746187967652,5,6.174144971600124,1.174144971600124,1.5,1.5839695469727948,0.0839695469727948,0.8,0.8244750434820838,0.02447504348208373,58.893063347785755,58.89306334778564,1.1368683772161603e-13,NA,NA,NA,NA,NA,NA,NA,NA,NA,NA,NA,NA,NA,NA,NA,NA,NA,NA,NA,NA,NA,NA,NA,NA,NA,NA,NA,NA,NA,NA,NA,NA,NA,NA,NA,NA,NA,NA,NA,NA,NA,NA,NA,NA,NA,NA,NA,NA,NA,NA,NA,NA,NA,NA,NA,NA,NA,NA,NA,NA,NA,NA,NA,NA,NA,NA,NA,NA,NA,NA,NA,NA,NA,NA,NA,NA,NA,NA,NA,NA,NA,NA,NA,NA,NA,NA,NA,NA,NA,NA,NA,NA,NA,NA,NA,NA,NA,NA,NA,NA,NA,NA,true,TRUE,TRUE,2825.8393459296235,2884.7324092774093,2826.155455352116,58.893063347785755,58.893063347785755,12.000000000000023,FALSE,18851.297,FALSE,FALSE,TRUE
hidden_truncation_skewness,hidden-truncation skewness,ESN,NH,25,1000,338,0.338,0.6626905235255136,TRUE,TRUE,TRUE,0,NA,-1326.2470537645563,2668.494107529113,2707.7561497609704,2668.6394152990424,8,71.443,NA,2654.494107529113,2659.4018628080953,1.000000000000017,NA,HeckmanEM,NA,raw_AIC_BIC_implied_logLik,finite_logLik_no_explicit_code,3,2.926771634184755,-0.07322836581524506,0.4,0.5243874738523996,0.12438747385239957,-0.7,NA,NA,0.7,NA,NA,0.5,NA,NA,0.5,NA,NA,NA,NA,-0.7,-1.085858707529072,-0.385858707529072,0.15,0.1646869391383897,0.01468693913838967,1,1.0847227803497723,0.08472278034977254,5,5.640645585697756,0.6406455856977562,1.5,1.5060520073527148,0.00605200735271482,0.8,0.7834191780212553,-0.01658082197874477,39.26204223185732,39.262042231857095,-2.2737367544323206e-13,NA,NA,NA,NA,NA,NA,NA,NA,NA,NA,NA,NA,NA,NA,NA,NA,NA,NA,NA,NA,NA,NA,NA,NA,NA,NA,NA,NA,NA,NA,NA,NA,NA,NA,NA,NA,NA,NA,NA,NA,NA,NA,NA,NA,NA,NA,NA,NA,NA,NA,NA,NA,NA,NA,NA,NA,NA,NA,NA,NA,NA,NA,NA,NA,NA,NA,NA,NA,NA,NA,NA,NA,NA,NA,NA,NA,NA,NA,NA,NA,NA,NA,NA,NA,NA,NA,NA,NA,NA,NA,NA,NA,NA,NA,NA,NA,NA,NA,NA,NA,NA,NA,true,TRUE,TRUE,2668.4941075291126,2707.7561497609695,2668.639415299042,39.26204223185732,39.26204223185687,8.000000000000046,FALSE,71.443,NA,NA,NA
hidden_truncation_skewness,hidden-truncation skewness,ESN,HT,25,1000,338,0.338,0.6626905235255136,TRUE,TRUE,TRUE,0,NA,-1326.4812145591086,2670.962429118217,2715.1322266290563,2671.144247300035,9,108.946,NA,2654.962429118217,2659.8701843971994,1.000000000000017,NA,HeckmanEM,NA,raw_AIC_BIC_implied_logLik,finite_logLik_no_explicit_code,3,2.909027793846146,-0.09097220615385382,0.4,0.5256087725089275,0.12560877250892744,-0.7,NA,NA,0.7,NA,NA,0.5,NA,NA,0.5,NA,NA,NA,NA,-0.7,-1.0899817933609617,-0.3899817933609615,0.15,0.16542232663029374,0.01542232663029374,1,1.088836070666109,0.08883607066610932,5,5.63982783754761,0.6398278375476103,1.5,1.5049947246341626,0.00499472463416261,0.8,0.7828696502074411,-0.01713034979255889,44.16979751083909,44.16979751083923,-1.4210854715202004e-13,NA,NA,NA,NA,NA,NA,NA,NA,NA,NA,NA,NA,NA,NA,NA,NA,NA,NA,NA,NA,NA,NA,NA,NA,NA,NA,NA,NA,NA,NA,NA,NA,NA,NA,NA,NA,NA,NA,NA,NA,NA,NA,NA,NA,NA,NA,NA,NA,NA,NA,NA,NA,NA,NA,NA,NA,NA,NA,NA,NA,NA,NA,NA,NA,NA,NA,NA,NA,NA,NA,NA,NA,NA,NA,NA,NA,NA,NA,NA,NA,NA,NA,NA,NA,NA,NA,NA,NA,NA,NA,NA,NA,NA,NA,NA,NA,NA,NA,NA,NA,NA,NA,true,TRUE,TRUE,2670.962429118217,2715.1322266290563,2671.144247300035,44.16979751083909,44.16979751083909,8.999999999999972,FALSE,108.946,NA,NA,NA
hidden_truncation_skewness,hidden-truncation skewness,ESN,CN,25,1000,338,0.338,0.6626905235255136,TRUE,TRUE,TRUE,0,NA,-1326.247053515806,2672.4941070316117,2721.571659821433,2672.7165539476887,10,221.55600000000004,NA,2654.4941070316117,2659.401862310594,1.000000000000017,NA,HeckmanEM,NA,raw_AIC_BIC_implied_logLik,finite_logLik_no_explicit_code,3,2.926768368023017,-0.07323163197698301,0.4,0.5244407489567199,0.12444074895671986,-0.7,NA,NA,0.7,NA,NA,0.5,NA,NA,0.5,NA,NA,NA,NA,-0.7,-1.0858714783755226,-0.3858714783755226,0.15,0.16468827263986852,0.01468827263986852,1,1.0847344774992465,0.08473447749924645,5,5.6404699264174125,0.6404699264174125,1.5,1.5060475559831454,0.00604755598314543,0.8,0.7834195097125823,-0.0165804902874177,49.07755278982131,49.07755278982137,-5.684341886080802e-14,NA,NA,NA,NA,NA,NA,NA,NA,NA,NA,NA,NA,NA,NA,NA,NA,NA,NA,NA,NA,NA,NA,NA,NA,NA,NA,NA,NA,NA,NA,NA,NA,NA,NA,NA,NA,NA,NA,NA,NA,NA,NA,NA,NA,NA,NA,NA,NA,NA,NA,NA,NA,NA,NA,NA,NA,NA,NA,NA,NA,NA,NA,NA,NA,NA,NA,NA,NA,NA,NA,NA,NA,NA,NA,NA,NA,NA,NA,NA,NA,NA,NA,NA,NA,NA,NA,NA,NA,NA,NA,NA,NA,NA,NA,NA,NA,NA,NA,NA,NA,NA,NA,true,TRUE,TRUE,2672.494107031612,2721.5716598214335,2672.716553947689,49.07755278982131,49.07755278982131,9.999999999999988,FALSE,221.55600000000004,NA,NA,NA
hidden_truncation_skewness,hidden-truncation skewness,ESN,ESN,25,1000,338,0.338,0.6626905235255136,TRUE,TRUE,TRUE,0,CONVERGENCE: REL_REDUCTION_OF_F <= FACTR*EPSMCH,-1325.8358853609225,2673.671770721845,2727.6570787906485,2673.938977199578,11,17381.67,NA,NA,NA,NA,6,stage2,1326.10454070895;1326.02671077015;1326.14989192588;1325.8471640511;1326.24597496771;1325.83625081996;1325.85463812011;1326.23514658641;1326.23187711995;1325.84227706679;1326.2471341927;1326.05272524901;1326.10319804785;1326.247053413,proposed_likelihood,stage2,3,3.603102785780286,0.603102785780286,0.4,0.7007225349208851,0.3007225349208851,-0.7,-1.4925821305300957,-0.7925821305300957,0.7,-0.3717603824837285,-1.0717603824837283,0.5,1.4136492481678606,0.9136492481678606,0.5,1.4136492481678606,NA,NA,NA,-0.7,-0.5986110358205975,0.10138896417940246,0.15,0.13361817521080405,-0.01638182478919594,1,0.876260344492472,-0.12373965550752795,5,6.355175620239998,1.355175620239998,1.5,1.5139070220809407,0.01390702208094074,0.8,0.7847628596212098,-0.0152371403787902,53.98530806880353,53.985308068803505,2.842170943040401e-14,NA,NA,NA,NA,NA,NA,NA,NA,NA,NA,NA,NA,NA,NA,NA,NA,NA,NA,NA,NA,NA,NA,NA,NA,NA,NA,NA,NA,NA,NA,NA,NA,NA,NA,NA,NA,NA,NA,NA,NA,NA,NA,NA,NA,NA,NA,NA,NA,NA,NA,NA,NA,NA,NA,NA,NA,NA,NA,NA,NA,NA,NA,NA,NA,NA,NA,NA,NA,NA,NA,NA,NA,NA,NA,NA,NA,NA,NA,NA,NA,NA,NA,NA,NA,NA,NA,NA,NA,NA,NA,NA,NA,NA,NA,NA,NA,NA,NA,NA,NA,NA,NA,true,TRUE,TRUE,2673.671770721845,2727.6570787906485,2673.938977199578,53.98530806880353,53.98530806880353,11.000000000000005,FALSE,17381.67,TRUE,FALSE,FALSE
hidden_truncation_skewness,hidden-truncation skewness,ESN,EST,25,1000,338,0.338,0.6626905235255136,TRUE,TRUE,TRUE,0,CONVERGENCE: REL_REDUCTION_OF_F <= FACTR*EPSMCH,-1334.693597965442,2693.387195930884,2752.2802592786697,2693.7033053533764,12,15429.879999999996,NA,NA,NA,NA,25,stage2,1334.69700214189;1e+12;1e+12;1334.69360486336;1e+12;1e+12;1334.69360420322;1e+12;1e+12;1334.69607014204;1e+12;1e+12;1334.69659107847;1e+12;1e+12;1334.69549464481;1e+12;1e+12;1334.69749015901;1e+12;1e+12;1334.6969464745;1e+12;1e+12;1334.69359872975;1e+12;1e+12;1334.700257967;1e+12;1e+12;1334.69468348289;1e+12;1e+12;1334.69604788259;1e+12;1e+12;1334.70056513799;1e+12;1e+12;1334.69535978636;1e+12;1e+12,proposed_likelihood,stage2,3,3.769965300912447,0.769965300912447,0.4,0.7807998044902364,0.3807998044902364,-0.7,-1.4925821305300957,-0.7925821305300957,0.7,-0.6480814499439402,-1.3480814499439402,0.5,1.4925821305300957,0.9925821305300956,0.5,1.4925821305300957,NA,4,NA,-0.7,-0.6385102415150438,0.06148975848495619,0.15,0.14693829964105165,-0.00306170035894834,1,0.9519607514339116,-0.04803924856608854,5,6.413402537232228,1.413402537232228,1.5,1.5051457453538022,0.00514574535380218,0.8,0.7633676472099327,-0.03663235279006738,58.893063347785755,58.89306334778564,1.1368683772161603e-13,NA,NA,NA,NA,NA,NA,NA,NA,NA,NA,NA,NA,NA,NA,NA,NA,NA,NA,NA,NA,NA,NA,NA,NA,NA,NA,NA,NA,NA,NA,NA,NA,NA,NA,NA,NA,NA,NA,NA,NA,NA,NA,NA,NA,NA,NA,NA,NA,NA,NA,NA,NA,NA,NA,NA,NA,NA,NA,NA,NA,NA,NA,NA,NA,NA,NA,NA,NA,NA,NA,NA,NA,NA,NA,NA,NA,NA,NA,NA,NA,NA,NA,NA,NA,NA,NA,NA,NA,NA,NA,NA,NA,NA,NA,NA,NA,NA,NA,NA,NA,NA,NA,true,TRUE,TRUE,2693.387195930884,2752.2802592786697,2693.7033053533764,58.893063347785755,58.893063347785755,12.000000000000023,FALSE,15429.879999999996,TRUE,FALSE,TRUE
hidden_truncation_skewness,hidden-truncation skewness,ESN,NH,26,1000,350,0.35,0.6377551020408163,TRUE,TRUE,TRUE,0,NA,-1384.51330648745,2785.0266129749,2824.2886552067575,2785.1719207448295,8,32.517,NA,2771.0266129749,2775.9343682538824,1.000000000000017,NA,HeckmanEM,NA,raw_AIC_BIC_implied_logLik,finite_logLik_no_explicit_code,3,2.909711503795863,-0.09028849620413704,0.4,0.3320261482969126,-0.0679738517030874,-0.7,NA,NA,0.7,NA,NA,0.5,NA,NA,0.5,NA,NA,NA,NA,-0.7,-1.0606201653636378,-0.36062016536363783,0.15,0.15460992308794988,0.00460992308794988,1,1.0988924612918514,0.09889246129185136,5,5.974623783214861,0.9746237832148612,1.5,1.478747062957427,-0.02125293704257291,0.8,0.8539038565494315,0.05390385654943142,39.26204223185732,39.262042231857095,2.2737367544323206e-13,NA,NA,NA,NA,NA,NA,NA,NA,NA,NA,NA,NA,NA,NA,NA,NA,NA,NA,NA,NA,NA,NA,NA,NA,NA,NA,NA,NA,NA,NA,NA,NA,NA,NA,NA,NA,NA,NA,NA,NA,NA,NA,NA,NA,NA,NA,NA,NA,NA,NA,NA,NA,NA,NA,NA,NA,NA,NA,NA,NA,NA,NA,NA,NA,NA,NA,NA,NA,NA,NA,NA,NA,NA,NA,NA,NA,NA,NA,NA,NA,NA,NA,NA,NA,NA,NA,NA,NA,NA,NA,NA,NA,NA,NA,NA,NA,NA,NA,NA,NA,NA,NA,true,TRUE,TRUE,2785.0266129749,2824.2886552067575,2785.1719207448295,39.26204223185732,39.26204223185732,8.000000000000046,FALSE,32.517,NA,NA,NA
hidden_truncation_skewness,hidden-truncation skewness,ESN,HT,26,1000,350,0.35,0.6377551020408163,TRUE,TRUE,TRUE,0,NA,-1384.0842468346596,2786.168493669319,2830.338291180158,2786.350311851137,9,109.019,NA,2770.168493669319,2775.0762489483013,1.000000000000017,NA,HeckmanEM,NA,raw_AIC_BIC_implied_logLik,finite_logLik_no_explicit_code,3,2.7848991347566123,-0.21510086524338767,0.4,0.31142829502660296,-0.08857170497339706,-0.7,NA,NA,0.7,NA,NA,0.5,NA,NA,0.5,NA,NA,NA,NA,-0.7,-1.0814111127347243,-0.3814111127347244,0.15,0.1575906455226294,0.00759064552262939,1,1.1211129356549343,0.12111293565493451,5,6.0470116717628555,1.0470116717628557,1.5,1.4781089178215585,-0.02189108217844171,0.8,0.8493921231078676,0.04939212310786756,44.16979751083909,44.16979751083923,-1.4210854715202004e-13,NA,NA,NA,NA,NA,NA,NA,NA,NA,NA,NA,NA,NA,NA,NA,NA,NA,NA,NA,NA,NA,NA,NA,NA,NA,NA,NA,NA,NA,NA,NA,NA,NA,NA,NA,NA,NA,NA,NA,NA,NA,NA,NA,NA,NA,NA,NA,NA,NA,NA,NA,NA,NA,NA,NA,NA,NA,NA,NA,NA,NA,NA,NA,NA,NA,NA,NA,NA,NA,NA,NA,NA,NA,NA,NA,NA,NA,NA,NA,NA,NA,NA,NA,NA,NA,NA,NA,NA,NA,NA,NA,NA,NA,NA,NA,NA,NA,NA,NA,NA,NA,NA,true,TRUE,TRUE,2786.168493669319,2830.338291180158,2786.350311851137,44.16979751083909,44.16979751083909,8.999999999999972,FALSE,109.019,NA,NA,NA
hidden_truncation_skewness,hidden-truncation skewness,ESN,CN,26,1000,350,0.35,0.6377551020408163,TRUE,TRUE,TRUE,0,NA,-1383.9050444515783,2787.810088903157,2836.8876416929784,2788.032535819234,10,571.036,NA,2769.810088903157,2774.7178441821393,1.000000000000017,NA,HeckmanEM,NA,raw_AIC_BIC_implied_logLik,finite_logLik_no_explicit_code,3,2.7971853040736088,-0.20281469592639123,0.4,0.3234080408181822,-0.07659195918181783,-0.7,NA,NA,0.7,NA,NA,0.5,NA,NA,0.5,NA,NA,NA,NA,-0.7,-1.080961320037915,-0.3809613200379147,0.15,0.1575398706059622,0.0075398706059622,1,1.120176137704341,0.12017613770434132,5,6.024172362867559,1.0241723628675592,1.5,1.4840932491034102,-0.01590675089658977,0.8,0.8391176180722932,0.03911761807229319,49.07755278982131,49.07755278982137,-5.684341886080802e-14,NA,NA,NA,NA,NA,NA,NA,NA,NA,NA,NA,NA,NA,NA,NA,NA,NA,NA,NA,NA,NA,NA,NA,NA,NA,NA,NA,NA,NA,NA,NA,NA,NA,NA,NA,NA,NA,NA,NA,NA,NA,NA,NA,NA,NA,NA,NA,NA,NA,NA,NA,NA,NA,NA,NA,NA,NA,NA,NA,NA,NA,NA,NA,NA,NA,NA,NA,NA,NA,NA,NA,NA,NA,NA,NA,NA,NA,NA,NA,NA,NA,NA,NA,NA,NA,NA,NA,NA,NA,NA,NA,NA,NA,NA,NA,NA,NA,NA,NA,NA,NA,NA,true,TRUE,TRUE,2787.8100889031566,2836.887641692978,2788.0325358192335,49.07755278982131,49.07755278982131,9.999999999999988,FALSE,571.036,NA,NA,NA
hidden_truncation_skewness,hidden-truncation skewness,ESN,ESN,26,1000,350,0.35,0.6377551020408163,TRUE,TRUE,TRUE,0,CONVERGENCE: REL_REDUCTION_OF_F <= FACTR*EPSMCH,-1384.098030753276,2790.1960615065523,2844.181369575356,2790.4632679842853,11,15969.437999999998,NA,NA,NA,NA,10,stage2,1384.30171998466;1384.51531140278;1384.31838406213;1384.14475003112;1384.51394083945;1384.10656437959;1384.16782545645;1384.30505129883;1384.43073927336;1384.09803366706;1384.32345680338;1384.24858441371;1384.30419806446;1384.51330603397,proposed_likelihood,stage2,3,3.025168812895656,0.02516881289565598,0.4,0.05520796713135328,-0.34479203286864674,-0.7,-1.4925821305300957,-0.7925821305300957,0.7,0.7818669158577003,0.08186691585770034,0.5,1.3640462754469285,0.8640462754469285,0.5,1.3640462754469285,NA,NA,NA,-0.7,-0.586968754849605,0.11303124515039498,0.15,0.12955287745468272,-0.02044712254531727,1,0.9089048682383488,-0.0910951317616513,5,5.770890360061565,0.7708903600615651,1.5,1.478295503096392,-0.02170449690360798,0.8,0.8485020735029778,0.04850207350297775,53.98530806880353,53.985308068803505,2.842170943040401e-14,NA,NA,NA,NA,NA,NA,NA,NA,NA,NA,NA,NA,NA,NA,NA,NA,NA,NA,NA,NA,NA,NA,NA,NA,NA,NA,NA,NA,NA,NA,NA,NA,NA,NA,NA,NA,NA,NA,NA,NA,NA,NA,NA,NA,NA,NA,NA,NA,NA,NA,NA,NA,NA,NA,NA,NA,NA,NA,NA,NA,NA,NA,NA,NA,NA,NA,NA,NA,NA,NA,NA,NA,NA,NA,NA,NA,NA,NA,NA,NA,NA,NA,NA,NA,NA,NA,NA,NA,NA,NA,NA,NA,NA,NA,NA,NA,NA,NA,NA,NA,NA,NA,true,TRUE,TRUE,2790.196061506552,2844.1813695753553,2790.463267984285,53.98530806880353,53.98530806880353,11.000000000000005,FALSE,15969.437999999998,TRUE,FALSE,FALSE
hidden_truncation_skewness,hidden-truncation skewness,ESN,EST,26,1000,350,0.35,0.6377551020408163,TRUE,TRUE,TRUE,0,CONVERGENCE: REL_REDUCTION_OF_F <= FACTR*EPSMCH,-1388.7036128631264,2801.407225726253,2860.3002890740386,2801.7233351487453,12,16087.641000000003,NA,NA,NA,NA,37,stage2,1388.70604555541;1e+12;1e+12;1388.70755725641;1e+12;1e+12;1388.70809464957;1e+12;1e+12;1388.70390678683;1e+12;1e+12;1388.70924524472;1e+12;1e+12;1388.70502192276;1e+12;1e+12;1388.71108108528;1e+12;1e+12;1388.70516616329;1e+12;1e+12;1388.71052186897;1e+12;1e+12;1388.70530613505;1e+12;1e+12;1388.70697476578;1e+12;1e+12;1388.70779984781;1e+12;1e+12;1388.70361302641;1e+12;1e+12;1388.70740955012;1e+12;1e+12,proposed_likelihood,stage2,3,3.165543774922123,0.1655437749221229,0.4,0.5795297039647105,0.17952970396471046,-0.7,-1.4925821305300957,-0.7925821305300957,0.7,-0.5497136076299759,-1.249713607629976,0.5,1.4925821305300957,0.9925821305300956,0.5,1.4925821305300957,NA,4,NA,-0.7,-0.6161751790019593,0.08382482099804067,0.15,0.13653998473744702,-0.01346001526255297,1,0.9624419223235658,-0.03755807767643415,5,6.667843423341128,1.667843423341128,1.5,1.445086683710204,-0.0549133162897959,0.8,0.8548491567799924,0.05484915677999236,58.893063347785755,58.89306334778564,1.1368683772161603e-13,NA,NA,NA,NA,NA,NA,NA,NA,NA,NA,NA,NA,NA,NA,NA,NA,NA,NA,NA,NA,NA,NA,NA,NA,NA,NA,NA,NA,NA,NA,NA,NA,NA,NA,NA,NA,NA,NA,NA,NA,NA,NA,NA,NA,NA,NA,NA,NA,NA,NA,NA,NA,NA,NA,NA,NA,NA,NA,NA,NA,NA,NA,NA,NA,NA,NA,NA,NA,NA,NA,NA,NA,NA,NA,NA,NA,NA,NA,NA,NA,NA,NA,NA,NA,NA,NA,NA,NA,NA,NA,NA,NA,NA,NA,NA,NA,NA,NA,NA,NA,NA,NA,true,TRUE,TRUE,2801.407225726253,2860.3002890740386,2801.7233351487453,58.893063347785755,58.893063347785755,12.000000000000023,FALSE,16087.641000000003,TRUE,FALSE,TRUE
hidden_truncation_skewness,hidden-truncation skewness,ESN,NH,27,1000,352,0.352,0.6493506493506493,TRUE,TRUE,TRUE,0,NA,-1350.5676251138646,2717.135250227729,2756.3972924595864,2717.2805579976584,8,78.1,NA,2703.135250227729,2708.0430055067113,1.000000000000017,NA,HeckmanEM,NA,raw_AIC_BIC_implied_logLik,finite_logLik_no_explicit_code,3,2.7668464408385764,-0.23315355916142355,0.4,0.5011064439329818,0.10110644393298174,-0.7,NA,NA,0.7,NA,NA,0.5,NA,NA,0.5,NA,NA,NA,NA,-0.7,-0.97577210344414,-0.27577210344414005,0.15,0.1742678198861406,0.0242678198861406,1,1.0295537524083838,0.02955375240838376,5,5.760125544961575,0.7601255449615749,1.5,1.342124439287624,-0.15787556071237607,0.8,0.7781276555521336,-0.02187234444786645,39.26204223185732,39.262042231857095,2.2737367544323206e-13,NA,NA,NA,NA,NA,NA,NA,NA,NA,NA,NA,NA,NA,NA,NA,NA,NA,NA,NA,NA,NA,NA,NA,NA,NA,NA,NA,NA,NA,NA,NA,NA,NA,NA,NA,NA,NA,NA,NA,NA,NA,NA,NA,NA,NA,NA,NA,NA,NA,NA,NA,NA,NA,NA,NA,NA,NA,NA,NA,NA,NA,NA,NA,NA,NA,NA,NA,NA,NA,NA,NA,NA,NA,NA,NA,NA,NA,NA,NA,NA,NA,NA,NA,NA,NA,NA,NA,NA,NA,NA,NA,NA,NA,NA,NA,NA,NA,NA,NA,NA,NA,NA,true,TRUE,TRUE,2717.135250227729,2756.3972924595864,2717.2805579976584,39.26204223185732,39.26204223185732,8.000000000000046,FALSE,78.1,NA,NA,NA
hidden_truncation_skewness,hidden-truncation skewness,ESN,HT,27,1000,352,0.352,0.6493506493506493,TRUE,TRUE,TRUE,0,NA,-1350.583849675129,2719.167699350258,2763.337496861097,2719.349517532076,9,116.639,NA,2703.167699350258,2708.07545462924,1.000000000000017,NA,HeckmanEM,NA,raw_AIC_BIC_implied_logLik,finite_logLik_no_explicit_code,3,2.7423880774495024,-0.2576119225504976,0.4,0.49771069312158395,0.09771069312158392,-0.7,NA,NA,0.7,NA,NA,0.5,NA,NA,0.5,NA,NA,NA,NA,-0.7,-0.980359495055827,-0.280359495055827,0.15,0.17511866913798685,0.02511866913798685,1,1.0348687753970114,0.03486877539701139,5,5.773067222407768,0.7730672224077679,1.5,1.3433590716972177,-0.15664092830278253,0.8,0.7794403059546541,-0.02055969404534596,44.16979751083909,44.16979751083923,-1.4210854715202004e-13,NA,NA,NA,NA,NA,NA,NA,NA,NA,NA,NA,NA,NA,NA,NA,NA,NA,NA,NA,NA,NA,NA,NA,NA,NA,NA,NA,NA,NA,NA,NA,NA,NA,NA,NA,NA,NA,NA,NA,NA,NA,NA,NA,NA,NA,NA,NA,NA,NA,NA,NA,NA,NA,NA,NA,NA,NA,NA,NA,NA,NA,NA,NA,NA,NA,NA,NA,NA,NA,NA,NA,NA,NA,NA,NA,NA,NA,NA,NA,NA,NA,NA,NA,NA,NA,NA,NA,NA,NA,NA,NA,NA,NA,NA,NA,NA,NA,NA,NA,NA,NA,NA,true,TRUE,TRUE,2719.167699350258,2763.337496861097,2719.349517532076,44.16979751083909,44.16979751083909,8.999999999999972,FALSE,116.639,NA,NA,NA
hidden_truncation_skewness,hidden-truncation skewness,ESN,CN,27,1000,352,0.352,0.6493506493506493,TRUE,TRUE,TRUE,0,NA,-1350.5679161393289,2721.1358322786577,2770.213385068479,2721.3582791947347,10,587.1930000000001,NA,2703.1358322786577,2708.04358755764,1.000000000000017,NA,HeckmanEM,NA,raw_AIC_BIC_implied_logLik,finite_logLik_no_explicit_code,3,2.754930656473386,-0.24506934352661336,0.4,0.5008419511331588,0.10084195113315876,-0.7,NA,NA,0.7,NA,NA,0.5,NA,NA,0.5,NA,NA,NA,NA,-0.7,-0.979474168345891,-0.279474168345891,0.15,0.17493512368876224,0.02493512368876224,1,1.0335109889754392,0.03351098897543925,5,5.761132613650888,0.7611326136508882,1.5,1.3424920070002602,-0.15750799299973983,0.8,0.7783927116085512,-0.02160728839144887,49.07755278982131,49.07755278982137,-5.684341886080802e-14,NA,NA,NA,NA,NA,NA,NA,NA,NA,NA,NA,NA,NA,NA,NA,NA,NA,NA,NA,NA,NA,NA,NA,NA,NA,NA,NA,NA,NA,NA,NA,NA,NA,NA,NA,NA,NA,NA,NA,NA,NA,NA,NA,NA,NA,NA,NA,NA,NA,NA,NA,NA,NA,NA,NA,NA,NA,NA,NA,NA,NA,NA,NA,NA,NA,NA,NA,NA,NA,NA,NA,NA,NA,NA,NA,NA,NA,NA,NA,NA,NA,NA,NA,NA,NA,NA,NA,NA,NA,NA,NA,NA,NA,NA,NA,NA,NA,NA,NA,NA,NA,NA,true,TRUE,TRUE,2721.1358322786577,2770.213385068479,2721.3582791947347,49.07755278982131,49.07755278982131,9.999999999999988,FALSE,587.1930000000001,NA,NA,NA
hidden_truncation_skewness,hidden-truncation skewness,ESN,ESN,27,1000,352,0.352,0.6493506493506493,TRUE,TRUE,TRUE,0,CONVERGENCE: REL_REDUCTION_OF_F <= FACTR*EPSMCH,-1348.049323874493,2718.098647748986,2772.0839558177895,2718.365854226719,11,17281.128,NA,NA,NA,NA,5,stage2,1348.09247816936;1348.082128859;1348.06690094164;1348.10389133753;1348.04947673899;1348.11834867333;1348.07273981813;1348.05054231857;1348.39412223786;1348.14405420865;1348.06628506387;1348.06135718693;1348.073190978;1350.56762477475,proposed_likelihood,stage2,3,4.270487986401361,1.2704879864013607,0.4,0.7244359222979994,0.32443592229799934,-0.7,-1.4925821305300957,-0.7925821305300957,0.7,-1.0461921686818592,-1.7461921686818591,0.5,0.06349947241024481,-0.4365005275897552,0.5,0.06349947241024481,NA,NA,NA,-0.7,-0.24239548079402976,0.4576045192059702,0.15,0.1398252190839733,-0.01017478091602669,1,0.8306807544648778,-0.16931924553512223,5,8.384780919765081,3.384780919765081,1.5,1.3773434223835006,-0.1226565776164994,0.8,0.8020790217694282,0.0020790217694282,53.98530806880353,53.985308068803505,2.842170943040401e-14,NA,NA,NA,NA,NA,NA,NA,NA,NA,NA,NA,NA,NA,NA,NA,NA,NA,NA,NA,NA,NA,NA,NA,NA,NA,NA,NA,NA,NA,NA,NA,NA,NA,NA,NA,NA,NA,NA,NA,NA,NA,NA,NA,NA,NA,NA,NA,NA,NA,NA,NA,NA,NA,NA,NA,NA,NA,NA,NA,NA,NA,NA,NA,NA,NA,NA,NA,NA,NA,NA,NA,NA,NA,NA,NA,NA,NA,NA,NA,NA,NA,NA,NA,NA,NA,NA,NA,NA,NA,NA,NA,NA,NA,NA,NA,NA,NA,NA,NA,NA,NA,NA,true,TRUE,TRUE,2718.098647748986,2772.0839558177895,2718.365854226719,53.98530806880353,53.98530806880353,11.000000000000005,FALSE,17281.128,TRUE,FALSE,FALSE
hidden_truncation_skewness,hidden-truncation skewness,ESN,EST,27,1000,352,0.352,0.6493506493506493,TRUE,TRUE,TRUE,0,CONVERGENCE: REL_REDUCTION_OF_F <= FACTR*EPSMCH,-1352.3368071159384,2728.673614231877,2787.5666775796626,2728.9897236543693,12,16994.383,NA,NA,NA,NA,37,stage2,1352.33938016638;1e+12;1e+12;1352.34143845474;1e+12;1e+12;1352.33683680277;1e+12;1e+12;1352.34043626751;1e+12;1e+12;1352.33693230144;1e+12;1e+12;1352.33681876622;1e+12;1e+12;1352.33681760872;1e+12;1e+12;1352.33683252123;1e+12;1e+12;1352.33821922091;1e+12;1e+12;1352.34021180209;1e+12;1e+12;1352.34014727247;1e+12;1e+12;1352.33682069422;1e+12;1e+12;1352.33680751918;1e+12;1e+12;1352.33690917185;1e+12;1e+12,proposed_likelihood,stage2,3,3.4865212814190154,0.4865212814190154,0.4,0.7335235840219331,0.33352358402193305,-0.7,-1.4925821305300957,-0.7925821305300957,0.7,-0.936416593997378,-1.636416593997378,0.5,1.4925821305300957,0.9925821305300956,0.5,1.4925821305300957,NA,4,NA,-0.7,-0.5799077078552229,0.120092292144777,0.15,0.15993619024366518,0.00993619024366518,1,0.9532669124994648,-0.04673308750053528,5,6.645037019359742,1.6450370193597417,1.5,1.4242257400623388,-0.07577425993766118,0.8,0.83908561061368,0.03908561061367999,58.893063347785755,58.89306334778564,1.1368683772161603e-13,NA,NA,NA,NA,NA,NA,NA,NA,NA,NA,NA,NA,NA,NA,NA,NA,NA,NA,NA,NA,NA,NA,NA,NA,NA,NA,NA,NA,NA,NA,NA,NA,NA,NA,NA,NA,NA,NA,NA,NA,NA,NA,NA,NA,NA,NA,NA,NA,NA,NA,NA,NA,NA,NA,NA,NA,NA,NA,NA,NA,NA,NA,NA,NA,NA,NA,NA,NA,NA,NA,NA,NA,NA,NA,NA,NA,NA,NA,NA,NA,NA,NA,NA,NA,NA,NA,NA,NA,NA,NA,NA,NA,NA,NA,NA,NA,NA,NA,NA,NA,NA,NA,true,TRUE,TRUE,2728.673614231877,2787.5666775796626,2728.9897236543693,58.893063347785755,58.893063347785755,12.000000000000023,FALSE,16994.383,TRUE,FALSE,TRUE
hidden_truncation_skewness,hidden-truncation skewness,ESN,NH,28,1000,343,0.343,0.649772579597141,TRUE,TRUE,TRUE,0,NA,-1340.5269016715265,2697.053803343053,2736.31584557491,2697.199111112982,8,94.791,NA,2683.053803343053,2687.9615586220348,1.000000000000017,NA,HeckmanEM,NA,raw_AIC_BIC_implied_logLik,finite_logLik_no_explicit_code,3,2.912153795203718,-0.08784620479628202,0.4,0.6005989634898286,0.20059896348982853,-0.7,NA,NA,0.7,NA,NA,0.5,NA,NA,0.5,NA,NA,NA,NA,-0.7,-0.9995167601500704,-0.29951676015007034,0.15,0.14791010397388965,-0.00208989602611034,1,1.0041481832007957,0.00414818320079546,5,5.297952283436208,0.2979522834362083,1.5,1.5988654599877816,0.09886545998778162,0.8,0.7286263784007684,-0.07137362159923166,39.26204223185732,39.262042231857095,-2.2737367544323206e-13,NA,NA,NA,NA,NA,NA,NA,NA,NA,NA,NA,NA,NA,NA,NA,NA,NA,NA,NA,NA,NA,NA,NA,NA,NA,NA,NA,NA,NA,NA,NA,NA,NA,NA,NA,NA,NA,NA,NA,NA,NA,NA,NA,NA,NA,NA,NA,NA,NA,NA,NA,NA,NA,NA,NA,NA,NA,NA,NA,NA,NA,NA,NA,NA,NA,NA,NA,NA,NA,NA,NA,NA,NA,NA,NA,NA,NA,NA,NA,NA,NA,NA,NA,NA,NA,NA,NA,NA,NA,NA,NA,NA,NA,NA,NA,NA,NA,NA,NA,NA,NA,NA,true,TRUE,TRUE,2697.053803343053,2736.31584557491,2697.1991111129823,39.26204223185687,39.26204223185687,7.999999999999954,FALSE,94.791,NA,NA,NA
hidden_truncation_skewness,hidden-truncation skewness,ESN,HT,28,1000,343,0.343,0.649772579597141,TRUE,TRUE,TRUE,0,NA,-1340.5542370957046,2699.108474191409,2743.2782717022483,2699.290292373227,9,141.36200000000002,NA,2683.108474191409,2688.0162294703914,1.000000000000017,NA,HeckmanEM,NA,raw_AIC_BIC_implied_logLik,finite_logLik_no_explicit_code,3,2.8910666865713965,-0.10893331342860346,0.4,0.6016417965381006,0.20164179653810055,-0.7,NA,NA,0.7,NA,NA,0.5,NA,NA,0.5,NA,NA,NA,NA,-0.7,-1.0030144946318476,-0.3030144946318476,0.15,0.14858664046979764,-0.00141335953020235,1,1.0071811587761876,0.00718115877618763,5,5.2959956591880095,0.2959956591880095,1.5,1.5972977418788483,0.09729774187884854,0.8,0.7286284250346499,-0.07137157496535018,44.16979751083909,44.16979751083923,-1.4210854715202004e-13,NA,NA,NA,NA,NA,NA,NA,NA,NA,NA,NA,NA,NA,NA,NA,NA,NA,NA,NA,NA,NA,NA,NA,NA,NA,NA,NA,NA,NA,NA,NA,NA,NA,NA,NA,NA,NA,NA,NA,NA,NA,NA,NA,NA,NA,NA,NA,NA,NA,NA,NA,NA,NA,NA,NA,NA,NA,NA,NA,NA,NA,NA,NA,NA,NA,NA,NA,NA,NA,NA,NA,NA,NA,NA,NA,NA,NA,NA,NA,NA,NA,NA,NA,NA,NA,NA,NA,NA,NA,NA,NA,NA,NA,NA,NA,NA,NA,NA,NA,NA,NA,NA,true,TRUE,TRUE,2699.108474191409,2743.2782717022483,2699.290292373227,44.16979751083909,44.16979751083909,8.999999999999972,FALSE,141.36200000000002,NA,NA,NA
hidden_truncation_skewness,hidden-truncation skewness,ESN,CN,28,1000,343,0.343,0.649772579597141,TRUE,TRUE,TRUE,0,NA,-1340.5270314310485,2701.054062862097,2750.1316156519183,2701.276509778174,10,594.975,NA,2683.054062862097,2687.961818141079,1.000000000000017,NA,HeckmanEM,NA,raw_AIC_BIC_implied_logLik,finite_logLik_no_explicit_code,3,2.9089787459098972,-0.09102125409010275,0.4,0.6003810453276686,0.20038104532766857,-0.7,NA,NA,0.7,NA,NA,0.5,NA,NA,0.5,NA,NA,NA,NA,-0.7,-1.0005265349077987,-0.3005265349077988,0.15,0.14806375319887127,-0.00193624680112872,1,1.0051775363022422,0.00517753630224215,5,5.298804300160367,0.2988043001603673,1.5,1.598868564801356,0.09886856480135586,0.8,0.7286153863933054,-0.07138461360669468,49.07755278982131,49.07755278982137,-5.684341886080802e-14,NA,NA,NA,NA,NA,NA,NA,NA,NA,NA,NA,NA,NA,NA,NA,NA,NA,NA,NA,NA,NA,NA,NA,NA,NA,NA,NA,NA,NA,NA,NA,NA,NA,NA,NA,NA,NA,NA,NA,NA,NA,NA,NA,NA,NA,NA,NA,NA,NA,NA,NA,NA,NA,NA,NA,NA,NA,NA,NA,NA,NA,NA,NA,NA,NA,NA,NA,NA,NA,NA,NA,NA,NA,NA,NA,NA,NA,NA,NA,NA,NA,NA,NA,NA,NA,NA,NA,NA,NA,NA,NA,NA,NA,NA,NA,NA,NA,NA,NA,NA,NA,NA,true,TRUE,TRUE,2701.054062862097,2750.1316156519183,2701.276509778174,49.07755278982131,49.07755278982131,9.999999999999988,FALSE,594.975,NA,NA,NA
hidden_truncation_skewness,hidden-truncation skewness,ESN,ESN,28,1000,343,0.343,0.649772579597141,TRUE,TRUE,TRUE,0,CONVERGENCE: REL_REDUCTION_OF_F <= FACTR*EPSMCH,-1339.2585146436838,2700.5170292873677,2754.502337356171,2700.7842357651007,11,16865.049000000003,NA,NA,NA,NA,10,stage2,1340.52832496445;1340.52985569847;1340.52701951342;1340.5129254656;1340.52477639213;1340.4266736627;1340.52961666237;1340.18502541565;1340.52724719735;1339.46096085728;1340.07888650703;1340.52757328586;1340.52828345814;1340.52690151033,proposed_likelihood,stage2,3,3.217251099898724,0.21725109989872404,0.4,0.6592753425639644,0.25927534256396434,-0.7,1.4925821305300957,2.192582130530096,0.7,1.1132904330820672,0.41329043308206725,0.5,1.4591350018103542,0.9591350018103542,0.5,1.4591350018103542,NA,NA,NA,-0.7,-1.173284387616745,-0.47328438761674496,0.15,0.1335257743671587,-0.01647422563284129,1,0.9014971984356004,-0.0985028015643995,5,4.375797692588231,-0.6242023074117693,1.5,1.5925248214569478,0.09252482145694783,0.8,0.7437335441627861,-0.0562664558372139,53.98530806880353,53.985308068803505,2.842170943040401e-14,NA,NA,NA,NA,NA,NA,NA,NA,NA,NA,NA,NA,NA,NA,NA,NA,NA,NA,NA,NA,NA,NA,NA,NA,NA,NA,NA,NA,NA,NA,NA,NA,NA,NA,NA,NA,NA,NA,NA,NA,NA,NA,NA,NA,NA,NA,NA,NA,NA,NA,NA,NA,NA,NA,NA,NA,NA,NA,NA,NA,NA,NA,NA,NA,NA,NA,NA,NA,NA,NA,NA,NA,NA,NA,NA,NA,NA,NA,NA,NA,NA,NA,NA,NA,NA,NA,NA,NA,NA,NA,NA,NA,NA,NA,NA,NA,NA,NA,NA,NA,NA,NA,true,TRUE,TRUE,2700.5170292873677,2754.502337356171,2700.7842357651007,53.98530806880353,53.98530806880353,11.000000000000005,FALSE,16865.049000000003,TRUE,FALSE,TRUE
hidden_truncation_skewness,hidden-truncation skewness,ESN,EST,28,1000,343,0.343,0.649772579597141,TRUE,TRUE,TRUE,0,CONVERGENCE: REL_REDUCTION_OF_F <= FACTR*EPSMCH,-1348.7065036015824,2721.413007203165,2780.3060705509506,2721.7291166256573,12,18381.550000000003,NA,NA,NA,NA,10,stage2,1348.79214853676;1e+12;1e+12;1348.71783236299;1e+12;1e+12;1348.71456487956;1e+12;1e+12;1348.70650395393;1e+12;1e+12;1348.71570340258;1e+12;1e+12;1348.70652565308;1e+12;1e+12;1348.81951038546;1e+12;1e+12;1348.70651466318;1e+12;1e+12;1348.73820074146;1e+12;1e+12;1348.70741814896;1e+12;1e+12;1348.7065615324;1e+12;1e+12;1348.70654103427;1e+12;1e+12;1348.87786421074;1e+12;1e+12;1348.71637849365;1e+12;1e+12,proposed_likelihood,stage2,3,3.316378420471609,0.3163784204716089,0.4,0.778142779582754,0.378142779582754,-0.7,-1.0622542773966934,-0.3622542773966934,0.7,-0.540357246787342,-1.240357246787342,0.5,1.4925821305300957,0.9925821305300956,0.5,1.4925821305300957,NA,4,NA,-0.7,-0.698753688757207,0.00124631124279295,0.15,0.1395152959364008,-0.01048470406359919,1,0.9195002796256372,-0.08049972037436282,5,5.784067639684704,0.7840676396847037,1.5,1.5806571667767535,0.08065716677675372,0.8,0.7132724708006468,-0.08672752919935323,58.893063347785755,58.89306334778564,1.1368683772161603e-13,NA,NA,NA,NA,NA,NA,NA,NA,NA,NA,NA,NA,NA,NA,NA,NA,NA,NA,NA,NA,NA,NA,NA,NA,NA,NA,NA,NA,NA,NA,NA,NA,NA,NA,NA,NA,NA,NA,NA,NA,NA,NA,NA,NA,NA,NA,NA,NA,NA,NA,NA,NA,NA,NA,NA,NA,NA,NA,NA,NA,NA,NA,NA,NA,NA,NA,NA,NA,NA,NA,NA,NA,NA,NA,NA,NA,NA,NA,NA,NA,NA,NA,NA,NA,NA,NA,NA,NA,NA,NA,NA,NA,NA,NA,NA,NA,NA,NA,NA,NA,NA,NA,true,TRUE,TRUE,2721.413007203165,2780.3060705509506,2721.7291166256573,58.893063347785755,58.893063347785755,12.000000000000023,FALSE,18381.550000000003,FALSE,FALSE,TRUE
hidden_truncation_skewness,hidden-truncation skewness,ESN,NH,29,1000,351,0.351,0.6414368184733804,TRUE,TRUE,TRUE,0,NA,-1386.3041700270887,2788.6083400541775,2827.8703822860343,2788.753647824107,8,95.105,NA,2774.6083400541775,2779.5160953331597,1.000000000000017,NA,HeckmanEM,NA,raw_AIC_BIC_implied_logLik,finite_logLik_no_explicit_code,3,3.018467323689499,0.01846732368949899,0.4,0.513469830513972,0.11346983051397196,-0.7,NA,NA,0.7,NA,NA,0.5,NA,NA,0.5,NA,NA,NA,NA,-0.7,-1.073652298910642,-0.3736522989106421,0.15,0.160068510633707,0.010068510633707,1,1.077094364642224,0.07709436464222397,5,5.815335994419909,0.8153359944199092,1.5,1.3813822620102776,-0.11861773798972242,0.8,0.512600025009078,-0.28739997499092207,39.26204223185687,39.262042231857095,-2.2737367544323206e-13,NA,NA,NA,NA,NA,NA,NA,NA,NA,NA,NA,NA,NA,NA,NA,NA,NA,NA,NA,NA,NA,NA,NA,NA,NA,NA,NA,NA,NA,NA,NA,NA,NA,NA,NA,NA,NA,NA,NA,NA,NA,NA,NA,NA,NA,NA,NA,NA,NA,NA,NA,NA,NA,NA,NA,NA,NA,NA,NA,NA,NA,NA,NA,NA,NA,NA,NA,NA,NA,NA,NA,NA,NA,NA,NA,NA,NA,NA,NA,NA,NA,NA,NA,NA,NA,NA,NA,NA,NA,NA,NA,NA,NA,NA,NA,NA,NA,NA,NA,NA,NA,NA,true,TRUE,TRUE,2788.6083400541775,2827.8703822860343,2788.753647824107,39.26204223185687,39.26204223185687,7.999999999999954,FALSE,95.105,NA,NA,NA
hidden_truncation_skewness,hidden-truncation skewness,ESN,HT,29,1000,351,0.351,0.6414368184733804,TRUE,TRUE,TRUE,0,NA,-1386.060382231155,2790.12076446231,2834.290561973149,2790.302582644128,9,141.464,NA,2774.12076446231,2779.0285197412923,1.000000000000017,NA,HeckmanEM,NA,raw_AIC_BIC_implied_logLik,finite_logLik_no_explicit_code,3,2.921889518473672,-0.07811048152632782,0.4,0.5214190724566241,0.12141907245662407,-0.7,NA,NA,0.7,NA,NA,0.5,NA,NA,0.5,NA,NA,NA,NA,-0.7,-1.0904958566867382,-0.39049585668673825,0.15,0.16283103865517717,0.01283103865517715,1,1.0924980280472631,0.09249802804726316,5,5.7765569781220005,0.7765569781220005,1.5,1.3927089139784756,-0.10729108602152436,0.8,0.5159897110218865,-0.28401028897811353,44.16979751083909,44.16979751083923,-1.4210854715202004e-13,NA,NA,NA,NA,NA,NA,NA,NA,NA,NA,NA,NA,NA,NA,NA,NA,NA,NA,NA,NA,NA,NA,NA,NA,NA,NA,NA,NA,NA,NA,NA,NA,NA,NA,NA,NA,NA,NA,NA,NA,NA,NA,NA,NA,NA,NA,NA,NA,NA,NA,NA,NA,NA,NA,NA,NA,NA,NA,NA,NA,NA,NA,NA,NA,NA,NA,NA,NA,NA,NA,NA,NA,NA,NA,NA,NA,NA,NA,NA,NA,NA,NA,NA,NA,NA,NA,NA,NA,NA,NA,NA,NA,NA,NA,NA,NA,NA,NA,NA,NA,NA,NA,true,TRUE,TRUE,2790.12076446231,2834.290561973149,2790.302582644128,44.16979751083909,44.16979751083909,8.999999999999972,FALSE,141.464,NA,NA,NA
hidden_truncation_skewness,hidden-truncation skewness,ESN,CN,29,1000,351,0.351,0.6414368184733804,TRUE,TRUE,TRUE,0,NA,-1386.2714476630908,2792.5428953261817,2841.620448116003,2792.7653422422586,10,596.235,NA,2774.5428953261817,2779.450650605164,1.000000000000017,NA,HeckmanEM,NA,raw_AIC_BIC_implied_logLik,finite_logLik_no_explicit_code,3,2.9775316187118155,-0.02246838128818451,0.4,0.515686131646219,0.115686131646219,-0.7,NA,NA,0.7,NA,NA,0.5,NA,NA,0.5,NA,NA,NA,NA,-0.7,-1.0851335568172125,-0.3851335568172125,0.15,0.16180185892611476,0.01180185892611476,1,1.0883607908270343,0.08836079082703452,5,5.80506629260966,0.8050662926096601,1.5,1.3845663637565444,-0.1154336362434556,0.8,0.5132334698612856,-0.28676653013871445,49.07755278982131,49.07755278982137,-5.684341886080802e-14,NA,NA,NA,NA,NA,NA,NA,NA,NA,NA,NA,NA,NA,NA,NA,NA,NA,NA,NA,NA,NA,NA,NA,NA,NA,NA,NA,NA,NA,NA,NA,NA,NA,NA,NA,NA,NA,NA,NA,NA,NA,NA,NA,NA,NA,NA,NA,NA,NA,NA,NA,NA,NA,NA,NA,NA,NA,NA,NA,NA,NA,NA,NA,NA,NA,NA,NA,NA,NA,NA,NA,NA,NA,NA,NA,NA,NA,NA,NA,NA,NA,NA,NA,NA,NA,NA,NA,NA,NA,NA,NA,NA,NA,NA,NA,NA,NA,NA,NA,NA,NA,NA,true,TRUE,TRUE,2792.5428953261817,2841.620448116003,2792.7653422422586,49.07755278982131,49.07755278982131,9.999999999999988,FALSE,596.235,NA,NA,NA
hidden_truncation_skewness,hidden-truncation skewness,ESN,ESN,29,1000,351,0.351,0.6414368184733804,TRUE,TRUE,TRUE,0,CONVERGENCE: REL_REDUCTION_OF_F <= FACTR*EPSMCH,-1382.422546395294,2786.8450927905883,2840.830400859392,2787.1122992683213,11,17412.082,NA,NA,NA,NA,6,stage2,1385.94053448234;1385.69330049728;1386.30450269904;1384.5452799567;1386.30443195546;1382.86229928689;1384.93175845229;1386.30417761007;1386.30435606184;1382.4372778076;1385.73349488406;1384.71395317721;1386.22269984613;1386.30416963779,proposed_likelihood,stage2,3,3.549806630929684,0.5498066309296838,0.4,0.590381163691782,0.19038116369178193,-0.7,1.4925821305300957,2.192582130530096,0.7,1.490408116203017,0.790408116203017,0.5,0.9044840809642176,0.4044840809642178,0.5,0.9044840809642176,NA,NA,NA,-0.7,-1.3142981414996846,-0.6142981414996846,0.15,0.14455436005078792,-0.00544563994921207,1,0.9650971433330674,-0.0349028566669326,5,4.403178069591275,-0.5968219304087254,1.5,1.3497757733232822,-0.15022422667671775,0.8,0.47963573102029994,-0.3203642689797001,53.98530806880353,53.985308068803505,2.842170943040401e-14,NA,NA,NA,NA,NA,NA,NA,NA,NA,NA,NA,NA,NA,NA,NA,NA,NA,NA,NA,NA,NA,NA,NA,NA,NA,NA,NA,NA,NA,NA,NA,NA,NA,NA,NA,NA,NA,NA,NA,NA,NA,NA,NA,NA,NA,NA,NA,NA,NA,NA,NA,NA,NA,NA,NA,NA,NA,NA,NA,NA,NA,NA,NA,NA,NA,NA,NA,NA,NA,NA,NA,NA,NA,NA,NA,NA,NA,NA,NA,NA,NA,NA,NA,NA,NA,NA,NA,NA,NA,NA,NA,NA,NA,NA,NA,NA,NA,NA,NA,NA,NA,NA,true,TRUE,TRUE,2786.845092790588,2840.8304008593914,2787.112299268321,53.98530806880353,53.98530806880353,11.000000000000005,FALSE,17412.082,TRUE,TRUE,FALSE
hidden_truncation_skewness,hidden-truncation skewness,ESN,EST,29,1000,351,0.351,0.6414368184733804,TRUE,TRUE,TRUE,0,CONVERGENCE: REL_REDUCTION_OF_F <= FACTR*EPSMCH,-1391.7353657268425,2807.470731453685,2866.3637948014707,2807.7868408761774,12,17386.064000000002,NA,NA,NA,NA,22,stage2,1391.75235421537;1e+12;1e+12;1391.73962211297;1e+12;1e+12;1391.74203339402;1e+12;1e+12;1391.73616622689;1e+12;1e+12;1391.73564548724;1e+12;1e+12;1391.74259859223;1e+12;1e+12;1391.74457636693;1e+12;1e+12;1391.73536579498;1e+12;1e+12;1391.78795808653;1e+12;1e+12;1391.73671871493;1e+12;1e+12;1391.73629500359;1e+12;1e+12;1391.7355356486;1e+12;1e+12;1391.76699469775;1e+12;1e+12;1391.73543963003;1e+12;1e+12,proposed_likelihood,stage2,3,2.623188016651623,-0.37681198334837696,0.4,0.3000946765335301,-0.09990532346646992,-0.7,-1.484014499511499,-0.784014499511499,0.7,0.7345276518441592,0.03452765184415929,0.5,1.4925821305300957,0.9925821305300956,0.5,1.4925821305300957,NA,4,NA,-0.7,-0.6438558031807952,0.05614419681920479,0.15,0.14299908094834693,-0.00700091905165306,1,0.951848466253432,-0.04815153374656811,5,5.866959934681824,0.866959934681824,1.5,1.406437347087624,-0.09356265291237607,0.8,0.5240463902987155,-0.2759536097012846,58.893063347785755,58.89306334778564,1.1368683772161603e-13,NA,NA,NA,NA,NA,NA,NA,NA,NA,NA,NA,NA,NA,NA,NA,NA,NA,NA,NA,NA,NA,NA,NA,NA,NA,NA,NA,NA,NA,NA,NA,NA,NA,NA,NA,NA,NA,NA,NA,NA,NA,NA,NA,NA,NA,NA,NA,NA,NA,NA,NA,NA,NA,NA,NA,NA,NA,NA,NA,NA,NA,NA,NA,NA,NA,NA,NA,NA,NA,NA,NA,NA,NA,NA,NA,NA,NA,NA,NA,NA,NA,NA,NA,NA,NA,NA,NA,NA,NA,NA,NA,NA,NA,NA,NA,NA,NA,NA,NA,NA,NA,NA,true,TRUE,TRUE,2807.470731453685,2866.3637948014707,2807.7868408761774,58.893063347785755,58.893063347785755,12.000000000000023,FALSE,17386.064000000002,TRUE,FALSE,TRUE
hidden_truncation_skewness,hidden-truncation skewness,ESN,NH,30,1000,328,0.328,0.6435006435006435,TRUE,TRUE,TRUE,0,NA,-1316.185127194597,2648.370254389194,2687.632296621051,2648.5155621591234,8,131.817,NA,2634.370254389194,2639.2780096681763,1.000000000000017,NA,HeckmanEM,NA,raw_AIC_BIC_implied_logLik,finite_logLik_no_explicit_code,3,3.3082669256622106,0.3082669256622106,0.4,0.6816691499904493,0.28166914999044923,-0.7,NA,NA,0.7,NA,NA,0.5,NA,NA,0.5,NA,NA,NA,NA,-0.7,-1.115623098002297,-0.415623098002297,0.15,0.13520980136347782,-0.01479019863652217,1,1.131512173078001,0.1315121730780009,5,5.203112691159248,0.203112691159248,1.5,1.3323356326742075,-0.16766436732579248,0.8,0.6628694352143367,-0.13713056478566332,39.26204223185687,39.262042231857095,-2.2737367544323206e-13,NA,NA,NA,NA,NA,NA,NA,NA,NA,NA,NA,NA,NA,NA,NA,NA,NA,NA,NA,NA,NA,NA,NA,NA,NA,NA,NA,NA,NA,NA,NA,NA,NA,NA,NA,NA,NA,NA,NA,NA,NA,NA,NA,NA,NA,NA,NA,NA,NA,NA,NA,NA,NA,NA,NA,NA,NA,NA,NA,NA,NA,NA,NA,NA,NA,NA,NA,NA,NA,NA,NA,NA,NA,NA,NA,NA,NA,NA,NA,NA,NA,NA,NA,NA,NA,NA,NA,NA,NA,NA,NA,NA,NA,NA,NA,NA,NA,NA,NA,NA,NA,NA,true,TRUE,TRUE,2648.370254389194,2687.632296621051,2648.5155621591234,39.26204223185687,39.26204223185687,7.999999999999954,FALSE,131.817,NA,NA,NA
hidden_truncation_skewness,hidden-truncation skewness,ESN,HT,30,1000,328,0.328,0.6435006435006435,TRUE,TRUE,TRUE,0,NA,-1314.9909646441329,2647.9819292882657,2692.151726799105,2648.163747470084,9,176.17700000000002,NA,2631.9819292882657,2636.889684567248,1.000000000000017,NA,HeckmanEM,NA,raw_AIC_BIC_implied_logLik,finite_logLik_no_explicit_code,3,3.0606534636994622,0.06065346369946223,0.4,0.6705600039887186,0.2705600039887186,-0.7,NA,NA,0.7,NA,NA,0.5,NA,NA,0.5,NA,NA,NA,NA,-0.7,-1.1625594840185405,-0.4625594840185403,0.15,0.14207998717403125,-0.00792001282596874,1,1.181399262262775,0.18139926226277492,5,5.310258076707131,0.31025807670713057,1.5,1.329588293137573,-0.17041170686242668,0.8,0.65408680536002906,-0.145913194639971,44.16979751083909,44.16979751083923,-1.4210854715202004e-13,NA,NA,NA,NA,NA,NA,NA,NA,NA,NA,NA,NA,NA,NA,NA,NA,NA,NA,NA,NA,NA,NA,NA,NA,NA,NA,NA,NA,NA,NA,NA,NA,NA,NA,NA,NA,NA,NA,NA,NA,NA,NA,NA,NA,NA,NA,NA,NA,NA,NA,NA,NA,NA,NA,NA,NA,NA,NA,NA,NA,NA,NA,NA,NA,NA,NA,NA,NA,NA,NA,NA,NA,NA,NA,NA,NA,NA,NA,NA,NA,NA,NA,NA,NA,NA,NA,NA,NA,NA,NA,NA,NA,NA,NA,NA,NA,NA,NA,NA,NA,NA,NA,true,TRUE,TRUE,2647.9819292882657,2692.151726799105,2648.1637474700838,44.16979751083909,44.16979751083909,8.999999999999972,FALSE,176.17700000000002,NA,NA,NA
hidden_truncation_skewness,hidden-truncation skewness,ESN,CN,30,1000,328,0.328,0.6435006435006435,TRUE,TRUE,TRUE,0,NA,-1314.9309485764672,2649.8618971529345,2698.939449942756,2650.0843440690114,10,605.0920000000001,NA,2631.8618971529345,2636.7696524319167,1.000000000000017,NA,HeckmanEM,NA,raw_AIC_BIC_implied_logLik,finite_logLik_no_explicit_code,3,3.010260695409625,0.01026069540962515,0.4,0.671186062030231,0.271186062030231,-0.7,NA,NA,0.7,NA,NA,0.5,NA,NA,0.5,NA,NA,NA,NA,-0.7,-1.186113686917902,-0.48611368691790213,0.15,0.14460613903383462,-0.00539386096616537,1,1.205573620727756,0.20557362072775587,5,5.2926034008278435,0.29260340082784353,1.5,1.3366802341659365,-0.1633197658340635,0.8,0.6571525865370855,-0.14284741346291452,49.07755278982131,49.07755278982137,-5.684341886080802e-14,NA,NA,NA,NA,NA,NA,NA,NA,NA,NA,NA,NA,NA,NA,NA,NA,NA,NA,NA,NA,NA,NA,NA,NA,NA,NA,NA,NA,NA,NA,NA,NA,NA,NA,NA,NA,NA,NA,NA,NA,NA,NA,NA,NA,NA,NA,NA,NA,NA,NA,NA,NA,NA,NA,NA,NA,NA,NA,NA,NA,NA,NA,NA,NA,NA,NA,NA,NA,NA,NA,NA,NA,NA,NA,NA,NA,NA,NA,NA,NA,NA,NA,NA,NA,NA,NA,NA,NA,NA,NA,NA,NA,NA,NA,NA,NA,NA,NA,NA,NA,NA,NA,true,TRUE,TRUE,2649.8618971529345,2698.939449942756,2650.0843440690114,49.07755278982131,49.07755278982131,9.999999999999988,FALSE,605.0920000000001,NA,NA,NA
hidden_truncation_skewness,hidden-truncation skewness,ESN,ESN,30,1000,328,0.328,0.6435006435006435,TRUE,TRUE,TRUE,0,CONVERGENCE: REL_REDUCTION_OF_F <= FACTR*EPSMCH,-1314.8842296511868,2651.7684593023737,2705.753767371177,2652.0356657801067,11,17593.313000000002,NA,NA,NA,NA,11,stage2,1316.1924272183;1316.18570669744;1316.19182712911;1316.18572760441;1316.18676031233;1316.18521420746;1316.17582569338;1316.18541767399;1316.18693929843;1315.73374915083;1315.08869976144;1316.18869515526;1316.19205812633;1316.18512687276,proposed_likelihood,stage2,3,3.4891419679024738,0.4891419679024738,0.4,0.7113319227696341,0.31133192276963406,-0.7,1.4925821305300957,2.192582130530096,0.7,-0.4340375457759023,-1.1340375457759022,0.5,0.06241972201169019,-0.4375802779883098,0.5,0.06241972201169019,NA,NA,NA,-0.7,-1.491360141288417,-0.791360141288417,0.15,0.10843535402551133,-0.04156464597448868,1,0.90738738546427,-0.09261261453573,5,4.07506993555791,-0.9249300644420896,1.5,1.3285204305138645,-0.17147956948613552,0.8,0.6628224336375395,-0.1371775663624606,53.98530806880353,53.985308068803505,2.842170943040401e-14,NA,NA,NA,NA,NA,NA,NA,NA,NA,NA,NA,NA,NA,NA,NA,NA,NA,NA,NA,NA,NA,NA,NA,NA,NA,NA,NA,NA,NA,NA,NA,NA,NA,NA,NA,NA,NA,NA,NA,NA,NA,NA,NA,NA,NA,NA,NA,NA,NA,NA,NA,NA,NA,NA,NA,NA,NA,NA,NA,NA,NA,NA,NA,NA,NA,NA,NA,NA,NA,NA,NA,NA,NA,NA,NA,NA,NA,NA,NA,NA,NA,NA,NA,NA,NA,NA,NA,NA,NA,NA,NA,NA,NA,NA,NA,NA,NA,NA,NA,NA,NA,NA,true,TRUE,TRUE,2651.7684593023737,2705.753767371177,2652.0356657801067,53.98530806880353,53.98530806880353,11.000000000000005,FALSE,17593.313000000002,TRUE,FALSE,FALSE
hidden_truncation_skewness,hidden-truncation skewness,ESN,EST,30,1000,328,0.328,0.6435006435006435,TRUE,TRUE,TRUE,0,CONVERGENCE: REL_REDUCTION_OF_F <= FACTR*EPSMCH,-1317.5746453855468,2659.1492907710935,2718.0423541188793,2659.465400193586,12,20723.345,NA,NA,NA,NA,40,stage2,1317.72321148466;1e+12;1e+12;1317.60750694064;1e+12;1e+12;1317.70500687965;1e+12;1e+12;1317.58153311849;1e+12;1e+12;1317.62183235967;1e+12;1e+12;1317.59339013512;1e+12;1e+12;1317.62744017067;1e+12;1e+12;1317.60245668943;1e+12;1e+12;1317.68281714398;1e+12;1e+12;1317.5963089894;1e+12;1e+12;1317.58520698097;1e+12;1e+12;1317.69470623044;1e+12;1e+12;1317.73796919251;1e+12;1e+12;1317.58481549051;1e+12;1e+12,proposed_likelihood,stage2,3,3.763372810333933,0.7633728103339332,0.4,0.8163450666836174,0.41634506668361737,-0.7,-1.1927484924207965,-0.49274849242079655,0.7,-0.611381624328811,-1.311381624328811,0.5,1.4925821305300957,0.9925821305300956,0.5,1.4925821305300957,NA,4,NA,-0.7,-0.7780380113514221,-0.07803801135142219,0.15,0.1267923026238227,-0.02320769737617728,1,1.0443158013644585,0.04431580136445845,5,6.074670865721376,1.0746708657213755,1.5,1.350513445449554,-0.14948655455044602,0.8,0.6404064001107846,-0.1595935998892154,58.893063347785755,58.89306334778564,1.1368683772161603e-13,NA,NA,NA,NA,NA,NA,NA,NA,NA,NA,NA,NA,NA,NA,NA,NA,NA,NA,NA,NA,NA,NA,NA,NA,NA,NA,NA,NA,NA,NA,NA,NA,NA,NA,NA,NA,NA,NA,NA,NA,NA,NA,NA,NA,NA,NA,NA,NA,NA,NA,NA,NA,NA,NA,NA,NA,NA,NA,NA,NA,NA,NA,NA,NA,NA,NA,NA,NA,NA,NA,NA,NA,NA,NA,NA,NA,NA,NA,NA,NA,NA,NA,NA,NA,NA,NA,NA,NA,NA,NA,NA,NA,NA,NA,NA,NA,NA,NA,NA,NA,NA,NA,true,TRUE,TRUE,2659.1492907710935,2718.0423541188793,2659.465400193586,58.893063347785755,58.893063347785755,12.000000000000023,FALSE,20723.345,FALSE,FALSE,TRUE
hidden_truncation_skewness,hidden-truncation skewness,ESN,NH,31,1000,348,0.348,0.6361323155216285,TRUE,TRUE,TRUE,0,NA,-1342.817828289427,2701.635656578854,2740.8976988107115,2701.7809643487835,8,161.46,NA,2687.635656578854,2692.5434118578364,1.000000000000017,NA,HeckmanEM,NA,raw_AIC_BIC_implied_logLik,finite_logLik_no_explicit_code,3,2.880844272308754,-0.11915572769124604,0.4,0.6547105495138463,0.2547105495138463,-0.7,NA,NA,0.7,NA,NA,0.5,NA,NA,0.5,NA,NA,NA,NA,-0.7,-0.99187033723535,-0.29187033723535016,0.15,0.15645856116304235,0.00645856116304235,1,0.9964688043704472,-0.00353119562955273,5,5.2950796945389795,0.29507969453897953,1.5,1.419850985560616,-0.08014901443938394,0.8,0.6762512321110837,-0.12374876788891633,39.26204223185732,39.262042231857095,2.2737367544323206e-13,NA,NA,NA,NA,NA,NA,NA,NA,NA,NA,NA,NA,NA,NA,NA,NA,NA,NA,NA,NA,NA,NA,NA,NA,NA,NA,NA,NA,NA,NA,NA,NA,NA,NA,NA,NA,NA,NA,NA,NA,NA,NA,NA,NA,NA,NA,NA,NA,NA,NA,NA,NA,NA,NA,NA,NA,NA,NA,NA,NA,NA,NA,NA,NA,NA,NA,NA,NA,NA,NA,NA,NA,NA,NA,NA,NA,NA,NA,NA,NA,NA,NA,NA,NA,NA,NA,NA,NA,NA,NA,NA,NA,NA,NA,NA,NA,NA,NA,NA,NA,NA,NA,true,TRUE,TRUE,2701.635656578854,2740.8976988107115,2701.7809643487835,39.26204223185732,39.26204223185732,8.000000000000046,FALSE,161.46,NA,NA,NA
hidden_truncation_skewness,hidden-truncation skewness,ESN,HT,31,1000,348,0.348,0.6361323155216285,TRUE,TRUE,TRUE,0,NA,-1342.9132704237854,2703.826540847571,2747.99633835841,2704.008359029389,9,239.76300000000003,NA,2687.826540847571,2692.734296126553,1.000000000000017,NA,HeckmanEM,NA,raw_AIC_BIC_implied_logLik,finite_logLik_no_explicit_code,3,2.8574858212903953,-0.1425141787096047,0.4,0.652822731770665,0.25282273177066494,-0.7,NA,NA,0.7,NA,NA,0.5,NA,NA,0.5,NA,NA,NA,NA,-0.7,-0.9962351102650876,-0.29623511026508753,0.15,0.15722157764680406,0.00722157764680406,1,1.0010895571245906,0.00108955712459057,5,5.30293036227995,0.30293036227994996,1.5,1.423085311186968,-0.07691468881303187,0.8,0.676158666747414,-0.12384133325258606,44.16979751083909,44.16979751083923,-1.4210854715202004e-13,NA,NA,NA,NA,NA,NA,NA,NA,NA,NA,NA,NA,NA,NA,NA,NA,NA,NA,NA,NA,NA,NA,NA,NA,NA,NA,NA,NA,NA,NA,NA,NA,NA,NA,NA,NA,NA,NA,NA,NA,NA,NA,NA,NA,NA,NA,NA,NA,NA,NA,NA,NA,NA,NA,NA,NA,NA,NA,NA,NA,NA,NA,NA,NA,NA,NA,NA,NA,NA,NA,NA,NA,NA,NA,NA,NA,NA,NA,NA,NA,NA,NA,NA,NA,NA,NA,NA,NA,NA,NA,NA,NA,NA,NA,NA,NA,NA,NA,NA,NA,NA,NA,true,TRUE,TRUE,2703.826540847571,2747.99633835841,2704.008359029389,44.16979751083909,44.16979751083909,8.999999999999972,FALSE,239.76300000000003,NA,NA,NA
hidden_truncation_skewness,hidden-truncation skewness,ESN,CN,31,1000,348,0.348,0.6361323155216285,TRUE,TRUE,TRUE,0,NA,-1342.817829682368,2705.635659364736,2754.713212154558,2705.858106280813,10,514.442,NA,2687.635659364736,2692.5434146437183,1.000000000000017,NA,HeckmanEM,NA,raw_AIC_BIC_implied_logLik,finite_logLik_no_explicit_code,3,2.880829821294478,-0.11917017870552192,0.4,0.6548545247641717,0.2548545247641717,-0.7,NA,NA,0.7,NA,NA,0.5,NA,NA,0.5,NA,NA,NA,NA,-0.7,-0.9919122445848988,-0.29191224458489873,0.15,0.15646294407210332,0.00646294407210332,1,0.9965072651372492,-0.00349273486275081,5,5.294527119077406,0.29452711907740614,1.5,1.419843998531271,-0.08015600146872903,0.8,0.6762629296825468,-0.12373707031745328,49.07755278982131,49.07755278982137,-5.684341886080802e-14,NA,NA,NA,NA,NA,NA,NA,NA,NA,NA,NA,NA,NA,NA,NA,NA,NA,NA,NA,NA,NA,NA,NA,NA,NA,NA,NA,NA,NA,NA,NA,NA,NA,NA,NA,NA,NA,NA,NA,NA,NA,NA,NA,NA,NA,NA,NA,NA,NA,NA,NA,NA,NA,NA,NA,NA,NA,NA,NA,NA,NA,NA,NA,NA,NA,NA,NA,NA,NA,NA,NA,NA,NA,NA,NA,NA,NA,NA,NA,NA,NA,NA,NA,NA,NA,NA,NA,NA,NA,NA,NA,NA,NA,NA,NA,NA,NA,NA,NA,NA,NA,NA,true,TRUE,TRUE,2705.635659364736,2754.7132121545574,2705.858106280813,49.077552789821766,49.07755278982131,10.000000000000082,FALSE,514.442,NA,NA,NA
hidden_truncation_skewness,hidden-truncation skewness,ESN,ESN,31,1000,348,0.348,0.6361323155216285,TRUE,TRUE,TRUE,0,CONVERGENCE: REL_REDUCTION_OF_F <= FACTR*EPSMCH,-1341.0961063375996,2704.1922126751992,2758.177520744003,2704.459419152932,11,13823.624,NA,NA,NA,NA,10,stage2,1342.8254209176;1342.32360759461;1342.82314109467;1342.45435582894;1342.82053019075;1342.16837434866;1342.80326867201;1342.82127693386;1342.8205589239;1341.09610664893;1342.81798325522;1341.92942870344;1342.82325881725;1342.8178279623,proposed_likelihood,stage2,3,2.968853089503426,-0.03114691049657381,0.4,0.2883571235910731,-0.11164287640892696,-0.7,-1.4925821305300957,-0.7925821305300957,0.7,1.4925821305300957,0.7925821305300957,0.5,1.3152585004572157,0.8152585004572155,0.5,1.3152585004572157,NA,NA,NA,-0.7,-0.5921610493997601,0.10783895060023985,0.15,0.13978330620840962,-0.01021669379159037,1,0.8889299390365628,-0.1110700609634372,5,5.053523726714477,0.05352372671447725,1.5,1.4103963644024484,-0.08960363559755158,0.8,0.6836196561390594,-0.11638034386094064,53.98530806880353,53.985308068803505,2.842170943040401e-14,NA,NA,NA,NA,NA,NA,NA,NA,NA,NA,NA,NA,NA,NA,NA,NA,NA,NA,NA,NA,NA,NA,NA,NA,NA,NA,NA,NA,NA,NA,NA,NA,NA,NA,NA,NA,NA,NA,NA,NA,NA,NA,NA,NA,NA,NA,NA,NA,NA,NA,NA,NA,NA,NA,NA,NA,NA,NA,NA,NA,NA,NA,NA,NA,NA,NA,NA,NA,NA,NA,NA,NA,NA,NA,NA,NA,NA,NA,NA,NA,NA,NA,NA,NA,NA,NA,NA,NA,NA,NA,NA,NA,NA,NA,NA,NA,NA,NA,NA,NA,NA,NA,true,TRUE,TRUE,2704.1922126751992,2758.177520744003,2704.4594191529322,53.98530806880353,53.98530806880353,11.000000000000005,FALSE,13823.624,TRUE,TRUE,FALSE
hidden_truncation_skewness,hidden-truncation skewness,ESN,EST,31,1000,348,0.348,0.6361323155216285,TRUE,TRUE,TRUE,0,CONVERGENCE: REL_REDUCTION_OF_F <= FACTR*EPSMCH,-1351.017872072748,2726.035744145496,2784.928807493282,2726.3518535679887,12,17276.713,NA,NA,NA,NA,19,stage2,1351.01789123928;1e+12;1e+12;1351.01928982941;1e+12;1e+12;1351.01787615421;1e+12;1e+12;1351.01911480797;1e+12;1e+12;1351.01812125075;1e+12;1e+12;1351.01994242659;1e+12;1e+12;1351.01787234972;1e+12;1e+12;1351.01789281702;1e+12;1e+12;1351.01802792031;1e+12;1e+12;1351.02225372203;1e+12;1e+12;1351.01977455808;1e+12;1e+12;1351.02145048465;1e+12;1e+12;1351.0178759972;1e+12;1e+12;1351.02045922864;1e+12;1e+12,proposed_likelihood,stage2,3,3.740154657547371,0.7401546575473716,0.4,0.8493381002061595,0.4493381002061595,-0.7,-1.4925821305300957,-0.7925821305300957,0.7,-0.5476504554927397,-1.2476504554927397,0.5,1.4925821305300957,0.9925821305300956,0.5,1.4925821305300957,NA,4,NA,-0.7,-0.5385503956360697,0.1614496043639303,0.15,0.13472873219887552,-0.01527126780112447,1,0.8510744200180668,-0.14892557998193323,5,5.98857691156917,0.9885769115691696,1.5,1.4433753484728216,-0.05662465152717844,0.8,0.6769879886679477,-0.1230120113320523,58.893063347785755,58.89306334778564,1.1368683772161603e-13,NA,NA,NA,NA,NA,NA,NA,NA,NA,NA,NA,NA,NA,NA,NA,NA,NA,NA,NA,NA,NA,NA,NA,NA,NA,NA,NA,NA,NA,NA,NA,NA,NA,NA,NA,NA,NA,NA,NA,NA,NA,NA,NA,NA,NA,NA,NA,NA,NA,NA,NA,NA,NA,NA,NA,NA,NA,NA,NA,NA,NA,NA,NA,NA,NA,NA,NA,NA,NA,NA,NA,NA,NA,NA,NA,NA,NA,NA,NA,NA,NA,NA,NA,NA,NA,NA,NA,NA,NA,NA,NA,NA,NA,NA,NA,NA,NA,NA,NA,NA,NA,NA,true,TRUE,TRUE,2726.035744145496,2784.928807493282,2726.3518535679887,58.893063347785755,58.893063347785755,12.000000000000023,FALSE,17276.713,TRUE,FALSE,TRUE
hidden_truncation_skewness,hidden-truncation skewness,ESN,NH,32,1000,330,0.33,0.6325110689437066,TRUE,TRUE,TRUE,0,NA,-1318.0970397010003,2652.1940794020006,2691.456121633858,2652.33938717193,8,78.667,NA,2638.1940794020006,2643.101834680983,1.000000000000017,NA,HeckmanEM,NA,raw_AIC_BIC_implied_logLik,finite_logLik_no_explicit_code,3,3.1337757718284034,0.1337757718284034,0.4,0.6097109851697979,0.20971098516979791,-0.7,NA,NA,0.7,NA,NA,0.5,NA,NA,0.5,NA,NA,NA,NA,-0.7,-1.1179483369691854,-0.41794833696918543,0.15,0.15761554416125856,0.00761554416125856,1,1.073647784376031,0.07364778437603103,5,4.975930514460114,-0.02406948553988641,1.5,1.729927345789709,0.22992734578970908,0.8,0.8789811594345177,0.07898115943451767,39.26204223185732,39.262042231857095,2.2737367544323206e-13,NA,NA,NA,NA,NA,NA,NA,NA,NA,NA,NA,NA,NA,NA,NA,NA,NA,NA,NA,NA,NA,NA,NA,NA,NA,NA,NA,NA,NA,NA,NA,NA,NA,NA,NA,NA,NA,NA,NA,NA,NA,NA,NA,NA,NA,NA,NA,NA,NA,NA,NA,NA,NA,NA,NA,NA,NA,NA,NA,NA,NA,NA,NA,NA,NA,NA,NA,NA,NA,NA,NA,NA,NA,NA,NA,NA,NA,NA,NA,NA,NA,NA,NA,NA,NA,NA,NA,NA,NA,NA,NA,NA,NA,NA,NA,NA,NA,NA,NA,NA,NA,NA,true,TRUE,TRUE,2652.1940794020006,2691.456121633858,2652.33938717193,39.26204223185732,39.26204223185732,8.000000000000046,FALSE,78.667,NA,NA,NA
hidden_truncation_skewness,hidden-truncation skewness,ESN,HT,32,1000,330,0.33,0.6325110689437066,TRUE,TRUE,TRUE,0,NA,-1318.1390605800275,2654.278121160055,2698.447918670894,2654.459939341873,9,113.478,NA,2638.278121160055,2643.185876439037,1.000000000000017,NA,HeckmanEM,NA,raw_AIC_BIC_implied_logLik,finite_logLik_no_explicit_code,3,3.1078827514923413,0.10788275149234128,0.4,0.6083373782260477,0.2083373782260477,-0.7,NA,NA,0.7,NA,NA,0.5,NA,NA,0.5,NA,NA,NA,NA,-0.7,-1.1229393751751016,-0.4229393751751016,0.15,0.15830413342903507,0.00830413342903507,1,1.0787068880079282,0.07870688800792824,5,4.982391833805463,-0.01760816619453731,1.5,1.7321625100428917,0.23216251004289168,0.8,0.8789286438043507,0.0789286438043506,44.16979751083909,44.16979751083923,-1.4210854715202004e-13,NA,NA,NA,NA,NA,NA,NA,NA,NA,NA,NA,NA,NA,NA,NA,NA,NA,NA,NA,NA,NA,NA,NA,NA,NA,NA,NA,NA,NA,NA,NA,NA,NA,NA,NA,NA,NA,NA,NA,NA,NA,NA,NA,NA,NA,NA,NA,NA,NA,NA,NA,NA,NA,NA,NA,NA,NA,NA,NA,NA,NA,NA,NA,NA,NA,NA,NA,NA,NA,NA,NA,NA,NA,NA,NA,NA,NA,NA,NA,NA,NA,NA,NA,NA,NA,NA,NA,NA,NA,NA,NA,NA,NA,NA,NA,NA,NA,NA,NA,NA,NA,NA,true,TRUE,TRUE,2654.278121160055,2698.447918670894,2654.459939341873,44.16979751083909,44.16979751083909,8.999999999999972,FALSE,113.478,NA,NA,NA
hidden_truncation_skewness,hidden-truncation skewness,ESN,CN,32,1000,330,0.33,0.6325110689437066,TRUE,TRUE,TRUE,0,NA,-1318.0971439627697,2656.194287925539,2705.27184071536,2656.416734841616,10,602.9380000000001,NA,2638.194287925539,2643.102043204521,1.000000000000017,NA,HeckmanEM,NA,raw_AIC_BIC_implied_logLik,finite_logLik_no_explicit_code,3,3.13198901097017,0.13198901097017002,0.4,0.6098965446836744,0.20989654468367436,-0.7,NA,NA,0.7,NA,NA,0.5,NA,NA,0.5,NA,NA,NA,NA,-0.7,-1.1186218466318243,-0.41862184663182433,0.15,0.15770739037842185,0.00770739037842185,1,1.07429127087508,0.07429127087508003,5,4.975228968665308,-0.0247710313346916,1.5,1.7299727609575537,0.2299727609575537,0.8,0.8789733755040539,0.07897337550405381,49.07755278982131,49.07755278982137,-5.684341886080802e-14,NA,NA,NA,NA,NA,NA,NA,NA,NA,NA,NA,NA,NA,NA,NA,NA,NA,NA,NA,NA,NA,NA,NA,NA,NA,NA,NA,NA,NA,NA,NA,NA,NA,NA,NA,NA,NA,NA,NA,NA,NA,NA,NA,NA,NA,NA,NA,NA,NA,NA,NA,NA,NA,NA,NA,NA,NA,NA,NA,NA,NA,NA,NA,NA,NA,NA,NA,NA,NA,NA,NA,NA,NA,NA,NA,NA,NA,NA,NA,NA,NA,NA,NA,NA,NA,NA,NA,NA,NA,NA,NA,NA,NA,NA,NA,NA,NA,NA,NA,NA,NA,NA,true,TRUE,TRUE,2656.1942879255394,2705.2718407153607,2656.4167348416163,49.07755278982131,49.07755278982131,9.999999999999988,FALSE,602.9380000000001,NA,NA,NA
hidden_truncation_skewness,hidden-truncation skewness,ESN,ESN,32,1000,330,0.33,0.6325110689437066,TRUE,TRUE,TRUE,0,CONVERGENCE: REL_REDUCTION_OF_F <= FACTR*EPSMCH,-1317.3393077279436,2656.678615455887,2710.6639235246907,2656.94582193362,11,15080.292,NA,NA,NA,NA,10,stage2,1317.96796431218;1317.94284929369;1318.10590802623;1318.09720392064;1318.10190376673;1318.09576281722;1318.09852270109;1318.10192603474;1318.10144881196;1317.3393116854;1318.09853798436;1317.87459446704;1318.10494928429;1318.09703935772,proposed_likelihood,stage2,3,3.303302680862346,0.303302680862346,0.4,0.2956226852241184,-0.10437731477588164,-0.7,-1.4684297116800231,-0.7684297116800234,0.7,1.4925741766364644,0.7925741766364645,0.5,1.3680963206973735,0.8680963206973737,0.5,1.3680963206973735,NA,NA,NA,-0.7,-0.7051712642340259,-0.00517126423402591,0.15,0.14038244707500028,-0.00961755292499971,1,0.9462167734840456,-0.05378322651595435,5,4.577598204117486,-0.4224017958825144,1.5,1.738167689621192,0.23816768962119195,0.8,0.8713655659114357,0.07136556591143561,53.98530806880353,53.985308068803505,2.842170943040401e-14,NA,NA,NA,NA,NA,NA,NA,NA,NA,NA,NA,NA,NA,NA,NA,NA,NA,NA,NA,NA,NA,NA,NA,NA,NA,NA,NA,NA,NA,NA,NA,NA,NA,NA,NA,NA,NA,NA,NA,NA,NA,NA,NA,NA,NA,NA,NA,NA,NA,NA,NA,NA,NA,NA,NA,NA,NA,NA,NA,NA,NA,NA,NA,NA,NA,NA,NA,NA,NA,NA,NA,NA,NA,NA,NA,NA,NA,NA,NA,NA,NA,NA,NA,NA,NA,NA,NA,NA,NA,NA,NA,NA,NA,NA,NA,NA,NA,NA,NA,NA,NA,NA,true,TRUE,TRUE,2656.678615455887,2710.6639235246907,2656.94582193362,53.98530806880353,53.98530806880353,11.000000000000005,FALSE,15080.292,TRUE,TRUE,FALSE
hidden_truncation_skewness,hidden-truncation skewness,ESN,EST,32,1000,330,0.33,0.6325110689437066,TRUE,TRUE,TRUE,0,CONVERGENCE: REL_REDUCTION_OF_F <= FACTR*EPSMCH,-1325.9087142416354,2675.8174284832708,2734.7104918310565,2676.133537905763,12,19654.265000000003,NA,NA,NA,NA,16,stage2,1325.91119534208;1e+12;1e+12;1325.92408918834;1e+12;1e+12;1325.9360813181;1e+12;1e+12;1325.96897047559;1e+12;1e+12;1325.9144975098;1e+12;1e+12;1325.90871513377;1e+12;1e+12;1325.95050165302;1e+12;1e+12;1325.9201964702;1e+12;1e+12;1325.99335437174;1e+12;1e+12;1325.91532632581;1e+12;1e+12;1325.92208638828;1e+12;1e+12;1325.97189390314;1e+12;1e+12;1325.98960497577;1e+12;1e+12;1325.91277996891;1e+12;1e+12,proposed_likelihood,stage2,3,3.710146348710085,0.7101463487100852,0.4,0.78706024954714,0.38706024954714,-0.7,-1.1869122852580265,-0.48691228525802654,0.7,-0.6544962086245212,-1.3544962086245211,0.5,1.4925821305300957,0.9925821305300956,0.5,1.4925821305300957,NA,4,NA,-0.7,-0.7716755150535966,-0.0716755150535966,0.15,0.1448105640438747,-0.00518943595612528,1,0.9870881593570462,-0.0129118406429538,5,5.644247359991682,0.6442473599916818,1.5,1.745300624556254,0.2453006245562539,0.8,0.8759113067573632,0.07591130675736313,58.893063347785755,58.89306334778564,1.1368683772161603e-13,NA,NA,NA,NA,NA,NA,NA,NA,NA,NA,NA,NA,NA,NA,NA,NA,NA,NA,NA,NA,NA,NA,NA,NA,NA,NA,NA,NA,NA,NA,NA,NA,NA,NA,NA,NA,NA,NA,NA,NA,NA,NA,NA,NA,NA,NA,NA,NA,NA,NA,NA,NA,NA,NA,NA,NA,NA,NA,NA,NA,NA,NA,NA,NA,NA,NA,NA,NA,NA,NA,NA,NA,NA,NA,NA,NA,NA,NA,NA,NA,NA,NA,NA,NA,NA,NA,NA,NA,NA,NA,NA,NA,NA,NA,NA,NA,NA,NA,NA,NA,NA,NA,true,TRUE,TRUE,2675.8174284832708,2734.7104918310565,2676.133537905763,58.893063347785755,58.893063347785755,12.000000000000023,FALSE,19654.265000000003,FALSE,FALSE,TRUE
hidden_truncation_skewness,hidden-truncation skewness,ESN,NH,33,1000,307,0.307,0.6476683937823834,TRUE,TRUE,TRUE,0,NA,-1183.4513003033528,2382.9026006067056,2422.164642838563,2383.047908376635,8,95.835,NA,2368.9026006067056,2373.810355885688,1.000000000000017,NA,HeckmanEM,NA,raw_AIC_BIC_implied_logLik,finite_logLik_no_explicit_code,3,2.7930481559078157,-0.20695184409218423,0.4,0.6123169421116648,0.2123169421116647,-0.7,NA,NA,0.7,NA,NA,0.5,NA,NA,0.5,NA,NA,NA,NA,-0.7,-1.2940077472251754,-0.5940077472251755,0.15,0.16758953170217658,0.01758953170217658,1,1.2706976751674182,0.27069767516741816,5,5.571397694916359,0.5713976949163593,1.5,1.511213567506254,0.01121356750625413,0.8,0.7788891990298444,-0.0211108009701556,39.26204223185732,39.262042231857095,2.2737367544323206e-13,NA,NA,NA,NA,NA,NA,NA,NA,NA,NA,NA,NA,NA,NA,NA,NA,NA,NA,NA,NA,NA,NA,NA,NA,NA,NA,NA,NA,NA,NA,NA,NA,NA,NA,NA,NA,NA,NA,NA,NA,NA,NA,NA,NA,NA,NA,NA,NA,NA,NA,NA,NA,NA,NA,NA,NA,NA,NA,NA,NA,NA,NA,NA,NA,NA,NA,NA,NA,NA,NA,NA,NA,NA,NA,NA,NA,NA,NA,NA,NA,NA,NA,NA,NA,NA,NA,NA,NA,NA,NA,NA,NA,NA,NA,NA,NA,NA,NA,NA,NA,NA,NA,true,TRUE,TRUE,2382.9026006067056,2422.164642838563,2383.047908376635,39.26204223185732,39.26204223185732,8.000000000000046,FALSE,95.835,NA,NA,NA
hidden_truncation_skewness,hidden-truncation skewness,ESN,HT,33,1000,307,0.307,0.6476683937823834,TRUE,TRUE,TRUE,0,NA,-1183.7492290784055,2385.4984581568115,2429.6682556676506,2385.6802763386295,9,145.362,NA,2369.4984581568115,2374.4062134357937,1.000000000000017,NA,HeckmanEM,NA,raw_AIC_BIC_implied_logLik,finite_logLik_no_explicit_code,3,2.772361833075119,-0.2276381669248808,0.4,0.6097736813357584,0.20977368133575836,-0.7,NA,NA,0.7,NA,NA,0.5,NA,NA,0.5,NA,NA,NA,NA,-0.7,-1.3005400343476996,-0.6005400343476996,0.15,0.1686106848677939,0.01861068486779391,1,1.2770629391416246,0.2770629391416246,5,5.582115770681284,0.5821157706812841,1.5,1.5130478658103643,0.01304786581036454,0.8,0.7794385740152173,-0.02056142598478272,44.16979751083909,44.16979751083923,-1.4210854715202004e-13,NA,NA,NA,NA,NA,NA,NA,NA,NA,NA,NA,NA,NA,NA,NA,NA,NA,NA,NA,NA,NA,NA,NA,NA,NA,NA,NA,NA,NA,NA,NA,NA,NA,NA,NA,NA,NA,NA,NA,NA,NA,NA,NA,NA,NA,NA,NA,NA,NA,NA,NA,NA,NA,NA,NA,NA,NA,NA,NA,NA,NA,NA,NA,NA,NA,NA,NA,NA,NA,NA,NA,NA,NA,NA,NA,NA,NA,NA,NA,NA,NA,NA,NA,NA,NA,NA,NA,NA,NA,NA,NA,NA,NA,NA,NA,NA,NA,NA,NA,NA,NA,NA,true,TRUE,TRUE,2385.498458156811,2429.66825566765,2385.680276338629,44.16979751083909,44.16979751083909,8.999999999999972,FALSE,145.362,NA,NA,NA
hidden_truncation_skewness,hidden-truncation skewness,ESN,CN,33,1000,307,0.307,0.6476683937823834,TRUE,TRUE,TRUE,0,NA,-1183.4513002750573,2386.9026005501146,2435.980153339936,2387.1250474661915,10,255.931,NA,2368.9026005501146,2373.810355829097,1.000000000000017,NA,HeckmanEM,NA,raw_AIC_BIC_implied_logLik,finite_logLik_no_explicit_code,3,2.793046609297276,-0.2069533907027239,0.4,0.6123158845230189,0.2123158845230189,-0.7,NA,NA,0.7,NA,NA,0.5,NA,NA,0.5,NA,NA,NA,NA,-0.7,-1.2940080973952963,-0.5940080973952966,0.15,0.1675896048616635,0.0175896048616635,1,1.2706980717465086,0.2706980717465086,5,5.57140154910025,0.5714015491002504,1.5,1.511213497174186,0.01121349717418596,0.8,0.7788892429173532,-0.02111075708264687,49.07755278982131,49.07755278982137,-5.684341886080802e-14,NA,NA,NA,NA,NA,NA,NA,NA,NA,NA,NA,NA,NA,NA,NA,NA,NA,NA,NA,NA,NA,NA,NA,NA,NA,NA,NA,NA,NA,NA,NA,NA,NA,NA,NA,NA,NA,NA,NA,NA,NA,NA,NA,NA,NA,NA,NA,NA,NA,NA,NA,NA,NA,NA,NA,NA,NA,NA,NA,NA,NA,NA,NA,NA,NA,NA,NA,NA,NA,NA,NA,NA,NA,NA,NA,NA,NA,NA,NA,NA,NA,NA,NA,NA,NA,NA,NA,NA,NA,NA,NA,NA,NA,NA,NA,NA,NA,NA,NA,NA,NA,NA,true,TRUE,TRUE,2386.9026005501146,2435.980153339936,2387.1250474661915,49.07755278982131,49.07755278982131,9.999999999999988,FALSE,255.931,NA,NA,NA
hidden_truncation_skewness,hidden-truncation skewness,ESN,ESN,33,1000,307,0.307,0.6476683937823834,TRUE,TRUE,TRUE,0,CONVERGENCE: REL_REDUCTION_OF_F <= FACTR*EPSMCH,-1181.3066282016564,2384.613256403313,2438.5985644721163,2384.880462881046,11,16908.268,NA,NA,NA,NA,9,stage2,1181.34749570031;1181.32151755537;1181.31287583958;1181.30960933242;1181.3221623062;1181.3066404323;1181.31377995266;1181.3113055341;1181.30662860405;1182.44726826672;1181.31068116874;1181.33042963051;1181.31457859457;1183.45130012075,proposed_likelihood,stage2,3,3.363645687460265,0.3636456874602651,0.4,0.609315007504976,0.209315007504976,-0.7,-0.46648024593066806,0.2335197540693319,0.7,-1.4925821305300957,-2.192582130530096,0.5,1.4925821305300957,0.9925821305300956,0.5,1.4925821305300957,NA,NA,NA,-0.7,-1.1801217875229582,-0.4801217875229582,0.15,0.16543434661749984,0.01543434661749984,1,1.246020573816513,0.24602057381651332,5,6.481244758087161,1.4812447580871613,1.5,1.5192769783434,0.01927697834340014,0.8,0.783216755307724,-0.01678324469227599,53.98530806880353,53.985308068803505,2.842170943040401e-14,NA,NA,NA,NA,NA,NA,NA,NA,NA,NA,NA,NA,NA,NA,NA,NA,NA,NA,NA,NA,NA,NA,NA,NA,NA,NA,NA,NA,NA,NA,NA,NA,NA,NA,NA,NA,NA,NA,NA,NA,NA,NA,NA,NA,NA,NA,NA,NA,NA,NA,NA,NA,NA,NA,NA,NA,NA,NA,NA,NA,NA,NA,NA,NA,NA,NA,NA,NA,NA,NA,NA,NA,NA,NA,NA,NA,NA,NA,NA,NA,NA,NA,NA,NA,NA,NA,NA,NA,NA,NA,NA,NA,NA,NA,NA,NA,NA,NA,NA,NA,NA,NA,true,TRUE,TRUE,2384.613256403313,2438.5985644721163,2384.880462881046,53.98530806880353,53.98530806880353,11.000000000000005,FALSE,16908.268,FALSE,TRUE,TRUE
hidden_truncation_skewness,hidden-truncation skewness,ESN,EST,33,1000,307,0.307,0.6476683937823834,TRUE,TRUE,TRUE,0,CONVERGENCE: REL_REDUCTION_OF_F <= FACTR*EPSMCH,-1190.045247682565,2404.0904953651307,2462.9835587129164,2404.406604787623,12,12164.650999999998,NA,NA,NA,NA,22,stage2,1190.04984705656;1e+12;1e+12;1190.04808780098;1e+12;1e+12;1190.04558094439;1e+12;1e+12;1190.0488213812;1e+12;1e+12;1190.0462754313;1e+12;1e+12;1190.05437597668;1e+12;1e+12;1190.04884848789;1e+12;1e+12;1190.04524784457;1e+12;1e+12;1190.04832110956;1e+12;1e+12;1190.04647763209;1e+12;1e+12;1190.04638709366;1e+12;1e+12;1190.0480044244;1e+12;1e+12;1190.04769108807;1e+12;1e+12;1190.04791049135;1e+12;1e+12,proposed_likelihood,stage2,3,3.8133076512849335,0.8133076512849335,0.4,0.7785858598209207,0.37858585982092063,-0.7,-1.485660310016771,-0.785660310016771,0.7,-1.486636194421048,-2.186636194421048,0.5,1.4925821305300957,0.9925821305300956,0.5,1.4925821305300957,NA,4,NA,-0.7,-0.9288839699609848,-0.22888396996098492,0.15,0.16459349385877076,0.01459349385877076,1,1.2036784633465725,0.20367846334657247,5,6.8735446632037975,1.8735446632037975,1.5,1.5614036548759438,0.06140365487594379,0.8,0.7782945840822794,-0.02170541591772068,58.893063347785755,58.89306334778564,1.1368683772161603e-13,NA,NA,NA,NA,NA,NA,NA,NA,NA,NA,NA,NA,NA,NA,NA,NA,NA,NA,NA,NA,NA,NA,NA,NA,NA,NA,NA,NA,NA,NA,NA,NA,NA,NA,NA,NA,NA,NA,NA,NA,NA,NA,NA,NA,NA,NA,NA,NA,NA,NA,NA,NA,NA,NA,NA,NA,NA,NA,NA,NA,NA,NA,NA,NA,NA,NA,NA,NA,NA,NA,NA,NA,NA,NA,NA,NA,NA,NA,NA,NA,NA,NA,NA,NA,NA,NA,NA,NA,NA,NA,NA,NA,NA,NA,NA,NA,NA,NA,NA,NA,NA,NA,true,TRUE,TRUE,2404.09049536513,2462.983558712916,2404.4066047876227,58.893063347785755,58.893063347785755,12.000000000000023,FALSE,12164.650999999998,TRUE,TRUE,TRUE
hidden_truncation_skewness,hidden-truncation skewness,ESN,NH,34,1000,347,0.347,0.6506180871828237,TRUE,TRUE,TRUE,0,NA,-1346.7422989328138,2709.4845978656276,2748.7466400974845,2709.629905635557,8,92.282,NA,2695.4845978656276,2700.39235314461,1.000000000000017,NA,HeckmanEM,NA,raw_AIC_BIC_implied_logLik,finite_logLik_no_explicit_code,3,3.014972267954707,0.01497226795470707,0.4,0.5822841809817283,0.18228418098172827,-0.7,NA,NA,0.7,NA,NA,0.5,NA,NA,0.5,NA,NA,NA,NA,-0.7,-1.0722993509146872,-0.3722993509146872,0.15,0.1855211322060864,0.03552113220608641,1,1.07007055663924,0.07007055663924011,5,5.470721276778118,0.4707212767781179,1.5,1.443577224403498,-0.05642277559650188,0.8,0.6597862901229531,-0.14021370987704695,39.26204223185687,39.262042231857095,-2.2737367544323206e-13,NA,NA,NA,NA,NA,NA,NA,NA,NA,NA,NA,NA,NA,NA,NA,NA,NA,NA,NA,NA,NA,NA,NA,NA,NA,NA,NA,NA,NA,NA,NA,NA,NA,NA,NA,NA,NA,NA,NA,NA,NA,NA,NA,NA,NA,NA,NA,NA,NA,NA,NA,NA,NA,NA,NA,NA,NA,NA,NA,NA,NA,NA,NA,NA,NA,NA,NA,NA,NA,NA,NA,NA,NA,NA,NA,NA,NA,NA,NA,NA,NA,NA,NA,NA,NA,NA,NA,NA,NA,NA,NA,NA,NA,NA,NA,NA,NA,NA,NA,NA,NA,NA,true,TRUE,TRUE,2709.4845978656276,2748.7466400974845,2709.629905635557,39.26204223185687,39.26204223185687,7.999999999999954,FALSE,92.282,NA,NA,NA
hidden_truncation_skewness,hidden-truncation skewness,ESN,HT,34,1000,347,0.347,0.6506180871828237,TRUE,TRUE,TRUE,0,NA,-1346.8862612842493,2711.7725225684985,2755.9423200793376,2711.9543407503165,9,137.74200000000002,NA,2695.7725225684985,2700.6802778474807,1.000000000000017,NA,HeckmanEM,NA,raw_AIC_BIC_implied_logLik,finite_logLik_no_explicit_code,3,2.993338444431864,-0.00666155556813619,0.4,0.5818908725971648,0.18189087259716472,-0.7,NA,NA,0.7,NA,NA,0.5,NA,NA,0.5,NA,NA,NA,NA,-0.7,-1.0762706988425177,-0.3762706988425175,0.15,0.18652838576258196,0.03652838576258196,1,1.0738891239797537,0.07388912397975367,5,5.477948182660672,0.477948182660672,1.5,1.438706555038775,-0.06129344496122502,0.8,0.6589416415287306,-0.14105835847126946,44.16979751083909,44.16979751083923,-1.4210854715202004e-13,NA,NA,NA,NA,NA,NA,NA,NA,NA,NA,NA,NA,NA,NA,NA,NA,NA,NA,NA,NA,NA,NA,NA,NA,NA,NA,NA,NA,NA,NA,NA,NA,NA,NA,NA,NA,NA,NA,NA,NA,NA,NA,NA,NA,NA,NA,NA,NA,NA,NA,NA,NA,NA,NA,NA,NA,NA,NA,NA,NA,NA,NA,NA,NA,NA,NA,NA,NA,NA,NA,NA,NA,NA,NA,NA,NA,NA,NA,NA,NA,NA,NA,NA,NA,NA,NA,NA,NA,NA,NA,NA,NA,NA,NA,NA,NA,NA,NA,NA,NA,NA,NA,true,TRUE,TRUE,2711.7725225684985,2755.9423200793376,2711.9543407503165,44.16979751083909,44.16979751083909,8.999999999999972,FALSE,137.74200000000002,NA,NA,NA
hidden_truncation_skewness,hidden-truncation skewness,ESN,CN,34,1000,347,0.347,0.6506180871828237,TRUE,TRUE,TRUE,0,NA,-1346.7422997317833,2713.4845994635666,2762.562152253388,2713.7070463796435,10,269.707,NA,2695.4845994635666,2700.392354742549,1.000000000000017,NA,HeckmanEM,NA,raw_AIC_BIC_implied_logLik,finite_logLik_no_explicit_code,3,3.0146856293340014,0.01468562933400141,0.4,0.5821835821333382,0.18218358213333816,-0.7,NA,NA,0.7,NA,NA,0.5,NA,NA,0.5,NA,NA,NA,NA,-0.7,-1.072375535723416,-0.372375535723416,0.15,0.1855363905066549,0.03553639050665491,1,1.0701498226977555,0.07014982269775549,5,5.471088347661962,0.4710883476619623,1.5,1.4435873219423505,-0.05641267805764949,0.8,0.6597881892006033,-0.1402118107993967,49.07755278982131,49.07755278982137,-5.684341886080802e-14,NA,NA,NA,NA,NA,NA,NA,NA,NA,NA,NA,NA,NA,NA,NA,NA,NA,NA,NA,NA,NA,NA,NA,NA,NA,NA,NA,NA,NA,NA,NA,NA,NA,NA,NA,NA,NA,NA,NA,NA,NA,NA,NA,NA,NA,NA,NA,NA,NA,NA,NA,NA,NA,NA,NA,NA,NA,NA,NA,NA,NA,NA,NA,NA,NA,NA,NA,NA,NA,NA,NA,NA,NA,NA,NA,NA,NA,NA,NA,NA,NA,NA,NA,NA,NA,NA,NA,NA,NA,NA,NA,NA,NA,NA,NA,NA,NA,NA,NA,NA,NA,NA,true,TRUE,TRUE,2713.4845994635666,2762.562152253388,2713.7070463796435,49.07755278982131,49.07755278982131,9.999999999999988,FALSE,269.707,NA,NA,NA
hidden_truncation_skewness,hidden-truncation skewness,ESN,ESN,34,1000,347,0.347,0.6506180871828237,TRUE,TRUE,TRUE,0,CONVERGENCE: REL_REDUCTION_OF_F <= FACTR*EPSMCH,-1345.5060308315976,2713.0120616631953,2766.997369731999,2713.2792681409283,11,15890.654,NA,NA,NA,NA,7,stage2,1345.80800152096;1345.8109393468;1345.8134554596;1345.51207387333;1345.81249125531;1345.51256540939;1345.50603113448;1345.81165095683;1345.82849791646;1345.51020844714;1345.80912171488;1345.8069902377;1345.81038445291;1346.74229872667,proposed_likelihood,stage2,3,3.5394135421832624,0.5394135421832624,0.4,0.7183052306560282,0.3183052306560282,-0.7,-1.4925821305300957,-0.7925821305300957,0.7,-0.06520477729487448,-0.7652047772948745,0.5,0.7691359213040605,0.2691359213040605,0.5,0.7691359213040605,NA,NA,NA,-0.7,-0.3931811174327546,0.3068188825672454,0.15,0.14237752640635254,-0.00762247359364745,1,0.8162574801451602,-0.1837425198548398,5,6.5315943012043505,1.5315943012043505,1.5,1.4447371778953022,-0.05526282210469779,0.8,0.6599568032531612,-0.14004319674683885,53.98530806880353,53.985308068803505,2.842170943040401e-14,NA,NA,NA,NA,NA,NA,NA,NA,NA,NA,NA,NA,NA,NA,NA,NA,NA,NA,NA,NA,NA,NA,NA,NA,NA,NA,NA,NA,NA,NA,NA,NA,NA,NA,NA,NA,NA,NA,NA,NA,NA,NA,NA,NA,NA,NA,NA,NA,NA,NA,NA,NA,NA,NA,NA,NA,NA,NA,NA,NA,NA,NA,NA,NA,NA,NA,NA,NA,NA,NA,NA,NA,NA,NA,NA,NA,NA,NA,NA,NA,NA,NA,NA,NA,NA,NA,NA,NA,NA,NA,NA,NA,NA,NA,NA,NA,NA,NA,NA,NA,NA,NA,true,TRUE,TRUE,2713.0120616631953,2766.997369731999,2713.2792681409283,53.98530806880353,53.98530806880353,11.000000000000005,FALSE,15890.654,TRUE,FALSE,FALSE
hidden_truncation_skewness,hidden-truncation skewness,ESN,EST,34,1000,347,0.347,0.6506180871828237,TRUE,TRUE,TRUE,0,CONVERGENCE: REL_REDUCTION_OF_F <= FACTR*EPSMCH,-1351.005790312238,2726.011580624476,2784.904643972262,2726.3276900469687,12,15683.953999999998,NA,NA,NA,NA,25,stage2,1351.01014048242;1e+12;1e+12;1351.00579404596;1e+12;1e+12;1351.00862004176;1e+12;1e+12;1351.00580856836;1e+12;1e+12;1351.00579307553;1e+12;1e+12;1351.00579454994;1e+12;1e+12;1351.01186334573;1e+12;1e+12;1351.00723420346;1e+12;1e+12;1351.00579094549;1e+12;1e+12;1351.01798579871;1e+12;1e+12;1351.00579602657;1e+12;1e+12;1351.01085868268;1e+12;1e+12;1351.00579957486;1e+12;1e+12;1351.00580703074;1e+12;1e+12,proposed_likelihood,stage2,3,3.811841733972545,0.8118417339725452,0.4,0.791055467917746,0.3910554679177459,-0.7,-1.4925821305300957,-0.7925821305300957,0.7,-0.723430186219024,-1.423430186219024,0.5,1.4925821305300957,0.9925821305300956,0.5,1.4925821305300957,NA,4,NA,-0.7,-0.6415124929058936,0.05848750709410633,0.15,0.17168958219118358,0.02168958219118358,1,0.9585927126463736,-0.04140728735362642,5,6.454927732205306,1.4549277322053058,1.5,1.3353785087195125,-0.16462149128048753,0.8,0.6541481972945706,-0.1458518027054294,58.893063347785755,58.89306334778564,1.1368683772161603e-13,NA,NA,NA,NA,NA,NA,NA,NA,NA,NA,NA,NA,NA,NA,NA,NA,NA,NA,NA,NA,NA,NA,NA,NA,NA,NA,NA,NA,NA,NA,NA,NA,NA,NA,NA,NA,NA,NA,NA,NA,NA,NA,NA,NA,NA,NA,NA,NA,NA,NA,NA,NA,NA,NA,NA,NA,NA,NA,NA,NA,NA,NA,NA,NA,NA,NA,NA,NA,NA,NA,NA,NA,NA,NA,NA,NA,NA,NA,NA,NA,NA,NA,NA,NA,NA,NA,NA,NA,NA,NA,NA,NA,NA,NA,NA,NA,NA,NA,NA,NA,NA,NA,true,TRUE,TRUE,2726.011580624476,2784.904643972262,2726.3276900469687,58.893063347785755,58.893063347785755,12.000000000000023,FALSE,15683.953999999998,TRUE,FALSE,TRUE
hidden_truncation_skewness,hidden-truncation skewness,ESN,NH,35,1000,313,0.313,0.6711409395973155,TRUE,TRUE,TRUE,0,NA,-1237.2947284306688,2490.5894568613376,2529.8514990931944,2490.734764631267,8,75.159,NA,2476.5894568613376,2481.49721214032,1.000000000000017,NA,HeckmanEM,NA,raw_AIC_BIC_implied_logLik,finite_logLik_no_explicit_code,3,2.918359884582754,-0.08164011541724614,0.4,0.5390529554568757,0.13905295545687568,-0.7,NA,NA,0.7,NA,NA,0.5,NA,NA,0.5,NA,NA,NA,NA,-0.7,-1.2011785880585129,-0.5011785880585129,0.15,0.15816867786553748,0.00816867786553748,1,1.2161182196985754,0.21611821969857536,5,5.392895368956436,0.3928953689564363,1.5,1.5884648735304263,0.08846487353042631,0.8,0.8322083816111676,0.03220838161116757,39.26204223185687,39.262042231857095,-2.2737367544323206e-13,NA,NA,NA,NA,NA,NA,NA,NA,NA,NA,NA,NA,NA,NA,NA,NA,NA,NA,NA,NA,NA,NA,NA,NA,NA,NA,NA,NA,NA,NA,NA,NA,NA,NA,NA,NA,NA,NA,NA,NA,NA,NA,NA,NA,NA,NA,NA,NA,NA,NA,NA,NA,NA,NA,NA,NA,NA,NA,NA,NA,NA,NA,NA,NA,NA,NA,NA,NA,NA,NA,NA,NA,NA,NA,NA,NA,NA,NA,NA,NA,NA,NA,NA,NA,NA,NA,NA,NA,NA,NA,NA,NA,NA,NA,NA,NA,NA,NA,NA,NA,NA,NA,true,TRUE,TRUE,2490.5894568613376,2529.8514990931944,2490.734764631267,39.26204223185687,39.26204223185687,7.999999999999954,FALSE,75.159,NA,NA,NA
hidden_truncation_skewness,hidden-truncation skewness,ESN,HT,35,1000,313,0.313,0.6711409395973155,TRUE,TRUE,TRUE,0,NA,-1237.5978956622494,2493.1957913244987,2537.365588835338,2493.3776095063167,9,115.756,NA,2477.1957913244987,2482.103546603481,1.000000000000017,NA,HeckmanEM,NA,raw_AIC_BIC_implied_logLik,finite_logLik_no_explicit_code,3,2.897455141249211,-0.10254485875078911,0.4,0.5371703322416364,0.13717033224163633,-0.7,NA,NA,0.7,NA,NA,0.5,NA,NA,0.5,NA,NA,NA,NA,-0.7,-1.20593423896553,-0.5059342389655299,0.15,0.15882103973158346,0.00882103973158346,1,1.22095691618644,0.22095691618644,5,5.400534763298589,0.4005347632985892,1.5,1.5863635268341747,0.0863635268341747,0.8,0.8319544819976799,0.03195448199767981,44.16979751083909,44.16979751083923,-1.4210854715202004e-13,NA,NA,NA,NA,NA,NA,NA,NA,NA,NA,NA,NA,NA,NA,NA,NA,NA,NA,NA,NA,NA,NA,NA,NA,NA,NA,NA,NA,NA,NA,NA,NA,NA,NA,NA,NA,NA,NA,NA,NA,NA,NA,NA,NA,NA,NA,NA,NA,NA,NA,NA,NA,NA,NA,NA,NA,NA,NA,NA,NA,NA,NA,NA,NA,NA,NA,NA,NA,NA,NA,NA,NA,NA,NA,NA,NA,NA,NA,NA,NA,NA,NA,NA,NA,NA,NA,NA,NA,NA,NA,NA,NA,NA,NA,NA,NA,NA,NA,NA,NA,NA,NA,true,TRUE,TRUE,2493.1957913244987,2537.365588835338,2493.3776095063167,44.16979751083909,44.16979751083909,8.999999999999972,FALSE,115.756,NA,NA,NA
hidden_truncation_skewness,hidden-truncation skewness,ESN,CN,35,1000,313,0.313,0.6711409395973155,TRUE,TRUE,TRUE,0,NA,-1237.2947276280884,2494.5894552561767,2543.667008045998,2494.8119021722537,10,174.097,NA,2476.5894552561767,2481.497210535159,1.000000000000017,NA,HeckmanEM,NA,raw_AIC_BIC_implied_logLik,finite_logLik_no_explicit_code,3,2.9182129650407744,-0.08178703495922557,0.4,0.5389742669415165,0.1389742669415165,-0.7,NA,NA,0.7,NA,NA,0.5,NA,NA,0.5,NA,NA,NA,NA,-0.7,-1.2012198273095418,-0.5012198273095418,0.15,0.15817376834649804,0.00817376834649805,1,1.2161652286963764,0.21616522869637644,5,5.393160248455202,0.39316024845520214,1.5,1.588460563955786,0.08846056395578605,0.8,0.832217061132433,0.03221706113243294,49.07755278982131,49.07755278982137,-5.684341886080802e-14,NA,NA,NA,NA,NA,NA,NA,NA,NA,NA,NA,NA,NA,NA,NA,NA,NA,NA,NA,NA,NA,NA,NA,NA,NA,NA,NA,NA,NA,NA,NA,NA,NA,NA,NA,NA,NA,NA,NA,NA,NA,NA,NA,NA,NA,NA,NA,NA,NA,NA,NA,NA,NA,NA,NA,NA,NA,NA,NA,NA,NA,NA,NA,NA,NA,NA,NA,NA,NA,NA,NA,NA,NA,NA,NA,NA,NA,NA,NA,NA,NA,NA,NA,NA,NA,NA,NA,NA,NA,NA,NA,NA,NA,NA,NA,NA,NA,NA,NA,NA,NA,NA,true,TRUE,TRUE,2494.5894552561767,2543.667008045998,2494.8119021722537,49.07755278982131,49.07755278982131,9.999999999999988,FALSE,174.097,NA,NA,NA
hidden_truncation_skewness,hidden-truncation skewness,ESN,ESN,35,1000,313,0.313,0.6711409395973155,TRUE,TRUE,TRUE,0,CONVERGENCE: REL_REDUCTION_OF_F <= FACTR*EPSMCH,-1236.6099737138074,2495.219947427615,2549.2052554964184,2495.487153905348,11,18291.527,NA,NA,NA,NA,4,stage2,1236.89385981363;1237.02582772246;1237.06040905691;1236.66309745604;1237.05057675801;1237.01434189916;1237.02623994085;1236.94769697524;1237.28903636147;1236.63020385988;1236.74356008173;1236.76725566139;1237.05239671529;1237.29472820089,proposed_likelihood,stage2,3,2.918537948421174,-0.0814620515788258,0.4,0.33895048182228327,-0.06104951817771675,-0.7,-1.4925821305300957,-0.7925821305300957,0.7,0.8924130096087044,0.19241300960870444,0.5,1.4925821305300957,0.9925821305300956,0.5,1.4925821305300957,NA,NA,NA,-0.7,-0.7371055531786934,-0.03710555317869346,0.15,0.13369429959497908,-0.01630570040502091,1,1.0189135762309227,0.01891357623092271,5,5.373838620456251,0.37383862045625094,1.5,1.5839897343972291,0.08398973439722934,0.8,0.8309231222009913,0.03092312220099125,53.98530806880353,53.985308068803505,2.842170943040401e-14,NA,NA,NA,NA,NA,NA,NA,NA,NA,NA,NA,NA,NA,NA,NA,NA,NA,NA,NA,NA,NA,NA,NA,NA,NA,NA,NA,NA,NA,NA,NA,NA,NA,NA,NA,NA,NA,NA,NA,NA,NA,NA,NA,NA,NA,NA,NA,NA,NA,NA,NA,NA,NA,NA,NA,NA,NA,NA,NA,NA,NA,NA,NA,NA,NA,NA,NA,NA,NA,NA,NA,NA,NA,NA,NA,NA,NA,NA,NA,NA,NA,NA,NA,NA,NA,NA,NA,NA,NA,NA,NA,NA,NA,NA,NA,NA,NA,NA,NA,NA,NA,NA,true,TRUE,TRUE,2495.219947427615,2549.2052554964184,2495.487153905348,53.98530806880353,53.98530806880353,11.000000000000005,FALSE,18291.527,TRUE,FALSE,TRUE
hidden_truncation_skewness,hidden-truncation skewness,ESN,EST,35,1000,313,0.313,0.6711409395973155,TRUE,TRUE,TRUE,0,CONVERGENCE: REL_REDUCTION_OF_F <= FACTR*EPSMCH,-1247.6326510895803,2519.2653021791607,2578.1583655269465,2519.581411601653,12,17932.468,NA,NA,NA,NA,1,stage2,1247.63265116642;1e+12;1e+12;1247.63267687671;1e+12;1e+12;1247.63266833286;1e+12;1e+12;1247.63266789289;1e+12;1e+12;1247.63291764352;1e+12;1e+12;1247.6361343623;1e+12;1e+12;1247.63265606033;1e+12;1e+12;1247.63265800758;1e+12;1e+12;1247.63325057614;1e+12;1e+12;1247.63282546167;1e+12;1e+12;1247.63268139498;1e+12;1e+12;1247.6330370162;1e+12;1e+12;1247.63604317039;1e+12;1e+12;1247.63266212558;1e+12;1e+12,proposed_likelihood,stage2,3,3.669451104702823,0.6694511047028229,0.4,0.7726263857021989,0.37262638570219886,-0.7,-1.4925821305300957,-0.7925821305300957,0.7,-0.564777407758885,-1.264777407758885,0.5,1.4925821305300957,0.9925821305300956,0.5,1.4925821305300957,NA,4,NA,-0.7,-0.7177966054932714,-0.01779660549327144,0.15,0.1381550254225671,-0.01184497457743286,1,1.0420382648172308,0.04203826481723083,5,6.101581786022037,1.1015817860220372,1.5,1.5499133110107035,0.04991331101070373,0.8,0.8369221302878037,0.03692213028780367,58.893063347785755,58.89306334778564,1.1368683772161603e-13,NA,NA,NA,NA,NA,NA,NA,NA,NA,NA,NA,NA,NA,NA,NA,NA,NA,NA,NA,NA,NA,NA,NA,NA,NA,NA,NA,NA,NA,NA,NA,NA,NA,NA,NA,NA,NA,NA,NA,NA,NA,NA,NA,NA,NA,NA,NA,NA,NA,NA,NA,NA,NA,NA,NA,NA,NA,NA,NA,NA,NA,NA,NA,NA,NA,NA,NA,NA,NA,NA,NA,NA,NA,NA,NA,NA,NA,NA,NA,NA,NA,NA,NA,NA,NA,NA,NA,NA,NA,NA,NA,NA,NA,NA,NA,NA,NA,NA,NA,NA,NA,NA,true,TRUE,TRUE,2519.2653021791607,2578.1583655269465,2519.581411601653,58.893063347785755,58.893063347785755,12.000000000000023,FALSE,17932.468,TRUE,FALSE,TRUE
hidden_truncation_skewness,hidden-truncation skewness,ESN,NH,36,1000,353,0.353,0.657030223390276,TRUE,TRUE,TRUE,0,NA,-1389.2140869048385,2794.4281738096765,2833.690216041534,2794.573481579606,8,94.45,NA,2780.4281738096765,2785.3359290886588,1.000000000000017,NA,HeckmanEM,NA,raw_AIC_BIC_implied_logLik,finite_logLik_no_explicit_code,3,3.1612659545377437,0.16126595453774373,0.4,0.6891220931816023,0.2891220931816023,-0.7,NA,NA,0.7,NA,NA,0.5,NA,NA,0.5,NA,NA,NA,NA,-0.7,-0.9032478098493568,-0.2032478098493569,0.15,0.15897162270707615,0.00897162270707616,1,0.9026727481031436,-0.09732725189685654,5,4.822461858165814,-0.17753814183418637,1.5,1.2588817701555832,-0.2411182298444168,0.8,0.8516287851905628,0.0516287851905628,39.26204223185732,39.262042231857095,-2.2737367544323206e-13,NA,NA,NA,NA,NA,NA,NA,NA,NA,NA,NA,NA,NA,NA,NA,NA,NA,NA,NA,NA,NA,NA,NA,NA,NA,NA,NA,NA,NA,NA,NA,NA,NA,NA,NA,NA,NA,NA,NA,NA,NA,NA,NA,NA,NA,NA,NA,NA,NA,NA,NA,NA,NA,NA,NA,NA,NA,NA,NA,NA,NA,NA,NA,NA,NA,NA,NA,NA,NA,NA,NA,NA,NA,NA,NA,NA,NA,NA,NA,NA,NA,NA,NA,NA,NA,NA,NA,NA,NA,NA,NA,NA,NA,NA,NA,NA,NA,NA,NA,NA,NA,NA,true,TRUE,TRUE,2794.428173809677,2833.690216041534,2794.5734815796063,39.26204223185732,39.26204223185687,8.000000000000046,FALSE,94.45,NA,NA,NA
hidden_truncation_skewness,hidden-truncation skewness,ESN,HT,36,1000,353,0.353,0.657030223390276,TRUE,TRUE,TRUE,0,NA,-1389.2022126974432,2796.4044253948864,2840.5742229057255,2796.5862435767044,9,139.24800000000002,NA,2780.4044253948864,2785.3121806738686,1.000000000000017,NA,HeckmanEM,NA,raw_AIC_BIC_implied_logLik,finite_logLik_no_explicit_code,3,3.135392194862142,0.1353921948621419,0.4,0.6884560245505055,0.28845602455050545,-0.7,NA,NA,0.7,NA,NA,0.5,NA,NA,0.5,NA,NA,NA,NA,-0.7,-0.9068666972186432,-0.2068666972186433,0.15,0.15973016469253282,0.00973016469253282,1,0.9061160643678328,-0.09388393563216713,5,4.832839644056127,-0.16716035594387255,1.5,1.259436913978965,-0.24056308602103504,0.8,0.8491239570111477,0.04912395701114769,44.16979751083909,44.16979751083923,-1.4210854715202004e-13,NA,NA,NA,NA,NA,NA,NA,NA,NA,NA,NA,NA,NA,NA,NA,NA,NA,NA,NA,NA,NA,NA,NA,NA,NA,NA,NA,NA,NA,NA,NA,NA,NA,NA,NA,NA,NA,NA,NA,NA,NA,NA,NA,NA,NA,NA,NA,NA,NA,NA,NA,NA,NA,NA,NA,NA,NA,NA,NA,NA,NA,NA,NA,NA,NA,NA,NA,NA,NA,NA,NA,NA,NA,NA,NA,NA,NA,NA,NA,NA,NA,NA,NA,NA,NA,NA,NA,NA,NA,NA,NA,NA,NA,NA,NA,NA,NA,NA,NA,NA,NA,NA,true,TRUE,TRUE,2796.4044253948864,2840.5742229057255,2796.5862435767044,44.16979751083909,44.16979751083909,8.999999999999972,FALSE,139.24800000000002,NA,NA,NA
hidden_truncation_skewness,hidden-truncation skewness,ESN,CN,36,1000,353,0.353,0.657030223390276,TRUE,TRUE,TRUE,0,NA,-1389.2135429367152,2798.4270858734303,2847.5046386632516,2798.6495327895072,10,586.9350000000001,NA,2780.4270858734303,2785.3348411524125,1.000000000000017,NA,HeckmanEM,NA,raw_AIC_BIC_implied_logLik,finite_logLik_no_explicit_code,3,3.1514928890027867,0.15149288900278668,0.4,0.6892328910714518,0.2892328910714518,-0.7,NA,NA,0.7,NA,NA,0.5,NA,NA,0.5,NA,NA,NA,NA,-0.7,-0.9057964530273712,-0.2057964530273713,0.15,0.1594278732720086,0.00942787327200861,1,0.905195603412817,-0.09480439658718298,5,4.822679158389714,-0.17732084161028627,1.5,1.258900565396945,-0.24109943460305505,0.8,0.8513734969587577,0.0513734969587577,49.07755278982131,49.07755278982137,-5.684341886080802e-14,NA,NA,NA,NA,NA,NA,NA,NA,NA,NA,NA,NA,NA,NA,NA,NA,NA,NA,NA,NA,NA,NA,NA,NA,NA,NA,NA,NA,NA,NA,NA,NA,NA,NA,NA,NA,NA,NA,NA,NA,NA,NA,NA,NA,NA,NA,NA,NA,NA,NA,NA,NA,NA,NA,NA,NA,NA,NA,NA,NA,NA,NA,NA,NA,NA,NA,NA,NA,NA,NA,NA,NA,NA,NA,NA,NA,NA,NA,NA,NA,NA,NA,NA,NA,NA,NA,NA,NA,NA,NA,NA,NA,NA,NA,NA,NA,NA,NA,NA,NA,NA,NA,true,TRUE,TRUE,2798.4270858734303,2847.5046386632516,2798.6495327895072,49.07755278982131,49.07755278982131,9.999999999999988,FALSE,586.9350000000001,NA,NA,NA
hidden_truncation_skewness,hidden-truncation skewness,ESN,ESN,36,1000,353,0.353,0.657030223390276,TRUE,TRUE,TRUE,0,CONVERGENCE: REL_REDUCTION_OF_F <= FACTR*EPSMCH,-1388.0751381898122,2798.1502763796243,2852.135584448428,2798.4174828573573,11,16461.498,NA,NA,NA,NA,10,stage2,1389.215963048;1389.216866926;1389.21503136336;1389.21414539003;1389.21416600909;1389.07420478602;1389.21914849852;1389.21416277068;1389.21477518901;1388.0797236679;1388.58151064912;1389.21444496764;1389.2164235263;1389.21408661327,proposed_likelihood,stage2,3,3.5495558355278436,0.5495558355278436,0.4,0.7365028313321582,0.3365028313321582,-0.7,1.487787798247487,2.187787798247487,0.7,0.9471234959000656,0.2471234959000657,0.5,0.9812997936464783,0.48129979364647846,0.5,0.9812997936464783,NA,NA,NA,-0.7,-1.1488689830656007,-0.44886898306560075,0.15,0.1393002578274359,-0.01069974217256408,1,0.7916139738197814,-0.20838602618021865,5,3.5981983513542564,-1.4018016486457436,1.5,1.2693610364062442,-0.2306389635937558,0.8,0.8558539390875801,0.05585393908758007,53.98530806880353,53.985308068803505,2.842170943040401e-14,NA,NA,NA,NA,NA,NA,NA,NA,NA,NA,NA,NA,NA,NA,NA,NA,NA,NA,NA,NA,NA,NA,NA,NA,NA,NA,NA,NA,NA,NA,NA,NA,NA,NA,NA,NA,NA,NA,NA,NA,NA,NA,NA,NA,NA,NA,NA,NA,NA,NA,NA,NA,NA,NA,NA,NA,NA,NA,NA,NA,NA,NA,NA,NA,NA,NA,NA,NA,NA,NA,NA,NA,NA,NA,NA,NA,NA,NA,NA,NA,NA,NA,NA,NA,NA,NA,NA,NA,NA,NA,NA,NA,NA,NA,NA,NA,NA,NA,NA,NA,NA,NA,true,TRUE,TRUE,2798.1502763796243,2852.135584448428,2798.4174828573573,53.98530806880353,53.98530806880353,11.000000000000005,FALSE,16461.498,TRUE,FALSE,FALSE
hidden_truncation_skewness,hidden-truncation skewness,ESN,EST,36,1000,353,0.353,0.657030223390276,TRUE,TRUE,TRUE,0,CONVERGENCE: REL_REDUCTION_OF_F <= FACTR*EPSMCH,-1396.3562961312716,2816.7125922625432,2875.605655610329,2817.0287016850357,12,18149.726,NA,NA,NA,NA,28,stage2,1396.55974075244;1e+12;1e+12;1396.52523319718;1e+12;1e+12;1396.46193838351;1e+12;1e+12;1396.35646514468;1e+12;1e+12;1396.36227252348;1e+12;1e+12;1396.35634624149;1e+12;1e+12;1396.52316575582;1e+12;1e+12;1396.35634381928;1e+12;1e+12;1396.56038667572;1e+12;1e+12;1396.35629646102;1e+12;1e+12;1396.35692372557;1e+12;1e+12;1396.35644309396;1e+12;1e+12;1396.56199723471;1e+12;1e+12;1396.35630780894;1e+12;1e+12,proposed_likelihood,stage2,3,3.4853764491679327,0.48537644916793266,0.4,0.8164040020271107,0.4164040020271107,-0.7,-1.0229620542318858,-0.32296205423188584,0.7,-0.4292212305791303,-1.1292212305791305,0.5,1.4925821305300957,0.9925821305300956,0.5,1.4925821305300957,NA,4,NA,-0.7,-0.6252198614081401,0.07478013859185983,0.15,0.15091501791303794,9.15017913037941e-4,1,0.8352749057841172,-0.16472509421588277,5,5.4033939502366515,0.4033939502366515,1.5,1.277717091764991,-0.22228290823500907,0.8,0.8201019906593747,0.02010199065937468,58.893063347785755,58.89306334778564,1.1368683772161603e-13,NA,NA,NA,NA,NA,NA,NA,NA,NA,NA,NA,NA,NA,NA,NA,NA,NA,NA,NA,NA,NA,NA,NA,NA,NA,NA,NA,NA,NA,NA,NA,NA,NA,NA,NA,NA,NA,NA,NA,NA,NA,NA,NA,NA,NA,NA,NA,NA,NA,NA,NA,NA,NA,NA,NA,NA,NA,NA,NA,NA,NA,NA,NA,NA,NA,NA,NA,NA,NA,NA,NA,NA,NA,NA,NA,NA,NA,NA,NA,NA,NA,NA,NA,NA,NA,NA,NA,NA,NA,NA,NA,NA,NA,NA,NA,NA,NA,NA,NA,NA,NA,NA,true,TRUE,TRUE,2816.7125922625432,2875.605655610329,2817.0287016850357,58.893063347785755,58.893063347785755,12.000000000000023,FALSE,18149.726,FALSE,FALSE,TRUE
hidden_truncation_skewness,hidden-truncation skewness,ESN,NH,37,1000,346,0.346,0.6451612903225806,TRUE,TRUE,TRUE,0,NA,-1345.7913599885492,2707.5827199770983,2746.844762208955,2707.7280277470277,8,154.344,NA,2693.5827199770983,2698.490475256081,1.000000000000017,NA,HeckmanEM,NA,raw_AIC_BIC_implied_logLik,finite_logLik_no_explicit_code,3,3.2270564634807295,0.2270564634807295,0.4,0.7508218254489031,0.35082182544890306,-0.7,NA,NA,0.7,NA,NA,0.5,NA,NA,0.5,NA,NA,NA,NA,-0.7,-1.0232322659842097,-0.3232322659842095,0.15,0.16352614263791362,0.01352614263791363,1,1.0217817377662308,0.02178173776623082,5,5.041122708660459,0.04112270866045886,1.5,1.5830123310939823,0.08301233109398232,0.8,0.692712999337384,-0.1072870006626161,39.26204223185687,39.262042231857095,-2.2737367544323206e-13,NA,NA,NA,NA,NA,NA,NA,NA,NA,NA,NA,NA,NA,NA,NA,NA,NA,NA,NA,NA,NA,NA,NA,NA,NA,NA,NA,NA,NA,NA,NA,NA,NA,NA,NA,NA,NA,NA,NA,NA,NA,NA,NA,NA,NA,NA,NA,NA,NA,NA,NA,NA,NA,NA,NA,NA,NA,NA,NA,NA,NA,NA,NA,NA,NA,NA,NA,NA,NA,NA,NA,NA,NA,NA,NA,NA,NA,NA,NA,NA,NA,NA,NA,NA,NA,NA,NA,NA,NA,NA,NA,NA,NA,NA,NA,NA,NA,NA,NA,NA,NA,NA,true,TRUE,TRUE,2707.5827199770983,2746.844762208955,2707.7280277470277,39.26204223185687,39.26204223185687,7.999999999999954,FALSE,154.344,NA,NA,NA
hidden_truncation_skewness,hidden-truncation skewness,ESN,HT,37,1000,346,0.346,0.6451612903225806,TRUE,TRUE,TRUE,0,NA,-1344.2645179687,2706.5290359374003,2750.6988334482394,2706.7108541192183,9,199.905,NA,2690.5290359374003,2695.4367912163825,1.000000000000017,NA,HeckmanEM,NA,raw_AIC_BIC_implied_logLik,finite_logLik_no_explicit_code,3,2.9405784779841317,-0.05942152201586825,0.4,0.7380786111389681,0.3380786111389681,-0.7,NA,NA,0.7,NA,NA,0.5,NA,NA,0.5,NA,NA,NA,NA,-0.7,-1.073058236163324,-0.3730582361633241,0.15,0.1736746640124157,0.02367466401241572,1,1.0700418598365964,0.07004185983659639,5,5.150169496692232,0.15016949669223223,1.5,1.577817844293385,0.07781784429338501,0.8,0.6783397703203932,-0.12166022967960688,44.16979751083909,44.16979751083923,-1.4210854715202004e-13,NA,NA,NA,NA,NA,NA,NA,NA,NA,NA,NA,NA,NA,NA,NA,NA,NA,NA,NA,NA,NA,NA,NA,NA,NA,NA,NA,NA,NA,NA,NA,NA,NA,NA,NA,NA,NA,NA,NA,NA,NA,NA,NA,NA,NA,NA,NA,NA,NA,NA,NA,NA,NA,NA,NA,NA,NA,NA,NA,NA,NA,NA,NA,NA,NA,NA,NA,NA,NA,NA,NA,NA,NA,NA,NA,NA,NA,NA,NA,NA,NA,NA,NA,NA,NA,NA,NA,NA,NA,NA,NA,NA,NA,NA,NA,NA,NA,NA,NA,NA,NA,NA,true,TRUE,TRUE,2706.5290359374,2750.698833448239,2706.710854119218,44.16979751083909,44.16979751083909,8.999999999999972,FALSE,199.905,NA,NA,NA
hidden_truncation_skewness,hidden-truncation skewness,ESN,CN,37,1000,346,0.346,0.6451612903225806,TRUE,TRUE,TRUE,0,NA,-1344.811825008268,2709.623650016536,2758.7012028063573,2709.846096932613,10,588.7040000000001,NA,2691.623650016536,2696.531405295518,1.000000000000017,NA,HeckmanEM,NA,raw_AIC_BIC_implied_logLik,finite_logLik_no_explicit_code,3,3.0364902426423694,0.03649024264236944,0.4,0.7399083627243203,0.33990836272432023,-0.7,NA,NA,0.7,NA,NA,0.5,NA,NA,0.5,NA,NA,NA,NA,-0.7,-1.061340981998563,-0.3613409819985631,0.15,0.17062090126972573,0.02062090126972574,1,1.060250043117127,0.06025004311712689,5,5.121490537733749,0.12149053773374874,1.5,1.5794385319087378,0.07943853190873784,0.8,0.6824086609314428,-0.11759133906855725,49.07755278982131,49.07755278982137,-5.684341886080802e-14,NA,NA,NA,NA,NA,NA,NA,NA,NA,NA,NA,NA,NA,NA,NA,NA,NA,NA,NA,NA,NA,NA,NA,NA,NA,NA,NA,NA,NA,NA,NA,NA,NA,NA,NA,NA,NA,NA,NA,NA,NA,NA,NA,NA,NA,NA,NA,NA,NA,NA,NA,NA,NA,NA,NA,NA,NA,NA,NA,NA,NA,NA,NA,NA,NA,NA,NA,NA,NA,NA,NA,NA,NA,NA,NA,NA,NA,NA,NA,NA,NA,NA,NA,NA,NA,NA,NA,NA,NA,NA,NA,NA,NA,NA,NA,NA,NA,NA,NA,NA,NA,NA,true,TRUE,TRUE,2709.623650016536,2758.7012028063573,2709.846096932613,49.07755278982131,49.07755278982131,9.999999999999988,FALSE,588.7040000000001,NA,NA,NA
hidden_truncation_skewness,hidden-truncation skewness,ESN,ESN,37,1000,346,0.346,0.6451612903225806,TRUE,TRUE,TRUE,0,CONVERGENCE: REL_REDUCTION_OF_F <= FACTR*EPSMCH,-1342.911478082572,2707.822956165144,2761.8082642339473,2708.0901626428767,11,14549.198,NA,NA,NA,NA,10,stage2,1345.79622320475;1345.80263676932;1345.79694768086;1345.77030885733;1345.79183250628;1342.99021569884;1345.79454575491;1345.79151691271;1345.79396447812;1342.9476209358;1345.78656059774;1345.79271093326;1345.8002661834;1345.79135968772,proposed_likelihood,stage2,3,4.375883024878682,1.3758830248786822,0.4,0.7602257474975698,0.36022574749756975,-0.7,1.284267603879083,1.984267603879083,0.7,1.489754831227095,0.789754831227095,0.5,-1.0511639730077194,-1.5511639730077194,0.5,-1.0511639730077194,NA,NA,NA,-0.7,-1.561589964589725,-0.8615899645897254,0.15,0.14766297617586022,-0.00233702382413977,1,0.9152645805455252,-0.08473541945447483,5,1.1734935561821345,-3.8265064438178658,1.5,1.5893121865798714,0.08931218657987139,0.8,0.6569602472133625,-0.1430397527866375,53.98530806880353,53.985308068803505,2.842170943040401e-14,NA,NA,NA,NA,NA,NA,NA,NA,NA,NA,NA,NA,NA,NA,NA,NA,NA,NA,NA,NA,NA,NA,NA,NA,NA,NA,NA,NA,NA,NA,NA,NA,NA,NA,NA,NA,NA,NA,NA,NA,NA,NA,NA,NA,NA,NA,NA,NA,NA,NA,NA,NA,NA,NA,NA,NA,NA,NA,NA,NA,NA,NA,NA,NA,NA,NA,NA,NA,NA,NA,NA,NA,NA,NA,NA,NA,NA,NA,NA,NA,NA,NA,NA,NA,NA,NA,NA,NA,NA,NA,NA,NA,NA,NA,NA,NA,NA,NA,NA,NA,NA,NA,true,TRUE,TRUE,2707.822956165144,2761.8082642339477,2708.090162642877,53.98530806880308,53.98530806880353,10.999999999999913,FALSE,14549.198,FALSE,TRUE,FALSE
hidden_truncation_skewness,hidden-truncation skewness,ESN,EST,37,1000,346,0.346,0.6451612903225806,TRUE,TRUE,TRUE,0,CONVERGENCE: REL_REDUCTION_OF_F <= FACTR*EPSMCH,-1348.2556619272152,2720.5113238544304,2779.404387202216,2720.827433276923,12,20164.222,NA,NA,NA,NA,34,stage2,1348.5052499999;1e+12;1e+12;1348.27041641865;1e+12;1e+12;1348.51160517818;1e+12;1e+12;1348.28369397866;1e+12;1e+12;1348.52135074909;1e+12;1e+12;1348.26774944925;1e+12;1e+12;1348.28480153538;1e+12;1e+12;1348.25973394495;1e+12;1e+12;1348.5748201982;1e+12;1e+12;1348.2678768555;1e+12;1e+12;1348.26593489273;1e+12;1e+12;1348.25577884587;1e+12;1e+12;1348.52829683178;1e+12;1e+12;1348.27335128221;1e+12;1e+12,proposed_likelihood,stage2,3,2.838154346698006,-0.16184565330199385,0.4,0.7554309704153842,0.3554309704153842,-0.7,-0.8724502595209755,-0.1724502595209756,0.7,0.21194221637482052,-0.48805778362517943,0.5,1.4925821305300957,0.9925821305300956,0.5,1.4925821305300957,NA,4,NA,-0.7,-0.8234356260674565,-0.1234356260674565,0.15,0.1648603708539877,0.01486037085398769,1,1.006228855693713,0.00622885569371267,5,5.509247588378479,0.5092475883784786,1.5,1.5711640457575045,0.07116404575750446,0.8,0.6652903298625921,-0.13470967013740798,58.893063347785755,58.89306334778564,1.1368683772161603e-13,NA,NA,NA,NA,NA,NA,NA,NA,NA,NA,NA,NA,NA,NA,NA,NA,NA,NA,NA,NA,NA,NA,NA,NA,NA,NA,NA,NA,NA,NA,NA,NA,NA,NA,NA,NA,NA,NA,NA,NA,NA,NA,NA,NA,NA,NA,NA,NA,NA,NA,NA,NA,NA,NA,NA,NA,NA,NA,NA,NA,NA,NA,NA,NA,NA,NA,NA,NA,NA,NA,NA,NA,NA,NA,NA,NA,NA,NA,NA,NA,NA,NA,NA,NA,NA,NA,NA,NA,NA,NA,NA,NA,NA,NA,NA,NA,NA,NA,NA,NA,NA,NA,true,TRUE,TRUE,2720.5113238544304,2779.404387202216,2720.827433276923,58.893063347785755,58.893063347785755,12.000000000000023,FALSE,20164.222,FALSE,FALSE,TRUE
hidden_truncation_skewness,hidden-truncation skewness,ESN,NH,38,1000,322,0.322,0.6489292667099286,TRUE,TRUE,TRUE,0,NA,-1293.793524460835,2603.58704892167,2642.8490911535273,2603.7323566915993,8,90.256,NA,2589.58704892167,2594.494804200652,1.000000000000017,NA,HeckmanEM,NA,raw_AIC_BIC_implied_logLik,finite_logLik_no_explicit_code,3,2.896688501338145,-0.10331149866185509,0.4,0.4766441023724529,0.0766441023724529,-0.7,NA,NA,0.7,NA,NA,0.5,NA,NA,0.5,NA,NA,NA,NA,-0.7,-1.0100173432976232,-0.3100173432976232,0.15,0.16063657389720776,0.01063657389720776,1,0.9638058970871576,-0.03619410291284231,5,5.648861145432624,0.6488611454326243,1.5,1.449167891333123,-0.05083210866687704,0.8,0.8411942705645113,0.0411942705645113,39.26204223185732,39.262042231857095,2.2737367544323206e-13,NA,NA,NA,NA,NA,NA,NA,NA,NA,NA,NA,NA,NA,NA,NA,NA,NA,NA,NA,NA,NA,NA,NA,NA,NA,NA,NA,NA,NA,NA,NA,NA,NA,NA,NA,NA,NA,NA,NA,NA,NA,NA,NA,NA,NA,NA,NA,NA,NA,NA,NA,NA,NA,NA,NA,NA,NA,NA,NA,NA,NA,NA,NA,NA,NA,NA,NA,NA,NA,NA,NA,NA,NA,NA,NA,NA,NA,NA,NA,NA,NA,NA,NA,NA,NA,NA,NA,NA,NA,NA,NA,NA,NA,NA,NA,NA,NA,NA,NA,NA,NA,NA,true,TRUE,TRUE,2603.58704892167,2642.8490911535273,2603.7323566915993,39.26204223185732,39.26204223185732,8.000000000000046,FALSE,90.256,NA,NA,NA
hidden_truncation_skewness,hidden-truncation skewness,ESN,HT,38,1000,322,0.322,0.6489292667099286,TRUE,TRUE,TRUE,0,NA,-1294.0193343147555,2606.038668629511,2650.2084661403505,2606.2204868113295,9,133.96800000000002,NA,2590.038668629511,2594.9464239084937,1.000000000000017,NA,HeckmanEM,NA,raw_AIC_BIC_implied_logLik,finite_logLik_no_explicit_code,3,2.875460454897932,-0.12453954510206788,0.4,0.4752758412204869,0.07527584122048686,-0.7,NA,NA,0.7,NA,NA,0.5,NA,NA,0.5,NA,NA,NA,NA,-0.7,-1.0136072878704507,-0.3136072878704508,0.15,0.1612413361192149,0.0112413361192149,1,0.967271651414981,-0.03272834858501905,5,5.6532027012810895,0.6532027012810895,1.5,1.4477196551060676,-0.05228034489393241,0.8,0.8421115834312275,0.04211158343122745,44.16979751083909,44.16979751083923,-1.4210854715202004e-13,NA,NA,NA,NA,NA,NA,NA,NA,NA,NA,NA,NA,NA,NA,NA,NA,NA,NA,NA,NA,NA,NA,NA,NA,NA,NA,NA,NA,NA,NA,NA,NA,NA,NA,NA,NA,NA,NA,NA,NA,NA,NA,NA,NA,NA,NA,NA,NA,NA,NA,NA,NA,NA,NA,NA,NA,NA,NA,NA,NA,NA,NA,NA,NA,NA,NA,NA,NA,NA,NA,NA,NA,NA,NA,NA,NA,NA,NA,NA,NA,NA,NA,NA,NA,NA,NA,NA,NA,NA,NA,NA,NA,NA,NA,NA,NA,NA,NA,NA,NA,NA,NA,true,TRUE,TRUE,2606.038668629511,2650.20846614035,2606.220486811329,44.169797510839544,44.16979751083909,9.000000000000064,FALSE,133.96800000000002,NA,NA,NA
hidden_truncation_skewness,hidden-truncation skewness,ESN,CN,38,1000,322,0.322,0.6489292667099286,TRUE,TRUE,TRUE,0,NA,-1293.7935243291645,2607.587048658329,2656.6646014481503,2607.809495574406,10,261.71400000000006,NA,2589.587048658329,2594.494803937311,1.000000000000017,NA,HeckmanEM,NA,raw_AIC_BIC_implied_logLik,finite_logLik_no_explicit_code,3,2.896671071843451,-0.10332892815654882,0.4,0.4766687291285117,0.07666872912851169,-0.7,NA,NA,0.7,NA,NA,0.5,NA,NA,0.5,NA,NA,NA,NA,-0.7,-1.0100285670803613,-0.3100285670803613,0.15,0.16063815197856554,0.01063815197856554,1,0.963816269997298,-0.03618373000270203,5,5.648776981752765,0.6487769817527651,1.5,1.44916595857866,-0.05083404142133996,0.8,0.8411957903532687,0.0411957903532687,49.07755278982131,49.07755278982137,-5.684341886080802e-14,NA,NA,NA,NA,NA,NA,NA,NA,NA,NA,NA,NA,NA,NA,NA,NA,NA,NA,NA,NA,NA,NA,NA,NA,NA,NA,NA,NA,NA,NA,NA,NA,NA,NA,NA,NA,NA,NA,NA,NA,NA,NA,NA,NA,NA,NA,NA,NA,NA,NA,NA,NA,NA,NA,NA,NA,NA,NA,NA,NA,NA,NA,NA,NA,NA,NA,NA,NA,NA,NA,NA,NA,NA,NA,NA,NA,NA,NA,NA,NA,NA,NA,NA,NA,NA,NA,NA,NA,NA,NA,NA,NA,NA,NA,NA,NA,NA,NA,NA,NA,NA,NA,true,TRUE,TRUE,2607.587048658329,2656.6646014481503,2607.809495574406,49.07755278982131,49.07755278982131,9.999999999999988,FALSE,261.71400000000006,NA,NA,NA
hidden_truncation_skewness,hidden-truncation skewness,ESN,ESN,38,1000,322,0.322,0.6489292667099286,TRUE,TRUE,TRUE,0,CONVERGENCE: REL_REDUCTION_OF_F <= FACTR*EPSMCH,-1293.0859099569,2608.1718199138,2662.1571279826035,2608.439026391533,11,16728.841,NA,NA,NA,NA,10,stage2,1293.60672058246;1293.64448236164;1293.67323943679;1293.60925775279;1293.68821317173;1293.59450948459;1293.6706356106;1293.65292635475;1293.78032536438;1293.08888068178;1293.6256997324;1293.59302271753;1293.69185101895;1293.79352408415,proposed_likelihood,stage2,3,2.9296437364220287,-0.07035626357797131,0.4,0.2457704502182379,-0.15422954978176212,-0.7,-1.4925821305300957,-0.7925821305300957,0.7,0.8462953726335377,0.14629537263353776,0.5,1.4120392752039614,0.9120392752039614,0.5,1.4120392752039614,NA,NA,NA,-0.7,-0.5628883997290914,0.13711160027090852,0.15,0.13583315326784476,-0.01416684673215523,1,0.8058218500923027,-0.19417814990769733,5,5.567935975597863,0.5679359755978632,1.5,1.4447963856426342,-0.05520361435736576,0.8,0.8437154955652171,0.04371549556521703,53.98530806880353,53.985308068803505,2.842170943040401e-14,NA,NA,NA,NA,NA,NA,NA,NA,NA,NA,NA,NA,NA,NA,NA,NA,NA,NA,NA,NA,NA,NA,NA,NA,NA,NA,NA,NA,NA,NA,NA,NA,NA,NA,NA,NA,NA,NA,NA,NA,NA,NA,NA,NA,NA,NA,NA,NA,NA,NA,NA,NA,NA,NA,NA,NA,NA,NA,NA,NA,NA,NA,NA,NA,NA,NA,NA,NA,NA,NA,NA,NA,NA,NA,NA,NA,NA,NA,NA,NA,NA,NA,NA,NA,NA,NA,NA,NA,NA,NA,NA,NA,NA,NA,NA,NA,NA,NA,NA,NA,NA,NA,true,TRUE,TRUE,2608.1718199138,2662.1571279826035,2608.439026391533,53.98530806880353,53.98530806880353,11.000000000000005,FALSE,16728.841,TRUE,FALSE,FALSE
hidden_truncation_skewness,hidden-truncation skewness,ESN,EST,38,1000,322,0.322,0.6489292667099286,TRUE,TRUE,TRUE,0,CONVERGENCE: REL_REDUCTION_OF_F <= FACTR*EPSMCH,-1302.748390477596,2629.496780955192,2688.389844302978,2629.8128903776847,12,16957.581000000002,NA,NA,NA,NA,37,stage2,1302.74857466932;1e+12;1e+12;1302.75079677628;1e+12;1e+12;1302.7502236389;1e+12;1e+12;1302.74935278721;1e+12;1e+12;1302.74840070706;1e+12;1e+12;1302.75319315776;1e+12;1e+12;1302.75251289059;1e+12;1e+12;1302.74974308973;1e+12;1e+12;1302.74840379341;1e+12;1e+12;1302.75128858437;1e+12;1e+12;1302.74840475598;1e+12;1e+12;1302.7494289603;1e+12;1e+12;1302.74839074939;1e+12;1e+12;1302.75637335807;1e+12;1e+12,proposed_likelihood,stage2,3,3.760751436366466,0.760751436366466,0.4,0.7539281310474679,0.3539281310474679,-0.7,-1.4925821305300957,-0.7925821305300957,0.7,-0.7836802646639078,-1.4836802646639078,0.5,1.4925821305300957,0.9925821305300956,0.5,1.4925821305300957,NA,4,NA,-0.7,-0.5720875898430172,0.12791241015698274,0.15,0.1393911267003687,-0.01060887329963128,1,0.84160999223529,-0.15839000776471002,5,6.370245418135338,1.3702454181353376,1.5,1.425814943226969,-0.07418505677303133,0.8,0.854626078833792,0.054626078833792,58.893063347785755,58.89306334778564,1.1368683772161603e-13,NA,NA,NA,NA,NA,NA,NA,NA,NA,NA,NA,NA,NA,NA,NA,NA,NA,NA,NA,NA,NA,NA,NA,NA,NA,NA,NA,NA,NA,NA,NA,NA,NA,NA,NA,NA,NA,NA,NA,NA,NA,NA,NA,NA,NA,NA,NA,NA,NA,NA,NA,NA,NA,NA,NA,NA,NA,NA,NA,NA,NA,NA,NA,NA,NA,NA,NA,NA,NA,NA,NA,NA,NA,NA,NA,NA,NA,NA,NA,NA,NA,NA,NA,NA,NA,NA,NA,NA,NA,NA,NA,NA,NA,NA,NA,NA,NA,NA,NA,NA,NA,NA,true,TRUE,TRUE,2629.496780955192,2688.389844302978,2629.8128903776847,58.893063347785755,58.893063347785755,12.000000000000023,FALSE,16957.581000000002,TRUE,FALSE,TRUE
hidden_truncation_skewness,hidden-truncation skewness,ESN,NH,39,1000,345,0.345,0.6426735218508998,TRUE,TRUE,TRUE,0,NA,-1368.290253351773,2752.580506703546,2791.842548935403,2752.725814473475,8,113.046,NA,2738.580506703546,2743.488261982528,1.000000000000017,NA,HeckmanEM,NA,raw_AIC_BIC_implied_logLik,finite_logLik_no_explicit_code,3,3.1494472367139084,0.14944723671390836,0.4,0.6469646808381717,0.2469646808381717,-0.7,NA,NA,0.7,NA,NA,0.5,NA,NA,0.5,NA,NA,NA,NA,-0.7,-0.9915786178642882,-0.2915786178642883,0.15,0.14017539186910344,-0.00982460813089655,1,1.035531639114755,0.03553163911475532,5,5.196455509223683,0.19645550922368304,1.5,1.5308228995637898,0.0308228995637898,0.8,0.8363579629301888,0.03635796293018878,39.26204223185732,39.262042231857095,2.2737367544323206e-13,NA,NA,NA,NA,NA,NA,NA,NA,NA,NA,NA,NA,NA,NA,NA,NA,NA,NA,NA,NA,NA,NA,NA,NA,NA,NA,NA,NA,NA,NA,NA,NA,NA,NA,NA,NA,NA,NA,NA,NA,NA,NA,NA,NA,NA,NA,NA,NA,NA,NA,NA,NA,NA,NA,NA,NA,NA,NA,NA,NA,NA,NA,NA,NA,NA,NA,NA,NA,NA,NA,NA,NA,NA,NA,NA,NA,NA,NA,NA,NA,NA,NA,NA,NA,NA,NA,NA,NA,NA,NA,NA,NA,NA,NA,NA,NA,NA,NA,NA,NA,NA,NA,true,TRUE,TRUE,2752.580506703546,2791.842548935403,2752.725814473475,39.26204223185732,39.26204223185732,8.000000000000046,FALSE,113.046,NA,NA,NA
hidden_truncation_skewness,hidden-truncation skewness,ESN,HT,39,1000,345,0.345,0.6426735218508998,TRUE,TRUE,TRUE,0,NA,-1367.9997069263095,2753.9994138526195,2798.1692113634585,2754.1812320344375,9,154.751,NA,2737.9994138526195,2742.9071691316017,1.000000000000017,NA,HeckmanEM,NA,raw_AIC_BIC_implied_logLik,finite_logLik_no_explicit_code,3,3.052938582408858,0.05293858240885818,0.4,0.6471613114869602,0.2471613114869602,-0.7,NA,NA,0.7,NA,NA,0.5,NA,NA,0.5,NA,NA,NA,NA,-0.7,-1.0078689582662586,-0.3078689582662586,0.15,0.14207690368651454,-0.00792309631348545,1,1.0536691154040785,0.05366911540407848,5,5.1833994264846925,0.18339942648469257,1.5,1.5490925430845648,0.04909254308456479,0.8,0.8449875351937884,0.0449875351937884,44.16979751083909,44.16979751083923,-1.4210854715202004e-13,NA,NA,NA,NA,NA,NA,NA,NA,NA,NA,NA,NA,NA,NA,NA,NA,NA,NA,NA,NA,NA,NA,NA,NA,NA,NA,NA,NA,NA,NA,NA,NA,NA,NA,NA,NA,NA,NA,NA,NA,NA,NA,NA,NA,NA,NA,NA,NA,NA,NA,NA,NA,NA,NA,NA,NA,NA,NA,NA,NA,NA,NA,NA,NA,NA,NA,NA,NA,NA,NA,NA,NA,NA,NA,NA,NA,NA,NA,NA,NA,NA,NA,NA,NA,NA,NA,NA,NA,NA,NA,NA,NA,NA,NA,NA,NA,NA,NA,NA,NA,NA,NA,true,TRUE,TRUE,2753.999413852619,2798.169211363458,2754.181232034437,44.16979751083909,44.16979751083909,8.999999999999972,FALSE,154.751,NA,NA,NA
hidden_truncation_skewness,hidden-truncation skewness,ESN,CN,39,1000,345,0.345,0.6426735218508998,TRUE,TRUE,TRUE,0,NA,-1367.8432594076305,2755.686518815261,2804.764071605082,2755.9089657313375,10,591.7930000000001,NA,2737.686518815261,2742.594274094243,1.000000000000017,NA,HeckmanEM,NA,raw_AIC_BIC_implied_logLik,finite_logLik_no_explicit_code,3,3.0356802271289616,0.03568022712896157,0.4,0.6405140792167128,0.24051407921671275,-0.7,NA,NA,0.7,NA,NA,0.5,NA,NA,0.5,NA,NA,NA,NA,-0.7,-1.012606082272421,-0.31260608227242104,0.15,0.14293346963963538,-0.00706653036036461,1,1.058948218575052,0.05894821857505206,5,5.203067534179455,0.2030675341794552,1.5,1.5415717493227212,0.04157174932272123,0.8,0.8476232536767789,0.04762325367677889,49.07755278982131,49.07755278982137,-5.684341886080802e-14,NA,NA,NA,NA,NA,NA,NA,NA,NA,NA,NA,NA,NA,NA,NA,NA,NA,NA,NA,NA,NA,NA,NA,NA,NA,NA,NA,NA,NA,NA,NA,NA,NA,NA,NA,NA,NA,NA,NA,NA,NA,NA,NA,NA,NA,NA,NA,NA,NA,NA,NA,NA,NA,NA,NA,NA,NA,NA,NA,NA,NA,NA,NA,NA,NA,NA,NA,NA,NA,NA,NA,NA,NA,NA,NA,NA,NA,NA,NA,NA,NA,NA,NA,NA,NA,NA,NA,NA,NA,NA,NA,NA,NA,NA,NA,NA,NA,NA,NA,NA,NA,NA,true,TRUE,TRUE,2755.686518815261,2804.7640716050823,2755.908965731338,49.07755278982086,49.07755278982131,9.999999999999895,FALSE,591.7930000000001,NA,NA,NA
hidden_truncation_skewness,hidden-truncation skewness,ESN,ESN,39,1000,345,0.345,0.6426735218508998,TRUE,TRUE,TRUE,0,CONVERGENCE: REL_REDUCTION_OF_F <= FACTR*EPSMCH,-1367.9155524686155,2757.831104937231,2811.8164130060345,2758.098311414964,11,13748.563,NA,NA,NA,NA,6,stage2,1368.28837482925;1368.2824044482;1368.28926413543;1367.95116216555;1368.29035859783;1367.9155549651;1367.94140601884;1368.29008370696;1368.29016127534;1367.92258001322;1368.17126088289;1368.28878707115;1368.28689516914;1368.29025303633,proposed_likelihood,stage2,3,3.546960601990007,0.5469606019900071,0.4,0.7279250190525426,0.32792501905254257,-0.7,-1.4925821305300957,-0.7925821305300957,0.7,0.0516543098758121,-0.6483456901241879,0.5,1.2385133940401265,0.7385133940401265,0.5,1.2385133940401265,NA,NA,NA,-0.7,-0.4739471218212877,0.22605287817871228,0.15,0.11189915083934936,-0.03810084916065062,1,0.8201703378486309,-0.17982966215136909,5,5.986414643462849,0.9864146434628492,1.5,1.5287559219162383,0.02875592191623832,0.8,0.8344820645317053,0.03448206453170521,53.98530806880353,53.985308068803505,2.842170943040401e-14,NA,NA,NA,NA,NA,NA,NA,NA,NA,NA,NA,NA,NA,NA,NA,NA,NA,NA,NA,NA,NA,NA,NA,NA,NA,NA,NA,NA,NA,NA,NA,NA,NA,NA,NA,NA,NA,NA,NA,NA,NA,NA,NA,NA,NA,NA,NA,NA,NA,NA,NA,NA,NA,NA,NA,NA,NA,NA,NA,NA,NA,NA,NA,NA,NA,NA,NA,NA,NA,NA,NA,NA,NA,NA,NA,NA,NA,NA,NA,NA,NA,NA,NA,NA,NA,NA,NA,NA,NA,NA,NA,NA,NA,NA,NA,NA,NA,NA,NA,NA,NA,NA,true,TRUE,TRUE,2757.831104937231,2811.8164130060345,2758.098311414964,53.98530806880353,53.98530806880353,11.000000000000005,FALSE,13748.563,TRUE,FALSE,FALSE
hidden_truncation_skewness,hidden-truncation skewness,ESN,EST,39,1000,345,0.345,0.6426735218508998,TRUE,TRUE,TRUE,0,CONVERGENCE: REL_REDUCTION_OF_F <= FACTR*EPSMCH,-1372.7438018228183,2769.4876036456367,2828.3806669934224,2769.803713068129,12,18642.189,NA,NA,NA,NA,31,stage2,1372.74381511085;1e+12;1e+12;1372.74387312747;1e+12;1e+12;1372.75800697879;1e+12;1e+12;1372.74568568379;1e+12;1e+12;1372.7462901535;1e+12;1e+12;1372.74382586337;1e+12;1e+12;1372.75004023429;1e+12;1e+12;1372.74691755227;1e+12;1e+12;1372.74463744747;1e+12;1e+12;1372.74420857469;1e+12;1e+12;1372.74380210075;1e+12;1e+12;1372.74409622405;1e+12;1e+12;1372.76617392003;1e+12;1e+12;1372.75441571519;1e+12;1e+12,proposed_likelihood,stage2,3,3.7352253351464904,0.7352253351464904,0.4,0.8247187946802715,0.4247187946802715,-0.7,-1.4925821305300957,-0.7925821305300957,0.7,-0.2605798015413834,-0.9605798015413832,0.5,1.4925821305300957,0.9925821305300956,0.5,1.4925821305300957,NA,4,NA,-0.7,-0.5481335268348325,0.15186647316516744,0.15,0.12009545168939492,-0.02990454831060508,1,0.8978091318261986,-0.1021908681738014,5,5.815513660903401,0.8155136609034006,1.5,1.6118990301959184,0.1118990301959184,0.8,0.8556825695785778,0.05568256957857775,58.893063347785755,58.89306334778564,1.1368683772161603e-13,NA,NA,NA,NA,NA,NA,NA,NA,NA,NA,NA,NA,NA,NA,NA,NA,NA,NA,NA,NA,NA,NA,NA,NA,NA,NA,NA,NA,NA,NA,NA,NA,NA,NA,NA,NA,NA,NA,NA,NA,NA,NA,NA,NA,NA,NA,NA,NA,NA,NA,NA,NA,NA,NA,NA,NA,NA,NA,NA,NA,NA,NA,NA,NA,NA,NA,NA,NA,NA,NA,NA,NA,NA,NA,NA,NA,NA,NA,NA,NA,NA,NA,NA,NA,NA,NA,NA,NA,NA,NA,NA,NA,NA,NA,NA,NA,NA,NA,NA,NA,NA,NA,true,TRUE,TRUE,2769.4876036456367,2828.3806669934224,2769.803713068129,58.893063347785755,58.893063347785755,12.000000000000023,FALSE,18642.189,TRUE,FALSE,TRUE
hidden_truncation_skewness,hidden-truncation skewness,ESN,NH,40,1000,347,0.347,0.639386189258312,TRUE,TRUE,TRUE,0,NA,-1367.2839435355943,2750.567887071189,2789.829929303046,2750.7131948411184,8,98.019,NA,2736.567887071189,2741.4756423501713,1.000000000000017,NA,HeckmanEM,NA,raw_AIC_BIC_implied_logLik,finite_logLik_no_explicit_code,3,3.068847606736278,0.06884760673627799,0.4,0.5842412937307052,0.1842412937307052,-0.7,NA,NA,0.7,NA,NA,0.5,NA,NA,0.5,NA,NA,NA,NA,-0.7,-1.0254817165487902,-0.3254817165487902,0.15,0.1651720581689353,0.01517205816893529,1,1.078220541452871,0.07822054145287094,5,5.290178578731297,0.2901785787312967,1.5,1.2852575766450265,-0.21474242335497373,0.8,0.782296645205641,-0.01770335479435902,39.26204223185687,39.262042231857095,2.2737367544323206e-13,NA,NA,NA,NA,NA,NA,NA,NA,NA,NA,NA,NA,NA,NA,NA,NA,NA,NA,NA,NA,NA,NA,NA,NA,NA,NA,NA,NA,NA,NA,NA,NA,NA,NA,NA,NA,NA,NA,NA,NA,NA,NA,NA,NA,NA,NA,NA,NA,NA,NA,NA,NA,NA,NA,NA,NA,NA,NA,NA,NA,NA,NA,NA,NA,NA,NA,NA,NA,NA,NA,NA,NA,NA,NA,NA,NA,NA,NA,NA,NA,NA,NA,NA,NA,NA,NA,NA,NA,NA,NA,NA,NA,NA,NA,NA,NA,NA,NA,NA,NA,NA,NA,true,TRUE,TRUE,2750.5678870711886,2789.829929303046,2750.713194841118,39.26204223185687,39.26204223185732,7.999999999999954,FALSE,98.019,NA,NA,NA
hidden_truncation_skewness,hidden-truncation skewness,ESN,HT,40,1000,347,0.347,0.639386189258312,TRUE,TRUE,TRUE,0,NA,-1367.589185434742,2753.1783708694843,2797.3481683803234,2753.3601890513023,9,148.674,NA,2737.1783708694843,2742.0861261484665,1.000000000000017,NA,HeckmanEM,NA,raw_AIC_BIC_implied_logLik,finite_logLik_no_explicit_code,3,3.046119769454458,0.04611976945445795,0.4,0.5818611459610048,0.1818611459610048,-0.7,NA,NA,0.7,NA,NA,0.5,NA,NA,0.5,NA,NA,NA,NA,-0.7,-1.029240314840614,-0.329240314840614,0.15,0.16580740057274287,0.01580740057274288,1,1.0826020927316953,0.08260209273169528,5,5.296896737024458,0.29689673702445774,1.5,1.2855067929786397,-0.21449320702136032,0.8,0.7844403725527741,-0.01555962744722594,44.16979751083909,44.16979751083923,-1.4210854715202004e-13,NA,NA,NA,NA,NA,NA,NA,NA,NA,NA,NA,NA,NA,NA,NA,NA,NA,NA,NA,NA,NA,NA,NA,NA,NA,NA,NA,NA,NA,NA,NA,NA,NA,NA,NA,NA,NA,NA,NA,NA,NA,NA,NA,NA,NA,NA,NA,NA,NA,NA,NA,NA,NA,NA,NA,NA,NA,NA,NA,NA,NA,NA,NA,NA,NA,NA,NA,NA,NA,NA,NA,NA,NA,NA,NA,NA,NA,NA,NA,NA,NA,NA,NA,NA,NA,NA,NA,NA,NA,NA,NA,NA,NA,NA,NA,NA,NA,NA,NA,NA,NA,NA,true,TRUE,TRUE,2753.178370869484,2797.348168380323,2753.360189051302,44.16979751083909,44.16979751083909,8.999999999999972,FALSE,148.674,NA,NA,NA
hidden_truncation_skewness,hidden-truncation skewness,ESN,CN,40,1000,347,0.347,0.639386189258312,TRUE,TRUE,TRUE,0,NA,-1367.283943605098,2754.567887210196,2803.6454400000175,2754.790334126273,10,257.044,NA,2736.567887210196,2741.4756424891784,1.000000000000017,NA,HeckmanEM,NA,raw_AIC_BIC_implied_logLik,finite_logLik_no_explicit_code,3,3.0688514694826123,0.06885146948261234,0.4,0.5842439599114547,0.1842439599114547,-0.7,NA,NA,0.7,NA,NA,0.5,NA,NA,0.5,NA,NA,NA,NA,-0.7,-1.025481179987231,-0.32548117998723103,0.15,0.16517197028013095,0.01517197028013095,1,1.0782198919054673,0.0782198919054673,5,5.290168138874365,0.2901681388743649,1.5,1.2852572236294553,-0.21474277637054473,0.8,0.7822968732459235,-0.01770312675407659,49.07755278982131,49.07755278982137,-5.684341886080802e-14,NA,NA,NA,NA,NA,NA,NA,NA,NA,NA,NA,NA,NA,NA,NA,NA,NA,NA,NA,NA,NA,NA,NA,NA,NA,NA,NA,NA,NA,NA,NA,NA,NA,NA,NA,NA,NA,NA,NA,NA,NA,NA,NA,NA,NA,NA,NA,NA,NA,NA,NA,NA,NA,NA,NA,NA,NA,NA,NA,NA,NA,NA,NA,NA,NA,NA,NA,NA,NA,NA,NA,NA,NA,NA,NA,NA,NA,NA,NA,NA,NA,NA,NA,NA,NA,NA,NA,NA,NA,NA,NA,NA,NA,NA,NA,NA,NA,NA,NA,NA,NA,NA,true,TRUE,TRUE,2754.567887210196,2803.6454400000175,2754.790334126273,49.07755278982131,49.07755278982131,9.999999999999988,FALSE,257.044,NA,NA,NA
hidden_truncation_skewness,hidden-truncation skewness,ESN,ESN,40,1000,347,0.347,0.639386189258312,TRUE,TRUE,TRUE,0,CONVERGENCE: REL_REDUCTION_OF_F <= FACTR*EPSMCH,-1365.7402472576578,2753.4804945153155,2807.465802584119,2753.7477009930485,11,18733.906000000003,NA,NA,NA,NA,13,stage2,1365.75452118782;1365.76294973104;1365.75276322623;1365.79002444723;1365.99543334877;1365.7800827572;1365.81577024962;1365.74930453999;1366.15614793473;1365.74632306397;1365.74837862835;1365.78767743811;1365.74507463131;1367.28394327833,proposed_likelihood,stage2,3,3.081352393379767,0.08135239337976685,0.4,0.5456566679470832,0.1456566679470832,-0.7,-1.4925821305300957,-0.7925821305300957,0.7,0.4808869903604337,-0.21911300963956623,0.5,1.4498226681708757,0.9498226681708756,0.5,1.4498226681708757,NA,NA,NA,-0.7,-0.5697508858746434,0.13024911412535656,0.15,0.13814182435222142,-0.01185817564777858,1,0.8870217462447736,-0.1129782537552264,5,5.61205182936843,0.6120518293684301,1.5,1.2859125469153951,-0.2140874530846049,0.8,0.7828648137170197,-0.01713518628298038,53.98530806880353,53.985308068803505,2.842170943040401e-14,NA,NA,NA,NA,NA,NA,NA,NA,NA,NA,NA,NA,NA,NA,NA,NA,NA,NA,NA,NA,NA,NA,NA,NA,NA,NA,NA,NA,NA,NA,NA,NA,NA,NA,NA,NA,NA,NA,NA,NA,NA,NA,NA,NA,NA,NA,NA,NA,NA,NA,NA,NA,NA,NA,NA,NA,NA,NA,NA,NA,NA,NA,NA,NA,NA,NA,NA,NA,NA,NA,NA,NA,NA,NA,NA,NA,NA,NA,NA,NA,NA,NA,NA,NA,NA,NA,NA,NA,NA,NA,NA,NA,NA,NA,NA,NA,NA,NA,NA,NA,NA,NA,true,TRUE,TRUE,2753.4804945153155,2807.465802584119,2753.7477009930485,53.98530806880353,53.98530806880353,11.000000000000005,FALSE,18733.906000000003,TRUE,FALSE,TRUE
hidden_truncation_skewness,hidden-truncation skewness,ESN,EST,40,1000,347,0.347,0.639386189258312,TRUE,TRUE,TRUE,0,CONVERGENCE: REL_REDUCTION_OF_F <= FACTR*EPSMCH,-1374.2424126851029,2772.4848253702057,2831.3778887179915,2772.800934792698,12,17812.713999999996,NA,NA,NA,NA,4,stage2,1374.2573700664;1e+12;1e+12;1374.24241287259;1e+12;1e+12;1374.24914049545;1e+12;1e+12;1374.25456768924;1e+12;1e+12;1374.24241830448;1e+12;1e+12;1374.24321827946;1e+12;1e+12;1374.2424474153;1e+12;1e+12;1374.24911252615;1e+12;1e+12;1374.24244813161;1e+12;1e+12;1374.25401212392;1e+12;1e+12;1374.24249394012;1e+12;1e+12;1374.24242988632;1e+12;1e+12;1374.24305470041;1e+12;1e+12;1374.24243038424;1e+12;1e+12,proposed_likelihood,stage2,3,4.029492842894761,1.0294928428947614,0.4,0.7962895002180213,0.3962895002180212,-0.7,-1.4925821305300957,-0.7925821305300957,0.7,-0.8390867226092507,-1.5390867226092506,0.5,1.4925821305300957,0.9925821305300956,0.5,1.4925821305300957,NA,4,NA,-0.7,-0.5987689416202657,0.10123105837973424,0.15,0.1505547441173479,5.547441173479051e-4,1,0.9730215642186666,-0.02697843578133341,5,6.259200130949857,1.259200130949857,1.5,1.3514023949117593,-0.14859760508824071,0.8,0.7970515709796681,-0.00294842902033198,58.893063347785755,58.89306334778564,1.1368683772161603e-13,NA,NA,NA,NA,NA,NA,NA,NA,NA,NA,NA,NA,NA,NA,NA,NA,NA,NA,NA,NA,NA,NA,NA,NA,NA,NA,NA,NA,NA,NA,NA,NA,NA,NA,NA,NA,NA,NA,NA,NA,NA,NA,NA,NA,NA,NA,NA,NA,NA,NA,NA,NA,NA,NA,NA,NA,NA,NA,NA,NA,NA,NA,NA,NA,NA,NA,NA,NA,NA,NA,NA,NA,NA,NA,NA,NA,NA,NA,NA,NA,NA,NA,NA,NA,NA,NA,NA,NA,NA,NA,NA,NA,NA,NA,NA,NA,NA,NA,NA,NA,NA,NA,true,TRUE,TRUE,2772.4848253702057,2831.3778887179915,2772.800934792698,58.893063347785755,58.893063347785755,12.000000000000023,FALSE,17812.713999999996,TRUE,FALSE,TRUE
hidden_truncation_skewness,hidden-truncation skewness,ESN,NH,41,1000,345,0.345,0.6353240152477764,TRUE,TRUE,TRUE,0,NA,-1320.885656925564,2657.771313851128,2697.033356082985,2657.9166216210574,8,100.27,NA,2643.771313851128,2648.6790691301103,1.000000000000017,NA,HeckmanEM,NA,raw_AIC_BIC_implied_logLik,finite_logLik_no_explicit_code,3,2.9734229609709266,-0.02657703902907338,0.4,0.6562756961014432,0.2562756961014432,-0.7,NA,NA,0.7,NA,NA,0.5,NA,NA,0.5,NA,NA,NA,NA,-0.7,-1.0634877952341608,-0.36348779523416086,0.15,0.1683426758385022,0.01834267583850221,1,1.1160128457463274,0.11601284574632742,5,4.967918952271736,-0.03208104772826381,1.5,1.5838915276962338,0.08389152769623376,0.8,0.7565785046204443,-0.04342149537955575,39.26204223185687,39.262042231857095,-2.2737367544323206e-13,NA,NA,NA,NA,NA,NA,NA,NA,NA,NA,NA,NA,NA,NA,NA,NA,NA,NA,NA,NA,NA,NA,NA,NA,NA,NA,NA,NA,NA,NA,NA,NA,NA,NA,NA,NA,NA,NA,NA,NA,NA,NA,NA,NA,NA,NA,NA,NA,NA,NA,NA,NA,NA,NA,NA,NA,NA,NA,NA,NA,NA,NA,NA,NA,NA,NA,NA,NA,NA,NA,NA,NA,NA,NA,NA,NA,NA,NA,NA,NA,NA,NA,NA,NA,NA,NA,NA,NA,NA,NA,NA,NA,NA,NA,NA,NA,NA,NA,NA,NA,NA,NA,true,TRUE,TRUE,2657.771313851128,2697.033356082985,2657.9166216210574,39.26204223185687,39.26204223185687,7.999999999999954,FALSE,100.27,NA,NA,NA
hidden_truncation_skewness,hidden-truncation skewness,ESN,HT,41,1000,345,0.345,0.6353240152477764,TRUE,TRUE,TRUE,0,NA,-1317.9057363702018,2653.8114727404036,2697.9812702512427,2653.9932909222216,9,117.01,NA,2637.8114727404036,2642.719228019386,1.000000000000017,NA,HeckmanEM,NA,raw_AIC_BIC_implied_logLik,finite_logLik_no_explicit_code,3,2.633485147437158,-0.3665148525628421,0.4,0.6327139874777692,0.23271398747776917,-0.7,NA,NA,0.7,NA,NA,0.5,NA,NA,0.5,NA,NA,NA,NA,-0.7,-1.1469362630636883,-0.4469362630636884,0.15,0.18199671458702063,0.03199671458702066,1,1.210290757821778,0.21029075782177784,5,5.126266905804592,0.12626690580459243,1.5,1.5703126200353557,0.07031262003535566,0.8,0.7424109777706137,-0.05758902222938633,44.16979751083909,44.16979751083923,-1.4210854715202004e-13,NA,NA,NA,NA,NA,NA,NA,NA,NA,NA,NA,NA,NA,NA,NA,NA,NA,NA,NA,NA,NA,NA,NA,NA,NA,NA,NA,NA,NA,NA,NA,NA,NA,NA,NA,NA,NA,NA,NA,NA,NA,NA,NA,NA,NA,NA,NA,NA,NA,NA,NA,NA,NA,NA,NA,NA,NA,NA,NA,NA,NA,NA,NA,NA,NA,NA,NA,NA,NA,NA,NA,NA,NA,NA,NA,NA,NA,NA,NA,NA,NA,NA,NA,NA,NA,NA,NA,NA,NA,NA,NA,NA,NA,NA,NA,NA,NA,NA,NA,NA,NA,NA,true,TRUE,TRUE,2653.8114727404036,2697.9812702512427,2653.9932909222216,44.16979751083909,44.16979751083909,8.999999999999972,FALSE,117.01,NA,NA,NA
hidden_truncation_skewness,hidden-truncation skewness,ESN,CN,41,1000,345,0.345,0.6353240152477764,TRUE,TRUE,TRUE,0,NA,-1318.2201678258884,2656.440335651777,2705.517888441598,2656.662782567854,10,583.792,NA,2638.440335651777,2643.348090930759,1.000000000000017,NA,HeckmanEM,NA,raw_AIC_BIC_implied_logLik,finite_logLik_no_explicit_code,3,2.599618228642851,-0.40038177135714914,0.4,0.6367479244679511,0.23674792446795112,-0.7,NA,NA,0.7,NA,NA,0.5,NA,NA,0.5,NA,NA,NA,NA,-0.7,-1.1720148689379408,-0.47201486893794087,0.15,0.18635477944523116,0.03635477944523116,1,1.2349114377581922,0.23491143775819223,5,5.088658058304835,0.08865805830483531,1.5,1.574874352938737,0.07487435293873701,0.8,0.7477526317707403,-0.05224736822925979,49.07755278982131,49.07755278982137,-5.684341886080802e-14,NA,NA,NA,NA,NA,NA,NA,NA,NA,NA,NA,NA,NA,NA,NA,NA,NA,NA,NA,NA,NA,NA,NA,NA,NA,NA,NA,NA,NA,NA,NA,NA,NA,NA,NA,NA,NA,NA,NA,NA,NA,NA,NA,NA,NA,NA,NA,NA,NA,NA,NA,NA,NA,NA,NA,NA,NA,NA,NA,NA,NA,NA,NA,NA,NA,NA,NA,NA,NA,NA,NA,NA,NA,NA,NA,NA,NA,NA,NA,NA,NA,NA,NA,NA,NA,NA,NA,NA,NA,NA,NA,NA,NA,NA,NA,NA,NA,NA,NA,NA,NA,NA,true,TRUE,TRUE,2656.440335651777,2705.517888441598,2656.662782567854,49.07755278982131,49.07755278982131,9.999999999999988,FALSE,583.792,NA,NA,NA
hidden_truncation_skewness,hidden-truncation skewness,ESN,ESN,41,1000,345,0.345,0.6353240152477764,TRUE,TRUE,TRUE,0,CONVERGENCE: REL_REDUCTION_OF_F <= FACTR*EPSMCH,-1319.2809660327869,2660.5619320655737,2714.5472401343773,2660.8291385433067,11,14776.231000000002,NA,NA,NA,NA,8,stage2,1320.8861981656;1320.88696085781;1320.88570240694;1320.88581962204;1319.9309892454;1319.47692646718;1320.88584374769;1319.38456446483;1320.04225095228;1319.55887239428;1319.28131725259;1320.88560273815;1320.88752449239;1320.8856566093,proposed_likelihood,stage2,3,3.7784976254866223,0.7784976254866227,0.4,0.7991236010757576,0.3991236010757576,-0.7,1.4925821305300957,2.192582130530096,0.7,0.36572992043469543,-0.3342700795653045,0.5,-1.491941335553676,-1.991941335553676,0.5,-1.491941335553676,NA,NA,NA,-0.7,-1.8621217813571136,-1.1621217813571134,0.15,0.11952080085399187,-0.0304791991460081,1,0.7969960358694105,-0.20300396413058952,5,1.1359102036991628,-3.864089796300837,1.5,1.566466461728105,0.066466461728105,0.8,0.7656213978640212,-0.03437860213597887,53.98530806880353,53.985308068803505,2.842170943040401e-14,NA,NA,NA,NA,NA,NA,NA,NA,NA,NA,NA,NA,NA,NA,NA,NA,NA,NA,NA,NA,NA,NA,NA,NA,NA,NA,NA,NA,NA,NA,NA,NA,NA,NA,NA,NA,NA,NA,NA,NA,NA,NA,NA,NA,NA,NA,NA,NA,NA,NA,NA,NA,NA,NA,NA,NA,NA,NA,NA,NA,NA,NA,NA,NA,NA,NA,NA,NA,NA,NA,NA,NA,NA,NA,NA,NA,NA,NA,NA,NA,NA,NA,NA,NA,NA,NA,NA,NA,NA,NA,NA,NA,NA,NA,NA,NA,NA,NA,NA,NA,NA,NA,true,TRUE,TRUE,2660.5619320655737,2714.5472401343773,2660.8291385433067,53.98530806880353,53.98530806880353,11.000000000000005,FALSE,14776.231000000002,TRUE,FALSE,TRUE
hidden_truncation_skewness,hidden-truncation skewness,ESN,EST,41,1000,345,0.345,0.6353240152477764,TRUE,TRUE,TRUE,0,CONVERGENCE: REL_REDUCTION_OF_F <= FACTR*EPSMCH,-1319.4483674701207,2662.8967349402415,2721.789798288027,2663.212844362734,12,18261.059,NA,NA,NA,NA,28,stage2,1319.4483953996;1e+12;1e+12;1319.45260423642;1e+12;1e+12;1319.4483723519;1e+12;1e+12;1319.45512529381;1e+12;1e+12;1319.44837806311;1e+12;1e+12;1319.44836977563;1e+12;1e+12;1319.45220369507;1e+12;1e+12;1319.45987071725;1e+12;1e+12;1319.47888226876;1e+12;1e+12;1319.44836772803;1e+12;1e+12;1319.44837716825;1e+12;1e+12;1319.45975692164;1e+12;1e+12;1319.44837410001;1e+12;1e+12;1319.451562352;1e+12;1e+12,proposed_likelihood,stage2,3,3.0100725920067157,0.01007259200671573,0.4,0.7530092796371275,0.35300927963712747,-0.7,-0.7146658305899698,-0.01466583058996984,0.7,-0.7566009186680306,-1.4566009186680304,0.5,1.4925821305300957,0.9925821305300956,0.5,1.4925821305300957,NA,4,NA,-0.7,-0.95412569256739,-0.2541256925673899,0.15,0.1792343459493705,0.02923434594937049,1,1.1786618049751671,0.17866180497516715,5,5.625871431319615,0.6258714313196148,1.5,1.604969442813943,0.10496944281394294,0.8,0.7194697231217204,-0.08053027687827963,58.893063347785755,58.89306334778564,1.1368683772161603e-13,NA,NA,NA,NA,NA,NA,NA,NA,NA,NA,NA,NA,NA,NA,NA,NA,NA,NA,NA,NA,NA,NA,NA,NA,NA,NA,NA,NA,NA,NA,NA,NA,NA,NA,NA,NA,NA,NA,NA,NA,NA,NA,NA,NA,NA,NA,NA,NA,NA,NA,NA,NA,NA,NA,NA,NA,NA,NA,NA,NA,NA,NA,NA,NA,NA,NA,NA,NA,NA,NA,NA,NA,NA,NA,NA,NA,NA,NA,NA,NA,NA,NA,NA,NA,NA,NA,NA,NA,NA,NA,NA,NA,NA,NA,NA,NA,NA,NA,NA,NA,NA,NA,true,TRUE,TRUE,2662.8967349402415,2721.789798288027,2663.212844362734,58.893063347785755,58.893063347785755,12.000000000000023,FALSE,18261.059,FALSE,FALSE,TRUE
hidden_truncation_skewness,hidden-truncation skewness,ESN,NH,42,1000,372,0.372,0.6430868167202572,TRUE,TRUE,TRUE,0,NA,-1420.872030261752,2857.744060523504,2897.006102755361,2857.889368293433,8,97.147,NA,2843.744060523504,2848.651815802486,1.000000000000017,NA,HeckmanEM,NA,raw_AIC_BIC_implied_logLik,finite_logLik_no_explicit_code,3,3.015318314625933,0.01531831462593302,0.4,0.6076702440193644,0.2076702440193644,-0.7,NA,NA,0.7,NA,NA,0.5,NA,NA,0.5,NA,NA,NA,NA,-0.7,-0.97779512783294,-0.27779512783294,0.15,0.17184822454149704,0.02184822454149704,1,1.061833025392612,0.06183302539261204,5,5.7058384276177945,0.7058384276177945,1.5,1.5297283104155923,0.02972831041559254,0.8,0.7017659179994373,-0.09823408200056272,39.26204223185732,39.262042231857095,2.2737367544323206e-13,NA,NA,NA,NA,NA,NA,NA,NA,NA,NA,NA,NA,NA,NA,NA,NA,NA,NA,NA,NA,NA,NA,NA,NA,NA,NA,NA,NA,NA,NA,NA,NA,NA,NA,NA,NA,NA,NA,NA,NA,NA,NA,NA,NA,NA,NA,NA,NA,NA,NA,NA,NA,NA,NA,NA,NA,NA,NA,NA,NA,NA,NA,NA,NA,NA,NA,NA,NA,NA,NA,NA,NA,NA,NA,NA,NA,NA,NA,NA,NA,NA,NA,NA,NA,NA,NA,NA,NA,NA,NA,NA,NA,NA,NA,NA,NA,NA,NA,NA,NA,NA,NA,true,TRUE,TRUE,2857.744060523504,2897.006102755361,2857.889368293433,39.26204223185732,39.26204223185732,8.000000000000046,FALSE,97.147,NA,NA,NA
hidden_truncation_skewness,hidden-truncation skewness,ESN,HT,42,1000,372,0.372,0.6430868167202572,TRUE,TRUE,TRUE,0,NA,-1421.0686174489888,2860.1372348979776,2904.3070324088167,2860.3190530797956,9,147.286,NA,2844.1372348979776,2849.04499017696,1.000000000000017,NA,HeckmanEM,NA,raw_AIC_BIC_implied_logLik,finite_logLik_no_explicit_code,3,2.993658238108737,-0.00634176189126289,0.4,0.606552283972944,0.206552283972944,-0.7,NA,NA,0.7,NA,NA,0.5,NA,NA,0.5,NA,NA,NA,NA,-0.7,-0.9815748430143224,-0.28157484301432256,0.15,0.17265640099608623,0.02265640099608623,1,1.066265004831417,0.06626500483141706,5,5.709483871315511,0.7094838713155109,1.5,1.5276378714886545,0.02763787148865448,0.8,0.7035657613649324,-0.09643423863506762,44.16979751083909,44.16979751083923,-1.4210854715202004e-13,NA,NA,NA,NA,NA,NA,NA,NA,NA,NA,NA,NA,NA,NA,NA,NA,NA,NA,NA,NA,NA,NA,NA,NA,NA,NA,NA,NA,NA,NA,NA,NA,NA,NA,NA,NA,NA,NA,NA,NA,NA,NA,NA,NA,NA,NA,NA,NA,NA,NA,NA,NA,NA,NA,NA,NA,NA,NA,NA,NA,NA,NA,NA,NA,NA,NA,NA,NA,NA,NA,NA,NA,NA,NA,NA,NA,NA,NA,NA,NA,NA,NA,NA,NA,NA,NA,NA,NA,NA,NA,NA,NA,NA,NA,NA,NA,NA,NA,NA,NA,NA,NA,true,TRUE,TRUE,2860.1372348979776,2904.3070324088167,2860.3190530797956,44.16979751083909,44.16979751083909,8.999999999999972,FALSE,147.286,NA,NA,NA
hidden_truncation_skewness,hidden-truncation skewness,ESN,CN,42,1000,372,0.372,0.6430868167202572,TRUE,TRUE,TRUE,0,NA,-1420.8720301929932,2861.7440603859864,2910.8216131758077,2861.9665073020633,10,282.933,NA,2843.7440603859864,2848.6518156649686,1.000000000000017,NA,HeckmanEM,NA,raw_AIC_BIC_implied_logLik,finite_logLik_no_explicit_code,3,3.0152971932560555,0.01529719325605549,0.4,0.6077011272878737,0.2077011272878737,-0.7,NA,NA,0.7,NA,NA,0.5,NA,NA,0.5,NA,NA,NA,NA,-0.7,-0.9778083033411772,-0.2778083033411771,0.15,0.17185085146488988,0.02185085146488988,1,1.0618473280055936,0.06184732800559356,5,5.7057339737440564,0.7057339737440556,1.5,1.529726312055907,0.02972631205590703,0.8,0.701766467015724,-0.09823353298427606,49.07755278982131,49.07755278982137,-5.684341886080802e-14,NA,NA,NA,NA,NA,NA,NA,NA,NA,NA,NA,NA,NA,NA,NA,NA,NA,NA,NA,NA,NA,NA,NA,NA,NA,NA,NA,NA,NA,NA,NA,NA,NA,NA,NA,NA,NA,NA,NA,NA,NA,NA,NA,NA,NA,NA,NA,NA,NA,NA,NA,NA,NA,NA,NA,NA,NA,NA,NA,NA,NA,NA,NA,NA,NA,NA,NA,NA,NA,NA,NA,NA,NA,NA,NA,NA,NA,NA,NA,NA,NA,NA,NA,NA,NA,NA,NA,NA,NA,NA,NA,NA,NA,NA,NA,NA,NA,NA,NA,NA,NA,NA,true,TRUE,TRUE,2861.7440603859864,2910.8216131758077,2861.9665073020633,49.07755278982131,49.07755278982131,9.999999999999988,FALSE,282.933,NA,NA,NA
hidden_truncation_skewness,hidden-truncation skewness,ESN,ESN,42,1000,372,0.372,0.6430868167202572,TRUE,TRUE,TRUE,0,CONVERGENCE: REL_REDUCTION_OF_F <= FACTR*EPSMCH,-1419.3806660433793,2860.7613320867586,2914.746640155562,2861.0285385644916,11,16756.502,NA,NA,NA,NA,4,stage2,1419.39148691516;1419.3845593544;1419.41947081134;1419.38066715968;1419.43301700916;1419.38554377053;1419.38935384636;1419.41134933814;1419.52649366564;1419.38434613586;1419.40958376319;1419.38999408264;1419.44769238889;1420.87202991833,proposed_likelihood,stage2,3,4.019048318597467,1.0190483185974673,0.4,0.7766886418057242,0.37668864180572414,-0.7,-1.4925821305300957,-0.7925821305300957,0.7,-0.5965254681425349,-1.2965254681425349,0.5,1.4027278537929344,0.9027278537929344,0.5,1.4027278537929344,NA,NA,NA,-0.7,-0.517212058127997,0.18278794187200295,0.15,0.14234754703964483,-0.00765245296035516,1,0.8712211195151206,-0.1287788804848794,5,6.629144461730041,1.629144461730041,1.5,1.5420056161128324,0.04200561611283238,0.8,0.70710210605921,-0.09289789394079008,53.98530806880353,53.985308068803505,2.842170943040401e-14,NA,NA,NA,NA,NA,NA,NA,NA,NA,NA,NA,NA,NA,NA,NA,NA,NA,NA,NA,NA,NA,NA,NA,NA,NA,NA,NA,NA,NA,NA,NA,NA,NA,NA,NA,NA,NA,NA,NA,NA,NA,NA,NA,NA,NA,NA,NA,NA,NA,NA,NA,NA,NA,NA,NA,NA,NA,NA,NA,NA,NA,NA,NA,NA,NA,NA,NA,NA,NA,NA,NA,NA,NA,NA,NA,NA,NA,NA,NA,NA,NA,NA,NA,NA,NA,NA,NA,NA,NA,NA,NA,NA,NA,NA,NA,NA,NA,NA,NA,NA,NA,NA,true,TRUE,TRUE,2860.7613320867586,2914.746640155562,2861.0285385644916,53.98530806880353,53.98530806880353,11.000000000000005,FALSE,16756.502,TRUE,FALSE,FALSE
hidden_truncation_skewness,hidden-truncation skewness,ESN,EST,42,1000,372,0.372,0.6430868167202572,TRUE,TRUE,TRUE,0,CONVERGENCE: REL_REDUCTION_OF_F <= FACTR*EPSMCH,-1425.359600545264,2874.7192010905283,2933.612264438314,2875.0353105130207,12,17801.361000000004,NA,NA,NA,NA,40,stage2,1425.359629912;1e+12;1e+12;1425.35961830475;1e+12;1e+12;1425.35960706891;1e+12;1e+12;1425.36904530307;1e+12;1e+12;1425.35960365962;1e+12;1e+12;1425.36649810329;1e+12;1e+12;1425.35963632025;1e+12;1e+12;1425.37640728958;1e+12;1e+12;1425.37077439274;1e+12;1e+12;1425.37651354525;1e+12;1e+12;1425.36219794859;1e+12;1e+12;1425.36064369932;1e+12;1e+12;1425.35965932629;1e+12;1e+12;1425.35960120475;1e+12;1e+12,proposed_likelihood,stage2,3,3.976942124308581,0.976942124308581,0.4,0.8337677141154799,0.4337677141154799,-0.7,-1.4925821305300957,-0.7925821305300957,0.7,-0.7573451487210328,-1.4573451487210327,0.5,1.4925821305300957,0.9925821305300956,0.5,1.4925821305300957,NA,4,NA,-0.7,-0.5459939055363212,0.15400609446367874,0.15,0.15943053343964825,0.00943053343964825,1,0.9478130435573408,-0.05218695644265914,5,6.521583868415084,1.5215838684150844,1.5,1.5296600526045674,0.02966005260456739,0.8,0.7281880079557093,-0.07181199204429078,58.893063347785755,58.89306334778564,1.1368683772161603e-13,NA,NA,NA,NA,NA,NA,NA,NA,NA,NA,NA,NA,NA,NA,NA,NA,NA,NA,NA,NA,NA,NA,NA,NA,NA,NA,NA,NA,NA,NA,NA,NA,NA,NA,NA,NA,NA,NA,NA,NA,NA,NA,NA,NA,NA,NA,NA,NA,NA,NA,NA,NA,NA,NA,NA,NA,NA,NA,NA,NA,NA,NA,NA,NA,NA,NA,NA,NA,NA,NA,NA,NA,NA,NA,NA,NA,NA,NA,NA,NA,NA,NA,NA,NA,NA,NA,NA,NA,NA,NA,NA,NA,NA,NA,NA,NA,NA,NA,NA,NA,NA,NA,true,TRUE,TRUE,2874.719201090528,2933.6122644383136,2875.0353105130202,58.893063347785755,58.893063347785755,12.000000000000023,FALSE,17801.361000000004,TRUE,FALSE,TRUE
hidden_truncation_skewness,hidden-truncation skewness,ESN,NH,43,1000,320,0.32,0.6565988181221274,TRUE,TRUE,TRUE,0,NA,-1245.780854081085,2507.56170816217,2546.8237503940272,2507.7070159320992,8,53.557,NA,2493.56170816217,2498.469463441152,1.000000000000017,NA,HeckmanEM,NA,raw_AIC_BIC_implied_logLik,finite_logLik_no_explicit_code,3,2.642923866744016,-0.3570761332559842,0.4,0.4231387656513462,0.0231387656513462,-0.7,NA,NA,0.7,NA,NA,0.5,NA,NA,0.5,NA,NA,NA,NA,-0.7,-1.120019471308528,-0.4200194713085279,0.15,0.16416577958997872,0.01416577958997872,1,1.145503765315543,0.14550376531554332,5,5.75040904865164,0.7504090486516404,1.5,1.4446743392406718,-0.05532566075932821,0.8,0.8563513113119628,0.0563513113119628,39.26204223185732,39.262042231857095,2.2737367544323206e-13,NA,NA,NA,NA,NA,NA,NA,NA,NA,NA,NA,NA,NA,NA,NA,NA,NA,NA,NA,NA,NA,NA,NA,NA,NA,NA,NA,NA,NA,NA,NA,NA,NA,NA,NA,NA,NA,NA,NA,NA,NA,NA,NA,NA,NA,NA,NA,NA,NA,NA,NA,NA,NA,NA,NA,NA,NA,NA,NA,NA,NA,NA,NA,NA,NA,NA,NA,NA,NA,NA,NA,NA,NA,NA,NA,NA,NA,NA,NA,NA,NA,NA,NA,NA,NA,NA,NA,NA,NA,NA,NA,NA,NA,NA,NA,NA,NA,NA,NA,NA,NA,NA,true,TRUE,TRUE,2507.56170816217,2546.8237503940272,2507.7070159320992,39.26204223185732,39.26204223185732,8.000000000000046,FALSE,53.557,NA,NA,NA
hidden_truncation_skewness,hidden-truncation skewness,ESN,HT,43,1000,320,0.32,0.6565988181221274,TRUE,TRUE,TRUE,0,NA,-1245.8904107883466,2509.780821576693,2553.950619087532,2509.962639758511,9,77.20600000000002,NA,2493.780821576693,2498.6885768556754,1.000000000000017,NA,HeckmanEM,NA,raw_AIC_BIC_implied_logLik,finite_logLik_no_explicit_code,3,2.6235208937100163,-0.3764791062899837,0.4,0.4235115144514997,0.02351151445149968,-0.7,NA,NA,0.7,NA,NA,0.5,NA,NA,0.5,NA,NA,NA,NA,-0.7,-1.12471359813667,-0.4247135981366701,0.15,0.1647020782182125,0.01470207821821251,1,1.1505022349751295,0.1505022349751297,5,5.752933043571896,0.7529330435718959,1.5,1.4421031913537437,-0.05789680864625635,0.8,0.8569412572663541,0.05694125726635402,44.16979751083909,44.16979751083923,-1.4210854715202004e-13,NA,NA,NA,NA,NA,NA,NA,NA,NA,NA,NA,NA,NA,NA,NA,NA,NA,NA,NA,NA,NA,NA,NA,NA,NA,NA,NA,NA,NA,NA,NA,NA,NA,NA,NA,NA,NA,NA,NA,NA,NA,NA,NA,NA,NA,NA,NA,NA,NA,NA,NA,NA,NA,NA,NA,NA,NA,NA,NA,NA,NA,NA,NA,NA,NA,NA,NA,NA,NA,NA,NA,NA,NA,NA,NA,NA,NA,NA,NA,NA,NA,NA,NA,NA,NA,NA,NA,NA,NA,NA,NA,NA,NA,NA,NA,NA,NA,NA,NA,NA,NA,NA,true,TRUE,TRUE,2509.780821576693,2553.9506190875322,2509.962639758511,44.169797510838634,44.16979751083909,8.99999999999988,FALSE,77.20600000000002,NA,NA,NA
hidden_truncation_skewness,hidden-truncation skewness,ESN,CN,43,1000,320,0.32,0.6565988181221274,TRUE,TRUE,TRUE,0,NA,-1245.780856064454,2511.561712128908,2560.639264918729,2511.784159044985,10,380.247,NA,2493.561712128908,2498.46946740789,1.000000000000017,NA,HeckmanEM,NA,raw_AIC_BIC_implied_logLik,finite_logLik_no_explicit_code,3,2.642558644741921,-0.3574413552580791,0.4,0.4228964678772202,0.02289646787722016,-0.7,NA,NA,0.7,NA,NA,0.5,NA,NA,0.5,NA,NA,NA,NA,-0.7,-1.120134022080303,-0.4201340220803031,0.15,0.16417952853803708,0.01417952853803708,1,1.1456335958670536,0.1456335958670536,5,5.751144320093159,0.7511443200931591,1.5,1.4447002751279463,-0.05529972487205348,0.8,0.8563369787035937,0.05633697870359366,49.07755278982131,49.07755278982137,-5.684341886080802e-14,NA,NA,NA,NA,NA,NA,NA,NA,NA,NA,NA,NA,NA,NA,NA,NA,NA,NA,NA,NA,NA,NA,NA,NA,NA,NA,NA,NA,NA,NA,NA,NA,NA,NA,NA,NA,NA,NA,NA,NA,NA,NA,NA,NA,NA,NA,NA,NA,NA,NA,NA,NA,NA,NA,NA,NA,NA,NA,NA,NA,NA,NA,NA,NA,NA,NA,NA,NA,NA,NA,NA,NA,NA,NA,NA,NA,NA,NA,NA,NA,NA,NA,NA,NA,NA,NA,NA,NA,NA,NA,NA,NA,NA,NA,NA,NA,NA,NA,NA,NA,NA,NA,true,TRUE,TRUE,2511.561712128908,2560.639264918729,2511.784159044985,49.07755278982131,49.07755278982131,9.999999999999988,FALSE,380.247,NA,NA,NA
hidden_truncation_skewness,hidden-truncation skewness,ESN,ESN,43,1000,320,0.32,0.6565988181221274,TRUE,TRUE,TRUE,0,CONVERGENCE: REL_REDUCTION_OF_F <= FACTR*EPSMCH,-1244.5959351603594,2511.191870320719,2565.1771783895224,2511.459076798452,11,10087.435,NA,NA,NA,NA,7,stage2,1244.59650229951;1244.59756994208;1244.59757276939;1244.60113448154;1244.59643072733;1244.6113729735;1244.59593598781;1244.59700723589;1244.60118682256;1245.41639298692;1244.59684421381;1244.60008219246;1244.59802154633;1245.78085378063,proposed_likelihood,stage2,3,3.149144800453098,0.14914480045309864,0.4,0.37331544413334455,-0.02668455586665547,-0.7,0.06543606582812816,0.7654360658281281,0.7,-1.349619981034259,-2.049619981034259,0.5,0.6680416127813236,0.16804161278132357,0.5,0.6680416127813236,NA,NA,NA,-0.7,-1.137983248072345,-0.4379832480723451,0.15,0.163095039287857,0.01309503928785701,1,1.1418107058218998,0.1418107058218998,5,6.959214153966451,1.9592141539664512,1.5,1.4385716246990148,-0.06142837530098521,0.8,0.8522233887671942,0.05222338876719412,53.98530806880353,53.985308068803505,2.842170943040401e-14,NA,NA,NA,NA,NA,NA,NA,NA,NA,NA,NA,NA,NA,NA,NA,NA,NA,NA,NA,NA,NA,NA,NA,NA,NA,NA,NA,NA,NA,NA,NA,NA,NA,NA,NA,NA,NA,NA,NA,NA,NA,NA,NA,NA,NA,NA,NA,NA,NA,NA,NA,NA,NA,NA,NA,NA,NA,NA,NA,NA,NA,NA,NA,NA,NA,NA,NA,NA,NA,NA,NA,NA,NA,NA,NA,NA,NA,NA,NA,NA,NA,NA,NA,NA,NA,NA,NA,NA,NA,NA,NA,NA,NA,NA,NA,NA,NA,NA,NA,NA,NA,NA,true,TRUE,TRUE,2511.191870320719,2565.1771783895224,2511.459076798452,53.98530806880353,53.98530806880353,11.000000000000005,FALSE,10087.435,FALSE,FALSE,FALSE
hidden_truncation_skewness,hidden-truncation skewness,ESN,EST,43,1000,320,0.32,0.6565988181221274,TRUE,TRUE,TRUE,0,CONVERGENCE: REL_REDUCTION_OF_F <= FACTR*EPSMCH,-1251.238897180659,2526.477794361318,2585.370857709104,2526.7939037838105,12,14728.253,NA,NA,NA,NA,19,stage2,1251.24118840924;1e+12;1e+12;1251.24235955007;1e+12;1e+12;1251.23903782234;1e+12;1e+12;1251.24485424101;1e+12;1e+12;1251.24310434047;1e+12;1e+12;1251.24490120856;1e+12;1e+12;1251.23889744661;1e+12;1e+12;1251.24385308779;1e+12;1e+12;1251.24481606069;1e+12;1e+12;1251.24240280576;1e+12;1e+12;1251.24830208072;1e+12;1e+12;1251.24598481951;1e+12;1e+12;1251.24385835782;1e+12;1e+12;1251.23969209346;1e+12;1e+12,proposed_likelihood,stage2,3,3.3693765489085643,0.3693765489085643,0.4,0.7345136539797463,0.3345136539797463,-0.7,-1.492417356909668,-0.7924173569096682,0.7,-0.8010436193417347,-1.5010436193417347,0.5,1.4925821305300957,0.9925821305300956,0.5,1.4925821305300957,NA,4,NA,-0.7,-0.6796322336707032,0.02036776632929671,0.15,0.14327792431457456,-0.00672207568542543,1,1.0171893402513024,0.017189340251302362,5,6.412680550496385,1.4126805504963853,1.5,1.4081620176255971,-0.09183798237440288,0.8,0.8687918519429877,0.06879185194298765,58.893063347785755,58.89306334778564,1.1368683772161603e-13,NA,NA,NA,NA,NA,NA,NA,NA,NA,NA,NA,NA,NA,NA,NA,NA,NA,NA,NA,NA,NA,NA,NA,NA,NA,NA,NA,NA,NA,NA,NA,NA,NA,NA,NA,NA,NA,NA,NA,NA,NA,NA,NA,NA,NA,NA,NA,NA,NA,NA,NA,NA,NA,NA,NA,NA,NA,NA,NA,NA,NA,NA,NA,NA,NA,NA,NA,NA,NA,NA,NA,NA,NA,NA,NA,NA,NA,NA,NA,NA,NA,NA,NA,NA,NA,NA,NA,NA,NA,NA,NA,NA,NA,NA,NA,NA,NA,NA,NA,NA,NA,NA,true,TRUE,TRUE,2526.477794361318,2585.370857709104,2526.7939037838105,58.893063347785755,58.893063347785755,12.000000000000023,FALSE,14728.253,TRUE,FALSE,TRUE
hidden_truncation_skewness,hidden-truncation skewness,ESN,NH,44,1000,329,0.329,0.6365372374283895,TRUE,TRUE,TRUE,0,NA,-1307.557085529137,2631.1141710582747,2670.376213290132,2631.259478828204,8,7.092,NA,2617.1141710582747,2622.021926337257,1.000000000000017,NA,HeckmanEM,NA,raw_AIC_BIC_implied_logLik,finite_logLik_no_explicit_code,3,2.822651834383986,-0.17734816561601408,0.4,0.3139568877520401,-0.08604311224795991,-0.7,NA,NA,0.7,NA,NA,0.5,NA,NA,0.5,NA,NA,NA,NA,-0.7,-1.1881885570204878,-0.4881885570204878,0.15,0.1540662115315452,0.00406621153154521,1,1.2042973398509067,0.2042973398509067,5,5.894481524930773,0.8944815249307734,1.5,1.5724260478789505,0.07242604787895046,0.8,0.8189561928353429,0.01895619283534289,39.26204223185732,39.262042231857095,-2.2737367544323206e-13,NA,NA,NA,NA,NA,NA,NA,NA,NA,NA,NA,NA,NA,NA,NA,NA,NA,NA,NA,NA,NA,NA,NA,NA,NA,NA,NA,NA,NA,NA,NA,NA,NA,NA,NA,NA,NA,NA,NA,NA,NA,NA,NA,NA,NA,NA,NA,NA,NA,NA,NA,NA,NA,NA,NA,NA,NA,NA,NA,NA,NA,NA,NA,NA,NA,NA,NA,NA,NA,NA,NA,NA,NA,NA,NA,NA,NA,NA,NA,NA,NA,NA,NA,NA,NA,NA,NA,NA,NA,NA,NA,NA,NA,NA,NA,NA,NA,NA,NA,NA,NA,NA,true,TRUE,TRUE,2631.114171058274,2670.376213290131,2631.2594788282036,39.26204223185732,39.26204223185687,8.000000000000046,FALSE,7.092,NA,NA,NA
hidden_truncation_skewness,hidden-truncation skewness,ESN,HT,44,1000,329,0.329,0.6365372374283895,TRUE,TRUE,TRUE,0,NA,-1307.790582165237,2633.581164330474,2677.7509618413133,2633.762982512292,9,30.999,NA,2617.581164330474,2622.4889196094564,1.000000000000017,NA,HeckmanEM,NA,raw_AIC_BIC_implied_logLik,finite_logLik_no_explicit_code,3,2.803309425597586,-0.1966905744024139,0.4,0.31199579092609697,-0.08800420907390305,-0.7,NA,NA,0.7,NA,NA,0.5,NA,NA,0.5,NA,NA,NA,NA,-0.7,-1.192976350369998,-0.492976350369998,0.15,0.15469302025740828,0.00469302025740828,1,1.2090199068553351,0.20901990685533536,5,5.902378997714458,0.9023789977144584,1.5,1.573516968740199,0.07351696874019908,0.8,0.8179682753918799,0.01796827539187984,44.16979751083909,44.16979751083923,-1.4210854715202004e-13,NA,NA,NA,NA,NA,NA,NA,NA,NA,NA,NA,NA,NA,NA,NA,NA,NA,NA,NA,NA,NA,NA,NA,NA,NA,NA,NA,NA,NA,NA,NA,NA,NA,NA,NA,NA,NA,NA,NA,NA,NA,NA,NA,NA,NA,NA,NA,NA,NA,NA,NA,NA,NA,NA,NA,NA,NA,NA,NA,NA,NA,NA,NA,NA,NA,NA,NA,NA,NA,NA,NA,NA,NA,NA,NA,NA,NA,NA,NA,NA,NA,NA,NA,NA,NA,NA,NA,NA,NA,NA,NA,NA,NA,NA,NA,NA,NA,NA,NA,NA,NA,NA,true,TRUE,TRUE,2633.581164330474,2677.7509618413133,2633.762982512292,44.16979751083909,44.16979751083909,8.999999999999972,FALSE,30.999,NA,NA,NA
hidden_truncation_skewness,hidden-truncation skewness,ESN,CN,44,1000,329,0.329,0.6365372374283895,TRUE,TRUE,TRUE,0,NA,-1307.5570853885924,2635.114170777185,2684.191723567006,2635.336617693262,10,212.538,NA,2617.114170777185,2622.021926056167,1.000000000000017,NA,HeckmanEM,NA,raw_AIC_BIC_implied_logLik,finite_logLik_no_explicit_code,3,2.822654324603791,-0.17734567539620905,0.4,0.3141069085713511,-0.08589309142864893,-0.7,NA,NA,0.7,NA,NA,0.5,NA,NA,0.5,NA,NA,NA,NA,-0.7,-1.188204279998005,-0.4882042799980051,0.15,0.1540673547262118,0.0040673547262118,1,1.2043109464683688,0.2043109464683688,5,5.894081317063594,0.894081317063594,1.5,1.5723972624649312,0.07239726246493117,0.8,0.8189413420511041,0.01894134205110409,49.07755278982131,49.07755278982137,-5.684341886080802e-14,NA,NA,NA,NA,NA,NA,NA,NA,NA,NA,NA,NA,NA,NA,NA,NA,NA,NA,NA,NA,NA,NA,NA,NA,NA,NA,NA,NA,NA,NA,NA,NA,NA,NA,NA,NA,NA,NA,NA,NA,NA,NA,NA,NA,NA,NA,NA,NA,NA,NA,NA,NA,NA,NA,NA,NA,NA,NA,NA,NA,NA,NA,NA,NA,NA,NA,NA,NA,NA,NA,NA,NA,NA,NA,NA,NA,NA,NA,NA,NA,NA,NA,NA,NA,NA,NA,NA,NA,NA,NA,NA,NA,NA,NA,NA,NA,NA,NA,NA,NA,NA,NA,true,TRUE,TRUE,2635.114170777185,2684.191723567006,2635.336617693262,49.07755278982131,49.07755278982131,9.999999999999988,FALSE,212.538,NA,NA,NA
hidden_truncation_skewness,hidden-truncation skewness,ESN,ESN,44,1000,329,0.329,0.6365372374283895,TRUE,TRUE,TRUE,0,CONVERGENCE: REL_REDUCTION_OF_F <= FACTR*EPSMCH,-1307.0898790270164,2636.179758054033,2690.1650661228364,2636.446964531766,11,12954.336,NA,NA,NA,NA,11,stage2,1307.51588417815;1307.51363768145;1307.55195141053;1307.55288352496;1307.55710430825;1307.50006683435;1307.55604493016;1307.55710358752;1307.55716080859;1307.47466512368;1307.08988693269;1307.50323583886;1307.55343244907;1307.55708520489,proposed_likelihood,stage2,3,2.8586625111984394,-0.1413374888015606,0.4,0.3467692129273887,-0.05323078707261131,-0.7,1.4925821305300957,2.192582130530096,0.7,0.03181035015658386,-0.6681896498434161,0.5,0.9743316016245024,0.4743316016245025,0.5,0.9743316016245024,NA,NA,NA,-0.7,-1.3821643134187285,-0.6821643134187285,0.15,0.12952014730991968,-0.02047985269008032,1,1.02726572168169,0.02726572168169006,5,5.552266680082232,0.5522666800822318,1.5,1.5736870695148155,0.07368706951481574,0.8,0.8193418173740301,0.01934181737403006,53.98530806880353,53.985308068803505,2.842170943040401e-14,NA,NA,NA,NA,NA,NA,NA,NA,NA,NA,NA,NA,NA,NA,NA,NA,NA,NA,NA,NA,NA,NA,NA,NA,NA,NA,NA,NA,NA,NA,NA,NA,NA,NA,NA,NA,NA,NA,NA,NA,NA,NA,NA,NA,NA,NA,NA,NA,NA,NA,NA,NA,NA,NA,NA,NA,NA,NA,NA,NA,NA,NA,NA,NA,NA,NA,NA,NA,NA,NA,NA,NA,NA,NA,NA,NA,NA,NA,NA,NA,NA,NA,NA,NA,NA,NA,NA,NA,NA,NA,NA,NA,NA,NA,NA,NA,NA,NA,NA,NA,NA,NA,true,TRUE,TRUE,2636.179758054033,2690.1650661228364,2636.446964531766,53.98530806880353,53.98530806880353,11.000000000000005,FALSE,12954.336,TRUE,FALSE,FALSE
hidden_truncation_skewness,hidden-truncation skewness,ESN,EST,44,1000,329,0.329,0.6365372374283895,TRUE,TRUE,TRUE,0,CONVERGENCE: REL_REDUCTION_OF_F <= FACTR*EPSMCH,-1319.3412167286497,2662.6824334572993,2721.575496805085,2662.998542879792,12,15935.968,NA,NA,NA,NA,22,stage2,1319.3651759739;1e+12;1e+12;1319.36279153316;1e+12;1e+12;1319.36916723386;1e+12;1e+12;1319.34529152536;1e+12;1e+12;1319.34131414293;1e+12;1e+12;1319.34384390911;1e+12;1e+12;1319.36869395603;1e+12;1e+12;1319.34121758274;1e+12;1e+12;1319.36617185694;1e+12;1e+12;1319.34161667582;1e+12;1e+12;1319.34153797684;1e+12;1e+12;1319.35965516204;1e+12;1e+12;1319.36944320004;1e+12;1e+12;1319.34144680927;1e+12;1e+12,proposed_likelihood,stage2,3,3.1957361772255615,0.19573617722556147,0.4,0.5877614878117696,0.1877614878117696,-0.7,-1.2742040441285407,-0.5742040441285408,0.7,-0.6159875093606058,-1.3159875093606055,0.5,1.4925821305300957,0.9925821305300956,0.5,1.4925821305300957,NA,4,NA,-0.7,-0.7963305984516651,-0.09633059845166514,0.15,0.13970367344065318,-0.01029632655934681,1,1.07568103019179,0.07568103019179007,5,6.4113358568260574,1.4113358568260574,1.5,1.569582540798899,0.06958254079889903,0.8,0.8153927365450012,0.01539273654500117,58.893063347785755,58.89306334778564,1.1368683772161603e-13,NA,NA,NA,NA,NA,NA,NA,NA,NA,NA,NA,NA,NA,NA,NA,NA,NA,NA,NA,NA,NA,NA,NA,NA,NA,NA,NA,NA,NA,NA,NA,NA,NA,NA,NA,NA,NA,NA,NA,NA,NA,NA,NA,NA,NA,NA,NA,NA,NA,NA,NA,NA,NA,NA,NA,NA,NA,NA,NA,NA,NA,NA,NA,NA,NA,NA,NA,NA,NA,NA,NA,NA,NA,NA,NA,NA,NA,NA,NA,NA,NA,NA,NA,NA,NA,NA,NA,NA,NA,NA,NA,NA,NA,NA,NA,NA,NA,NA,NA,NA,NA,NA,true,TRUE,TRUE,2662.6824334572993,2721.575496805085,2662.998542879792,58.893063347785755,58.893063347785755,12.000000000000023,FALSE,15935.968,FALSE,FALSE,TRUE
hidden_truncation_skewness,hidden-truncation skewness,ESN,NH,45,1000,342,0.342,0.6333122229259025,TRUE,TRUE,TRUE,0,NA,-1343.8463605292632,2703.6927210585263,2742.954763290383,2703.8380288284557,8,68.102,NA,2689.6927210585263,2694.600476337509,1.000000000000017,NA,HeckmanEM,NA,raw_AIC_BIC_implied_logLik,finite_logLik_no_explicit_code,3,3.14272187019742,0.14272187019742022,0.4,0.6070569857126222,0.2070569857126222,-0.7,NA,NA,0.7,NA,NA,0.5,NA,NA,0.5,NA,NA,NA,NA,-0.7,-1.1128276579876428,-0.41282765798764287,0.15,0.18296553199773127,0.03296553199773128,1,1.0829459934431984,0.08294599344319842,5,5.674469698274874,0.6744696982748737,1.5,1.558587806775814,0.05858780677581388,0.8,0.5557834806743559,-0.24421651932564417,39.26204223185687,39.262042231857095,-2.2737367544323206e-13,NA,NA,NA,NA,NA,NA,NA,NA,NA,NA,NA,NA,NA,NA,NA,NA,NA,NA,NA,NA,NA,NA,NA,NA,NA,NA,NA,NA,NA,NA,NA,NA,NA,NA,NA,NA,NA,NA,NA,NA,NA,NA,NA,NA,NA,NA,NA,NA,NA,NA,NA,NA,NA,NA,NA,NA,NA,NA,NA,NA,NA,NA,NA,NA,NA,NA,NA,NA,NA,NA,NA,NA,NA,NA,NA,NA,NA,NA,NA,NA,NA,NA,NA,NA,NA,NA,NA,NA,NA,NA,NA,NA,NA,NA,NA,NA,NA,NA,NA,NA,NA,NA,true,TRUE,TRUE,2703.6927210585263,2742.954763290383,2703.8380288284557,39.26204223185687,39.26204223185687,7.999999999999954,FALSE,68.102,NA,NA,NA
hidden_truncation_skewness,hidden-truncation skewness,ESN,HT,45,1000,342,0.342,0.6333122229259025,TRUE,TRUE,TRUE,0,NA,-1344.0812565943977,2706.162513188795,2750.332310699634,2706.344331370613,9,99.413,NA,2690.162513188795,2695.070268467777,1.000000000000017,NA,HeckmanEM,NA,raw_AIC_BIC_implied_logLik,finite_logLik_no_explicit_code,3,3.1201680581771414,0.12016805817714138,0.4,0.6055841502918337,0.20558415029183363,-0.7,NA,NA,0.7,NA,NA,0.5,NA,NA,0.5,NA,NA,NA,NA,-0.7,-1.1175505839760185,-0.4175505839760183,0.15,0.1838839282758875,0.03388392827588751,1,1.0878059060683505,0.08780590606835048,5,5.682555794296597,0.6825557942965972,1.5,1.5568293892087843,0.05682938920878433,0.8,0.555079061004849,-0.244920938995151,44.16979751083909,44.16979751083923,-1.4210854715202004e-13,NA,NA,NA,NA,NA,NA,NA,NA,NA,NA,NA,NA,NA,NA,NA,NA,NA,NA,NA,NA,NA,NA,NA,NA,NA,NA,NA,NA,NA,NA,NA,NA,NA,NA,NA,NA,NA,NA,NA,NA,NA,NA,NA,NA,NA,NA,NA,NA,NA,NA,NA,NA,NA,NA,NA,NA,NA,NA,NA,NA,NA,NA,NA,NA,NA,NA,NA,NA,NA,NA,NA,NA,NA,NA,NA,NA,NA,NA,NA,NA,NA,NA,NA,NA,NA,NA,NA,NA,NA,NA,NA,NA,NA,NA,NA,NA,NA,NA,NA,NA,NA,NA,true,TRUE,TRUE,2706.1625131887954,2750.3323106996345,2706.3443313706134,44.16979751083909,44.16979751083909,8.999999999999972,FALSE,99.413,NA,NA,NA
hidden_truncation_skewness,hidden-truncation skewness,ESN,CN,45,1000,342,0.342,0.6333122229259025,TRUE,TRUE,TRUE,0,NA,-1343.8463602730076,2707.692720546015,2756.7702733358365,2707.915167462092,10,222.227,NA,2689.692720546015,2694.6004758249974,1.000000000000017,NA,HeckmanEM,NA,raw_AIC_BIC_implied_logLik,finite_logLik_no_explicit_code,3,3.1427158374498307,0.14271583744983074,0.4,0.6070923694947913,0.2070923694947913,-0.7,NA,NA,0.7,NA,NA,0.5,NA,NA,0.5,NA,NA,NA,NA,-0.7,-1.1128384302691574,-0.41283843026915745,0.15,0.18296707826706063,0.03296707826706066,1,1.0829559023972546,0.08295590239725459,5,5.674337302965553,0.6743373029655526,1.5,1.5585935864191365,0.05859358641913648,0.8,0.5557836556578359,-0.2442163443421641,49.07755278982131,49.07755278982137,-5.684341886080802e-14,NA,NA,NA,NA,NA,NA,NA,NA,NA,NA,NA,NA,NA,NA,NA,NA,NA,NA,NA,NA,NA,NA,NA,NA,NA,NA,NA,NA,NA,NA,NA,NA,NA,NA,NA,NA,NA,NA,NA,NA,NA,NA,NA,NA,NA,NA,NA,NA,NA,NA,NA,NA,NA,NA,NA,NA,NA,NA,NA,NA,NA,NA,NA,NA,NA,NA,NA,NA,NA,NA,NA,NA,NA,NA,NA,NA,NA,NA,NA,NA,NA,NA,NA,NA,NA,NA,NA,NA,NA,NA,NA,NA,NA,NA,NA,NA,NA,NA,NA,NA,NA,NA,true,TRUE,TRUE,2707.692720546015,2756.7702733358365,2707.915167462092,49.07755278982131,49.07755278982131,9.999999999999988,FALSE,222.227,NA,NA,NA
hidden_truncation_skewness,hidden-truncation skewness,ESN,ESN,45,1000,342,0.342,0.6333122229259025,TRUE,TRUE,TRUE,0,CONVERGENCE: REL_REDUCTION_OF_F <= FACTR*EPSMCH,-1343.4377734269738,2708.8755468539475,2762.860854922751,2709.1427533316805,11,16459.349,NA,NA,NA,NA,13,stage2,1343.45609434335;1343.45606555364;1343.77085743038;1343.46543420709;1343.80763986196;1343.47312811853;1343.45011640374;1343.77760593351;1343.83997319475;1343.4802327645;1343.78118559456;1343.46416115644;1343.44900523543;1343.84636016273,proposed_likelihood,stage2,3,4.40045362838681,1.40045362838681,0.4,0.8036149050687642,0.4036149050687642,-0.7,-1.4925805976858937,-0.7925805976858935,0.7,-0.4365605014683776,-1.1365605014683775,0.5,0.27359780463545724,-0.22640219536454276,0.5,0.27359780463545724,NA,NA,NA,-0.7,-0.2828174168311641,0.41718258316883583,0.15,0.13674289164696848,-0.01325710835303151,1,0.8027377638162378,-0.19726223618376215,5,7.807457370183393,2.8074573701833927,1.5,1.5773456163282975,0.07734561632829773,0.8,0.5578072282035081,-0.2421927717964919,53.98530806880353,53.985308068803505,2.842170943040401e-14,NA,NA,NA,NA,NA,NA,NA,NA,NA,NA,NA,NA,NA,NA,NA,NA,NA,NA,NA,NA,NA,NA,NA,NA,NA,NA,NA,NA,NA,NA,NA,NA,NA,NA,NA,NA,NA,NA,NA,NA,NA,NA,NA,NA,NA,NA,NA,NA,NA,NA,NA,NA,NA,NA,NA,NA,NA,NA,NA,NA,NA,NA,NA,NA,NA,NA,NA,NA,NA,NA,NA,NA,NA,NA,NA,NA,NA,NA,NA,NA,NA,NA,NA,NA,NA,NA,NA,NA,NA,NA,NA,NA,NA,NA,NA,NA,NA,NA,NA,NA,NA,NA,true,TRUE,TRUE,2708.8755468539475,2762.860854922751,2709.1427533316805,53.98530806880353,53.98530806880353,11.000000000000005,FALSE,16459.349,TRUE,FALSE,FALSE
hidden_truncation_skewness,hidden-truncation skewness,ESN,EST,45,1000,342,0.342,0.6333122229259025,TRUE,TRUE,TRUE,0,CONVERGENCE: REL_REDUCTION_OF_F <= FACTR*EPSMCH,-1352.340749414078,2728.681498828156,2787.5745621759415,2728.9976082506482,12,18061.537000000004,NA,NA,NA,NA,4,stage2,1352.34308253569;1e+12;1e+12;1352.34075022668;1e+12;1e+12;1352.34148099755;1e+12;1e+12;1352.34347282443;1e+12;1e+12;1352.34117872218;1e+12;1e+12;1352.34603686328;1e+12;1e+12;1352.34105050384;1e+12;1e+12;1352.34198598166;1e+12;1e+12;1352.34776144407;1e+12;1e+12;1352.3485426269;1e+12;1e+12;1352.34310011867;1e+12;1e+12;1352.340773581;1e+12;1e+12;1352.35375875299;1e+12;1e+12;1352.34934412021;1e+12;1e+12,proposed_likelihood,stage2,3,3.9412797184953927,0.9412797184953928,0.4,0.8088371255882122,0.40883712558821217,-0.7,-1.4925821305300957,-0.7925821305300957,0.7,-0.5399060418983133,-1.2399060418983132,0.5,1.4925821305300957,0.9925821305300956,0.5,1.4925821305300957,NA,4,NA,-0.7,-0.6511131002117171,0.04888689978828287,0.15,0.16365579097209895,0.01365579097209895,1,0.9399879426707672,-0.06001205732923287,5,6.494622793658889,1.4946227936588894,1.5,1.604638888355721,0.104638888355721,0.8,0.5549726731043169,-0.2450273268956832,58.893063347785755,58.89306334778564,1.1368683772161603e-13,NA,NA,NA,NA,NA,NA,NA,NA,NA,NA,NA,NA,NA,NA,NA,NA,NA,NA,NA,NA,NA,NA,NA,NA,NA,NA,NA,NA,NA,NA,NA,NA,NA,NA,NA,NA,NA,NA,NA,NA,NA,NA,NA,NA,NA,NA,NA,NA,NA,NA,NA,NA,NA,NA,NA,NA,NA,NA,NA,NA,NA,NA,NA,NA,NA,NA,NA,NA,NA,NA,NA,NA,NA,NA,NA,NA,NA,NA,NA,NA,NA,NA,NA,NA,NA,NA,NA,NA,NA,NA,NA,NA,NA,NA,NA,NA,NA,NA,NA,NA,NA,NA,true,TRUE,TRUE,2728.681498828156,2787.5745621759415,2728.9976082506482,58.893063347785755,58.893063347785755,12.000000000000023,FALSE,18061.537000000004,TRUE,FALSE,TRUE
hidden_truncation_skewness,hidden-truncation skewness,ESN,NH,46,1000,341,0.341,0.6574621959237343,TRUE,TRUE,TRUE,0,NA,-1306.144732668132,2628.289465336264,2667.5515075681215,2628.4347731061935,8,23.409,NA,2614.289465336264,2619.1972206152464,1.000000000000017,NA,HeckmanEM,NA,raw_AIC_BIC_implied_logLik,finite_logLik_no_explicit_code,3,2.7291359742778094,-0.2708640257221906,0.4,0.5042933357142141,0.10429333571421406,-0.7,NA,NA,0.7,NA,NA,0.5,NA,NA,0.5,NA,NA,NA,NA,-0.7,-1.1250946046309,-0.4250946046309001,0.15,0.16752739012338652,0.01752739012338652,1,1.161336316432826,0.1613363164328261,5,5.6211420428344,0.6211420428343999,1.5,1.439219253892903,-0.06078074610709705,0.8,0.8399856013176684,0.03998560131766837,39.26204223185732,39.262042231857095,2.2737367544323206e-13,NA,NA,NA,NA,NA,NA,NA,NA,NA,NA,NA,NA,NA,NA,NA,NA,NA,NA,NA,NA,NA,NA,NA,NA,NA,NA,NA,NA,NA,NA,NA,NA,NA,NA,NA,NA,NA,NA,NA,NA,NA,NA,NA,NA,NA,NA,NA,NA,NA,NA,NA,NA,NA,NA,NA,NA,NA,NA,NA,NA,NA,NA,NA,NA,NA,NA,NA,NA,NA,NA,NA,NA,NA,NA,NA,NA,NA,NA,NA,NA,NA,NA,NA,NA,NA,NA,NA,NA,NA,NA,NA,NA,NA,NA,NA,NA,NA,NA,NA,NA,NA,NA,true,TRUE,TRUE,2628.289465336264,2667.5515075681215,2628.4347731061935,39.26204223185732,39.26204223185732,8.000000000000046,FALSE,23.409,NA,NA,NA
hidden_truncation_skewness,hidden-truncation skewness,ESN,HT,46,1000,341,0.341,0.6574621959237343,TRUE,TRUE,TRUE,0,NA,-1306.3898105202409,2630.7796210404817,2674.949418551321,2630.9614392223,9,49.446,NA,2614.7796210404817,2619.687376319464,1.000000000000017,NA,HeckmanEM,NA,raw_AIC_BIC_implied_logLik,finite_logLik_no_explicit_code,3,2.7108393764899352,-0.2891606235100648,0.4,0.5028900968020775,0.1028900968020775,-0.7,NA,NA,0.7,NA,NA,0.5,NA,NA,0.5,NA,NA,NA,NA,-0.7,-1.1300585230867704,-0.4300585230867704,0.15,0.16834776452841949,0.01834776452841949,1,1.1664911577165111,0.16649115771651113,5,5.623372600738201,0.6233726007382012,1.5,1.439091654436157,-0.06090834556384306,0.8,0.8409644566093499,0.04096445660934988,44.16979751083909,44.16979751083923,-1.4210854715202004e-13,NA,NA,NA,NA,NA,NA,NA,NA,NA,NA,NA,NA,NA,NA,NA,NA,NA,NA,NA,NA,NA,NA,NA,NA,NA,NA,NA,NA,NA,NA,NA,NA,NA,NA,NA,NA,NA,NA,NA,NA,NA,NA,NA,NA,NA,NA,NA,NA,NA,NA,NA,NA,NA,NA,NA,NA,NA,NA,NA,NA,NA,NA,NA,NA,NA,NA,NA,NA,NA,NA,NA,NA,NA,NA,NA,NA,NA,NA,NA,NA,NA,NA,NA,NA,NA,NA,NA,NA,NA,NA,NA,NA,NA,NA,NA,NA,NA,NA,NA,NA,NA,NA,true,TRUE,TRUE,2630.7796210404817,2674.949418551321,2630.9614392222998,44.16979751083909,44.16979751083909,8.999999999999972,FALSE,49.446,NA,NA,NA
hidden_truncation_skewness,hidden-truncation skewness,ESN,CN,46,1000,341,0.341,0.6574621959237343,TRUE,TRUE,TRUE,0,NA,-1306.1447324341957,2632.2894648683914,2681.3670176582127,2632.5119117844683,10,200.354,NA,2614.2894648683914,2619.1972201473736,1.000000000000017,NA,HeckmanEM,NA,raw_AIC_BIC_implied_logLik,finite_logLik_no_explicit_code,3,2.7287884219748464,-0.2712115780251536,0.4,0.504011239939585,0.10401123993958494,-0.7,NA,NA,0.7,NA,NA,0.5,NA,NA,0.5,NA,NA,NA,NA,-0.7,-1.1251865676408743,-0.4251865676408746,0.15,0.16754185501165025,0.01754185501165023,1,1.1614395450994757,0.16143954509947567,5,5.622033403400687,0.6220334034006871,1.5,1.4391959035835664,-0.06080409641643358,0.8,0.8399707685025165,0.03997076850251646,49.07755278982131,49.07755278982137,-5.684341886080802e-14,NA,NA,NA,NA,NA,NA,NA,NA,NA,NA,NA,NA,NA,NA,NA,NA,NA,NA,NA,NA,NA,NA,NA,NA,NA,NA,NA,NA,NA,NA,NA,NA,NA,NA,NA,NA,NA,NA,NA,NA,NA,NA,NA,NA,NA,NA,NA,NA,NA,NA,NA,NA,NA,NA,NA,NA,NA,NA,NA,NA,NA,NA,NA,NA,NA,NA,NA,NA,NA,NA,NA,NA,NA,NA,NA,NA,NA,NA,NA,NA,NA,NA,NA,NA,NA,NA,NA,NA,NA,NA,NA,NA,NA,NA,NA,NA,NA,NA,NA,NA,NA,NA,true,TRUE,TRUE,2632.2894648683914,2681.3670176582127,2632.5119117844683,49.07755278982131,49.07755278982131,9.999999999999988,FALSE,200.354,NA,NA,NA
hidden_truncation_skewness,hidden-truncation skewness,ESN,ESN,46,1000,341,0.341,0.6574621959237343,TRUE,TRUE,TRUE,0,CONVERGENCE: REL_REDUCTION_OF_F <= FACTR*EPSMCH,-1305.8509789449467,2633.7019578898935,2687.687265958697,2633.9691643676265,11,13909.752,NA,NA,NA,NA,11,stage2,1306.14702566903;1306.14478508121;1306.14582382754;1306.14487644095;1306.14480980681;1306.1446388207;1306.1467958045;1306.14475921332;1306.1447979503;1306.03947405791;1305.9051362134;1306.14647555642;1306.1456369593;1306.14473241049,proposed_likelihood,stage2,3,2.912855600668971,-0.08714439933102902,0.4,0.5859966481946337,0.18599664819463368,-0.7,1.4925821305300957,2.192582130530096,0.7,0.03877903322395888,-0.661220966776041,0.5,-0.21718262680948228,-0.7171826268094823,0.5,-0.21718262680948228,NA,NA,NA,-0.7,-1.557657411969417,-0.8576574119694171,0.15,0.1266295780235005,-0.02337042197649949,1,0.8835784993502237,-0.1164215006497763,5,4.451015624830019,-0.5489843751699812,1.5,1.439098624387984,-0.06090137561201603,0.8,0.8408929492306921,0.04089294923069209,53.98530806880353,53.985308068803505,2.842170943040401e-14,NA,NA,NA,NA,NA,NA,NA,NA,NA,NA,NA,NA,NA,NA,NA,NA,NA,NA,NA,NA,NA,NA,NA,NA,NA,NA,NA,NA,NA,NA,NA,NA,NA,NA,NA,NA,NA,NA,NA,NA,NA,NA,NA,NA,NA,NA,NA,NA,NA,NA,NA,NA,NA,NA,NA,NA,NA,NA,NA,NA,NA,NA,NA,NA,NA,NA,NA,NA,NA,NA,NA,NA,NA,NA,NA,NA,NA,NA,NA,NA,NA,NA,NA,NA,NA,NA,NA,NA,NA,NA,NA,NA,NA,NA,NA,NA,NA,NA,NA,NA,NA,NA,true,TRUE,TRUE,2633.7019578898935,2687.687265958697,2633.9691643676265,53.98530806880353,53.98530806880353,11.000000000000005,FALSE,13909.752,TRUE,FALSE,FALSE
hidden_truncation_skewness,hidden-truncation skewness,ESN,EST,46,1000,341,0.341,0.6574621959237343,TRUE,TRUE,TRUE,0,CONVERGENCE: REL_REDUCTION_OF_F <= FACTR*EPSMCH,-1317.4017018289303,2658.8034036578606,2717.6964670056464,2659.119513080353,12,16355.002,NA,NA,NA,NA,16,stage2,1317.41969970124;1e+12;1e+12;1317.40671625387;1e+12;1e+12;1317.42493239234;1e+12;1e+12;1317.40375932299;1e+12;1e+12;1317.40714264941;1e+12;1e+12;1317.40170423236;1e+12;1e+12;1317.40333174927;1e+12;1e+12;1317.40209196438;1e+12;1e+12;1317.427709023;1e+12;1e+12;1317.40942755364;1e+12;1e+12;1317.40836864994;1e+12;1e+12;1317.42174100041;1e+12;1e+12;1317.42760876086;1e+12;1e+12;1317.4176437727;1e+12;1e+12,proposed_likelihood,stage2,3,3.4447196339569857,0.44471963395698566,0.4,0.7382618223251296,0.3382618223251296,-0.7,-1.3347101304143991,-0.6347101304143994,0.7,-0.814365419513063,-1.514365419513063,0.5,1.4925821305300957,0.9925821305300956,0.5,1.4925821305300957,NA,4,NA,-0.7,-0.7473207891207357,-0.04732078912073578,0.15,0.15553276306501648,0.00553276306501648,1,1.0694174011124746,0.06941740111247463,5,6.361068339040977,1.361068339040977,1.5,1.4582676844548792,-0.0417323155451208,0.8,0.8368555551275827,0.03685555512758265,58.893063347785755,58.89306334778564,1.1368683772161603e-13,NA,NA,NA,NA,NA,NA,NA,NA,NA,NA,NA,NA,NA,NA,NA,NA,NA,NA,NA,NA,NA,NA,NA,NA,NA,NA,NA,NA,NA,NA,NA,NA,NA,NA,NA,NA,NA,NA,NA,NA,NA,NA,NA,NA,NA,NA,NA,NA,NA,NA,NA,NA,NA,NA,NA,NA,NA,NA,NA,NA,NA,NA,NA,NA,NA,NA,NA,NA,NA,NA,NA,NA,NA,NA,NA,NA,NA,NA,NA,NA,NA,NA,NA,NA,NA,NA,NA,NA,NA,NA,NA,NA,NA,NA,NA,NA,NA,NA,NA,NA,NA,NA,true,TRUE,TRUE,2658.8034036578606,2717.6964670056464,2659.119513080353,58.893063347785755,58.893063347785755,12.000000000000023,FALSE,16355.002,FALSE,FALSE,TRUE
hidden_truncation_skewness,hidden-truncation skewness,ESN,NH,47,1000,347,0.347,0.6523157208088715,TRUE,TRUE,TRUE,0,NA,-1326.3210543383923,2668.642108676785,2707.904150908642,2668.7874164467144,8,53.474,NA,2654.642108676785,2659.5498639557673,1.000000000000017,NA,HeckmanEM,NA,raw_AIC_BIC_implied_logLik,finite_logLik_no_explicit_code,3,2.813532280766314,-0.18646771923368588,0.4,0.5884948140044054,0.18849481400440535,-0.7,NA,NA,0.7,NA,NA,0.5,NA,NA,0.5,NA,NA,NA,NA,-0.7,-1.064982035358226,-0.3649820353582261,0.15,0.1613304179415665,0.0113304179415665,1,1.1437909427782889,0.14379094277828883,5,4.6192413523875375,-0.3807586476124625,1.5,1.5776096645099726,0.07760966450997264,0.8,1.1688167936640468,0.36881679366404674,39.26204223185687,39.262042231857095,2.2737367544323206e-13,NA,NA,NA,NA,NA,NA,NA,NA,NA,NA,NA,NA,NA,NA,NA,NA,NA,NA,NA,NA,NA,NA,NA,NA,NA,NA,NA,NA,NA,NA,NA,NA,NA,NA,NA,NA,NA,NA,NA,NA,NA,NA,NA,NA,NA,NA,NA,NA,NA,NA,NA,NA,NA,NA,NA,NA,NA,NA,NA,NA,NA,NA,NA,NA,NA,NA,NA,NA,NA,NA,NA,NA,NA,NA,NA,NA,NA,NA,NA,NA,NA,NA,NA,NA,NA,NA,NA,NA,NA,NA,NA,NA,NA,NA,NA,NA,NA,NA,NA,NA,NA,NA,true,TRUE,TRUE,2668.6421086767846,2707.904150908642,2668.787416446714,39.26204223185687,39.26204223185732,7.999999999999954,FALSE,53.474,NA,NA,NA
hidden_truncation_skewness,hidden-truncation skewness,ESN,HT,47,1000,347,0.347,0.6523157208088715,TRUE,TRUE,TRUE,0,NA,-1326.387837563666,2670.775675127332,2714.945472638171,2670.95749330915,9,77.40300000000002,NA,2654.775675127332,2659.683430406314,1.000000000000017,NA,HeckmanEM,NA,raw_AIC_BIC_implied_logLik,finite_logLik_no_explicit_code,3,2.7945593038985987,-0.20544069610140123,0.4,0.5899968232118211,0.1899968232118211,-0.7,NA,NA,0.7,NA,NA,0.5,NA,NA,0.5,NA,NA,NA,NA,-0.7,-1.0694532040248377,-0.3694532040248377,0.15,0.16217480133607146,0.01217480133607146,1,1.148336550520422,0.14833655052042194,5,4.620932381922167,-0.3790676180778334,1.5,1.5785997989824343,0.0785997989824343,0.8,1.1677313423735702,0.3677313423735702,44.16979751083909,44.16979751083923,-1.4210854715202004e-13,NA,NA,NA,NA,NA,NA,NA,NA,NA,NA,NA,NA,NA,NA,NA,NA,NA,NA,NA,NA,NA,NA,NA,NA,NA,NA,NA,NA,NA,NA,NA,NA,NA,NA,NA,NA,NA,NA,NA,NA,NA,NA,NA,NA,NA,NA,NA,NA,NA,NA,NA,NA,NA,NA,NA,NA,NA,NA,NA,NA,NA,NA,NA,NA,NA,NA,NA,NA,NA,NA,NA,NA,NA,NA,NA,NA,NA,NA,NA,NA,NA,NA,NA,NA,NA,NA,NA,NA,NA,NA,NA,NA,NA,NA,NA,NA,NA,NA,NA,NA,NA,NA,true,TRUE,TRUE,2670.775675127332,2714.945472638171,2670.95749330915,44.16979751083909,44.16979751083909,8.999999999999972,FALSE,77.40300000000002,NA,NA,NA
hidden_truncation_skewness,hidden-truncation skewness,ESN,CN,47,1000,347,0.347,0.6523157208088715,TRUE,TRUE,TRUE,0,NA,-1326.3210604052192,2672.6421208104384,2721.7196736002597,2672.8645677265154,10,547.528,NA,2654.6421208104384,2659.5498760894206,1.000000000000017,NA,HeckmanEM,NA,raw_AIC_BIC_implied_logLik,finite_logLik_no_explicit_code,3,2.812931389382587,-0.1870686106174131,0.4,0.588310521869278,0.188310521869278,-0.7,NA,NA,0.7,NA,NA,0.5,NA,NA,0.5,NA,NA,NA,NA,-0.7,-1.06517342734753,-0.36517342734753,0.15,0.16135854683261278,0.01135854683261278,1,1.1440082939833045,0.14400829398330428,5,4.619835143377279,-0.3801648566227209,1.5,1.5776249052114442,0.07762490521144416,0.8,1.1688369973090986,0.3688369973090986,49.07755278982131,49.07755278982137,-5.684341886080802e-14,NA,NA,NA,NA,NA,NA,NA,NA,NA,NA,NA,NA,NA,NA,NA,NA,NA,NA,NA,NA,NA,NA,NA,NA,NA,NA,NA,NA,NA,NA,NA,NA,NA,NA,NA,NA,NA,NA,NA,NA,NA,NA,NA,NA,NA,NA,NA,NA,NA,NA,NA,NA,NA,NA,NA,NA,NA,NA,NA,NA,NA,NA,NA,NA,NA,NA,NA,NA,NA,NA,NA,NA,NA,NA,NA,NA,NA,NA,NA,NA,NA,NA,NA,NA,NA,NA,NA,NA,NA,NA,NA,NA,NA,NA,NA,NA,NA,NA,NA,NA,NA,NA,true,TRUE,TRUE,2672.6421208104384,2721.7196736002597,2672.8645677265154,49.07755278982131,49.07755278982131,9.999999999999988,FALSE,547.528,NA,NA,NA
hidden_truncation_skewness,hidden-truncation skewness,ESN,ESN,47,1000,347,0.347,0.6523157208088715,TRUE,TRUE,TRUE,0,CONVERGENCE: REL_REDUCTION_OF_F <= FACTR*EPSMCH,-1325.4101580822935,2672.820316164587,2726.8056242333905,2673.08752264232,11,16528.998,NA,NA,NA,NA,11,stage2,1325.45986035593;1325.46906745672;1325.43547188196;1325.45177777266;1325.4420170754;1325.56028715261;1325.47809881874;1325.4471735917;1325.44340004579;1325.46383631344;1325.41015876235;1325.47784715269;1325.48088416448;1326.32105412277,proposed_likelihood,stage2,3,2.929239147289823,-0.07076085271017707,0.4,0.4147774332927937,0.01477743329279368,-0.7,1.4925821305300957,2.192582130530096,0.7,-1.2481896866881308,-1.9481896866881308,0.5,-1.44080168528377,-1.94080168528377,0.5,-1.44080168528377,NA,NA,NA,-0.7,-1.7115595042398328,-1.0115595042398329,0.15,0.13156494556747417,-0.01843505443252582,1,0.9267320597256844,-0.0732679402743156,5,5.2579480031528725,0.2579480031528725,1.5,1.5872952382879162,0.08729523828791619,0.8,1.165586260057336,0.36558626005733585,53.98530806880353,53.985308068803505,2.842170943040401e-14,NA,NA,NA,NA,NA,NA,NA,NA,NA,NA,NA,NA,NA,NA,NA,NA,NA,NA,NA,NA,NA,NA,NA,NA,NA,NA,NA,NA,NA,NA,NA,NA,NA,NA,NA,NA,NA,NA,NA,NA,NA,NA,NA,NA,NA,NA,NA,NA,NA,NA,NA,NA,NA,NA,NA,NA,NA,NA,NA,NA,NA,NA,NA,NA,NA,NA,NA,NA,NA,NA,NA,NA,NA,NA,NA,NA,NA,NA,NA,NA,NA,NA,NA,NA,NA,NA,NA,NA,NA,NA,NA,NA,NA,NA,NA,NA,NA,NA,NA,NA,NA,NA,true,TRUE,TRUE,2672.820316164587,2726.8056242333905,2673.08752264232,53.98530806880353,53.98530806880353,11.000000000000005,FALSE,16528.998,TRUE,FALSE,TRUE
hidden_truncation_skewness,hidden-truncation skewness,ESN,EST,47,1000,347,0.347,0.6523157208088715,TRUE,TRUE,TRUE,0,CONVERGENCE: REL_REDUCTION_OF_F <= FACTR*EPSMCH,-1331.8819508162524,2687.7639016325047,2746.6569649802905,2688.080011054997,12,13989.432,NA,NA,NA,NA,25,stage2,1331.88516238315;1e+12;1e+12;1331.8880630893;1e+12;1e+12;1331.88653803322;1e+12;1e+12;1331.89438388682;1e+12;1e+12;1331.89299407094;1e+12;1e+12;1331.8859155691;1e+12;1e+12;1331.88837006207;1e+12;1e+12;1331.88533823249;1e+12;1e+12;1331.88195230319;1e+12;1e+12;1331.8838046367;1e+12;1e+12;1331.88803831618;1e+12;1e+12;1331.88571796574;1e+12;1e+12;1331.88586710156;1e+12;1e+12;1331.88259473417;1e+12;1e+12,proposed_likelihood,stage2,3,3.7913054841414544,0.7913054841414544,0.4,0.8305387958340842,0.43053879583408416,-0.7,-1.4925821305300957,-0.7925821305300957,0.7,-0.8854503049927933,-1.5854503049927933,0.5,1.4925821305300957,0.9925821305300956,0.5,1.4925821305300957,NA,4,NA,-0.7,-0.6309022755264613,0.06909772447353868,0.15,0.14555459188386535,-0.00444540811613464,1,1.0059068853891957,0.0059068853891957,5,5.480100708266251,0.4801007082662512,1.5,1.6121531135913627,0.11215311359136272,0.8,1.1488147563995903,0.3488147563995905,58.893063347785755,58.89306334778564,1.1368683772161603e-13,NA,NA,NA,NA,NA,NA,NA,NA,NA,NA,NA,NA,NA,NA,NA,NA,NA,NA,NA,NA,NA,NA,NA,NA,NA,NA,NA,NA,NA,NA,NA,NA,NA,NA,NA,NA,NA,NA,NA,NA,NA,NA,NA,NA,NA,NA,NA,NA,NA,NA,NA,NA,NA,NA,NA,NA,NA,NA,NA,NA,NA,NA,NA,NA,NA,NA,NA,NA,NA,NA,NA,NA,NA,NA,NA,NA,NA,NA,NA,NA,NA,NA,NA,NA,NA,NA,NA,NA,NA,NA,NA,NA,NA,NA,NA,NA,NA,NA,NA,NA,NA,NA,true,TRUE,TRUE,2687.7639016325047,2746.6569649802905,2688.080011054997,58.893063347785755,58.893063347785755,12.000000000000023,FALSE,13989.432,TRUE,FALSE,TRUE
hidden_truncation_skewness,hidden-truncation skewness,ESN,NH,48,1000,329,0.329,0.6313131313131313,TRUE,TRUE,TRUE,0,NA,-1288.447051204415,2592.89410240883,2632.1561446406868,2593.039410178759,8,66.971,NA,2578.89410240883,2583.801857687812,1.000000000000017,NA,HeckmanEM,NA,raw_AIC_BIC_implied_logLik,finite_logLik_no_explicit_code,3,2.971254416758405,-0.02874558324159482,0.4,0.6001051737027706,0.2001051737027706,-0.7,NA,NA,0.7,NA,NA,0.5,NA,NA,0.5,NA,NA,NA,NA,-0.7,-1.1195473409504093,-0.41954734095040935,0.15,0.158755566918667,0.00875556691866699,1,1.179263756942428,0.17926375694242802,5,5.418202300095691,0.41820230009569137,1.5,1.4032260837981687,-0.09677391620183128,0.8,0.7186118089157028,-0.08138819108429729,39.26204223185687,39.262042231857095,-2.2737367544323206e-13,NA,NA,NA,NA,NA,NA,NA,NA,NA,NA,NA,NA,NA,NA,NA,NA,NA,NA,NA,NA,NA,NA,NA,NA,NA,NA,NA,NA,NA,NA,NA,NA,NA,NA,NA,NA,NA,NA,NA,NA,NA,NA,NA,NA,NA,NA,NA,NA,NA,NA,NA,NA,NA,NA,NA,NA,NA,NA,NA,NA,NA,NA,NA,NA,NA,NA,NA,NA,NA,NA,NA,NA,NA,NA,NA,NA,NA,NA,NA,NA,NA,NA,NA,NA,NA,NA,NA,NA,NA,NA,NA,NA,NA,NA,NA,NA,NA,NA,NA,NA,NA,NA,true,TRUE,TRUE,2592.89410240883,2632.1561446406868,2593.039410178759,39.26204223185687,39.26204223185687,7.999999999999954,FALSE,66.971,NA,NA,NA
hidden_truncation_skewness,hidden-truncation skewness,ESN,HT,48,1000,329,0.329,0.6313131313131313,TRUE,TRUE,TRUE,0,NA,-1288.6441119200815,2595.2882238401635,2639.4580213510026,2595.4700420219815,9,98.217,NA,2579.2882238401635,2584.1959791191457,1.000000000000017,NA,HeckmanEM,NA,raw_AIC_BIC_implied_logLik,finite_logLik_no_explicit_code,3,2.950213402509391,-0.0497865974906091,0.4,0.5994163061098235,0.19941630610982353,-0.7,NA,NA,0.7,NA,NA,0.5,NA,NA,0.5,NA,NA,NA,NA,-0.7,-1.1240949865898346,-0.4240949865898347,0.15,0.1595986198077829,0.00959861980778289,1,1.18372523301634,0.18372523301634017,5,5.422296006878271,0.4222960068782706,1.5,1.3998567049009782,-0.10014329509902176,0.8,0.7179580423495634,-0.08204195765043665,44.16979751083909,44.16979751083923,-1.4210854715202004e-13,NA,NA,NA,NA,NA,NA,NA,NA,NA,NA,NA,NA,NA,NA,NA,NA,NA,NA,NA,NA,NA,NA,NA,NA,NA,NA,NA,NA,NA,NA,NA,NA,NA,NA,NA,NA,NA,NA,NA,NA,NA,NA,NA,NA,NA,NA,NA,NA,NA,NA,NA,NA,NA,NA,NA,NA,NA,NA,NA,NA,NA,NA,NA,NA,NA,NA,NA,NA,NA,NA,NA,NA,NA,NA,NA,NA,NA,NA,NA,NA,NA,NA,NA,NA,NA,NA,NA,NA,NA,NA,NA,NA,NA,NA,NA,NA,NA,NA,NA,NA,NA,NA,true,TRUE,TRUE,2595.288223840163,2639.458021351002,2595.470042021981,44.16979751083909,44.16979751083909,8.999999999999972,FALSE,98.217,NA,NA,NA
hidden_truncation_skewness,hidden-truncation skewness,ESN,CN,48,1000,329,0.329,0.6313131313131313,TRUE,TRUE,TRUE,0,NA,-1288.4470510218073,2596.8941020436146,2645.971654833436,2597.1165489596915,10,247.908,NA,2578.8941020436146,2583.801857322597,1.000000000000017,NA,HeckmanEM,NA,raw_AIC_BIC_implied_logLik,finite_logLik_no_explicit_code,3,2.9712684174654007,-0.02873158253459928,0.4,0.600184230776863,0.20018423077686295,-0.7,NA,NA,0.7,NA,NA,0.5,NA,NA,0.5,NA,NA,NA,NA,-0.7,-1.1195648230363608,-0.4195648230363609,0.15,0.15875473009072533,0.00875473009072533,1,1.179282446229394,0.17928244622939404,5,5.417894929232905,0.4178949292329053,1.5,1.4032196075826615,-0.09678039241733828,0.8,0.7186220704727097,-0.0813779295272904,49.07755278982131,49.07755278982137,-5.684341886080802e-14,NA,NA,NA,NA,NA,NA,NA,NA,NA,NA,NA,NA,NA,NA,NA,NA,NA,NA,NA,NA,NA,NA,NA,NA,NA,NA,NA,NA,NA,NA,NA,NA,NA,NA,NA,NA,NA,NA,NA,NA,NA,NA,NA,NA,NA,NA,NA,NA,NA,NA,NA,NA,NA,NA,NA,NA,NA,NA,NA,NA,NA,NA,NA,NA,NA,NA,NA,NA,NA,NA,NA,NA,NA,NA,NA,NA,NA,NA,NA,NA,NA,NA,NA,NA,NA,NA,NA,NA,NA,NA,NA,NA,NA,NA,NA,NA,NA,NA,NA,NA,NA,NA,true,TRUE,TRUE,2596.8941020436146,2645.971654833436,2597.1165489596915,49.07755278982131,49.07755278982131,9.999999999999988,FALSE,247.908,NA,NA,NA
hidden_truncation_skewness,hidden-truncation skewness,ESN,ESN,48,1000,329,0.329,0.6313131313131313,TRUE,TRUE,TRUE,0,CONVERGENCE: REL_REDUCTION_OF_F <= FACTR*EPSMCH,-1288.0382228204344,2598.0764456408688,2652.0617537096723,2598.3436521186018,11,15129.31,NA,NA,NA,NA,10,stage2,1288.44859973839;1288.44274885483;1288.45329187114;1288.45077019627;1288.45061139817;1288.44713042689;1288.44723574778;1288.45300990938;1288.44950096233;1288.0583159143;1288.44728997556;1288.41421597452;1288.45524299719;1288.4470509547,proposed_likelihood,stage2,3,3.0970472663416913,0.09704726634169124,0.4,0.413496488054113,0.01349648805411296,-0.7,-0.9081465551620392,-0.20814655516203917,0.7,1.1943668375908758,0.49436683759087585,0.5,1.4650737181407243,0.9650737181407244,0.5,1.4650737181407243,NA,NA,NA,-0.7,-0.8772112302206934,-0.1772112302206934,0.15,0.1474410171209003,-0.00255898287909969,1,1.1138537302126803,0.11385373021268053,5,5.063729457422324,0.06372945742232439,1.5,1.4204984786982908,-0.07950152130170918,0.8,0.7271452657617674,-0.07285473423823263,53.98530806880353,53.985308068803505,2.842170943040401e-14,NA,NA,NA,NA,NA,NA,NA,NA,NA,NA,NA,NA,NA,NA,NA,NA,NA,NA,NA,NA,NA,NA,NA,NA,NA,NA,NA,NA,NA,NA,NA,NA,NA,NA,NA,NA,NA,NA,NA,NA,NA,NA,NA,NA,NA,NA,NA,NA,NA,NA,NA,NA,NA,NA,NA,NA,NA,NA,NA,NA,NA,NA,NA,NA,NA,NA,NA,NA,NA,NA,NA,NA,NA,NA,NA,NA,NA,NA,NA,NA,NA,NA,NA,NA,NA,NA,NA,NA,NA,NA,NA,NA,NA,NA,NA,NA,NA,NA,NA,NA,NA,NA,true,TRUE,TRUE,2598.0764456408688,2652.0617537096723,2598.3436521186018,53.98530806880353,53.98530806880353,11.000000000000005,FALSE,15129.31,FALSE,FALSE,TRUE
hidden_truncation_skewness,hidden-truncation skewness,ESN,EST,48,1000,329,0.329,0.6313131313131313,TRUE,TRUE,TRUE,0,CONVERGENCE: REL_REDUCTION_OF_F <= FACTR*EPSMCH,-1298.578173185374,2621.156346370748,2680.0494097185338,2621.4724557932404,12,19293.553,NA,NA,NA,NA,10,stage2,1298.57897763662;1e+12;1e+12;1298.58231518156;1e+12;1e+12;1298.5788173178;1e+12;1e+12;1298.57817529981;1e+12;1e+12;1298.58246176249;1e+12;1e+12;1298.57824487721;1e+12;1e+12;1298.58292205766;1e+12;1e+12;1298.58795333887;1e+12;1e+12;1298.65536548874;1e+12;1e+12;1298.5782699457;1e+12;1e+12;1298.57827440182;1e+12;1e+12;1298.58096590166;1e+12;1e+12;1298.70198118432;1e+12;1e+12;1298.58321767957;1e+12;1e+12,proposed_likelihood,stage2,3,3.578194148090401,0.5781941480904011,0.4,0.7790010366591222,0.3790010366591222,-0.7,-1.1376921278739744,-0.4376921278739745,0.7,-0.7710308625765324,-1.4710308625765325,0.5,1.4925821305300957,0.9925821305300956,0.5,1.4925821305300957,NA,4,NA,-0.7,-0.7981226203001863,-0.09812262030018636,0.15,0.14944624578424717,-5.537542157528219e-4,1,1.096509133837358,0.09650913383735804,5,6.087782217194382,1.0877822171943825,1.5,1.3078922204694976,-0.1921077795305024,0.8,0.7119224433124588,-0.08807755668754125,58.893063347785755,58.89306334778564,1.1368683772161603e-13,NA,NA,NA,NA,NA,NA,NA,NA,NA,NA,NA,NA,NA,NA,NA,NA,NA,NA,NA,NA,NA,NA,NA,NA,NA,NA,NA,NA,NA,NA,NA,NA,NA,NA,NA,NA,NA,NA,NA,NA,NA,NA,NA,NA,NA,NA,NA,NA,NA,NA,NA,NA,NA,NA,NA,NA,NA,NA,NA,NA,NA,NA,NA,NA,NA,NA,NA,NA,NA,NA,NA,NA,NA,NA,NA,NA,NA,NA,NA,NA,NA,NA,NA,NA,NA,NA,NA,NA,NA,NA,NA,NA,NA,NA,NA,NA,NA,NA,NA,NA,NA,NA,true,TRUE,TRUE,2621.156346370748,2680.0494097185338,2621.4724557932404,58.893063347785755,58.893063347785755,12.000000000000023,FALSE,19293.553,FALSE,FALSE,TRUE
hidden_truncation_skewness,hidden-truncation skewness,ESN,NH,49,1000,365,0.365,0.6246096189881324,TRUE,TRUE,TRUE,0,NA,-1409.962587328911,2835.925174657822,2875.187216889679,2836.0704824277514,8,70.53200000000001,NA,2821.925174657822,2826.832929936804,1.000000000000017,NA,HeckmanEM,NA,raw_AIC_BIC_implied_logLik,finite_logLik_no_explicit_code,3,3.0919701039352354,0.0919701039352354,0.4,0.6060066954227976,0.2060066954227976,-0.7,NA,NA,0.7,NA,NA,0.5,NA,NA,0.5,NA,NA,NA,NA,-0.7,-0.9660373087004006,-0.26603730870040065,0.15,0.18165370606987183,0.03165370606987186,1,1.0825111977345814,0.08251119773458138,5,5.1301626890853145,0.13016268908531448,1.5,1.6148846322840664,0.11488463228406642,0.8,0.8698773939735897,0.06987739397358961,39.26204223185687,39.262042231857095,-2.2737367544323206e-13,NA,NA,NA,NA,NA,NA,NA,NA,NA,NA,NA,NA,NA,NA,NA,NA,NA,NA,NA,NA,NA,NA,NA,NA,NA,NA,NA,NA,NA,NA,NA,NA,NA,NA,NA,NA,NA,NA,NA,NA,NA,NA,NA,NA,NA,NA,NA,NA,NA,NA,NA,NA,NA,NA,NA,NA,NA,NA,NA,NA,NA,NA,NA,NA,NA,NA,NA,NA,NA,NA,NA,NA,NA,NA,NA,NA,NA,NA,NA,NA,NA,NA,NA,NA,NA,NA,NA,NA,NA,NA,NA,NA,NA,NA,NA,NA,NA,NA,NA,NA,NA,NA,true,TRUE,TRUE,2835.925174657822,2875.187216889679,2836.0704824277514,39.26204223185687,39.26204223185687,7.999999999999954,FALSE,70.53200000000001,NA,NA,NA
hidden_truncation_skewness,hidden-truncation skewness,ESN,HT,49,1000,365,0.365,0.6246096189881324,TRUE,TRUE,TRUE,0,NA,-1409.6892123728724,2837.3784247457447,2881.548222256584,2837.5602429275627,9,140.401,NA,2821.3784247457447,2826.286180024727,1.000000000000017,NA,HeckmanEM,NA,raw_AIC_BIC_implied_logLik,finite_logLik_no_explicit_code,3,2.9590645169513268,-0.04093548304867323,0.4,0.591741591628012,0.19174159162801196,-0.7,NA,NA,0.7,NA,NA,0.5,NA,NA,0.5,NA,NA,NA,NA,-0.7,-0.9860393294134524,-0.28603932941345245,0.15,0.1861235381978854,0.03612353819788541,1,1.106064794151897,0.10606479415189708,5,5.217738491425135,0.21773849142513504,1.5,1.6233365898749694,0.12333658987496944,0.8,0.8635614932987062,0.0635614932987062,44.16979751083909,44.16979751083923,-1.4210854715202004e-13,NA,NA,NA,NA,NA,NA,NA,NA,NA,NA,NA,NA,NA,NA,NA,NA,NA,NA,NA,NA,NA,NA,NA,NA,NA,NA,NA,NA,NA,NA,NA,NA,NA,NA,NA,NA,NA,NA,NA,NA,NA,NA,NA,NA,NA,NA,NA,NA,NA,NA,NA,NA,NA,NA,NA,NA,NA,NA,NA,NA,NA,NA,NA,NA,NA,NA,NA,NA,NA,NA,NA,NA,NA,NA,NA,NA,NA,NA,NA,NA,NA,NA,NA,NA,NA,NA,NA,NA,NA,NA,NA,NA,NA,NA,NA,NA,NA,NA,NA,NA,NA,NA,true,TRUE,TRUE,2837.3784247457447,2881.548222256584,2837.5602429275627,44.16979751083909,44.16979751083909,8.999999999999972,FALSE,140.401,NA,NA,NA
hidden_truncation_skewness,hidden-truncation skewness,ESN,CN,49,1000,365,0.365,0.6246096189881324,TRUE,TRUE,TRUE,0,NA,-1409.8692846096924,2839.7385692193848,2888.816122009206,2839.9610161354617,10,581.721,NA,2821.7385692193848,2826.646324498367,1.000000000000017,NA,HeckmanEM,NA,raw_AIC_BIC_implied_logLik,finite_logLik_no_explicit_code,3,3.0016753877729356,0.00167538777293563,0.4,0.6003267423241653,0.20032674232416525,-0.7,NA,NA,0.7,NA,NA,0.5,NA,NA,0.5,NA,NA,NA,NA,-0.7,-0.9851519932584551,-0.2851519932584552,0.15,0.1854487371108735,0.03544873711087351,1,1.1042705746093342,0.1042705746093342,5,5.165249334316289,0.16524933431628863,1.5,1.6154135901692337,0.11541359016923368,0.8,0.8687982628800724,0.0687982628800724,49.07755278982131,49.07755278982137,-5.684341886080802e-14,NA,NA,NA,NA,NA,NA,NA,NA,NA,NA,NA,NA,NA,NA,NA,NA,NA,NA,NA,NA,NA,NA,NA,NA,NA,NA,NA,NA,NA,NA,NA,NA,NA,NA,NA,NA,NA,NA,NA,NA,NA,NA,NA,NA,NA,NA,NA,NA,NA,NA,NA,NA,NA,NA,NA,NA,NA,NA,NA,NA,NA,NA,NA,NA,NA,NA,NA,NA,NA,NA,NA,NA,NA,NA,NA,NA,NA,NA,NA,NA,NA,NA,NA,NA,NA,NA,NA,NA,NA,NA,NA,NA,NA,NA,NA,NA,NA,NA,NA,NA,NA,NA,true,TRUE,TRUE,2839.7385692193848,2888.816122009206,2839.9610161354617,49.07755278982131,49.07755278982131,9.999999999999988,FALSE,581.721,NA,NA,NA
hidden_truncation_skewness,hidden-truncation skewness,ESN,ESN,49,1000,365,0.365,0.6246096189881324,TRUE,TRUE,TRUE,0,CONVERGENCE: REL_REDUCTION_OF_F <= FACTR*EPSMCH,-1408.5663987769549,2839.1327975539098,2893.1181056227133,2839.4000040316428,11,18159.178,NA,NA,NA,NA,2,stage2,1408.63082672194;1408.58244994031;1408.61905680031;1408.64361989169;1408.57815048824;1408.61482354234;1408.61473287321;1408.61017932625;1408.5840571892;1409.52811560299;1408.64633945056;1408.59877773778;1408.62618107863;1409.96258714695,proposed_likelihood,stage2,3,4.634401725983672,1.6344017259836718,0.4,0.6596091371198793,0.2596091371198793,-0.7,-0.7161587215376273,-0.01615872153762732,0.7,-1.401215916009236,-2.101215916009236,0.5,-1.3995529938151297,-1.8995529938151297,0.5,-1.3995529938151297,NA,NA,NA,-0.7,-0.3933189299464835,0.30668107005351647,0.15,0.16910262029668727,0.01910262029668727,1,1.0115673393719136,0.01156733937191356,5,10.039189369249254,5.039189369249254,1.5,1.6169292815901253,0.11692928159012528,0.8,0.862179778819902,0.062179778819902,53.98530806880353,53.985308068803505,2.842170943040401e-14,NA,NA,NA,NA,NA,NA,NA,NA,NA,NA,NA,NA,NA,NA,NA,NA,NA,NA,NA,NA,NA,NA,NA,NA,NA,NA,NA,NA,NA,NA,NA,NA,NA,NA,NA,NA,NA,NA,NA,NA,NA,NA,NA,NA,NA,NA,NA,NA,NA,NA,NA,NA,NA,NA,NA,NA,NA,NA,NA,NA,NA,NA,NA,NA,NA,NA,NA,NA,NA,NA,NA,NA,NA,NA,NA,NA,NA,NA,NA,NA,NA,NA,NA,NA,NA,NA,NA,NA,NA,NA,NA,NA,NA,NA,NA,NA,NA,NA,NA,NA,NA,NA,true,TRUE,TRUE,2839.1327975539098,2893.1181056227133,2839.4000040316428,53.98530806880353,53.98530806880353,11.000000000000005,FALSE,18159.178,FALSE,FALSE,FALSE
hidden_truncation_skewness,hidden-truncation skewness,ESN,EST,49,1000,365,0.365,0.6246096189881324,TRUE,TRUE,TRUE,0,CONVERGENCE: REL_REDUCTION_OF_F <= FACTR*EPSMCH,-1411.7869005905757,2847.5738011811513,2906.466864528937,2847.889910603644,12,19699.586,NA,NA,NA,NA,22,stage2,1411.8697641454;1e+12;1e+12;1411.80427987146;1e+12;1e+12;1411.78944306598;1e+12;1e+12;1411.80984871263;1e+12;1e+12;1411.78976196419;1e+12;1e+12;1411.78873710342;1e+12;1e+12;1411.83258449209;1e+12;1e+12;1411.78690160583;1e+12;1e+12;1411.90856448125;1e+12;1e+12;1411.81073814405;1e+12;1e+12;1411.79586506303;1e+12;1e+12;1411.80498254091;1e+12;1e+12;1411.90013375933;1e+12;1e+12;1411.82212755503;1e+12;1e+12,proposed_likelihood,stage2,3,3.69833211116376,0.6983321111637597,0.4,0.7902943970008408,0.3902943970008408,-0.7,-1.2219921612761362,-0.5219921612761362,0.7,-0.8243207282334564,-1.5243207282334563,0.5,1.4918140072564765,0.9918140072564764,0.5,1.4918140072564765,NA,4,NA,-0.7,-0.6364793122831989,0.06352068771680108,0.15,0.17339185553152578,0.02339185553152578,1,1.0204962804303352,0.02049628043033524,5,6.030610149325252,1.030610149325252,1.5,1.6498508000667789,0.14985080006677887,0.8,0.8364331814102675,0.03643318141026741,58.893063347785755,58.89306334778564,1.1368683772161603e-13,NA,NA,NA,NA,NA,NA,NA,NA,NA,NA,NA,NA,NA,NA,NA,NA,NA,NA,NA,NA,NA,NA,NA,NA,NA,NA,NA,NA,NA,NA,NA,NA,NA,NA,NA,NA,NA,NA,NA,NA,NA,NA,NA,NA,NA,NA,NA,NA,NA,NA,NA,NA,NA,NA,NA,NA,NA,NA,NA,NA,NA,NA,NA,NA,NA,NA,NA,NA,NA,NA,NA,NA,NA,NA,NA,NA,NA,NA,NA,NA,NA,NA,NA,NA,NA,NA,NA,NA,NA,NA,NA,NA,NA,NA,NA,NA,NA,NA,NA,NA,NA,NA,true,TRUE,TRUE,2847.5738011811513,2906.466864528937,2847.889910603644,58.893063347785755,58.893063347785755,12.000000000000023,FALSE,19699.586,FALSE,FALSE,TRUE
hidden_truncation_skewness,hidden-truncation skewness,ESN,NH,50,1000,332,0.332,0.6397952655150352,TRUE,TRUE,TRUE,0,NA,-1285.0364066003694,2586.072813200739,2625.334855432596,2586.218120970668,8,21.538000000000004,NA,2572.072813200739,2576.980568479721,1.000000000000017,NA,HeckmanEM,NA,raw_AIC_BIC_implied_logLik,finite_logLik_no_explicit_code,3,2.8773226379618224,-0.12267736203817758,0.4,0.46213846350821586,0.06213846350821583,-0.7,NA,NA,0.7,NA,NA,0.5,NA,NA,0.5,NA,NA,NA,NA,-0.7,-1.1336345383812525,-0.43363453838125254,0.15,0.19755466801921381,0.04755466801921382,1,1.1667908412148045,0.16679084121480448,5,5.704401981520879,0.7044019815208786,1.5,1.5214246899389323,0.02142468993893254,0.8,0.6296484647149129,-0.17035153528508715,39.26204223185687,39.262042231857095,-2.2737367544323206e-13,NA,NA,NA,NA,NA,NA,NA,NA,NA,NA,NA,NA,NA,NA,NA,NA,NA,NA,NA,NA,NA,NA,NA,NA,NA,NA,NA,NA,NA,NA,NA,NA,NA,NA,NA,NA,NA,NA,NA,NA,NA,NA,NA,NA,NA,NA,NA,NA,NA,NA,NA,NA,NA,NA,NA,NA,NA,NA,NA,NA,NA,NA,NA,NA,NA,NA,NA,NA,NA,NA,NA,NA,NA,NA,NA,NA,NA,NA,NA,NA,NA,NA,NA,NA,NA,NA,NA,NA,NA,NA,NA,NA,NA,NA,NA,NA,NA,NA,NA,NA,NA,NA,true,TRUE,TRUE,2586.072813200739,2625.3348554325958,2586.218120970668,39.26204223185732,39.26204223185687,8.000000000000046,FALSE,21.538000000000004,NA,NA,NA
hidden_truncation_skewness,hidden-truncation skewness,ESN,HT,50,1000,332,0.332,0.6397952655150352,TRUE,TRUE,TRUE,0,NA,-1284.949197465766,2587.898394931532,2632.068192442371,2588.08021311335,9,98.825,NA,2571.898394931532,2576.8061502105143,1.000000000000017,NA,HeckmanEM,NA,raw_AIC_BIC_implied_logLik,finite_logLik_no_explicit_code,3,2.7947283633058095,-0.2052716366941905,0.4,0.4510993437060957,0.0510993437060957,-0.7,NA,NA,0.7,NA,NA,0.5,NA,NA,0.5,NA,NA,NA,NA,-0.7,-1.1510804834484794,-0.4510804834484794,0.15,0.2019853928380571,0.05198539283805714,1,1.1840437305086249,0.18404373050862488,5,5.743150413107493,0.7431504131074931,1.5,1.5284401656577853,0.02844016565778528,0.8,0.6347196961310836,-0.16528030386891646,44.16979751083909,44.16979751083923,-1.4210854715202004e-13,NA,NA,NA,NA,NA,NA,NA,NA,NA,NA,NA,NA,NA,NA,NA,NA,NA,NA,NA,NA,NA,NA,NA,NA,NA,NA,NA,NA,NA,NA,NA,NA,NA,NA,NA,NA,NA,NA,NA,NA,NA,NA,NA,NA,NA,NA,NA,NA,NA,NA,NA,NA,NA,NA,NA,NA,NA,NA,NA,NA,NA,NA,NA,NA,NA,NA,NA,NA,NA,NA,NA,NA,NA,NA,NA,NA,NA,NA,NA,NA,NA,NA,NA,NA,NA,NA,NA,NA,NA,NA,NA,NA,NA,NA,NA,NA,NA,NA,NA,NA,NA,NA,true,TRUE,TRUE,2587.898394931532,2632.068192442371,2588.08021311335,44.16979751083909,44.16979751083909,8.999999999999972,FALSE,98.825,NA,NA,NA
hidden_truncation_skewness,hidden-truncation skewness,ESN,CN,50,1000,332,0.332,0.6397952655150352,TRUE,TRUE,TRUE,0,NA,-1285.0350702708868,2590.0701405417735,2639.147693331595,2590.2925874578505,10,482.41600000000005,NA,2572.0701405417735,2576.9778958207557,1.000000000000017,NA,HeckmanEM,NA,raw_AIC_BIC_implied_logLik,finite_logLik_no_explicit_code,3,2.867577402850338,-0.13242259714966265,0.4,0.462047962252404,0.06204796225240394,-0.7,NA,NA,0.7,NA,NA,0.5,NA,NA,0.5,NA,NA,NA,NA,-0.7,-1.1371347993890206,-0.43713479938902067,0.15,0.19819232152930163,0.04819232152930164,1,1.1703813757974353,0.17038137579743529,5,5.70480202795605,0.7048020279560498,1.5,1.5215765677519102,0.02157656775191019,0.8,0.6297874975400511,-0.1702125024599489,49.07755278982131,49.07755278982137,-5.684341886080802e-14,NA,NA,NA,NA,NA,NA,NA,NA,NA,NA,NA,NA,NA,NA,NA,NA,NA,NA,NA,NA,NA,NA,NA,NA,NA,NA,NA,NA,NA,NA,NA,NA,NA,NA,NA,NA,NA,NA,NA,NA,NA,NA,NA,NA,NA,NA,NA,NA,NA,NA,NA,NA,NA,NA,NA,NA,NA,NA,NA,NA,NA,NA,NA,NA,NA,NA,NA,NA,NA,NA,NA,NA,NA,NA,NA,NA,NA,NA,NA,NA,NA,NA,NA,NA,NA,NA,NA,NA,NA,NA,NA,NA,NA,NA,NA,NA,NA,NA,NA,NA,NA,NA,true,TRUE,TRUE,2590.0701405417735,2639.147693331595,2590.2925874578505,49.07755278982131,49.07755278982131,9.999999999999988,FALSE,482.41600000000005,NA,NA,NA
hidden_truncation_skewness,hidden-truncation skewness,ESN,ESN,50,1000,332,0.332,0.6397952655150352,TRUE,TRUE,TRUE,0,CONVERGENCE: REL_REDUCTION_OF_F <= FACTR*EPSMCH,-1283.226460188767,2588.452920377534,2642.4382284463377,2588.720126855267,11,16954.469,NA,NA,NA,NA,1,stage2,1283.2264695139;1283.27316090135;1283.24593873929;1283.24617641572;1283.29322129485;1283.24104377101;1283.25180391753;1283.24541270383;1283.25491130403;1285.03659343236;1283.23899040043;1283.24863550627;1283.30106327207;1285.03640630331,proposed_likelihood,stage2,3,4.426747040290102,1.4267470402901017,0.4,0.540135128314642,0.14013512831464203,-0.7,-0.6797861521815172,0.02021384781848279,0.7,-1.483435255939849,-2.183435255939849,0.5,-1.3650375034909323,-1.8650375034909323,0.5,-1.3650375034909323,NA,NA,NA,-0.7,-0.6130983726903,0.08690162730969997,0.15,0.18696399314767764,0.03696399314767765,1,1.1058382852019684,0.10583828520196836,5,10.393757725449808,5.393757725449808,1.5,1.5314696996414503,0.0314696996414503,0.8,0.6714525391804872,-0.12854746081951285,53.98530806880353,53.985308068803505,2.842170943040401e-14,NA,NA,NA,NA,NA,NA,NA,NA,NA,NA,NA,NA,NA,NA,NA,NA,NA,NA,NA,NA,NA,NA,NA,NA,NA,NA,NA,NA,NA,NA,NA,NA,NA,NA,NA,NA,NA,NA,NA,NA,NA,NA,NA,NA,NA,NA,NA,NA,NA,NA,NA,NA,NA,NA,NA,NA,NA,NA,NA,NA,NA,NA,NA,NA,NA,NA,NA,NA,NA,NA,NA,NA,NA,NA,NA,NA,NA,NA,NA,NA,NA,NA,NA,NA,NA,NA,NA,NA,NA,NA,NA,NA,NA,NA,NA,NA,NA,NA,NA,NA,NA,NA,true,TRUE,TRUE,2588.452920377534,2642.4382284463377,2588.720126855267,53.98530806880353,53.98530806880353,11.000000000000005,FALSE,16954.469,FALSE,TRUE,FALSE
hidden_truncation_skewness,hidden-truncation skewness,ESN,EST,50,1000,332,0.332,0.6397952655150352,TRUE,TRUE,TRUE,0,CONVERGENCE: REL_REDUCTION_OF_F <= FACTR*EPSMCH,-1287.0318263530748,2598.0636527061497,2656.9567160539355,2598.379762128642,12,17443.903,NA,NA,NA,NA,13,stage2,1287.03586391457;1e+12;1e+12;1287.03188740915;1e+12;1e+12;1287.03183752842;1e+12;1e+12;1287.03184035541;1e+12;1e+12;1287.03182676707;1e+12;1e+12;1287.03188302879;1e+12;1e+12;1287.03208731176;1e+12;1e+12;1287.03490038552;1e+12;1e+12;1287.03194472488;1e+12;1e+12;1287.03192888671;1e+12;1e+12;1287.03183663233;1e+12;1e+12;1287.03194023104;1e+12;1e+12;1287.0320084032;1e+12;1e+12;1287.03206057684;1e+12;1e+12,proposed_likelihood,stage2,3,2.9818749136103806,-0.0181250863896194,0.4,0.5745479576642478,0.1745479576642478,-0.7,-0.606176202578414,0.09382379742158596,0.7,-1.078181461566908,-1.778181461566908,0.5,1.4925821305300957,0.9925821305300956,0.5,1.4925821305300957,NA,4,NA,-0.7,-1.063546099947765,-0.3635460999477651,0.15,0.21907639293092027,0.06907639293092027,1,1.237930512696089,0.2379305126960889,5,6.3486371211188,1.3486371211188004,1.5,1.5756194116543891,0.07561941165438935,0.8,0.6941751574242888,-0.10582484257571124,58.893063347785755,58.89306334778564,1.1368683772161603e-13,NA,NA,NA,NA,NA,NA,NA,NA,NA,NA,NA,NA,NA,NA,NA,NA,NA,NA,NA,NA,NA,NA,NA,NA,NA,NA,NA,NA,NA,NA,NA,NA,NA,NA,NA,NA,NA,NA,NA,NA,NA,NA,NA,NA,NA,NA,NA,NA,NA,NA,NA,NA,NA,NA,NA,NA,NA,NA,NA,NA,NA,NA,NA,NA,NA,NA,NA,NA,NA,NA,NA,NA,NA,NA,NA,NA,NA,NA,NA,NA,NA,NA,NA,NA,NA,NA,NA,NA,NA,NA,NA,NA,NA,NA,NA,NA,NA,NA,NA,NA,NA,NA,true,TRUE,TRUE,2598.0636527061497,2656.9567160539355,2598.379762128642,58.893063347785755,58.893063347785755,12.000000000000023,FALSE,17443.903,FALSE,FALSE,TRUE
