scenario,scenario_label,dgp_family,fit_family,rep,n,n_selected,selection_rate,hidden_acceptance_rate,success,finite_fit,regular_convergence,convergence,message,logLik,AIC,BIC,AICc,k_params,seconds,em_iterations,raw_package_AIC,raw_package_BIC,k_package_implied,start_id,stage,all_stage1_values,criteria_source,conv_source,sigmaY_true,sigmaY_hat,sigmaY_bias,rho_true,rho_hat,rho_bias,etaS_true,etaS_hat,etaS_bias,etaY_true,etaY_hat,etaY_bias,tau_bar_true,tau_bar_hat,tau_bar_bias,alpha_legacy_true,alpha_legacy_hat,nu_true,nu_hat,nu_bias,betaSel_1_true,betaSel_1_hat,betaSel_1_bias,betaSel_2_true,betaSel_2_hat,betaSel_2_bias,betaSel_3_true,betaSel_3_hat,betaSel_3_bias,betaOut_1_true,betaOut_1_hat,betaOut_1_bias,betaOut_2_true,betaOut_2_hat,betaOut_2_bias,betaOut_3_true,betaOut_3_hat,betaOut_3_bias,BIC_minus_AIC,expected_BIC_minus_AIC,IC_gap_error,betaSel_4_true,betaSel_5_true,betaSel_6_true,betaSel_7_true,betaSel_8_true,betaSel_9_true,betaSel_10_true,betaSel_11_true,betaSel_12_true,betaSel_13_true,betaSel_14_true,betaSel_15_true,betaSel_16_true,betaSel_17_true,betaSel_18_true,betaSel_19_true,betaSel_20_true,betaSel_4_hat,betaSel_5_hat,betaSel_6_hat,betaSel_7_hat,betaSel_8_hat,betaSel_9_hat,betaSel_10_hat,betaSel_11_hat,betaSel_12_hat,betaSel_13_hat,betaSel_14_hat,betaSel_15_hat,betaSel_16_hat,betaSel_17_hat,betaSel_18_hat,betaSel_19_hat,betaSel_20_hat,betaSel_4_bias,betaSel_5_bias,betaSel_6_bias,betaSel_7_bias,betaSel_8_bias,betaSel_9_bias,betaSel_10_bias,betaSel_11_bias,betaSel_12_bias,betaSel_13_bias,betaSel_14_bias,betaSel_15_bias,betaSel_16_bias,betaSel_17_bias,betaSel_18_bias,betaSel_19_bias,betaSel_20_bias,betaOut_4_true,betaOut_5_true,betaOut_6_true,betaOut_7_true,betaOut_8_true,betaOut_9_true,betaOut_10_true,betaOut_11_true,betaOut_12_true,betaOut_13_true,betaOut_14_true,betaOut_15_true,betaOut_16_true,betaOut_17_true,betaOut_18_true,betaOut_19_true,betaOut_20_true,betaOut_4_hat,betaOut_5_hat,betaOut_6_hat,betaOut_7_hat,betaOut_8_hat,betaOut_9_hat,betaOut_10_hat,betaOut_11_hat,betaOut_12_hat,betaOut_13_hat,betaOut_14_hat,betaOut_15_hat,betaOut_16_hat,betaOut_17_hat,betaOut_18_hat,betaOut_19_hat,betaOut_20_hat,betaOut_4_bias,betaOut_5_bias,betaOut_6_bias,betaOut_7_bias,betaOut_8_bias,betaOut_9_bias,betaOut_10_bias,betaOut_11_bias,betaOut_12_bias,betaOut_13_bias,betaOut_14_bias,betaOut_15_bias,betaOut_16_bias,betaOut_17_bias,betaOut_18_bias,betaOut_19_bias,betaOut_20_bias,success_chr,success_bool,converged_regular,AIC_correct,BIC_correct,AICc_correct,raw_BIC_minus_AIC,corrected_BIC_minus_AIC,k_implied_by_raw_BIC,raw_ic_has_wrong_k,seconds_correct,etaS_near_boundary,etaY_near_boundary,tau_near_boundary
nearly_gaussian,nearly Gaussian,NH,NH,1,1000,421,0.421,NA,TRUE,TRUE,TRUE,0,NA,-1556.212211837542,3128.424423675084,3167.6864659069415,3128.5697314450135,8,68.93599999999999,NA,3114.424423675084,3119.3321789540664,1.000000000000017,NA,HeckmanEM,NA,raw_AIC_BIC_implied_logLik,finite_logLik_no_explicit_code,3,2.985946215288885,-0.01405378471111484,0.4,0.5697083578338079,0.1697083578338079,NA,NA,NA,NA,NA,NA,NA,NA,NA,NA,NA,NA,NA,NA,-0.7,-0.8169412856213911,-0.11694128562139117,0.15,0.16241116398145675,0.01241116398145675,1,1.1151701115260944,0.11517011152609435,5,5.143206982874203,0.14320698287420264,1.5,1.230470896142362,-0.26952910385763795,0.8,0.6786152175569352,-0.12138478244306485,39.26204223185732,39.262042231857095,2.2737367544323206e-13,NA,NA,NA,NA,NA,NA,NA,NA,NA,NA,NA,NA,NA,NA,NA,NA,NA,NA,NA,NA,NA,NA,NA,NA,NA,NA,NA,NA,NA,NA,NA,NA,NA,NA,NA,NA,NA,NA,NA,NA,NA,NA,NA,NA,NA,NA,NA,NA,NA,NA,NA,NA,NA,NA,NA,NA,NA,NA,NA,NA,NA,NA,NA,NA,NA,NA,NA,NA,NA,NA,NA,NA,NA,NA,NA,NA,NA,NA,NA,NA,NA,NA,NA,NA,NA,NA,NA,NA,NA,NA,NA,NA,NA,NA,NA,NA,NA,NA,NA,NA,NA,NA,true,TRUE,TRUE,3128.424423675084,3167.6864659069415,3128.5697314450135,39.26204223185732,39.26204223185732,8.000000000000046,FALSE,68.93599999999999,NA,NA,NA
nearly_gaussian,nearly Gaussian,NH,HT,1,1000,421,0.421,NA,TRUE,TRUE,TRUE,0,NA,-1556.2347118203086,3128.469423640617,3167.7314658724745,3128.6147314105465,8,105.418,NA,3114.469423640617,3119.3771789195994,1.000000000000017,NA,HeckmanEM,NA,raw_AIC_BIC_implied_logLik,finite_logLik_no_explicit_code,3,2.9654874562443996,-0.03451254375560042,0.4,0.570454712480326,0.17045471248032595,NA,NA,NA,NA,NA,NA,NA,NA,NA,NA,NA,NA,NA,NA,-0.7,-0.819880240373926,-0.11988024037392608,0.15,0.16301039832219555,0.01301039832219555,1,1.1192074901994236,0.11920749019942356,5,5.143475487833763,0.14347548783376318,1.5,1.2318342363911161,-0.2681657636088841,0.8,0.6783924584434199,-0.12160754155658016,39.26204223185732,39.262042231857095,2.2737367544323206e-13,NA,NA,NA,NA,NA,NA,NA,NA,NA,NA,NA,NA,NA,NA,NA,NA,NA,NA,NA,NA,NA,NA,NA,NA,NA,NA,NA,NA,NA,NA,NA,NA,NA,NA,NA,NA,NA,NA,NA,NA,NA,NA,NA,NA,NA,NA,NA,NA,NA,NA,NA,NA,NA,NA,NA,NA,NA,NA,NA,NA,NA,NA,NA,NA,NA,NA,NA,NA,NA,NA,NA,NA,NA,NA,NA,NA,NA,NA,NA,NA,NA,NA,NA,NA,NA,NA,NA,NA,NA,NA,NA,NA,NA,NA,NA,NA,NA,NA,NA,NA,NA,NA,true,TRUE,TRUE,3128.469423640617,3167.7314658724745,3128.6147314105465,39.26204223185732,39.26204223185732,8.000000000000046,FALSE,105.418,NA,NA,NA
nearly_gaussian,nearly Gaussian,NH,CN,1,1000,421,0.421,NA,TRUE,TRUE,TRUE,0,NA,-1556.2123075326308,3132.4246150652616,3181.502167855083,3132.6470619813385,10,539.2,NA,3114.4246150652616,3119.332370344244,1.000000000000017,NA,HeckmanEM,NA,raw_AIC_BIC_implied_logLik,finite_logLik_no_explicit_code,3,2.9832575251938556,-0.01674247480614443,0.4,0.5699064478809875,0.16990644788098752,NA,NA,NA,NA,NA,NA,NA,NA,NA,NA,NA,NA,NA,NA,-0.7,-0.8176700509289109,-0.11767005092891092,0.15,0.16255669969096642,0.01255669969096642,1,1.116171459175517,0.11617145917551697,5,5.142614870519187,0.14261487051918742,1.5,1.230478021536928,-0.269521978463072,0.8,0.6786302221095913,-0.1213697778904087,49.07755278982131,49.07755278982137,-5.684341886080802e-14,NA,NA,NA,NA,NA,NA,NA,NA,NA,NA,NA,NA,NA,NA,NA,NA,NA,NA,NA,NA,NA,NA,NA,NA,NA,NA,NA,NA,NA,NA,NA,NA,NA,NA,NA,NA,NA,NA,NA,NA,NA,NA,NA,NA,NA,NA,NA,NA,NA,NA,NA,NA,NA,NA,NA,NA,NA,NA,NA,NA,NA,NA,NA,NA,NA,NA,NA,NA,NA,NA,NA,NA,NA,NA,NA,NA,NA,NA,NA,NA,NA,NA,NA,NA,NA,NA,NA,NA,NA,NA,NA,NA,NA,NA,NA,NA,NA,NA,NA,NA,NA,NA,true,TRUE,TRUE,3132.4246150652616,3181.502167855083,3132.6470619813385,49.07755278982131,49.07755278982131,9.999999999999988,FALSE,539.2,NA,NA,NA
nearly_gaussian,nearly Gaussian,NH,ESN,1,1000,421,0.421,NA,TRUE,TRUE,TRUE,0,CONVERGENCE: REL_REDUCTION_OF_F <= FACTR*EPSMCH,-1556.168250702474,3134.3365014049477,3188.3218094737513,3134.6037078826807,11,11433.464,NA,NA,NA,NA,10,stage2,1556.20782854487;1556.17729342917;1556.21056025758;1556.17329663303;1556.21186842555;1556.17162287006;1556.17714032805;1556.21188898306;1556.21216075739;1556.16825135084;1556.2122198226;1556.17636656989;1556.2097574828;1556.21221147451,proposed_likelihood,stage2,3,3.261040984547813,0.261040984547813,0.4,0.6440761579973825,0.24407615799738247,NA,-0.8077324208838821,NA,NA,-0.2522828986493476,NA,NA,1.120867377814485,NA,NA,1.120867377814485,NA,NA,NA,-0.7,-0.541696767214085,0.15830323278591496,0.15,0.14827797898281347,-0.00172202101718652,1,1.017451720392227,0.01745172039222708,5,5.692514591922551,0.692514591922551,1.5,1.2291430803655137,-0.2708569196344863,0.8,0.6790857319331639,-0.12091426806683614,53.98530806880353,53.985308068803505,2.842170943040401e-14,NA,NA,NA,NA,NA,NA,NA,NA,NA,NA,NA,NA,NA,NA,NA,NA,NA,NA,NA,NA,NA,NA,NA,NA,NA,NA,NA,NA,NA,NA,NA,NA,NA,NA,NA,NA,NA,NA,NA,NA,NA,NA,NA,NA,NA,NA,NA,NA,NA,NA,NA,NA,NA,NA,NA,NA,NA,NA,NA,NA,NA,NA,NA,NA,NA,NA,NA,NA,NA,NA,NA,NA,NA,NA,NA,NA,NA,NA,NA,NA,NA,NA,NA,NA,NA,NA,NA,NA,NA,NA,NA,NA,NA,NA,NA,NA,NA,NA,NA,NA,NA,NA,true,TRUE,TRUE,3134.336501404948,3188.3218094737517,3134.603707882681,53.98530806880353,53.98530806880353,11.000000000000005,FALSE,11433.464,FALSE,FALSE,FALSE
nearly_gaussian,nearly Gaussian,NH,EST,1,1000,421,0.421,NA,TRUE,TRUE,TRUE,0,CONVERGENCE: REL_REDUCTION_OF_F <= FACTR*EPSMCH,-1562.4843001082024,3148.968600216405,3207.8616635641906,3149.2847096388973,12,16075.641,NA,NA,NA,NA,37,stage2,1562.4889728131;1e+12;1e+12;1562.4883790877;1e+12;1e+12;1562.48445065364;1e+12;1e+12;1562.48556183574;1e+12;1e+12;1562.48463517077;1e+12;1e+12;1562.4843865031;1e+12;1e+12;1562.49097020745;1e+12;1e+12;1562.48571638061;1e+12;1e+12;1562.4843018095;1e+12;1e+12;1562.48764040066;1e+12;1e+12;1562.48465806088;1e+12;1e+12;1562.4843211226;1e+12;1e+12;1562.48430123547;1e+12;1e+12;1562.48919986435;1e+12;1e+12,proposed_likelihood,stage2,3,3.6079533491720217,0.6079533491720213,0.4,0.7897114278739283,0.3897114278739283,NA,-1.4925821305300957,NA,NA,-0.5013537928695122,NA,NA,1.4925821305300957,NA,NA,1.4925821305300957,NA,4,NA,-0.7,-0.4009271307502824,0.2990728692497176,0.15,0.14416860621345784,-0.00583139378654215,1,0.9967677558597352,-0.0032322441402649,5,5.8946159656862305,0.8946159656862305,1.5,1.2415517045696582,-0.25844829543034176,0.8,0.6888138152661724,-0.11118618473382769,58.893063347785755,58.89306334778564,1.1368683772161603e-13,NA,NA,NA,NA,NA,NA,NA,NA,NA,NA,NA,NA,NA,NA,NA,NA,NA,NA,NA,NA,NA,NA,NA,NA,NA,NA,NA,NA,NA,NA,NA,NA,NA,NA,NA,NA,NA,NA,NA,NA,NA,NA,NA,NA,NA,NA,NA,NA,NA,NA,NA,NA,NA,NA,NA,NA,NA,NA,NA,NA,NA,NA,NA,NA,NA,NA,NA,NA,NA,NA,NA,NA,NA,NA,NA,NA,NA,NA,NA,NA,NA,NA,NA,NA,NA,NA,NA,NA,NA,NA,NA,NA,NA,NA,NA,NA,NA,NA,NA,NA,NA,NA,true,TRUE,TRUE,3148.968600216405,3207.8616635641906,3149.2847096388973,58.893063347785755,58.893063347785755,12.000000000000023,FALSE,16075.641,TRUE,FALSE,TRUE
nearly_gaussian,nearly Gaussian,NH,NH,2,1000,423,0.423,NA,TRUE,TRUE,TRUE,0,NA,-1632.509536040954,3281.019072081908,3320.281114313765,3281.1643798518376,8,57.30500000000001,NA,3267.019072081908,3271.9268273608905,1.000000000000017,NA,HeckmanEM,NA,raw_AIC_BIC_implied_logLik,finite_logLik_no_explicit_code,3,3.176968518804335,0.17696851880433506,0.4,0.4066364157842422,0.00663641578424217,NA,NA,NA,NA,NA,NA,NA,NA,NA,NA,NA,NA,NA,NA,-0.7,-0.7175591192052906,-0.01755911920529063,0.15,0.17292786191379675,0.02292786191379675,1,0.9392558267821848,-0.06074417321781511,5,4.508321317943883,-0.4916786820561168,1.5,1.4604580798810745,-0.03954192011892554,0.8,0.9015464888491064,0.10154648884910622,39.26204223185687,39.262042231857095,2.2737367544323206e-13,NA,NA,NA,NA,NA,NA,NA,NA,NA,NA,NA,NA,NA,NA,NA,NA,NA,NA,NA,NA,NA,NA,NA,NA,NA,NA,NA,NA,NA,NA,NA,NA,NA,NA,NA,NA,NA,NA,NA,NA,NA,NA,NA,NA,NA,NA,NA,NA,NA,NA,NA,NA,NA,NA,NA,NA,NA,NA,NA,NA,NA,NA,NA,NA,NA,NA,NA,NA,NA,NA,NA,NA,NA,NA,NA,NA,NA,NA,NA,NA,NA,NA,NA,NA,NA,NA,NA,NA,NA,NA,NA,NA,NA,NA,NA,NA,NA,NA,NA,NA,NA,NA,true,TRUE,TRUE,3281.019072081908,3320.281114313765,3281.164379851837,39.26204223185732,39.26204223185732,8.000000000000046,FALSE,57.30500000000001,NA,NA,NA
nearly_gaussian,nearly Gaussian,NH,HT,2,1000,423,0.423,NA,TRUE,TRUE,TRUE,0,NA,-1632.568751082739,3281.137502165478,3320.3995443973354,3281.2828099354074,8,87.58500000000001,NA,3267.137502165478,3272.0452574444603,1.000000000000017,NA,HeckmanEM,NA,raw_AIC_BIC_implied_logLik,finite_logLik_no_explicit_code,3,3.1564861035922,0.15648610359219983,0.4,0.4079683162095949,0.00796831620959481,NA,NA,NA,NA,NA,NA,NA,NA,NA,NA,NA,NA,NA,NA,-0.7,-0.7205848485150778,-0.0205848485150778,0.15,0.1735950006615012,0.02359500066150122,1,0.9431934747862196,-0.05680652521378049,5,4.510188254213901,-0.4898117457860991,1.5,1.457648796757996,-0.04235120324200414,0.8,0.9006243558402732,0.10062435584027318,39.26204223185732,39.262042231857095,2.2737367544323206e-13,NA,NA,NA,NA,NA,NA,NA,NA,NA,NA,NA,NA,NA,NA,NA,NA,NA,NA,NA,NA,NA,NA,NA,NA,NA,NA,NA,NA,NA,NA,NA,NA,NA,NA,NA,NA,NA,NA,NA,NA,NA,NA,NA,NA,NA,NA,NA,NA,NA,NA,NA,NA,NA,NA,NA,NA,NA,NA,NA,NA,NA,NA,NA,NA,NA,NA,NA,NA,NA,NA,NA,NA,NA,NA,NA,NA,NA,NA,NA,NA,NA,NA,NA,NA,NA,NA,NA,NA,NA,NA,NA,NA,NA,NA,NA,NA,NA,NA,NA,NA,NA,NA,true,TRUE,TRUE,3281.137502165478,3320.3995443973354,3281.2828099354074,39.26204223185732,39.26204223185732,8.000000000000046,FALSE,87.58500000000001,NA,NA,NA
nearly_gaussian,nearly Gaussian,NH,CN,2,1000,423,0.423,NA,TRUE,TRUE,TRUE,0,NA,-1632.5095452053772,3285.0190904107544,3334.0966432005757,3285.2415373268313,10,459.683,NA,3267.0190904107544,3271.9268456897366,1.000000000000017,NA,HeckmanEM,NA,raw_AIC_BIC_implied_logLik,finite_logLik_no_explicit_code,3,3.176290424703559,0.17629042470355882,0.4,0.4064307843492118,0.00643078434921179,NA,NA,NA,NA,NA,NA,NA,NA,NA,NA,NA,NA,NA,NA,-0.7,-0.7177040859566539,-0.01770408595665396,0.15,0.17295990514615797,0.02295990514615797,1,0.9394513982394308,-0.0605486017605692,5,4.508897919546398,-0.4911020804536017,1.5,1.4604582675940865,-0.03954173240591374,0.8,0.9015650715027902,0.10156507150279016,49.07755278982131,49.07755278982137,-5.684341886080802e-14,NA,NA,NA,NA,NA,NA,NA,NA,NA,NA,NA,NA,NA,NA,NA,NA,NA,NA,NA,NA,NA,NA,NA,NA,NA,NA,NA,NA,NA,NA,NA,NA,NA,NA,NA,NA,NA,NA,NA,NA,NA,NA,NA,NA,NA,NA,NA,NA,NA,NA,NA,NA,NA,NA,NA,NA,NA,NA,NA,NA,NA,NA,NA,NA,NA,NA,NA,NA,NA,NA,NA,NA,NA,NA,NA,NA,NA,NA,NA,NA,NA,NA,NA,NA,NA,NA,NA,NA,NA,NA,NA,NA,NA,NA,NA,NA,NA,NA,NA,NA,NA,NA,true,TRUE,TRUE,3285.0190904107544,3334.0966432005757,3285.2415373268313,49.07755278982131,49.07755278982131,9.999999999999988,FALSE,459.683,NA,NA,NA
nearly_gaussian,nearly Gaussian,NH,ESN,2,1000,423,0.423,NA,TRUE,TRUE,TRUE,0,CONVERGENCE: REL_REDUCTION_OF_F <= FACTR*EPSMCH,-1631.0730937367452,3284.1461874734905,3338.131495542294,3284.4133939512235,11,16283.446,NA,NA,NA,NA,11,stage2,1631.10722415366;1631.10749974744;1631.10538009841;1631.10991578232;1631.10163258793;1631.08353752897;1631.11813649138;1631.10148051052;1631.08434455642;1631.12395716996;1631.07309673257;1631.10365905575;1631.10904723572;1632.5095357036,proposed_likelihood,stage2,3,3.3211562290709455,0.32115622907094554,0.4,0.2477487313516395,-0.15225126864836053,NA,1.4925821305300957,NA,NA,-1.3080101323772286,NA,NA,0.5009829198152931,NA,NA,0.5009829198152931,NA,NA,NA,-0.7,-1.0557044373349929,-0.3557044373349929,0.15,0.14934051448193966,-6.594855180603321e-4,1,0.8182159267867,-0.18178407321330003,5,5.17632186512707,0.17632186512707015,1.5,1.4676504168372864,-0.03234958316271363,0.8,0.9103510541175568,0.11035105411755676,53.98530806880353,53.985308068803505,2.842170943040401e-14,NA,NA,NA,NA,NA,NA,NA,NA,NA,NA,NA,NA,NA,NA,NA,NA,NA,NA,NA,NA,NA,NA,NA,NA,NA,NA,NA,NA,NA,NA,NA,NA,NA,NA,NA,NA,NA,NA,NA,NA,NA,NA,NA,NA,NA,NA,NA,NA,NA,NA,NA,NA,NA,NA,NA,NA,NA,NA,NA,NA,NA,NA,NA,NA,NA,NA,NA,NA,NA,NA,NA,NA,NA,NA,NA,NA,NA,NA,NA,NA,NA,NA,NA,NA,NA,NA,NA,NA,NA,NA,NA,NA,NA,NA,NA,NA,NA,NA,NA,NA,NA,NA,true,TRUE,TRUE,3284.1461874734905,3338.131495542294,3284.4133939512235,53.98530806880353,53.98530806880353,11.000000000000005,FALSE,16283.446,TRUE,FALSE,FALSE
nearly_gaussian,nearly Gaussian,NH,EST,2,1000,423,0.423,NA,TRUE,TRUE,TRUE,0,CONVERGENCE: REL_REDUCTION_OF_F <= FACTR*EPSMCH,-1639.516724985271,3303.033449970542,3361.926513318327,3303.349559393034,12,18898.41,NA,NA,NA,NA,19,stage2,1639.52186457083;1e+12;1e+12;1639.51821579275;1e+12;1e+12;1639.52204106844;1e+12;1e+12;1639.5167421957;1e+12;1e+12;1639.51762378468;1e+12;1e+12;1639.51917002514;1e+12;1e+12;1639.51672724459;1e+12;1e+12;1639.52579922016;1e+12;1e+12;1639.51725208216;1e+12;1e+12;1639.51673803647;1e+12;1e+12;1639.52694053781;1e+12;1e+12;1639.51673683706;1e+12;1e+12;1639.51675376992;1e+12;1e+12;1639.51685075991;1e+12;1e+12,proposed_likelihood,stage2,3,3.618302361140479,0.6183023611404792,0.4,0.6498939125236218,0.2498939125236218,NA,-1.061496079234665,NA,NA,-0.7610836514463108,NA,NA,1.4925821305300957,NA,NA,1.4925821305300957,NA,4,NA,-0.7,-0.45909768311573584,0.2409023168842641,0.15,0.16908572513399076,0.01908572513399076,1,0.909625477028106,-0.09037452297189386,5,5.161411346300453,0.1614113463004534,1.5,1.4235214579860824,-0.07647854201391757,0.8,0.9012503901238456,0.10125039012384562,58.893063347785755,58.89306334778564,1.1368683772161603e-13,NA,NA,NA,NA,NA,NA,NA,NA,NA,NA,NA,NA,NA,NA,NA,NA,NA,NA,NA,NA,NA,NA,NA,NA,NA,NA,NA,NA,NA,NA,NA,NA,NA,NA,NA,NA,NA,NA,NA,NA,NA,NA,NA,NA,NA,NA,NA,NA,NA,NA,NA,NA,NA,NA,NA,NA,NA,NA,NA,NA,NA,NA,NA,NA,NA,NA,NA,NA,NA,NA,NA,NA,NA,NA,NA,NA,NA,NA,NA,NA,NA,NA,NA,NA,NA,NA,NA,NA,NA,NA,NA,NA,NA,NA,NA,NA,NA,NA,NA,NA,NA,NA,true,TRUE,TRUE,3303.033449970542,3361.9265133183276,3303.3495593930343,58.8930633477853,58.893063347785755,11.99999999999993,FALSE,18898.41,FALSE,FALSE,TRUE
nearly_gaussian,nearly Gaussian,NH,NH,3,1000,475,0.475,NA,TRUE,TRUE,TRUE,0,NA,-1750.891422873651,3517.782845747302,3557.0448879791593,3517.9281535172313,8,43.733,NA,3503.782845747302,3508.690601026284,1.000000000000017,NA,HeckmanEM,NA,raw_AIC_BIC_implied_logLik,finite_logLik_no_explicit_code,3,2.9435182210302933,-0.05648177896970674,0.4,0.4287459733045936,0.02874597330459361,NA,NA,NA,NA,NA,NA,NA,NA,NA,NA,NA,NA,NA,NA,-0.7,-0.5332439887279931,0.1667560112720069,0.15,0.14352199303559415,-0.00647800696440584,1,0.8850684175580482,-0.1149315824419518,5,5.0346321618917305,0.03463216189173046,1.5,1.7167444111187904,0.2167444111187904,0.8,0.7097052648432578,-0.09029473515674225,39.26204223185732,39.262042231857095,2.2737367544323206e-13,NA,NA,NA,NA,NA,NA,NA,NA,NA,NA,NA,NA,NA,NA,NA,NA,NA,NA,NA,NA,NA,NA,NA,NA,NA,NA,NA,NA,NA,NA,NA,NA,NA,NA,NA,NA,NA,NA,NA,NA,NA,NA,NA,NA,NA,NA,NA,NA,NA,NA,NA,NA,NA,NA,NA,NA,NA,NA,NA,NA,NA,NA,NA,NA,NA,NA,NA,NA,NA,NA,NA,NA,NA,NA,NA,NA,NA,NA,NA,NA,NA,NA,NA,NA,NA,NA,NA,NA,NA,NA,NA,NA,NA,NA,NA,NA,NA,NA,NA,NA,NA,NA,true,TRUE,TRUE,3517.782845747302,3557.0448879791593,3517.9281535172313,39.26204223185732,39.26204223185732,8.000000000000046,FALSE,43.733,NA,NA,NA
nearly_gaussian,nearly Gaussian,NH,HT,3,1000,475,0.475,NA,TRUE,TRUE,TRUE,0,NA,-1750.922304513446,3517.844609026892,3557.1066512587495,3517.9899167968215,8,66.12100000000001,NA,3503.844609026892,3508.7523643058744,1.000000000000017,NA,HeckmanEM,NA,raw_AIC_BIC_implied_logLik,finite_logLik_no_explicit_code,3,2.9218741329884876,-0.07812586701151236,0.4,0.42663957245251694,0.02663957245251691,NA,NA,NA,NA,NA,NA,NA,NA,NA,NA,NA,NA,NA,NA,-0.7,-0.5346632466120991,0.16533675338790088,0.15,0.1439654384339683,-0.00603456156603168,1,0.8876592099479488,-0.11234079005205122,5,5.041112571165465,0.04111257116546518,1.5,1.716001665546775,0.2160016655467749,0.8,0.7100836119218111,-0.08991638807818891,39.26204223185732,39.262042231857095,2.2737367544323206e-13,NA,NA,NA,NA,NA,NA,NA,NA,NA,NA,NA,NA,NA,NA,NA,NA,NA,NA,NA,NA,NA,NA,NA,NA,NA,NA,NA,NA,NA,NA,NA,NA,NA,NA,NA,NA,NA,NA,NA,NA,NA,NA,NA,NA,NA,NA,NA,NA,NA,NA,NA,NA,NA,NA,NA,NA,NA,NA,NA,NA,NA,NA,NA,NA,NA,NA,NA,NA,NA,NA,NA,NA,NA,NA,NA,NA,NA,NA,NA,NA,NA,NA,NA,NA,NA,NA,NA,NA,NA,NA,NA,NA,NA,NA,NA,NA,NA,NA,NA,NA,NA,NA,true,TRUE,TRUE,3517.844609026892,3557.1066512587495,3517.9899167968215,39.26204223185732,39.26204223185732,8.000000000000046,FALSE,66.12100000000001,NA,NA,NA
nearly_gaussian,nearly Gaussian,NH,CN,3,1000,475,0.475,NA,TRUE,TRUE,TRUE,0,NA,-1750.891463379233,3521.782926758466,3570.8604795482875,3522.005373674543,10,490.192,NA,3503.782926758466,3508.6906820374484,1.000000000000017,NA,HeckmanEM,NA,raw_AIC_BIC_implied_logLik,finite_logLik_no_explicit_code,3,2.941848745016908,-0.05815125498309204,0.4,0.42846307436760966,0.02846307436760964,NA,NA,NA,NA,NA,NA,NA,NA,NA,NA,NA,NA,NA,NA,-0.7,-0.5335345671424,0.16646543285759996,0.15,0.14359468664413466,-0.00640531335586533,1,0.8855439022024281,-0.11445609779757192,5,5.03536486258794,0.03536486258794014,1.5,1.716745025057246,0.216745025057246,0.8,0.7096971757013096,-0.0903028242986904,49.07755278982131,49.07755278982137,-5.684341886080802e-14,NA,NA,NA,NA,NA,NA,NA,NA,NA,NA,NA,NA,NA,NA,NA,NA,NA,NA,NA,NA,NA,NA,NA,NA,NA,NA,NA,NA,NA,NA,NA,NA,NA,NA,NA,NA,NA,NA,NA,NA,NA,NA,NA,NA,NA,NA,NA,NA,NA,NA,NA,NA,NA,NA,NA,NA,NA,NA,NA,NA,NA,NA,NA,NA,NA,NA,NA,NA,NA,NA,NA,NA,NA,NA,NA,NA,NA,NA,NA,NA,NA,NA,NA,NA,NA,NA,NA,NA,NA,NA,NA,NA,NA,NA,NA,NA,NA,NA,NA,NA,NA,NA,true,TRUE,TRUE,3521.782926758466,3570.8604795482875,3522.005373674543,49.07755278982131,49.07755278982131,9.999999999999988,FALSE,490.192,NA,NA,NA
nearly_gaussian,nearly Gaussian,NH,ESN,3,1000,475,0.475,NA,TRUE,TRUE,TRUE,0,CONVERGENCE: REL_REDUCTION_OF_F <= FACTR*EPSMCH,-1749.8708828624283,3521.741765724857,3575.727073793661,3522.00897220259,11,16915.788,NA,NA,NA,NA,6,stage2,1749.95116101528;1749.90106929894;1750.06031208255;1749.87664477184;1750.10685653163;1749.87089507345;1749.88213441925;1750.01007147539;1750.1877726859;1749.8724223504;1750.02849262354;1749.99620497757;1750.1019082411;1750.89142252215,proposed_likelihood,stage2,3,2.951340584747069,-0.04865941525293094,0.4,0.4017660886262573,0.00176608862625726,NA,-1.4925821305300957,NA,NA,0.32958552311296824,NA,NA,1.3265417552281569,NA,NA,1.3265417552281569,NA,NA,NA,-0.7,-0.1452680009833389,0.554731999016661,0.15,0.12061508484853392,-0.02938491515146607,1,0.7382851383364339,-0.26171486166356606,5,5.268458023247178,0.26845802324717827,1.5,1.7142456666712027,0.2142456666712027,0.8,0.708760815550585,-0.09123918444941503,53.98530806880353,53.985308068803505,2.842170943040401e-14,NA,NA,NA,NA,NA,NA,NA,NA,NA,NA,NA,NA,NA,NA,NA,NA,NA,NA,NA,NA,NA,NA,NA,NA,NA,NA,NA,NA,NA,NA,NA,NA,NA,NA,NA,NA,NA,NA,NA,NA,NA,NA,NA,NA,NA,NA,NA,NA,NA,NA,NA,NA,NA,NA,NA,NA,NA,NA,NA,NA,NA,NA,NA,NA,NA,NA,NA,NA,NA,NA,NA,NA,NA,NA,NA,NA,NA,NA,NA,NA,NA,NA,NA,NA,NA,NA,NA,NA,NA,NA,NA,NA,NA,NA,NA,NA,NA,NA,NA,NA,NA,NA,true,TRUE,TRUE,3521.7417657248566,3575.72707379366,3522.0089722025896,53.98530806880399,53.98530806880353,11.000000000000098,FALSE,16915.788,TRUE,FALSE,FALSE
nearly_gaussian,nearly Gaussian,NH,EST,3,1000,475,0.475,NA,TRUE,TRUE,TRUE,0,CONVERGENCE: REL_REDUCTION_OF_F <= FACTR*EPSMCH,-1755.8027023465097,3535.6054046930194,3594.498468040805,3535.921514115512,12,16615.454,NA,NA,NA,NA,1,stage2,1755.80270378048;1e+12;1e+12;1755.81505010975;1e+12;1e+12;1755.81104829716;1e+12;1e+12;1755.80448282655;1e+12;1e+12;1755.81397659753;1e+12;1e+12;1755.80496367592;1e+12;1e+12;1755.80599688522;1e+12;1e+12;1755.8122468642;1e+12;1e+12;1755.80279376438;1e+12;1e+12;1755.81520230473;1e+12;1e+12;1755.81483746008;1e+12;1e+12;1755.81762199481;1e+12;1e+12;1755.80270640026;1e+12;1e+12;1755.80271120191;1e+12;1e+12,proposed_likelihood,stage2,3,3.3784662074938816,0.3784662074938816,0.4,0.6803286343843006,0.28032863438430056,NA,-1.4925821305300957,NA,NA,-0.5277006330356384,NA,NA,1.4925821305300957,NA,NA,1.4925821305300957,NA,4,NA,-0.7,-0.1560751266647496,0.5439248733352504,0.15,0.13399162542907583,-0.01600837457092416,1,0.7990351311275026,-0.20096486887249743,5,5.72614076010344,0.7261407601034398,1.5,1.7065023902148646,0.2065023902148646,0.8,0.7297964599819713,-0.07020354001802875,58.893063347785755,58.89306334778564,1.1368683772161603e-13,NA,NA,NA,NA,NA,NA,NA,NA,NA,NA,NA,NA,NA,NA,NA,NA,NA,NA,NA,NA,NA,NA,NA,NA,NA,NA,NA,NA,NA,NA,NA,NA,NA,NA,NA,NA,NA,NA,NA,NA,NA,NA,NA,NA,NA,NA,NA,NA,NA,NA,NA,NA,NA,NA,NA,NA,NA,NA,NA,NA,NA,NA,NA,NA,NA,NA,NA,NA,NA,NA,NA,NA,NA,NA,NA,NA,NA,NA,NA,NA,NA,NA,NA,NA,NA,NA,NA,NA,NA,NA,NA,NA,NA,NA,NA,NA,NA,NA,NA,NA,NA,NA,true,TRUE,TRUE,3535.6054046930194,3594.498468040805,3535.921514115512,58.893063347785755,58.893063347785755,12.000000000000023,FALSE,16615.454,TRUE,FALSE,TRUE
nearly_gaussian,nearly Gaussian,NH,NH,4,1000,426,0.426,NA,TRUE,TRUE,TRUE,0,NA,-1602.548234817585,3221.0964696351693,3260.358511867026,3221.2417774050987,8,55.398,NA,3207.0964696351693,3212.0042249141516,1.000000000000017,NA,HeckmanEM,NA,raw_AIC_BIC_implied_logLik,finite_logLik_no_explicit_code,3,3.0281898670581593,0.02818986705815929,0.4,0.4548451720993148,0.05484517209931477,NA,NA,NA,NA,NA,NA,NA,NA,NA,NA,NA,NA,NA,NA,-0.7,-0.8262326277074278,-0.12623262770742782,0.15,0.15120879180068866,0.00120879180068866,1,1.138867885712486,0.1388678857124861,5,4.849788767907984,-0.15021123209201637,1.5,1.2276498494668668,-0.27235015053313316,0.8,0.77181988816961,-0.02818011183039004,39.26204223185687,39.262042231857095,2.2737367544323206e-13,NA,NA,NA,NA,NA,NA,NA,NA,NA,NA,NA,NA,NA,NA,NA,NA,NA,NA,NA,NA,NA,NA,NA,NA,NA,NA,NA,NA,NA,NA,NA,NA,NA,NA,NA,NA,NA,NA,NA,NA,NA,NA,NA,NA,NA,NA,NA,NA,NA,NA,NA,NA,NA,NA,NA,NA,NA,NA,NA,NA,NA,NA,NA,NA,NA,NA,NA,NA,NA,NA,NA,NA,NA,NA,NA,NA,NA,NA,NA,NA,NA,NA,NA,NA,NA,NA,NA,NA,NA,NA,NA,NA,NA,NA,NA,NA,NA,NA,NA,NA,NA,NA,true,TRUE,TRUE,3221.09646963517,3260.358511867027,3221.241777405099,39.26204223185687,39.26204223185732,7.999999999999954,FALSE,55.398,NA,NA,NA
nearly_gaussian,nearly Gaussian,NH,HT,4,1000,426,0.426,NA,TRUE,TRUE,TRUE,0,NA,-1601.8665390824467,3219.7330781648934,3258.9951203967503,3219.8783859348227,8,89.99800000000002,NA,3205.7330781648934,3210.6408334438756,1.000000000000017,NA,HeckmanEM,NA,raw_AIC_BIC_implied_logLik,finite_logLik_no_explicit_code,3,2.8726500638777326,-0.12734993612226742,0.4,0.4523039694118018,0.05230396941180176,NA,NA,NA,NA,NA,NA,NA,NA,NA,NA,NA,NA,NA,NA,-0.7,-0.8488443451922011,-0.14884434519220113,0.15,0.15628651419655126,0.00628651419655126,1,1.1662364484562315,0.16623644845623153,5,4.888267759157731,-0.11173224084226874,1.5,1.2249993649446522,-0.2750006350553478,0.8,0.7771527140528572,-0.0228472859471428,39.26204223185687,39.262042231857095,-2.2737367544323206e-13,NA,NA,NA,NA,NA,NA,NA,NA,NA,NA,NA,NA,NA,NA,NA,NA,NA,NA,NA,NA,NA,NA,NA,NA,NA,NA,NA,NA,NA,NA,NA,NA,NA,NA,NA,NA,NA,NA,NA,NA,NA,NA,NA,NA,NA,NA,NA,NA,NA,NA,NA,NA,NA,NA,NA,NA,NA,NA,NA,NA,NA,NA,NA,NA,NA,NA,NA,NA,NA,NA,NA,NA,NA,NA,NA,NA,NA,NA,NA,NA,NA,NA,NA,NA,NA,NA,NA,NA,NA,NA,NA,NA,NA,NA,NA,NA,NA,NA,NA,NA,NA,NA,true,TRUE,TRUE,3219.7330781648934,3258.9951203967503,3219.8783859348227,39.26204223185687,39.26204223185687,7.999999999999954,FALSE,89.99800000000002,NA,NA,NA
nearly_gaussian,nearly Gaussian,NH,CN,4,1000,426,0.426,NA,TRUE,TRUE,TRUE,0,NA,-1602.0436621902916,3224.087324380583,3273.1648771704045,3224.30977129666,10,535.27,NA,3206.087324380583,3210.995079659566,1.000000000000017,NA,HeckmanEM,NA,raw_AIC_BIC_implied_logLik,finite_logLik_no_explicit_code,3,2.838161122057552,-0.161838877942448,0.4,0.45420119243711055,0.05420119243711052,NA,NA,NA,NA,NA,NA,NA,NA,NA,NA,NA,NA,NA,NA,-0.7,-0.8644133844455797,-0.16441338444557974,0.15,0.15908659077341036,0.00908659077341036,1,1.1888405294943625,0.18884052949436247,5,4.87092959691227,-0.12907040308772988,1.5,1.2302060101374963,-0.26979398986250347,0.8,0.781441982424338,-0.018558017575662,49.07755278982131,49.07755278982137,-5.684341886080802e-14,NA,NA,NA,NA,NA,NA,NA,NA,NA,NA,NA,NA,NA,NA,NA,NA,NA,NA,NA,NA,NA,NA,NA,NA,NA,NA,NA,NA,NA,NA,NA,NA,NA,NA,NA,NA,NA,NA,NA,NA,NA,NA,NA,NA,NA,NA,NA,NA,NA,NA,NA,NA,NA,NA,NA,NA,NA,NA,NA,NA,NA,NA,NA,NA,NA,NA,NA,NA,NA,NA,NA,NA,NA,NA,NA,NA,NA,NA,NA,NA,NA,NA,NA,NA,NA,NA,NA,NA,NA,NA,NA,NA,NA,NA,NA,NA,NA,NA,NA,NA,NA,NA,true,TRUE,TRUE,3224.087324380583,3273.1648771704045,3224.30977129666,49.07755278982131,49.07755278982131,9.999999999999988,FALSE,535.27,NA,NA,NA
nearly_gaussian,nearly Gaussian,NH,ESN,4,1000,426,0.426,NA,TRUE,TRUE,TRUE,0,CONVERGENCE: REL_REDUCTION_OF_F <= FACTR*EPSMCH,-1598.7519896642632,3219.5039793285264,3273.48928739733,3219.7711858062594,11,17365.740999999998,NA,NA,NA,NA,11,stage2,1598.77845242182;1598.7894689197;1598.76782766746;1598.8047839299;1598.75892915063;1598.75876626855;1598.81436432423;1598.76370726883;1598.76486718065;1598.78199970574;1598.75199040672;1598.75642831574;1598.75526219514;1602.54823456419,proposed_likelihood,stage2,3,3.4928785865294216,0.4928785865294216,0.4,0.1229993717565248,-0.2770006282434752,NA,1.2798637905086898,NA,NA,-1.4925821305300957,NA,NA,-1.4698729461671776,NA,NA,-1.4698729461671776,NA,NA,NA,-0.7,-1.4445985722044907,-0.7445985722044908,0.15,0.13158519595052062,-0.01841480404947937,1,0.9839028672033552,-0.01609713279664493,5,7.353883316601903,2.353883316601902,1.5,1.2405809986964524,-0.25941900130354756,0.8,0.778801796401635,-0.02119820359836499,53.98530806880353,53.985308068803505,2.842170943040401e-14,NA,NA,NA,NA,NA,NA,NA,NA,NA,NA,NA,NA,NA,NA,NA,NA,NA,NA,NA,NA,NA,NA,NA,NA,NA,NA,NA,NA,NA,NA,NA,NA,NA,NA,NA,NA,NA,NA,NA,NA,NA,NA,NA,NA,NA,NA,NA,NA,NA,NA,NA,NA,NA,NA,NA,NA,NA,NA,NA,NA,NA,NA,NA,NA,NA,NA,NA,NA,NA,NA,NA,NA,NA,NA,NA,NA,NA,NA,NA,NA,NA,NA,NA,NA,NA,NA,NA,NA,NA,NA,NA,NA,NA,NA,NA,NA,NA,NA,NA,NA,NA,NA,true,TRUE,TRUE,3219.5039793285264,3273.48928739733,3219.7711858062594,53.98530806880353,53.98530806880353,11.000000000000005,FALSE,17365.740999999998,FALSE,TRUE,TRUE
nearly_gaussian,nearly Gaussian,NH,EST,4,1000,426,0.426,NA,TRUE,TRUE,TRUE,0,CONVERGENCE: REL_REDUCTION_OF_F <= FACTR*EPSMCH,-1603.252461110662,3230.504922221324,3289.3979855691096,3230.821031643816,12,18521.191000000003,NA,NA,NA,NA,34,stage2,1603.26161857036;1e+12;1e+12;1603.25430359257;1e+12;1e+12;1603.37413653252;1e+12;1e+12;1603.26126912306;1e+12;1e+12;1603.2527916302;1e+12;1e+12;1603.25246545188;1e+12;1e+12;1603.27796369302;1e+12;1e+12;1603.25262746698;1e+12;1e+12;1603.26120907579;1e+12;1e+12;1603.25477960069;1e+12;1e+12;1603.25285849758;1e+12;1e+12;1603.25246155647;1e+12;1e+12;1603.2533546778;1e+12;1e+12;1603.26948193822;1e+12;1e+12,proposed_likelihood,stage2,3,3.2396724444814575,0.23967244448145753,0.4,0.6110825990585818,0.21108259905858173,NA,-0.5535764678439411,NA,NA,-1.2013631122209367,NA,NA,1.4925821305300957,NA,NA,1.4925821305300957,NA,4,NA,-0.7,-0.7372972638664069,-0.03729726386640697,0.15,0.16035651121043462,0.01035651121043462,1,1.184673956758698,0.1846739567586979,5,5.490632150833622,0.49063215083362177,1.5,1.235912671578398,-0.2640873284216021,0.8,0.8050639535310845,0.00506395353108446,58.893063347785755,58.89306334778564,1.1368683772161603e-13,NA,NA,NA,NA,NA,NA,NA,NA,NA,NA,NA,NA,NA,NA,NA,NA,NA,NA,NA,NA,NA,NA,NA,NA,NA,NA,NA,NA,NA,NA,NA,NA,NA,NA,NA,NA,NA,NA,NA,NA,NA,NA,NA,NA,NA,NA,NA,NA,NA,NA,NA,NA,NA,NA,NA,NA,NA,NA,NA,NA,NA,NA,NA,NA,NA,NA,NA,NA,NA,NA,NA,NA,NA,NA,NA,NA,NA,NA,NA,NA,NA,NA,NA,NA,NA,NA,NA,NA,NA,NA,NA,NA,NA,NA,NA,NA,NA,NA,NA,NA,NA,NA,true,TRUE,TRUE,3230.504922221324,3289.3979855691096,3230.8210316438162,58.893063347785755,58.893063347785755,12.000000000000023,FALSE,18521.191000000003,FALSE,FALSE,TRUE
nearly_gaussian,nearly Gaussian,NH,NH,5,1000,435,0.435,NA,TRUE,TRUE,TRUE,0,NA,-1671.3986510090735,3358.797302018147,3398.059344250004,3358.9426097880764,8,97.094,NA,3344.797302018147,3349.7050572971293,1.000000000000017,NA,HeckmanEM,NA,raw_AIC_BIC_implied_logLik,finite_logLik_no_explicit_code,3,3.234580758451442,0.23458075845144188,0.4,0.5280176606798717,0.12801766067987164,NA,NA,NA,NA,NA,NA,NA,NA,NA,NA,NA,NA,NA,NA,-0.7,-0.6658981157862928,0.03410188421370719,0.15,0.1414484875502302,-0.00855151244976978,1,0.9653562874170326,-0.03464371258296739,5,4.81368068689205,-0.18631931310795036,1.5,1.3830565732239395,-0.11694342677606052,0.8,0.6598884343119793,-0.14011156568802074,39.26204223185687,39.262042231857095,-2.2737367544323206e-13,NA,NA,NA,NA,NA,NA,NA,NA,NA,NA,NA,NA,NA,NA,NA,NA,NA,NA,NA,NA,NA,NA,NA,NA,NA,NA,NA,NA,NA,NA,NA,NA,NA,NA,NA,NA,NA,NA,NA,NA,NA,NA,NA,NA,NA,NA,NA,NA,NA,NA,NA,NA,NA,NA,NA,NA,NA,NA,NA,NA,NA,NA,NA,NA,NA,NA,NA,NA,NA,NA,NA,NA,NA,NA,NA,NA,NA,NA,NA,NA,NA,NA,NA,NA,NA,NA,NA,NA,NA,NA,NA,NA,NA,NA,NA,NA,NA,NA,NA,NA,NA,NA,true,TRUE,TRUE,3358.797302018147,3398.059344250004,3358.9426097880764,39.26204223185687,39.26204223185687,7.999999999999954,FALSE,97.094,NA,NA,NA
nearly_gaussian,nearly Gaussian,NH,HT,5,1000,435,0.435,NA,TRUE,TRUE,TRUE,0,NA,-1671.569458055254,3359.138916110508,3398.400958342365,3359.284223880438,8,147.96300000000002,NA,3345.138916110508,3350.0466713894903,1.000000000000017,NA,HeckmanEM,NA,raw_AIC_BIC_implied_logLik,finite_logLik_no_explicit_code,3,3.2159534739064553,0.21595347390645525,0.4,0.5298694788913505,0.12986947889135048,NA,NA,NA,NA,NA,NA,NA,NA,NA,NA,NA,NA,NA,NA,-0.7,-0.6676324553775381,0.03236754462246183,0.15,0.14189015232485627,-0.00810984767514372,1,0.9680697440047116,-0.03193025599528831,5,4.80674457981033,-0.19325542018967037,1.5,1.3860136009529125,-0.11398639904708774,0.8,0.6605665929284608,-0.13943340707153928,39.26204223185687,39.262042231857095,-2.2737367544323206e-13,NA,NA,NA,NA,NA,NA,NA,NA,NA,NA,NA,NA,NA,NA,NA,NA,NA,NA,NA,NA,NA,NA,NA,NA,NA,NA,NA,NA,NA,NA,NA,NA,NA,NA,NA,NA,NA,NA,NA,NA,NA,NA,NA,NA,NA,NA,NA,NA,NA,NA,NA,NA,NA,NA,NA,NA,NA,NA,NA,NA,NA,NA,NA,NA,NA,NA,NA,NA,NA,NA,NA,NA,NA,NA,NA,NA,NA,NA,NA,NA,NA,NA,NA,NA,NA,NA,NA,NA,NA,NA,NA,NA,NA,NA,NA,NA,NA,NA,NA,NA,NA,NA,true,TRUE,TRUE,3359.138916110508,3398.400958342365,3359.2842238804374,39.26204223185687,39.26204223185687,7.999999999999954,FALSE,147.96300000000002,NA,NA,NA
nearly_gaussian,nearly Gaussian,NH,CN,5,1000,435,0.435,NA,TRUE,TRUE,TRUE,0,NA,-1671.3986510023174,3362.7973020046347,3411.874854794456,3363.0197489207117,10,269.52299999999997,NA,3344.7973020046347,3349.705057283617,1.000000000000017,NA,HeckmanEM,NA,raw_AIC_BIC_implied_logLik,finite_logLik_no_explicit_code,3,3.2345455999313044,0.2345455999313044,0.4,0.5280642168988777,0.1280642168988777,NA,NA,NA,NA,NA,NA,NA,NA,NA,NA,NA,NA,NA,NA,-0.7,-0.6659081863825381,0.03409181361746183,0.15,0.1414509596907377,-0.00854904030926229,1,0.9653715484693328,-0.03462845153066718,5,4.8135361428863135,-0.18646385711368652,1.5,1.383055842309715,-0.116944157690285,0.8,0.6598884635681098,-0.14011153643189023,49.07755278982131,49.07755278982137,-5.684341886080802e-14,NA,NA,NA,NA,NA,NA,NA,NA,NA,NA,NA,NA,NA,NA,NA,NA,NA,NA,NA,NA,NA,NA,NA,NA,NA,NA,NA,NA,NA,NA,NA,NA,NA,NA,NA,NA,NA,NA,NA,NA,NA,NA,NA,NA,NA,NA,NA,NA,NA,NA,NA,NA,NA,NA,NA,NA,NA,NA,NA,NA,NA,NA,NA,NA,NA,NA,NA,NA,NA,NA,NA,NA,NA,NA,NA,NA,NA,NA,NA,NA,NA,NA,NA,NA,NA,NA,NA,NA,NA,NA,NA,NA,NA,NA,NA,NA,NA,NA,NA,NA,NA,NA,true,TRUE,TRUE,3362.7973020046347,3411.874854794456,3363.0197489207117,49.07755278982131,49.07755278982131,9.999999999999988,FALSE,269.52299999999997,NA,NA,NA
nearly_gaussian,nearly Gaussian,NH,ESN,5,1000,435,0.435,NA,TRUE,TRUE,TRUE,0,CONVERGENCE: REL_REDUCTION_OF_F <= FACTR*EPSMCH,-1669.907978666554,3361.815957333108,3415.8012654019117,3362.083163810841,11,10197.919,NA,NA,NA,NA,10,stage2,1671.39416355791;1671.38978152597;1671.39672612007;1671.35249474426;1671.39822466872;1671.35297938152;1671.3491599313;1671.39844477563;1671.39852751594;1669.91335155518;1671.39872843378;1671.38792598841;1671.39596951299;1671.3986505616,proposed_likelihood,stage2,3,3.5182551871061247,0.5182551871061247,0.4,0.1629433869869165,-0.23705661301308353,NA,-1.4531562191702605,NA,NA,1.4925501278309257,NA,NA,1.330350316715334,NA,NA,1.330350316715334,NA,NA,NA,-0.7,-0.31054369217619054,0.3894563078238094,0.15,0.12794856452441283,-0.02205143547558716,1,0.8624940980894157,-0.13750590191058432,5,4.212266139118696,-0.7877338608813043,1.5,1.3747056678077387,-0.12529433219226127,0.8,0.6652625397952356,-0.1347374602047644,53.98530806880353,53.985308068803505,2.842170943040401e-14,NA,NA,NA,NA,NA,NA,NA,NA,NA,NA,NA,NA,NA,NA,NA,NA,NA,NA,NA,NA,NA,NA,NA,NA,NA,NA,NA,NA,NA,NA,NA,NA,NA,NA,NA,NA,NA,NA,NA,NA,NA,NA,NA,NA,NA,NA,NA,NA,NA,NA,NA,NA,NA,NA,NA,NA,NA,NA,NA,NA,NA,NA,NA,NA,NA,NA,NA,NA,NA,NA,NA,NA,NA,NA,NA,NA,NA,NA,NA,NA,NA,NA,NA,NA,NA,NA,NA,NA,NA,NA,NA,NA,NA,NA,NA,NA,NA,NA,NA,NA,NA,NA,true,TRUE,TRUE,3361.815957333108,3415.8012654019117,3362.083163810841,53.98530806880353,53.98530806880353,11.000000000000005,FALSE,10197.919,TRUE,TRUE,FALSE
nearly_gaussian,nearly Gaussian,NH,EST,5,1000,435,0.435,NA,TRUE,TRUE,TRUE,0,CONVERGENCE: REL_REDUCTION_OF_F <= FACTR*EPSMCH,-1681.8668196098272,3387.7336392196544,3446.62670256744,3388.049748642147,12,15664.068999999998,NA,NA,NA,NA,7,stage2,1681.86683127147;1e+12;1e+12;1681.86683649423;1e+12;1e+12;1681.86682038413;1e+12;1e+12;1681.87201171899;1e+12;1e+12;1681.86852837406;1e+12;1e+12;1681.87147116985;1e+12;1e+12;1681.86833616024;1e+12;1e+12;1681.87197782067;1e+12;1e+12;1681.86688295633;1e+12;1e+12;1681.87269191158;1e+12;1e+12;1681.8801848703;1e+12;1e+12;1681.86846040915;1e+12;1e+12;1681.86683684612;1e+12;1e+12;1681.86927709312;1e+12;1e+12,proposed_likelihood,stage2,3,4.016850004699206,1.0168500046992062,0.4,0.7818038572783469,0.38180385727834687,NA,-1.4925821305300957,NA,NA,-0.4692689780560936,NA,NA,1.4925821305300957,NA,NA,1.4925821305300957,NA,4,NA,-0.7,-0.2631074127692436,0.4368925872307563,0.15,0.124547009416198,-0.02545299058380198,1,0.8435810477038191,-0.15641895229618086,5,5.475234410018689,0.4752344100186887,1.5,1.4248791630646012,-0.07512083693539884,0.8,0.6693872743145607,-0.13061272568543936,58.893063347785755,58.89306334778564,1.1368683772161603e-13,NA,NA,NA,NA,NA,NA,NA,NA,NA,NA,NA,NA,NA,NA,NA,NA,NA,NA,NA,NA,NA,NA,NA,NA,NA,NA,NA,NA,NA,NA,NA,NA,NA,NA,NA,NA,NA,NA,NA,NA,NA,NA,NA,NA,NA,NA,NA,NA,NA,NA,NA,NA,NA,NA,NA,NA,NA,NA,NA,NA,NA,NA,NA,NA,NA,NA,NA,NA,NA,NA,NA,NA,NA,NA,NA,NA,NA,NA,NA,NA,NA,NA,NA,NA,NA,NA,NA,NA,NA,NA,NA,NA,NA,NA,NA,NA,NA,NA,NA,NA,NA,NA,true,TRUE,TRUE,3387.7336392196544,3446.62670256744,3388.049748642147,58.893063347785755,58.893063347785755,12.000000000000023,FALSE,15664.068999999998,TRUE,FALSE,TRUE
nearly_gaussian,nearly Gaussian,NH,NH,6,1000,421,0.421,NA,TRUE,TRUE,TRUE,0,NA,-1534.309515849101,3084.619031698202,3123.881073930059,3084.7643394681313,8,65.412,NA,3070.619031698202,3075.526786977184,1.000000000000017,NA,HeckmanEM,NA,raw_AIC_BIC_implied_logLik,finite_logLik_no_explicit_code,3,2.8034984584120455,-0.19650154158795452,0.4,0.5231121384628369,0.12311213846283686,NA,NA,NA,NA,NA,NA,NA,NA,NA,NA,NA,NA,NA,NA,-0.7,-0.8365567455791034,-0.13655674557910347,0.15,0.16128816287197742,0.01128816287197742,1,1.1630221581321765,0.16302215813217646,5,4.586413294851403,-0.41358670514859686,1.5,1.5258402999644842,0.02584029996448422,0.8,0.9243112230566476,0.12431122305664766,39.26204223185687,39.262042231857095,-2.2737367544323206e-13,NA,NA,NA,NA,NA,NA,NA,NA,NA,NA,NA,NA,NA,NA,NA,NA,NA,NA,NA,NA,NA,NA,NA,NA,NA,NA,NA,NA,NA,NA,NA,NA,NA,NA,NA,NA,NA,NA,NA,NA,NA,NA,NA,NA,NA,NA,NA,NA,NA,NA,NA,NA,NA,NA,NA,NA,NA,NA,NA,NA,NA,NA,NA,NA,NA,NA,NA,NA,NA,NA,NA,NA,NA,NA,NA,NA,NA,NA,NA,NA,NA,NA,NA,NA,NA,NA,NA,NA,NA,NA,NA,NA,NA,NA,NA,NA,NA,NA,NA,NA,NA,NA,true,TRUE,TRUE,3084.619031698202,3123.881073930059,3084.7643394681313,39.26204223185687,39.26204223185687,7.999999999999954,FALSE,65.412,NA,NA,NA
nearly_gaussian,nearly Gaussian,NH,HT,6,1000,421,0.421,NA,TRUE,TRUE,TRUE,0,NA,-1534.2992676471267,3084.5985352942535,3123.8605775261103,3084.743843064183,8,99.738,NA,3070.5985352942535,3075.5062905732357,1.000000000000017,NA,HeckmanEM,NA,raw_AIC_BIC_implied_logLik,finite_logLik_no_explicit_code,3,2.7841047320189407,-0.2158952679810593,0.4,0.523966039922697,0.12396603992269696,NA,NA,NA,NA,NA,NA,NA,NA,NA,NA,NA,NA,NA,NA,-0.7,-0.8398020660384548,-0.1398020660384548,0.15,0.16192655574182738,0.01192655574182738,1,1.1672782247981894,0.16727822479818943,5,4.584607504969453,-0.415392495030547,1.5,1.526985400790866,0.02698540079086608,0.8,0.9247664839987084,0.12476648399870828,39.26204223185687,39.262042231857095,-2.2737367544323206e-13,NA,NA,NA,NA,NA,NA,NA,NA,NA,NA,NA,NA,NA,NA,NA,NA,NA,NA,NA,NA,NA,NA,NA,NA,NA,NA,NA,NA,NA,NA,NA,NA,NA,NA,NA,NA,NA,NA,NA,NA,NA,NA,NA,NA,NA,NA,NA,NA,NA,NA,NA,NA,NA,NA,NA,NA,NA,NA,NA,NA,NA,NA,NA,NA,NA,NA,NA,NA,NA,NA,NA,NA,NA,NA,NA,NA,NA,NA,NA,NA,NA,NA,NA,NA,NA,NA,NA,NA,NA,NA,NA,NA,NA,NA,NA,NA,NA,NA,NA,NA,NA,NA,true,TRUE,TRUE,3084.5985352942535,3123.8605775261103,3084.743843064183,39.26204223185687,39.26204223185687,7.999999999999954,FALSE,99.738,NA,NA,NA
nearly_gaussian,nearly Gaussian,NH,CN,6,1000,421,0.421,NA,TRUE,TRUE,TRUE,0,NA,-1534.3094079102632,3088.6188158205264,3137.6963686103477,3088.8412627366033,10,499.908,NA,3070.6188158205264,3075.5265710995086,1.000000000000017,NA,HeckmanEM,NA,raw_AIC_BIC_implied_logLik,finite_logLik_no_explicit_code,3,2.7990185211400513,-0.20098147885994863,0.4,0.523332601464023,0.12333260146402304,NA,NA,NA,NA,NA,NA,NA,NA,NA,NA,NA,NA,NA,NA,-0.7,-0.8378485204573868,-0.13784852045738685,0.15,0.16153918816840668,0.01153918816840668,1,1.1648165647730888,0.1648165647730888,5,4.585813351234614,-0.41418664876538624,1.5,1.5258579991427084,0.02585799914270836,0.8,0.9243360489856812,0.12433604898568108,49.07755278982131,49.07755278982137,-5.684341886080802e-14,NA,NA,NA,NA,NA,NA,NA,NA,NA,NA,NA,NA,NA,NA,NA,NA,NA,NA,NA,NA,NA,NA,NA,NA,NA,NA,NA,NA,NA,NA,NA,NA,NA,NA,NA,NA,NA,NA,NA,NA,NA,NA,NA,NA,NA,NA,NA,NA,NA,NA,NA,NA,NA,NA,NA,NA,NA,NA,NA,NA,NA,NA,NA,NA,NA,NA,NA,NA,NA,NA,NA,NA,NA,NA,NA,NA,NA,NA,NA,NA,NA,NA,NA,NA,NA,NA,NA,NA,NA,NA,NA,NA,NA,NA,NA,NA,NA,NA,NA,NA,NA,NA,true,TRUE,TRUE,3088.6188158205264,3137.6963686103477,3088.8412627366033,49.07755278982131,49.07755278982131,9.999999999999988,FALSE,499.908,NA,NA,NA
nearly_gaussian,nearly Gaussian,NH,ESN,6,1000,421,0.421,NA,TRUE,TRUE,TRUE,0,CONVERGENCE: REL_REDUCTION_OF_F <= FACTR*EPSMCH,-1533.6135082576957,3089.2270165153914,3143.212324584195,3089.4942229931244,11,15125.518,NA,NA,NA,NA,6,stage2,1534.31298492635;1534.30983563584;1534.3104066395;1534.3098539425;1534.30954815491;1533.97063866658;1534.31303904933;1534.30823420336;1534.30955607715;1534.15707736728;1533.68526758859;1534.30993599015;1534.31118117347;1534.309515501,proposed_likelihood,stage2,3,2.8791714568193636,-0.1208285431806364,0.4,0.5530813875212439,0.1530813875212439,NA,1.4925821305300957,NA,NA,-0.23681743125545365,NA,NA,0.892707853984716,NA,NA,0.892707853984716,NA,NA,NA,-0.7,-1.088176858430757,-0.388176858430757,0.15,0.1328935823951269,-0.01710641760487308,1,0.9588089212507362,-0.04119107874926375,5,4.088934858522047,-0.9110651414779528,1.5,1.524726296142762,0.02472629614276189,0.8,0.9237463048182756,0.12374630481827552,53.98530806880353,53.985308068803505,2.842170943040401e-14,NA,NA,NA,NA,NA,NA,NA,NA,NA,NA,NA,NA,NA,NA,NA,NA,NA,NA,NA,NA,NA,NA,NA,NA,NA,NA,NA,NA,NA,NA,NA,NA,NA,NA,NA,NA,NA,NA,NA,NA,NA,NA,NA,NA,NA,NA,NA,NA,NA,NA,NA,NA,NA,NA,NA,NA,NA,NA,NA,NA,NA,NA,NA,NA,NA,NA,NA,NA,NA,NA,NA,NA,NA,NA,NA,NA,NA,NA,NA,NA,NA,NA,NA,NA,NA,NA,NA,NA,NA,NA,NA,NA,NA,NA,NA,NA,NA,NA,NA,NA,NA,NA,true,TRUE,TRUE,3089.2270165153914,3143.212324584195,3089.4942229931244,53.98530806880353,53.98530806880353,11.000000000000005,FALSE,15125.518,TRUE,FALSE,FALSE
nearly_gaussian,nearly Gaussian,NH,EST,6,1000,421,0.421,NA,TRUE,TRUE,TRUE,0,CONVERGENCE: REL_REDUCTION_OF_F <= FACTR*EPSMCH,-1540.637719087974,3105.275438175948,3164.168501523734,3105.5915475984407,12,18208.680999999997,NA,NA,NA,NA,1,stage2,1540.63772220114;1e+12;1e+12;1540.66809252475;1e+12;1e+12;1540.76855913333;1e+12;1e+12;1540.63777877088;1e+12;1e+12;1540.6670287112;1e+12;1e+12;1540.63774694882;1e+12;1e+12;1540.63774895798;1e+12;1e+12;1540.64298319441;1e+12;1e+12;1540.64959601637;1e+12;1e+12;1540.63772078896;1e+12;1e+12;1540.64590765343;1e+12;1e+12;1540.63774917631;1e+12;1e+12;1540.89206541626;1e+12;1e+12;1540.63772449377;1e+12;1e+12,proposed_likelihood,stage2,3,3.047583574051686,0.04758357405168612,0.4,0.7145958371928997,0.31459583719289963,NA,-1.0445327133284392,NA,NA,-0.5374336652962042,NA,NA,1.4925821305300957,NA,NA,1.4925821305300957,NA,4,NA,-0.7,-0.5612142493574331,0.13878575064256682,0.15,0.1544535323292497,0.00445353232924969,1,1.1078265623478851,0.10782656234788536,5,5.05475936256211,0.05475936256210989,1.5,1.5147098853735363,0.01470988537353634,0.8,0.93500760370819,0.1350076037081901,58.893063347785755,58.89306334778564,1.1368683772161603e-13,NA,NA,NA,NA,NA,NA,NA,NA,NA,NA,NA,NA,NA,NA,NA,NA,NA,NA,NA,NA,NA,NA,NA,NA,NA,NA,NA,NA,NA,NA,NA,NA,NA,NA,NA,NA,NA,NA,NA,NA,NA,NA,NA,NA,NA,NA,NA,NA,NA,NA,NA,NA,NA,NA,NA,NA,NA,NA,NA,NA,NA,NA,NA,NA,NA,NA,NA,NA,NA,NA,NA,NA,NA,NA,NA,NA,NA,NA,NA,NA,NA,NA,NA,NA,NA,NA,NA,NA,NA,NA,NA,NA,NA,NA,NA,NA,NA,NA,NA,NA,NA,NA,true,TRUE,TRUE,3105.275438175948,3164.1685015237335,3105.5915475984402,58.89306334778621,58.893063347785755,12.000000000000115,FALSE,18208.680999999997,FALSE,FALSE,TRUE
nearly_gaussian,nearly Gaussian,NH,NH,7,1000,460,0.46,NA,TRUE,TRUE,TRUE,0,NA,-1705.9113183569189,3427.8226367138377,3467.0846789456946,3427.967944483767,8,45.045,NA,3413.8226367138377,3418.73039199282,1.000000000000017,NA,HeckmanEM,NA,raw_AIC_BIC_implied_logLik,finite_logLik_no_explicit_code,3,3.067034278583843,0.06703427858384314,0.4,0.43138618011421587,0.03138618011421584,NA,NA,NA,NA,NA,NA,NA,NA,NA,NA,NA,NA,NA,NA,-0.7,-0.5926436160767289,0.10735638392327108,0.15,0.17698463762114364,0.02698463762114364,1,0.929819901952274,-0.07018009804772596,5,4.453273824154259,-0.5467261758457411,1.5,1.543692926837227,0.04369292683722703,0.8,0.9738118036956456,0.17381180369564542,39.26204223185687,39.262042231857095,-2.2737367544323206e-13,NA,NA,NA,NA,NA,NA,NA,NA,NA,NA,NA,NA,NA,NA,NA,NA,NA,NA,NA,NA,NA,NA,NA,NA,NA,NA,NA,NA,NA,NA,NA,NA,NA,NA,NA,NA,NA,NA,NA,NA,NA,NA,NA,NA,NA,NA,NA,NA,NA,NA,NA,NA,NA,NA,NA,NA,NA,NA,NA,NA,NA,NA,NA,NA,NA,NA,NA,NA,NA,NA,NA,NA,NA,NA,NA,NA,NA,NA,NA,NA,NA,NA,NA,NA,NA,NA,NA,NA,NA,NA,NA,NA,NA,NA,NA,NA,NA,NA,NA,NA,NA,NA,true,TRUE,TRUE,3427.8226367138377,3467.0846789456946,3427.967944483767,39.26204223185687,39.26204223185687,7.999999999999954,FALSE,45.045,NA,NA,NA
nearly_gaussian,nearly Gaussian,NH,HT,7,1000,460,0.46,NA,TRUE,TRUE,TRUE,0,NA,-1705.866399663449,3427.732799326898,3466.994841558755,3427.8781070968275,8,68.34700000000001,NA,3413.732799326898,3418.6405546058804,1.000000000000017,NA,HeckmanEM,NA,raw_AIC_BIC_implied_logLik,finite_logLik_no_explicit_code,3,3.032240229890466,0.03224022989046604,0.4,0.4350971643440905,0.03509716434409049,NA,NA,NA,NA,NA,NA,NA,NA,NA,NA,NA,NA,NA,NA,-0.7,-0.5960120705758593,0.1039879294241407,0.15,0.17806217875892943,0.02806217875892944,1,0.93457688982402,-0.06542311017598001,5,4.44504699438177,-0.5549530056182297,1.5,1.547948928151942,0.04794892815194207,0.8,0.9746036388333088,0.17460363883330876,39.26204223185687,39.262042231857095,-2.2737367544323206e-13,NA,NA,NA,NA,NA,NA,NA,NA,NA,NA,NA,NA,NA,NA,NA,NA,NA,NA,NA,NA,NA,NA,NA,NA,NA,NA,NA,NA,NA,NA,NA,NA,NA,NA,NA,NA,NA,NA,NA,NA,NA,NA,NA,NA,NA,NA,NA,NA,NA,NA,NA,NA,NA,NA,NA,NA,NA,NA,NA,NA,NA,NA,NA,NA,NA,NA,NA,NA,NA,NA,NA,NA,NA,NA,NA,NA,NA,NA,NA,NA,NA,NA,NA,NA,NA,NA,NA,NA,NA,NA,NA,NA,NA,NA,NA,NA,NA,NA,NA,NA,NA,NA,true,TRUE,TRUE,3427.732799326898,3466.994841558755,3427.8781070968275,39.26204223185687,39.26204223185687,7.999999999999954,FALSE,68.34700000000001,NA,NA,NA
nearly_gaussian,nearly Gaussian,NH,CN,7,1000,460,0.46,NA,TRUE,TRUE,TRUE,0,NA,-1705.905570209057,3431.811140418114,3480.8886932079354,3432.033587334191,10,513.066,NA,3413.811140418114,3418.7188956970963,1.000000000000017,NA,HeckmanEM,NA,raw_AIC_BIC_implied_logLik,finite_logLik_no_explicit_code,3,3.046313250246599,0.04631325024659905,0.4,0.4316363308808813,0.0316363308808813,NA,NA,NA,NA,NA,NA,NA,NA,NA,NA,NA,NA,NA,NA,-0.7,-0.5960568575164117,0.10394314248358828,0.15,0.17802794780556636,0.02802794780556636,1,0.9350761734401756,-0.06492382655982454,5,4.4530691268814,-0.5469308731186002,1.5,1.54469774627761,0.04469774627761014,0.8,0.9740147037926072,0.1740147037926072,49.07755278982131,49.07755278982137,-5.684341886080802e-14,NA,NA,NA,NA,NA,NA,NA,NA,NA,NA,NA,NA,NA,NA,NA,NA,NA,NA,NA,NA,NA,NA,NA,NA,NA,NA,NA,NA,NA,NA,NA,NA,NA,NA,NA,NA,NA,NA,NA,NA,NA,NA,NA,NA,NA,NA,NA,NA,NA,NA,NA,NA,NA,NA,NA,NA,NA,NA,NA,NA,NA,NA,NA,NA,NA,NA,NA,NA,NA,NA,NA,NA,NA,NA,NA,NA,NA,NA,NA,NA,NA,NA,NA,NA,NA,NA,NA,NA,NA,NA,NA,NA,NA,NA,NA,NA,NA,NA,NA,NA,NA,NA,true,TRUE,TRUE,3431.811140418114,3480.8886932079354,3432.033587334191,49.07755278982131,49.07755278982131,9.999999999999988,FALSE,513.066,NA,NA,NA
nearly_gaussian,nearly Gaussian,NH,ESN,7,1000,460,0.46,NA,TRUE,TRUE,TRUE,0,CONVERGENCE: REL_REDUCTION_OF_F <= FACTR*EPSMCH,-1704.9963367734922,3431.9926735469844,3485.977981615788,3432.2598800247174,11,17691.815000000002,NA,NA,NA,NA,6,stage2,1705.62533128812;1705.58263520463;1705.54737913734;1705.55153350229;1705.27250700484;1705.13539879338;1705.62594235547;1705.27175137991;1705.26845717562;1704.99840245903;1705.24040541944;1705.2622033548;1705.90889275852;1705.91131812083,proposed_likelihood,stage2,3,3.2613355907199932,0.26133559071999324,0.4,0.5231379518341258,0.1231379518341258,NA,1.4925821305300957,NA,NA,0.38911004483569167,NA,NA,0.9295873728871338,NA,NA,0.9295873728871338,NA,NA,NA,-0.7,-0.8743069443534105,-0.17430694435341054,0.15,0.14519632575264868,-0.00480367424735131,1,0.7636628578753805,-0.2363371421246195,5,3.6195346251429137,-1.3804653748570868,1.5,1.542526488662428,0.04252648866242792,0.8,0.970513915027355,0.1705139150273549,53.98530806880353,53.985308068803505,2.842170943040401e-14,NA,NA,NA,NA,NA,NA,NA,NA,NA,NA,NA,NA,NA,NA,NA,NA,NA,NA,NA,NA,NA,NA,NA,NA,NA,NA,NA,NA,NA,NA,NA,NA,NA,NA,NA,NA,NA,NA,NA,NA,NA,NA,NA,NA,NA,NA,NA,NA,NA,NA,NA,NA,NA,NA,NA,NA,NA,NA,NA,NA,NA,NA,NA,NA,NA,NA,NA,NA,NA,NA,NA,NA,NA,NA,NA,NA,NA,NA,NA,NA,NA,NA,NA,NA,NA,NA,NA,NA,NA,NA,NA,NA,NA,NA,NA,NA,NA,NA,NA,NA,NA,NA,true,TRUE,TRUE,3431.9926735469844,3485.977981615788,3432.2598800247174,53.98530806880353,53.98530806880353,11.000000000000005,FALSE,17691.815000000002,TRUE,FALSE,FALSE
nearly_gaussian,nearly Gaussian,NH,EST,7,1000,460,0.46,NA,TRUE,TRUE,TRUE,0,CONVERGENCE: REL_REDUCTION_OF_F <= FACTR*EPSMCH,-1714.4428153768124,3452.885630753625,3511.7786941014106,3453.2017401761173,12,17080.747999999996,NA,NA,NA,NA,16,stage2,1714.4428259055;1e+12;1e+12;1714.44281727455;1e+12;1e+12;1714.44283389901;1e+12;1e+12;1714.44281607031;1e+12;1e+12;1714.44284659908;1e+12;1e+12;1714.44281564019;1e+12;1e+12;1714.44286568375;1e+12;1e+12;1714.44285193663;1e+12;1e+12;1714.44415750174;1e+12;1e+12;1714.44362610322;1e+12;1e+12;1714.44348846787;1e+12;1e+12;1714.44385644984;1e+12;1e+12;1714.44367501628;1e+12;1e+12;1714.44287600045;1e+12;1e+12,proposed_likelihood,stage2,3,3.1635798544583307,0.16357985445833068,0.4,0.633262752843073,0.23326275284307296,NA,-0.7401480601394308,NA,NA,-0.5378957799659452,NA,NA,1.4925821305300957,NA,NA,1.4925821305300957,NA,4,NA,-0.7,-0.42138342954024727,0.2786165704597527,0.15,0.17691369214428407,0.02691369214428407,1,0.928215821936476,-0.07178417806352388,5,4.7106313366944494,-0.28936866330555056,1.5,1.585074606111526,0.08507460611152595,0.8,0.9839584804228788,0.18395848042287877,58.893063347785755,58.89306334778564,1.1368683772161603e-13,NA,NA,NA,NA,NA,NA,NA,NA,NA,NA,NA,NA,NA,NA,NA,NA,NA,NA,NA,NA,NA,NA,NA,NA,NA,NA,NA,NA,NA,NA,NA,NA,NA,NA,NA,NA,NA,NA,NA,NA,NA,NA,NA,NA,NA,NA,NA,NA,NA,NA,NA,NA,NA,NA,NA,NA,NA,NA,NA,NA,NA,NA,NA,NA,NA,NA,NA,NA,NA,NA,NA,NA,NA,NA,NA,NA,NA,NA,NA,NA,NA,NA,NA,NA,NA,NA,NA,NA,NA,NA,NA,NA,NA,NA,NA,NA,NA,NA,NA,NA,NA,NA,true,TRUE,TRUE,3452.885630753625,3511.7786941014106,3453.2017401761173,58.893063347785755,58.893063347785755,12.000000000000023,FALSE,17080.747999999996,FALSE,FALSE,TRUE
nearly_gaussian,nearly Gaussian,NH,NH,8,1000,422,0.422,NA,TRUE,TRUE,TRUE,0,NA,-1627.6426031605877,3271.2852063211753,3310.5472485530327,3271.4305140911047,8,41.456,NA,3257.2852063211753,3262.1929616001576,1.000000000000017,NA,HeckmanEM,NA,raw_AIC_BIC_implied_logLik,finite_logLik_no_explicit_code,3,3.003996676952584,0.00399667695258409,0.4,0.1270335521135754,-0.27296644788642466,NA,NA,NA,NA,NA,NA,NA,NA,NA,NA,NA,NA,NA,NA,-0.7,-0.7174458704330787,-0.01744587043307877,0.15,0.1351639885924365,-0.01483601140756349,1,1.0159400938954355,0.01594009389543549,5,5.915344012441767,0.9153440124417668,1.5,1.6059873669561446,0.10598736695614464,0.8,0.6115812136552816,-0.18841878634471845,39.26204223185732,39.262042231857095,2.2737367544323206e-13,NA,NA,NA,NA,NA,NA,NA,NA,NA,NA,NA,NA,NA,NA,NA,NA,NA,NA,NA,NA,NA,NA,NA,NA,NA,NA,NA,NA,NA,NA,NA,NA,NA,NA,NA,NA,NA,NA,NA,NA,NA,NA,NA,NA,NA,NA,NA,NA,NA,NA,NA,NA,NA,NA,NA,NA,NA,NA,NA,NA,NA,NA,NA,NA,NA,NA,NA,NA,NA,NA,NA,NA,NA,NA,NA,NA,NA,NA,NA,NA,NA,NA,NA,NA,NA,NA,NA,NA,NA,NA,NA,NA,NA,NA,NA,NA,NA,NA,NA,NA,NA,NA,true,TRUE,TRUE,3271.2852063211753,3310.5472485530327,3271.4305140911047,39.26204223185732,39.26204223185732,8.000000000000046,FALSE,41.456,NA,NA,NA
nearly_gaussian,nearly Gaussian,NH,HT,8,1000,422,0.422,NA,TRUE,TRUE,TRUE,0,NA,-1625.6144570272406,3267.2289140544813,3306.4909562863386,3267.3742218244106,8,44.715999999999994,NA,3253.2289140544813,3258.1366693334635,1.000000000000017,NA,HeckmanEM,NA,raw_AIC_BIC_implied_logLik,finite_logLik_no_explicit_code,3,2.7509198426124177,-0.24908015738758227,0.4,0.14008182727842894,-0.2599181727215711,NA,NA,NA,NA,NA,NA,NA,NA,NA,NA,NA,NA,NA,NA,-0.7,-0.7472843357162852,-0.04728433571628521,0.15,0.14164282343498713,-0.00835717656501286,1,1.0549372919438225,0.05493729194382246,5,5.924114959719254,0.9241149597192536,1.5,1.6199203772919877,0.11992037729198768,0.8,0.6008465368705369,-0.1991534631294631,39.26204223185732,39.262042231857095,2.2737367544323206e-13,NA,NA,NA,NA,NA,NA,NA,NA,NA,NA,NA,NA,NA,NA,NA,NA,NA,NA,NA,NA,NA,NA,NA,NA,NA,NA,NA,NA,NA,NA,NA,NA,NA,NA,NA,NA,NA,NA,NA,NA,NA,NA,NA,NA,NA,NA,NA,NA,NA,NA,NA,NA,NA,NA,NA,NA,NA,NA,NA,NA,NA,NA,NA,NA,NA,NA,NA,NA,NA,NA,NA,NA,NA,NA,NA,NA,NA,NA,NA,NA,NA,NA,NA,NA,NA,NA,NA,NA,NA,NA,NA,NA,NA,NA,NA,NA,NA,NA,NA,NA,NA,NA,true,TRUE,TRUE,3267.2289140544813,3306.4909562863386,3267.3742218244106,39.26204223185732,39.26204223185732,8.000000000000046,FALSE,44.715999999999994,NA,NA,NA
nearly_gaussian,nearly Gaussian,NH,CN,8,1000,422,0.422,NA,TRUE,TRUE,TRUE,0,NA,-1625.7051776866217,3271.410355373243,3320.4879081630643,3271.63280228932,10,538.2049999999999,NA,3253.410355373243,3258.318110652225,1.000000000000017,NA,HeckmanEM,NA,raw_AIC_BIC_implied_logLik,finite_logLik_no_explicit_code,3,2.5979925424249473,-0.40200745757505274,0.4,0.1395727483981343,-0.26042725160186575,NA,NA,NA,NA,NA,NA,NA,NA,NA,NA,NA,NA,NA,NA,-0.7,-0.7950683024535946,-0.09506830245359466,0.15,0.15054483470362273,5.448347036227374e-4,1,1.1222113827834013,0.12221138278340128,5,5.9188844177793305,0.9188844177793304,1.5,1.6226451680105345,0.12264516801053428,0.8,0.6034373828949524,-0.19656261710504763,49.07755278982131,49.07755278982137,-5.684341886080802e-14,NA,NA,NA,NA,NA,NA,NA,NA,NA,NA,NA,NA,NA,NA,NA,NA,NA,NA,NA,NA,NA,NA,NA,NA,NA,NA,NA,NA,NA,NA,NA,NA,NA,NA,NA,NA,NA,NA,NA,NA,NA,NA,NA,NA,NA,NA,NA,NA,NA,NA,NA,NA,NA,NA,NA,NA,NA,NA,NA,NA,NA,NA,NA,NA,NA,NA,NA,NA,NA,NA,NA,NA,NA,NA,NA,NA,NA,NA,NA,NA,NA,NA,NA,NA,NA,NA,NA,NA,NA,NA,NA,NA,NA,NA,NA,NA,NA,NA,NA,NA,NA,NA,true,TRUE,TRUE,3271.4103553732434,3320.4879081630647,3271.6328022893204,49.07755278982131,49.07755278982131,9.999999999999988,FALSE,538.2049999999999,NA,NA,NA
nearly_gaussian,nearly Gaussian,NH,ESN,8,1000,422,0.422,NA,TRUE,TRUE,TRUE,0,CONVERGENCE: REL_REDUCTION_OF_F <= FACTR*EPSMCH,-1626.7531409220285,3275.506281844057,3329.4915899128605,3275.77348832179,11,10663.332,NA,NA,NA,NA,9,stage2,1627.64195769511;1627.64413871138;1626.77567341487;1627.64253170571;1626.76339333486;1627.64165965571;1627.64259177829;1626.79288714832;1626.75316422123;1627.64142611794;1626.75805518637;1626.80753858193;1627.6424159839;1627.64260270574,proposed_likelihood,stage2,3,3.412598866062821,0.41259886606282103,0.4,-0.16741091875433195,-0.5674109187543319,NA,1.487365352436814,NA,NA,-0.9376671712194452,NA,NA,-1.4096566040698753,NA,NA,-1.4096566040698753,NA,NA,NA,-0.7,-1.4884762485234353,-0.7884762485234353,0.15,0.10380643724606103,-0.04619356275393894,1,0.7815732546456832,-0.21842674535431683,5,8.237067550088573,3.2370675500885735,1.5,1.6134649226290052,0.1134649226290052,0.8,0.6065183350816279,-0.19348166491837215,53.98530806880353,53.985308068803505,2.842170943040401e-14,NA,NA,NA,NA,NA,NA,NA,NA,NA,NA,NA,NA,NA,NA,NA,NA,NA,NA,NA,NA,NA,NA,NA,NA,NA,NA,NA,NA,NA,NA,NA,NA,NA,NA,NA,NA,NA,NA,NA,NA,NA,NA,NA,NA,NA,NA,NA,NA,NA,NA,NA,NA,NA,NA,NA,NA,NA,NA,NA,NA,NA,NA,NA,NA,NA,NA,NA,NA,NA,NA,NA,NA,NA,NA,NA,NA,NA,NA,NA,NA,NA,NA,NA,NA,NA,NA,NA,NA,NA,NA,NA,NA,NA,NA,NA,NA,NA,NA,NA,NA,NA,NA,true,TRUE,TRUE,3275.506281844057,3329.4915899128605,3275.77348832179,53.98530806880353,53.98530806880353,11.000000000000005,FALSE,10663.332,TRUE,FALSE,FALSE
nearly_gaussian,nearly Gaussian,NH,EST,8,1000,422,0.422,NA,TRUE,TRUE,TRUE,0,CONVERGENCE: REL_REDUCTION_OF_F <= FACTR*EPSMCH,-1629.0059586297066,3282.011917259413,3340.904980607199,3282.3280266819056,12,18859.542,NA,NA,NA,NA,10,stage2,1629.00615741091;1e+12;1e+12;1629.01138742014;1e+12;1e+12;1629.00614553146;1e+12;1e+12;1629.00596027447;1e+12;1e+12;1629.0076230916;1e+12;1e+12;1629.00606705485;1e+12;1e+12;1629.00723274353;1e+12;1e+12;1629.01936093735;1e+12;1e+12;1629.03411571504;1e+12;1e+12;1629.00599613713;1e+12;1e+12;1629.01142800654;1e+12;1e+12;1629.01540117888;1e+12;1e+12;1629.00899453738;1e+12;1e+12;1629.01025469174;1e+12;1e+12,proposed_likelihood,stage2,3,2.800994343958599,-0.19900565604140089,0.4,0.3444932661954929,-0.0555067338045071,NA,-0.973437183507612,NA,NA,-0.3499508137897056,NA,NA,1.4925821305300957,NA,NA,1.4925821305300957,NA,4,NA,-0.7,-0.4794015789381752,0.22059842106182476,0.15,0.13310170589335285,-0.01689829410664714,1,0.9823304600555528,-0.0176695399444472,5,6.152719977156832,1.1527199771568322,1.5,1.630677333772811,0.1306773337728111,0.8,0.5824347124763184,-0.21756528752368165,58.893063347785755,58.89306334778564,1.1368683772161603e-13,NA,NA,NA,NA,NA,NA,NA,NA,NA,NA,NA,NA,NA,NA,NA,NA,NA,NA,NA,NA,NA,NA,NA,NA,NA,NA,NA,NA,NA,NA,NA,NA,NA,NA,NA,NA,NA,NA,NA,NA,NA,NA,NA,NA,NA,NA,NA,NA,NA,NA,NA,NA,NA,NA,NA,NA,NA,NA,NA,NA,NA,NA,NA,NA,NA,NA,NA,NA,NA,NA,NA,NA,NA,NA,NA,NA,NA,NA,NA,NA,NA,NA,NA,NA,NA,NA,NA,NA,NA,NA,NA,NA,NA,NA,NA,NA,NA,NA,NA,NA,NA,NA,true,TRUE,TRUE,3282.011917259413,3340.904980607199,3282.3280266819056,58.893063347785755,58.893063347785755,12.000000000000023,FALSE,18859.542,FALSE,FALSE,TRUE
nearly_gaussian,nearly Gaussian,NH,NH,9,1000,426,0.426,NA,TRUE,TRUE,TRUE,0,NA,-1603.6343343730812,3223.2686687461623,3262.5307109780197,3223.4139765160917,8,31.036,NA,3209.2686687461623,3214.176424025145,1.000000000000017,NA,HeckmanEM,NA,raw_AIC_BIC_implied_logLik,finite_logLik_no_explicit_code,3,2.8484837096178057,-0.15151629038219427,0.4,0.242605889616954,-0.15739411038304602,NA,NA,NA,NA,NA,NA,NA,NA,NA,NA,NA,NA,NA,NA,-0.7,-0.6957293722155575,0.00427062778444242,0.15,0.16266625309603963,0.01266625309603963,1,0.9627360654616548,-0.03726393453834531,5,5.625432377817205,0.6254323778172051,1.5,1.4715287944664062,-0.02847120553359383,0.8,0.7618549180708111,-0.03814508192918897,39.26204223185732,39.262042231857095,2.2737367544323206e-13,NA,NA,NA,NA,NA,NA,NA,NA,NA,NA,NA,NA,NA,NA,NA,NA,NA,NA,NA,NA,NA,NA,NA,NA,NA,NA,NA,NA,NA,NA,NA,NA,NA,NA,NA,NA,NA,NA,NA,NA,NA,NA,NA,NA,NA,NA,NA,NA,NA,NA,NA,NA,NA,NA,NA,NA,NA,NA,NA,NA,NA,NA,NA,NA,NA,NA,NA,NA,NA,NA,NA,NA,NA,NA,NA,NA,NA,NA,NA,NA,NA,NA,NA,NA,NA,NA,NA,NA,NA,NA,NA,NA,NA,NA,NA,NA,NA,NA,NA,NA,NA,NA,true,TRUE,TRUE,3223.2686687461623,3262.5307109780197,3223.4139765160917,39.26204223185732,39.26204223185732,8.000000000000046,FALSE,31.036,NA,NA,NA
nearly_gaussian,nearly Gaussian,NH,HT,9,1000,426,0.426,NA,TRUE,TRUE,TRUE,0,NA,-1603.098889826923,3222.197779653846,3261.4598218857027,3222.343087423775,8,61.03000000000001,NA,3208.197779653846,3213.105534932828,1.000000000000017,NA,HeckmanEM,NA,raw_AIC_BIC_implied_logLik,finite_logLik_no_explicit_code,3,2.738405744343346,-0.2615942556566542,0.4,0.2499695438688643,-0.15003045613113572,NA,NA,NA,NA,NA,NA,NA,NA,NA,NA,NA,NA,NA,NA,-0.7,-0.7075718887095277,-0.00757188870952774,0.15,0.1657107084597562,0.01571070845975619,1,0.9772283875371042,-0.02277161246289583,5,5.617889749674535,0.6178897496745348,1.5,1.4617976189561133,-0.03820238104388673,0.8,0.760746369858577,-0.03925363014142302,39.26204223185687,39.262042231857095,-2.2737367544323206e-13,NA,NA,NA,NA,NA,NA,NA,NA,NA,NA,NA,NA,NA,NA,NA,NA,NA,NA,NA,NA,NA,NA,NA,NA,NA,NA,NA,NA,NA,NA,NA,NA,NA,NA,NA,NA,NA,NA,NA,NA,NA,NA,NA,NA,NA,NA,NA,NA,NA,NA,NA,NA,NA,NA,NA,NA,NA,NA,NA,NA,NA,NA,NA,NA,NA,NA,NA,NA,NA,NA,NA,NA,NA,NA,NA,NA,NA,NA,NA,NA,NA,NA,NA,NA,NA,NA,NA,NA,NA,NA,NA,NA,NA,NA,NA,NA,NA,NA,NA,NA,NA,NA,true,TRUE,TRUE,3222.197779653846,3261.4598218857027,3222.343087423775,39.26204223185687,39.26204223185687,7.999999999999954,FALSE,61.03000000000001,NA,NA,NA
nearly_gaussian,nearly Gaussian,NH,CN,9,1000,426,0.426,NA,TRUE,TRUE,TRUE,0,NA,-1602.9729988634797,3225.9459977269594,3275.0235505167807,3226.1684446430363,10,532.7280000000001,NA,3207.9459977269594,3212.8537530059416,1.000000000000017,NA,HeckmanEM,NA,raw_AIC_BIC_implied_logLik,finite_logLik_no_explicit_code,3,2.651223871999639,-0.34877612800036095,0.4,0.25017294592410194,-0.14982705407589808,NA,NA,NA,NA,NA,NA,NA,NA,NA,NA,NA,NA,NA,NA,-0.7,-0.7284628393923518,-0.02846283939235183,0.15,0.17041800111848776,0.02041800111848776,1,1.0065462234329294,0.00654622343292943,5,5.631144100142774,0.631144100142774,1.5,1.4560719276931156,-0.04392807230688445,0.8,0.7543947685538364,-0.04560523144616368,49.07755278982131,49.07755278982137,-5.684341886080802e-14,NA,NA,NA,NA,NA,NA,NA,NA,NA,NA,NA,NA,NA,NA,NA,NA,NA,NA,NA,NA,NA,NA,NA,NA,NA,NA,NA,NA,NA,NA,NA,NA,NA,NA,NA,NA,NA,NA,NA,NA,NA,NA,NA,NA,NA,NA,NA,NA,NA,NA,NA,NA,NA,NA,NA,NA,NA,NA,NA,NA,NA,NA,NA,NA,NA,NA,NA,NA,NA,NA,NA,NA,NA,NA,NA,NA,NA,NA,NA,NA,NA,NA,NA,NA,NA,NA,NA,NA,NA,NA,NA,NA,NA,NA,NA,NA,NA,NA,NA,NA,NA,NA,true,TRUE,TRUE,3225.9459977269594,3275.0235505167807,3226.1684446430363,49.07755278982131,49.07755278982131,9.999999999999988,FALSE,532.7280000000001,NA,NA,NA
nearly_gaussian,nearly Gaussian,NH,ESN,9,1000,426,0.426,NA,TRUE,TRUE,TRUE,0,CONVERGENCE: REL_REDUCTION_OF_F <= FACTR*EPSMCH,-1602.7674167974592,3227.5348335949184,3281.520141663722,3227.8020400726514,11,10724.557,NA,NA,NA,NA,11,stage2,1603.63306813206;1603.63376070737;1603.63169245498;1603.63438292559;1602.86057182191;1603.63432203943;1603.63438701817;1602.99921130467;1602.7712505714;1603.47192966505;1602.83046183167;1603.63260878725;1603.63391180799;1603.6343339019,proposed_likelihood,stage2,3,2.9288136035773085,-0.07118639642269153,0.4,0.320293408524793,-0.07970659147520703,NA,1.4925821305300957,NA,NA,0.3266840487459899,NA,NA,0.9005011333430064,NA,NA,0.9005011333430064,NA,NA,NA,-0.7,-0.9678331729795436,-0.2678331729795438,0.15,0.13427685761665042,-0.01572314238334957,1,0.7951556665552801,-0.20484433344471983,5,5.109432240550591,0.10943224055059098,1.5,1.4706636578800576,-0.0293363421199424,0.8,0.7617920515149375,-0.03820794848506259,53.98530806880353,53.985308068803505,2.842170943040401e-14,NA,NA,NA,NA,NA,NA,NA,NA,NA,NA,NA,NA,NA,NA,NA,NA,NA,NA,NA,NA,NA,NA,NA,NA,NA,NA,NA,NA,NA,NA,NA,NA,NA,NA,NA,NA,NA,NA,NA,NA,NA,NA,NA,NA,NA,NA,NA,NA,NA,NA,NA,NA,NA,NA,NA,NA,NA,NA,NA,NA,NA,NA,NA,NA,NA,NA,NA,NA,NA,NA,NA,NA,NA,NA,NA,NA,NA,NA,NA,NA,NA,NA,NA,NA,NA,NA,NA,NA,NA,NA,NA,NA,NA,NA,NA,NA,NA,NA,NA,NA,NA,NA,true,TRUE,TRUE,3227.5348335949184,3281.520141663722,3227.8020400726514,53.98530806880353,53.98530806880353,11.000000000000005,FALSE,10724.557,TRUE,FALSE,FALSE
nearly_gaussian,nearly Gaussian,NH,EST,9,1000,426,0.426,NA,TRUE,TRUE,TRUE,0,CONVERGENCE: REL_REDUCTION_OF_F <= FACTR*EPSMCH,-1609.8652136966598,3243.7304273933196,3302.6234907411053,3244.046536815812,12,17986.252999999997,NA,NA,NA,NA,4,stage2,1609.86526060461;1e+12;1e+12;1609.86521422192;1e+12;1e+12;1609.86760387494;1e+12;1e+12;1609.86525563548;1e+12;1e+12;1609.8652198622;1e+12;1e+12;1609.8655567385;1e+12;1e+12;1609.87456818676;1e+12;1e+12;1609.86526430658;1e+12;1e+12;1609.86522202653;1e+12;1e+12;1609.86640951977;1e+12;1e+12;1609.86523546532;1e+12;1e+12;1609.865216133;1e+12;1e+12;1609.86622210374;1e+12;1e+12;1609.86522018046;1e+12;1e+12,proposed_likelihood,stage2,3,2.9671170106393707,-0.03288298936062928,0.4,0.5026096132965908,0.1026096132965908,NA,-0.8704149978485696,NA,NA,-0.689702520181218,NA,NA,1.4925821305300957,NA,NA,1.4925821305300957,NA,4,NA,-0.7,-0.4834706229883291,0.2165293770116708,0.15,0.16138313562085715,0.01138313562085716,1,0.936011042563497,-0.06398895743650301,5,5.9212129277465335,0.9212129277465336,1.5,1.436902407262098,-0.06309759273790205,0.8,0.7943412223598191,-0.00565877764018096,58.893063347785755,58.89306334778564,1.1368683772161603e-13,NA,NA,NA,NA,NA,NA,NA,NA,NA,NA,NA,NA,NA,NA,NA,NA,NA,NA,NA,NA,NA,NA,NA,NA,NA,NA,NA,NA,NA,NA,NA,NA,NA,NA,NA,NA,NA,NA,NA,NA,NA,NA,NA,NA,NA,NA,NA,NA,NA,NA,NA,NA,NA,NA,NA,NA,NA,NA,NA,NA,NA,NA,NA,NA,NA,NA,NA,NA,NA,NA,NA,NA,NA,NA,NA,NA,NA,NA,NA,NA,NA,NA,NA,NA,NA,NA,NA,NA,NA,NA,NA,NA,NA,NA,NA,NA,NA,NA,NA,NA,NA,NA,true,TRUE,TRUE,3243.7304273933196,3302.6234907411053,3244.046536815812,58.893063347785755,58.893063347785755,12.000000000000023,FALSE,17986.252999999997,FALSE,FALSE,TRUE
nearly_gaussian,nearly Gaussian,NH,NH,10,1000,425,0.425,NA,TRUE,TRUE,TRUE,0,NA,-1592.328371475941,3200.656742951882,3239.9187851837387,3200.802050721811,8,41.968,NA,3186.656742951882,3191.564498230864,1.000000000000017,NA,HeckmanEM,NA,raw_AIC_BIC_implied_logLik,finite_logLik_no_explicit_code,3,2.897580719795194,-0.10241928020480584,0.4,0.22808625554579692,-0.1719137444542031,NA,NA,NA,NA,NA,NA,NA,NA,NA,NA,NA,NA,NA,NA,-0.7,-0.853165663863645,-0.15316566386364505,0.15,0.17639218463885203,0.02639218463885204,1,1.1713570467879717,0.1713570467879717,5,5.147852528966265,0.14785252896626488,1.5,1.2463731451099844,-0.2536268548900156,0.8,0.8941888073852653,0.09418880738526524,39.26204223185687,39.262042231857095,-2.2737367544323206e-13,NA,NA,NA,NA,NA,NA,NA,NA,NA,NA,NA,NA,NA,NA,NA,NA,NA,NA,NA,NA,NA,NA,NA,NA,NA,NA,NA,NA,NA,NA,NA,NA,NA,NA,NA,NA,NA,NA,NA,NA,NA,NA,NA,NA,NA,NA,NA,NA,NA,NA,NA,NA,NA,NA,NA,NA,NA,NA,NA,NA,NA,NA,NA,NA,NA,NA,NA,NA,NA,NA,NA,NA,NA,NA,NA,NA,NA,NA,NA,NA,NA,NA,NA,NA,NA,NA,NA,NA,NA,NA,NA,NA,NA,NA,NA,NA,NA,NA,NA,NA,NA,NA,true,TRUE,TRUE,3200.656742951882,3239.9187851837387,3200.802050721811,39.26204223185687,39.26204223185687,7.999999999999954,FALSE,41.968,NA,NA,NA
nearly_gaussian,nearly Gaussian,NH,HT,10,1000,425,0.425,NA,TRUE,TRUE,TRUE,0,NA,-1592.0390622657071,3200.0781245314142,3239.3401667632716,3200.2234323013436,8,70.07300000000001,NA,3186.0781245314142,3190.9858798103965,1.000000000000017,NA,HeckmanEM,NA,raw_AIC_BIC_implied_logLik,finite_logLik_no_explicit_code,3,2.805307851727441,-0.19469214827255943,0.4,0.21870313375109043,-0.1812968662489096,NA,NA,NA,NA,NA,NA,NA,NA,NA,NA,NA,NA,NA,NA,-0.7,-0.8694306341400501,-0.1694306341400501,0.15,0.1795918898931685,0.02959188989316849,1,1.1917624890058762,0.19176248900587625,5,5.170551308664966,0.17055130866496615,1.5,1.2502700849621509,-0.2497299150378491,0.8,0.8947649243720334,0.09476492437203332,39.26204223185732,39.262042231857095,2.2737367544323206e-13,NA,NA,NA,NA,NA,NA,NA,NA,NA,NA,NA,NA,NA,NA,NA,NA,NA,NA,NA,NA,NA,NA,NA,NA,NA,NA,NA,NA,NA,NA,NA,NA,NA,NA,NA,NA,NA,NA,NA,NA,NA,NA,NA,NA,NA,NA,NA,NA,NA,NA,NA,NA,NA,NA,NA,NA,NA,NA,NA,NA,NA,NA,NA,NA,NA,NA,NA,NA,NA,NA,NA,NA,NA,NA,NA,NA,NA,NA,NA,NA,NA,NA,NA,NA,NA,NA,NA,NA,NA,NA,NA,NA,NA,NA,NA,NA,NA,NA,NA,NA,NA,NA,true,TRUE,TRUE,3200.0781245314142,3239.3401667632716,3200.2234323013436,39.26204223185732,39.26204223185732,8.000000000000046,FALSE,70.07300000000001,NA,NA,NA
nearly_gaussian,nearly Gaussian,NH,CN,10,1000,425,0.425,NA,TRUE,TRUE,TRUE,0,NA,-1592.1746484088656,3204.349296817731,3253.4268496075524,3204.571743733808,10,536.7740000000001,NA,3186.349296817731,3191.2570520967133,1.000000000000017,NA,HeckmanEM,NA,raw_AIC_BIC_implied_logLik,finite_logLik_no_explicit_code,3,2.8019973370649804,-0.19800266293501956,0.4,0.22041671978456645,-0.17958328021543357,NA,NA,NA,NA,NA,NA,NA,NA,NA,NA,NA,NA,NA,NA,-0.7,-0.8746845350769109,-0.17468453507691095,0.15,0.1807812726906976,0.03078127269069758,1,1.1999369374942888,0.19993693749428876,5,5.1660481636265,0.16604816362649988,1.5,1.2524988634784997,-0.2475011365215003,0.8,0.8934186518730591,0.09341865187305907,49.07755278982131,49.07755278982137,-5.684341886080802e-14,NA,NA,NA,NA,NA,NA,NA,NA,NA,NA,NA,NA,NA,NA,NA,NA,NA,NA,NA,NA,NA,NA,NA,NA,NA,NA,NA,NA,NA,NA,NA,NA,NA,NA,NA,NA,NA,NA,NA,NA,NA,NA,NA,NA,NA,NA,NA,NA,NA,NA,NA,NA,NA,NA,NA,NA,NA,NA,NA,NA,NA,NA,NA,NA,NA,NA,NA,NA,NA,NA,NA,NA,NA,NA,NA,NA,NA,NA,NA,NA,NA,NA,NA,NA,NA,NA,NA,NA,NA,NA,NA,NA,NA,NA,NA,NA,NA,NA,NA,NA,NA,NA,true,TRUE,TRUE,3204.349296817731,3253.4268496075524,3204.571743733808,49.07755278982131,49.07755278982131,9.999999999999988,FALSE,536.7740000000001,NA,NA,NA
nearly_gaussian,nearly Gaussian,NH,ESN,10,1000,425,0.425,NA,TRUE,TRUE,TRUE,0,CONVERGENCE: REL_REDUCTION_OF_F <= FACTR*EPSMCH,-1591.353159378894,3204.7063187577883,3258.691626826592,3204.9735252355213,11,15788.112,NA,NA,NA,NA,8,stage2,1591.36966425479;1591.60106181649;1591.36042525423;1591.89838275843;1591.35547976916;1591.92315234695;1591.94818625159;1591.35359124859;1591.35503907747;1591.35767342961;1591.3595307793;1591.35727859115;1592.32810140115;1592.3283711048,proposed_likelihood,stage2,3,3.033204742966894,0.0332047429668938,0.4,0.07068267258062651,-0.32931732741937353,NA,1.4925821305300957,NA,NA,-1.0321451729021216,NA,NA,0.5509228280843919,NA,NA,0.5509228280843919,NA,NA,NA,-0.7,-1.1668242883064013,-0.4668242883064013,0.15,0.14888156341119457,-0.00111843658880542,1,0.991038940035499,-0.00896105996450102,5,5.828605204024717,0.8286052040247167,1.5,1.2371171832938304,-0.26288281670616964,0.8,0.8950810149054031,0.0950810149054031,53.98530806880353,53.985308068803505,2.842170943040401e-14,NA,NA,NA,NA,NA,NA,NA,NA,NA,NA,NA,NA,NA,NA,NA,NA,NA,NA,NA,NA,NA,NA,NA,NA,NA,NA,NA,NA,NA,NA,NA,NA,NA,NA,NA,NA,NA,NA,NA,NA,NA,NA,NA,NA,NA,NA,NA,NA,NA,NA,NA,NA,NA,NA,NA,NA,NA,NA,NA,NA,NA,NA,NA,NA,NA,NA,NA,NA,NA,NA,NA,NA,NA,NA,NA,NA,NA,NA,NA,NA,NA,NA,NA,NA,NA,NA,NA,NA,NA,NA,NA,NA,NA,NA,NA,NA,NA,NA,NA,NA,NA,NA,true,TRUE,TRUE,3204.706318757788,3258.6916268265913,3204.973525235521,53.98530806880353,53.98530806880353,11.000000000000005,FALSE,15788.112,TRUE,FALSE,FALSE
nearly_gaussian,nearly Gaussian,NH,EST,10,1000,425,0.425,NA,TRUE,TRUE,TRUE,0,CONVERGENCE: REL_REDUCTION_OF_F <= FACTR*EPSMCH,-1599.0865270313766,3222.173054062753,3281.066117410539,3222.4891634852456,12,16131.561000000002,NA,NA,NA,NA,19,stage2,1599.08653317144;1e+12;1e+12;1599.08652882363;1e+12;1e+12;1599.08656938447;1e+12;1e+12;1599.08657289511;1e+12;1e+12;1599.08657585614;1e+12;1e+12;1599.08708651521;1e+12;1e+12;1599.08652750386;1e+12;1e+12;1599.08653335165;1e+12;1e+12;1599.09752885503;1e+12;1e+12;1599.08652895877;1e+12;1e+12;1599.08684595889;1e+12;1e+12;1599.08653535154;1e+12;1e+12;1599.08653022261;1e+12;1e+12;1599.08655349197;1e+12;1e+12,proposed_likelihood,stage2,3,2.721349677928439,-0.2786503220715608,0.4,0.31079094638361726,-0.08920905361638276,NA,-0.13416843065158934,NA,NA,-0.8207050027048552,NA,NA,1.4925821305300957,NA,NA,1.4925821305300957,NA,4,NA,-0.7,-0.9031467236457512,-0.20314672364575137,0.15,0.1929888487186392,0.04298884871863923,1,1.2768497214396457,0.2768497214396455,5,5.525582111222379,0.5255821112223789,1.5,1.2542728856556684,-0.2457271143443316,0.8,0.9044682897224268,0.10446828972242672,58.893063347785755,58.89306334778564,1.1368683772161603e-13,NA,NA,NA,NA,NA,NA,NA,NA,NA,NA,NA,NA,NA,NA,NA,NA,NA,NA,NA,NA,NA,NA,NA,NA,NA,NA,NA,NA,NA,NA,NA,NA,NA,NA,NA,NA,NA,NA,NA,NA,NA,NA,NA,NA,NA,NA,NA,NA,NA,NA,NA,NA,NA,NA,NA,NA,NA,NA,NA,NA,NA,NA,NA,NA,NA,NA,NA,NA,NA,NA,NA,NA,NA,NA,NA,NA,NA,NA,NA,NA,NA,NA,NA,NA,NA,NA,NA,NA,NA,NA,NA,NA,NA,NA,NA,NA,NA,NA,NA,NA,NA,NA,true,TRUE,TRUE,3222.173054062753,3281.066117410539,3222.4891634852456,58.893063347785755,58.893063347785755,12.000000000000023,FALSE,16131.561000000002,FALSE,FALSE,TRUE
nearly_gaussian,nearly Gaussian,NH,NH,11,1000,443,0.443,NA,TRUE,TRUE,TRUE,0,NA,-1664.978836110834,3345.957672221668,3385.219714453525,3346.1029799915973,8,36.228,NA,3331.957672221668,3336.86542750065,1.000000000000017,NA,HeckmanEM,NA,raw_AIC_BIC_implied_logLik,finite_logLik_no_explicit_code,3,3.069604638501723,0.06960463850172305,0.4,0.4580624146673221,0.05806241466732209,NA,NA,NA,NA,NA,NA,NA,NA,NA,NA,NA,NA,NA,NA,-0.7,-0.6737544306030719,0.02624556939692801,0.15,0.14802605218806342,-0.00197394781193657,1,1.050124843472957,0.05012484347295709,5,5.0457231530425695,0.04572315304256946,1.5,1.69431054319657,0.19431054319656993,0.8,0.6887287474520618,-0.11127125254793824,39.26204223185687,39.262042231857095,-2.2737367544323206e-13,NA,NA,NA,NA,NA,NA,NA,NA,NA,NA,NA,NA,NA,NA,NA,NA,NA,NA,NA,NA,NA,NA,NA,NA,NA,NA,NA,NA,NA,NA,NA,NA,NA,NA,NA,NA,NA,NA,NA,NA,NA,NA,NA,NA,NA,NA,NA,NA,NA,NA,NA,NA,NA,NA,NA,NA,NA,NA,NA,NA,NA,NA,NA,NA,NA,NA,NA,NA,NA,NA,NA,NA,NA,NA,NA,NA,NA,NA,NA,NA,NA,NA,NA,NA,NA,NA,NA,NA,NA,NA,NA,NA,NA,NA,NA,NA,NA,NA,NA,NA,NA,NA,true,TRUE,TRUE,3345.957672221668,3385.219714453525,3346.1029799915973,39.26204223185687,39.26204223185687,7.999999999999954,FALSE,36.228,NA,NA,NA
nearly_gaussian,nearly Gaussian,NH,HT,11,1000,443,0.443,NA,TRUE,TRUE,TRUE,0,NA,-1664.9774756852407,3345.9549513704815,3385.2169936023383,3346.100259140411,8,51.732000000000006,NA,3331.9549513704815,3336.8627066494637,1.000000000000017,NA,HeckmanEM,NA,raw_AIC_BIC_implied_logLik,finite_logLik_no_explicit_code,3,3.0490452292872923,0.04904522928729227,0.4,0.459091114074108,0.05909111407410794,NA,NA,NA,NA,NA,NA,NA,NA,NA,NA,NA,NA,NA,NA,-0.7,-0.6762661578851801,0.02373384211481988,0.15,0.14872205412642506,-0.00127794587357493,1,1.0539376172155157,0.05393761721551549,5,5.04689947404234,0.04689947404234029,1.5,1.6902324274837264,0.19023242748372635,0.8,0.6884691937881541,-0.11153080621184595,39.26204223185687,39.262042231857095,-2.2737367544323206e-13,NA,NA,NA,NA,NA,NA,NA,NA,NA,NA,NA,NA,NA,NA,NA,NA,NA,NA,NA,NA,NA,NA,NA,NA,NA,NA,NA,NA,NA,NA,NA,NA,NA,NA,NA,NA,NA,NA,NA,NA,NA,NA,NA,NA,NA,NA,NA,NA,NA,NA,NA,NA,NA,NA,NA,NA,NA,NA,NA,NA,NA,NA,NA,NA,NA,NA,NA,NA,NA,NA,NA,NA,NA,NA,NA,NA,NA,NA,NA,NA,NA,NA,NA,NA,NA,NA,NA,NA,NA,NA,NA,NA,NA,NA,NA,NA,NA,NA,NA,NA,NA,NA,true,TRUE,TRUE,3345.9549513704815,3385.2169936023383,3346.100259140411,39.26204223185687,39.26204223185687,7.999999999999954,FALSE,51.732000000000006,NA,NA,NA
nearly_gaussian,nearly Gaussian,NH,CN,11,1000,443,0.443,NA,TRUE,TRUE,TRUE,0,NA,-1664.978791845044,3349.957583690088,3399.0351364799094,3350.180030606165,10,519.8059999999999,NA,3331.957583690088,3336.8653389690703,1.000000000000017,NA,HeckmanEM,NA,raw_AIC_BIC_implied_logLik,finite_logLik_no_explicit_code,3,3.0637994235299426,0.06379942352994261,0.4,0.45788696165036186,0.05788696165036183,NA,NA,NA,NA,NA,NA,NA,NA,NA,NA,NA,NA,NA,NA,-0.7,-0.674962381672743,0.02503761832725692,0.15,0.1482956821441381,-0.00170431785586189,1,1.0519973529165,0.05199735291650009,5,5.046350643951097,0.04635064395109722,1.5,1.6941901046996404,0.1941901046996404,0.8,0.6887155989006598,-0.11128440109934024,49.07755278982131,49.07755278982137,-5.684341886080802e-14,NA,NA,NA,NA,NA,NA,NA,NA,NA,NA,NA,NA,NA,NA,NA,NA,NA,NA,NA,NA,NA,NA,NA,NA,NA,NA,NA,NA,NA,NA,NA,NA,NA,NA,NA,NA,NA,NA,NA,NA,NA,NA,NA,NA,NA,NA,NA,NA,NA,NA,NA,NA,NA,NA,NA,NA,NA,NA,NA,NA,NA,NA,NA,NA,NA,NA,NA,NA,NA,NA,NA,NA,NA,NA,NA,NA,NA,NA,NA,NA,NA,NA,NA,NA,NA,NA,NA,NA,NA,NA,NA,NA,NA,NA,NA,NA,NA,NA,NA,NA,NA,NA,true,TRUE,TRUE,3349.957583690088,3399.0351364799094,3350.180030606165,49.07755278982131,49.07755278982131,9.999999999999988,FALSE,519.8059999999999,NA,NA,NA
nearly_gaussian,nearly Gaussian,NH,ESN,11,1000,443,0.443,NA,TRUE,TRUE,TRUE,0,CONVERGENCE: REL_REDUCTION_OF_F <= FACTR*EPSMCH,-1664.3581975334848,3350.7163950669697,3404.701703135773,3350.9836015447027,11,14948.536,NA,NA,NA,NA,12,stage2,1664.38400130328;1664.3668893915;1664.38084803578;1664.38438151422;1664.37273238635;1664.39808497379;1664.81473415503;1664.38263110398;1664.36534279157;1664.42644511359;1664.37609756862;1664.36060803868;1664.37255830301;1664.97883588008,proposed_likelihood,stage2,3,3.7503350754412073,0.7503350754412073,0.4,0.39994530513665544,-5.469486334458429e-5,NA,-0.01132151379285003,NA,NA,-1.1000059261175323,NA,NA,-0.42548091363642,NA,NA,-0.42548091363642,NA,NA,NA,-0.7,-0.6640095864667127,0.03599041353328725,0.15,0.14748765694252558,-0.00251234305747441,1,1.0475407785257578,0.04754077852575777,5,7.520149916674381,2.520149916674381,1.5,1.6929672308417385,0.19296723084173828,0.8,0.6842957453062861,-0.11570425469371393,53.98530806880353,53.985308068803505,2.842170943040401e-14,NA,NA,NA,NA,NA,NA,NA,NA,NA,NA,NA,NA,NA,NA,NA,NA,NA,NA,NA,NA,NA,NA,NA,NA,NA,NA,NA,NA,NA,NA,NA,NA,NA,NA,NA,NA,NA,NA,NA,NA,NA,NA,NA,NA,NA,NA,NA,NA,NA,NA,NA,NA,NA,NA,NA,NA,NA,NA,NA,NA,NA,NA,NA,NA,NA,NA,NA,NA,NA,NA,NA,NA,NA,NA,NA,NA,NA,NA,NA,NA,NA,NA,NA,NA,NA,NA,NA,NA,NA,NA,NA,NA,NA,NA,NA,NA,NA,NA,NA,NA,NA,NA,true,TRUE,TRUE,3350.7163950669697,3404.701703135773,3350.9836015447027,53.98530806880353,53.98530806880353,11.000000000000005,FALSE,14948.536,FALSE,FALSE,FALSE
nearly_gaussian,nearly Gaussian,NH,EST,11,1000,443,0.443,NA,TRUE,TRUE,TRUE,0,CONVERGENCE: REL_REDUCTION_OF_F <= FACTR*EPSMCH,-1670.3856268179843,3364.771253635969,3423.664316983755,3365.0873630584615,12,18276.646,NA,NA,NA,NA,16,stage2,1670.38716920242;1e+12;1e+12;1670.38566439691;1e+12;1e+12;1670.3860827105;1e+12;1e+12;1670.38569818862;1e+12;1e+12;1670.38640158565;1e+12;1e+12;1670.38562751496;1e+12;1e+12;1670.39989702785;1e+12;1e+12;1670.38632167262;1e+12;1e+12;1670.60225045926;1e+12;1e+12;1670.38574700938;1e+12;1e+12;1670.40240766925;1e+12;1e+12;1670.38611561748;1e+12;1e+12;1670.39408969023;1e+12;1e+12;1670.38607868362;1e+12;1e+12,proposed_likelihood,stage2,3,3.621893333737063,0.6218933337370629,0.4,0.7219744172571756,0.32197441725717557,NA,-1.0821183800312475,NA,NA,-0.8196806688601008,NA,NA,1.4925821305300957,NA,NA,1.4925821305300957,NA,4,NA,-0.7,-0.39944485882212993,0.30055514117787,0.15,0.14365142068601192,-0.00634857931398807,1,1.010369050373091,0.01036905037309132,5,5.680630578278609,0.6806305782786088,1.5,1.636755329001615,0.13675532900161502,0.8,0.6679583426159532,-0.13204165738404683,58.893063347785755,58.89306334778564,1.1368683772161603e-13,NA,NA,NA,NA,NA,NA,NA,NA,NA,NA,NA,NA,NA,NA,NA,NA,NA,NA,NA,NA,NA,NA,NA,NA,NA,NA,NA,NA,NA,NA,NA,NA,NA,NA,NA,NA,NA,NA,NA,NA,NA,NA,NA,NA,NA,NA,NA,NA,NA,NA,NA,NA,NA,NA,NA,NA,NA,NA,NA,NA,NA,NA,NA,NA,NA,NA,NA,NA,NA,NA,NA,NA,NA,NA,NA,NA,NA,NA,NA,NA,NA,NA,NA,NA,NA,NA,NA,NA,NA,NA,NA,NA,NA,NA,NA,NA,NA,NA,NA,NA,NA,NA,true,TRUE,TRUE,3364.7712536359686,3423.6643169837544,3365.087363058461,58.893063347785755,58.893063347785755,12.000000000000023,FALSE,18276.646,FALSE,FALSE,TRUE
nearly_gaussian,nearly Gaussian,NH,NH,12,1000,409,0.409,NA,TRUE,TRUE,TRUE,0,NA,-1589.028493293392,3194.056986586784,3233.3190288186406,3194.202294356713,8,66.244,NA,3180.056986586784,3184.964741865766,1.000000000000017,NA,HeckmanEM,NA,raw_AIC_BIC_implied_logLik,finite_logLik_no_explicit_code,3,3.1722876412847527,0.1722876412847527,0.4,0.5264179747508979,0.1264179747508979,NA,NA,NA,NA,NA,NA,NA,NA,NA,NA,NA,NA,NA,NA,-0.7,-0.6862663404615198,0.01373365953848015,0.15,0.1586620623051265,0.0086620623051265,1,0.8843459950858752,-0.1156540049141248,5,4.280091926910857,-0.719908073089143,1.5,1.6686439590902715,0.16864395909027174,0.8,0.9224288294333371,0.1224288294333371,39.26204223185687,39.262042231857095,2.2737367544323206e-13,NA,NA,NA,NA,NA,NA,NA,NA,NA,NA,NA,NA,NA,NA,NA,NA,NA,NA,NA,NA,NA,NA,NA,NA,NA,NA,NA,NA,NA,NA,NA,NA,NA,NA,NA,NA,NA,NA,NA,NA,NA,NA,NA,NA,NA,NA,NA,NA,NA,NA,NA,NA,NA,NA,NA,NA,NA,NA,NA,NA,NA,NA,NA,NA,NA,NA,NA,NA,NA,NA,NA,NA,NA,NA,NA,NA,NA,NA,NA,NA,NA,NA,NA,NA,NA,NA,NA,NA,NA,NA,NA,NA,NA,NA,NA,NA,NA,NA,NA,NA,NA,NA,true,TRUE,TRUE,3194.056986586784,3233.3190288186415,3194.2022943567135,39.26204223185641,39.26204223185732,7.9999999999998614,FALSE,66.244,NA,NA,NA
nearly_gaussian,nearly Gaussian,NH,HT,12,1000,409,0.409,NA,TRUE,TRUE,TRUE,0,NA,-1589.188859874426,3194.377719748852,3233.6397619807094,3194.5230275187814,8,99.64,NA,3180.377719748852,3185.2854750278343,1.000000000000017,NA,HeckmanEM,NA,raw_AIC_BIC_implied_logLik,finite_logLik_no_explicit_code,3,3.152857344729466,0.15285734472946588,0.4,0.5273410110570118,0.1273410110570118,NA,NA,NA,NA,NA,NA,NA,NA,NA,NA,NA,NA,NA,NA,-0.7,-0.6887472555365417,0.01125274446345825,0.15,0.15933325936668244,0.00933325936668244,1,0.8873942619910434,-0.11260573800895655,5,4.279522168097523,-0.7204778319024774,1.5,1.6671578713420576,0.16715787134205762,0.8,0.922488202656901,0.12248820265690095,39.26204223185732,39.262042231857095,2.2737367544323206e-13,NA,NA,NA,NA,NA,NA,NA,NA,NA,NA,NA,NA,NA,NA,NA,NA,NA,NA,NA,NA,NA,NA,NA,NA,NA,NA,NA,NA,NA,NA,NA,NA,NA,NA,NA,NA,NA,NA,NA,NA,NA,NA,NA,NA,NA,NA,NA,NA,NA,NA,NA,NA,NA,NA,NA,NA,NA,NA,NA,NA,NA,NA,NA,NA,NA,NA,NA,NA,NA,NA,NA,NA,NA,NA,NA,NA,NA,NA,NA,NA,NA,NA,NA,NA,NA,NA,NA,NA,NA,NA,NA,NA,NA,NA,NA,NA,NA,NA,NA,NA,NA,NA,true,TRUE,TRUE,3194.377719748852,3233.6397619807094,3194.5230275187814,39.26204223185732,39.26204223185732,8.000000000000046,FALSE,99.64,NA,NA,NA
nearly_gaussian,nearly Gaussian,NH,CN,12,1000,409,0.409,NA,TRUE,TRUE,TRUE,0,NA,-1589.0284943559311,3198.0569887118622,3247.1345415016835,3198.279435627939,10,268.34799999999996,NA,3180.0569887118622,3184.9647439908445,1.000000000000017,NA,HeckmanEM,NA,raw_AIC_BIC_implied_logLik,finite_logLik_no_explicit_code,3,3.171884898467644,0.17188489846764377,0.4,0.5262166994863022,0.1262166994863022,NA,NA,NA,NA,NA,NA,NA,NA,NA,NA,NA,NA,NA,NA,-0.7,-0.6863255963486041,0.01367440365139582,0.15,0.15868028240297322,0.00868028240297322,1,0.8844210966158491,-0.11557890338415087,5,4.280737700986027,-0.7192622990139732,1.5,1.6686458602464875,0.16864586024648753,0.8,0.9224472317134884,0.12244723171348826,49.07755278982131,49.07755278982137,-5.684341886080802e-14,NA,NA,NA,NA,NA,NA,NA,NA,NA,NA,NA,NA,NA,NA,NA,NA,NA,NA,NA,NA,NA,NA,NA,NA,NA,NA,NA,NA,NA,NA,NA,NA,NA,NA,NA,NA,NA,NA,NA,NA,NA,NA,NA,NA,NA,NA,NA,NA,NA,NA,NA,NA,NA,NA,NA,NA,NA,NA,NA,NA,NA,NA,NA,NA,NA,NA,NA,NA,NA,NA,NA,NA,NA,NA,NA,NA,NA,NA,NA,NA,NA,NA,NA,NA,NA,NA,NA,NA,NA,NA,NA,NA,NA,NA,NA,NA,NA,NA,NA,NA,NA,NA,true,TRUE,TRUE,3198.0569887118622,3247.1345415016835,3198.279435627939,49.07755278982131,49.07755278982131,9.999999999999988,FALSE,268.34799999999996,NA,NA,NA
nearly_gaussian,nearly Gaussian,NH,ESN,12,1000,409,0.409,NA,TRUE,TRUE,TRUE,0,CONVERGENCE: REL_REDUCTION_OF_F <= FACTR*EPSMCH,-1588.4453107498025,3198.8906214996045,3252.875929568408,3199.1578279773375,11,16450.557,NA,NA,NA,NA,11,stage2,1588.45880758632;1588.45340103468;1588.45019808122;1588.53442151587;1588.44854159021;1588.47472200785;1588.4862916567;1588.45578643985;1588.44942963021;1588.44768599647;1588.44531793852;1588.44829969688;1588.48445972251;1589.02849307215,proposed_likelihood,stage2,3,3.265885304448005,0.26588530444800496,0.4,0.40776953198059634,0.00776953198059632,NA,1.4925821305300957,NA,NA,-1.2825356018982053,NA,NA,0.3012450119088097,NA,NA,0.3012450119088097,NA,NA,NA,-0.7,-1.0556602563558437,-0.35566025635584375,0.15,0.13507686654227644,-0.01492313345772355,1,0.7558346876269961,-0.24416531237300387,5,4.648329959835135,-0.3516700401648647,1.5,1.680108170603816,0.1801081706038159,0.8,0.9227724683285404,0.1227724683285404,53.98530806880353,53.985308068803505,2.842170943040401e-14,NA,NA,NA,NA,NA,NA,NA,NA,NA,NA,NA,NA,NA,NA,NA,NA,NA,NA,NA,NA,NA,NA,NA,NA,NA,NA,NA,NA,NA,NA,NA,NA,NA,NA,NA,NA,NA,NA,NA,NA,NA,NA,NA,NA,NA,NA,NA,NA,NA,NA,NA,NA,NA,NA,NA,NA,NA,NA,NA,NA,NA,NA,NA,NA,NA,NA,NA,NA,NA,NA,NA,NA,NA,NA,NA,NA,NA,NA,NA,NA,NA,NA,NA,NA,NA,NA,NA,NA,NA,NA,NA,NA,NA,NA,NA,NA,NA,NA,NA,NA,NA,NA,true,TRUE,TRUE,3198.890621499605,3252.8759295684085,3199.157827977338,53.98530806880353,53.98530806880353,11.000000000000005,FALSE,16450.557,TRUE,FALSE,FALSE
nearly_gaussian,nearly Gaussian,NH,EST,12,1000,409,0.409,NA,TRUE,TRUE,TRUE,0,CONVERGENCE: REL_REDUCTION_OF_F <= FACTR*EPSMCH,-1598.2635228556549,3220.5270457113097,3279.4201090590955,3220.843155133802,12,19030.277,NA,NA,NA,NA,25,stage2,1598.26843720974;1e+12;1e+12;1598.26439345339;1e+12;1e+12;1598.263549789;1e+12;1e+12;1598.26362126948;1e+12;1e+12;1598.26357022237;1e+12;1e+12;1598.26353200532;1e+12;1e+12;1598.2636867309;1e+12;1e+12;1598.26354444728;1e+12;1e+12;1598.26352510894;1e+12;1e+12;1598.26368764106;1e+12;1e+12;1598.2635622448;1e+12;1e+12;1598.26354802048;1e+12;1e+12;1598.32242048796;1e+12;1e+12;1598.26403920878;1e+12;1e+12,proposed_likelihood,stage2,3,4.013083370360659,1.0130833703606594,0.4,0.7593080043811744,0.3593080043811744,NA,-1.2390508759397854,NA,NA,-0.8986052884478237,NA,NA,1.4925821305300957,NA,NA,1.4925821305300957,NA,4,NA,-0.7,-0.37903328518389945,0.3209667148161005,0.15,0.14826463487694713,-0.00173536512305286,1,0.8405616605211275,-0.15943833947887254,5,5.088574331508174,0.08857433150817418,1.5,1.657237757708623,0.15723775770862303,0.8,0.9280211992582704,0.12802119925827038,58.893063347785755,58.89306334778564,1.1368683772161603e-13,NA,NA,NA,NA,NA,NA,NA,NA,NA,NA,NA,NA,NA,NA,NA,NA,NA,NA,NA,NA,NA,NA,NA,NA,NA,NA,NA,NA,NA,NA,NA,NA,NA,NA,NA,NA,NA,NA,NA,NA,NA,NA,NA,NA,NA,NA,NA,NA,NA,NA,NA,NA,NA,NA,NA,NA,NA,NA,NA,NA,NA,NA,NA,NA,NA,NA,NA,NA,NA,NA,NA,NA,NA,NA,NA,NA,NA,NA,NA,NA,NA,NA,NA,NA,NA,NA,NA,NA,NA,NA,NA,NA,NA,NA,NA,NA,NA,NA,NA,NA,NA,NA,true,TRUE,TRUE,3220.5270457113097,3279.4201090590955,3220.843155133802,58.893063347785755,58.893063347785755,12.000000000000023,FALSE,19030.277,FALSE,FALSE,TRUE
nearly_gaussian,nearly Gaussian,NH,NH,13,1000,429,0.429,NA,TRUE,TRUE,TRUE,0,NA,-1653.4881760566486,3322.9763521132973,3362.238394345154,3323.1216598832266,8,62.943,NA,3308.9763521132973,3313.8841073922795,1.000000000000017,NA,HeckmanEM,NA,raw_AIC_BIC_implied_logLik,finite_logLik_no_explicit_code,3,3.0297864601445905,0.02978646014459052,0.4,0.4434157134949845,0.04341571349498446,NA,NA,NA,NA,NA,NA,NA,NA,NA,NA,NA,NA,NA,NA,-0.7,-0.6311413940310684,0.06885860596893156,0.15,0.13171401657920678,-0.01828598342079321,1,0.8633148478173215,-0.13668515218267852,5,5.277660087876642,0.277660087876642,1.5,1.4851912840531831,-0.01480871594681665,0.8,0.6711094084841798,-0.12889059151582027,39.26204223185687,39.262042231857095,-2.2737367544323206e-13,NA,NA,NA,NA,NA,NA,NA,NA,NA,NA,NA,NA,NA,NA,NA,NA,NA,NA,NA,NA,NA,NA,NA,NA,NA,NA,NA,NA,NA,NA,NA,NA,NA,NA,NA,NA,NA,NA,NA,NA,NA,NA,NA,NA,NA,NA,NA,NA,NA,NA,NA,NA,NA,NA,NA,NA,NA,NA,NA,NA,NA,NA,NA,NA,NA,NA,NA,NA,NA,NA,NA,NA,NA,NA,NA,NA,NA,NA,NA,NA,NA,NA,NA,NA,NA,NA,NA,NA,NA,NA,NA,NA,NA,NA,NA,NA,NA,NA,NA,NA,NA,NA,true,TRUE,TRUE,3322.9763521132973,3362.238394345154,3323.1216598832266,39.26204223185687,39.26204223185687,7.999999999999954,FALSE,62.943,NA,NA,NA
nearly_gaussian,nearly Gaussian,NH,HT,13,1000,429,0.429,NA,TRUE,TRUE,TRUE,0,NA,-1653.5486069984695,3323.097213996939,3362.3592562287968,3323.242521766869,8,99.216,NA,3309.097213996939,3314.0049692759217,1.000000000000017,NA,HeckmanEM,NA,raw_AIC_BIC_implied_logLik,finite_logLik_no_explicit_code,3,3.003970729743666,0.00397072974366619,0.4,0.4382307276544452,0.03823072765444518,NA,NA,NA,NA,NA,NA,NA,NA,NA,NA,NA,NA,NA,NA,-0.7,-0.633101298875678,0.06689870112432195,0.15,0.1321765643717962,-0.01782343562820379,1,0.8661159013424363,-0.13388409865756368,5,5.296298501665423,0.29629850166542315,1.5,1.4820004964639473,-0.01799950353605273,0.8,0.6708855656722532,-0.12911443432774683,39.26204223185732,39.262042231857095,-2.2737367544323206e-13,NA,NA,NA,NA,NA,NA,NA,NA,NA,NA,NA,NA,NA,NA,NA,NA,NA,NA,NA,NA,NA,NA,NA,NA,NA,NA,NA,NA,NA,NA,NA,NA,NA,NA,NA,NA,NA,NA,NA,NA,NA,NA,NA,NA,NA,NA,NA,NA,NA,NA,NA,NA,NA,NA,NA,NA,NA,NA,NA,NA,NA,NA,NA,NA,NA,NA,NA,NA,NA,NA,NA,NA,NA,NA,NA,NA,NA,NA,NA,NA,NA,NA,NA,NA,NA,NA,NA,NA,NA,NA,NA,NA,NA,NA,NA,NA,NA,NA,NA,NA,NA,NA,true,TRUE,TRUE,3323.097213996939,3362.359256228796,3323.2425217668683,39.26204223185778,39.26204223185687,8.000000000000139,FALSE,99.216,NA,NA,NA
nearly_gaussian,nearly Gaussian,NH,CN,13,1000,429,0.429,NA,TRUE,TRUE,TRUE,0,NA,-1653.4881901525232,3326.9763803050464,3376.0539330948677,3327.1988272211233,10,524.58,NA,3308.9763803050464,3313.8841355840286,1.000000000000017,NA,HeckmanEM,NA,raw_AIC_BIC_implied_logLik,finite_logLik_no_explicit_code,3,3.028898586927302,0.02889858692730262,0.4,0.44311833259810346,0.04311833259810344,NA,NA,NA,NA,NA,NA,NA,NA,NA,NA,NA,NA,NA,NA,-0.7,-0.6312971336063434,0.06870286639365653,0.15,0.13174551457747835,-0.01825448542252164,1,0.863528192328255,-0.13647180767174505,5,5.278533481846074,0.2785334818460736,1.5,1.4851910062143168,-0.01480899378568323,0.8,0.6711113791939967,-0.12888862080600338,49.07755278982131,49.07755278982137,-5.684341886080802e-14,NA,NA,NA,NA,NA,NA,NA,NA,NA,NA,NA,NA,NA,NA,NA,NA,NA,NA,NA,NA,NA,NA,NA,NA,NA,NA,NA,NA,NA,NA,NA,NA,NA,NA,NA,NA,NA,NA,NA,NA,NA,NA,NA,NA,NA,NA,NA,NA,NA,NA,NA,NA,NA,NA,NA,NA,NA,NA,NA,NA,NA,NA,NA,NA,NA,NA,NA,NA,NA,NA,NA,NA,NA,NA,NA,NA,NA,NA,NA,NA,NA,NA,NA,NA,NA,NA,NA,NA,NA,NA,NA,NA,NA,NA,NA,NA,NA,NA,NA,NA,NA,NA,true,TRUE,TRUE,3326.9763803050464,3376.0539330948677,3327.1988272211233,49.07755278982131,49.07755278982131,9.999999999999988,FALSE,524.58,NA,NA,NA
nearly_gaussian,nearly Gaussian,NH,ESN,13,1000,429,0.429,NA,TRUE,TRUE,TRUE,0,CONVERGENCE: REL_REDUCTION_OF_F <= FACTR*EPSMCH,-1652.705617763902,3327.411235527804,3381.396543596607,3327.678442005537,11,16398.347,NA,NA,NA,NA,8,stage2,1652.73789808282;1652.74525547123;1652.72959312222;1652.73642513486;1652.73392248339;1652.75749833568;1652.71672601861;1652.71509375468;1652.72025913685;1652.97798884979;1652.7369116791;1652.75231163529;1652.73137131749;1653.48817571723,proposed_likelihood,stage2,3,4.335881593563251,1.3358815935632506,0.4,0.6385846471420836,0.2385846471420836,NA,-0.9791034877372258,NA,NA,-0.97726865174926,NA,NA,-0.375526983168317,NA,NA,-0.375526983168317,NA,NA,NA,-0.7,-0.01616572554731874,0.6838342744526812,0.15,0.1150886845370753,-0.0349113154629247,1,0.7537218544723555,-0.2462781455276445,5,8.429036840455883,3.429036840455882,1.5,1.4890523325313327,-0.01094766746866726,0.8,0.6575264330858975,-0.1424735669141025,53.98530806880353,53.985308068803505,2.842170943040401e-14,NA,NA,NA,NA,NA,NA,NA,NA,NA,NA,NA,NA,NA,NA,NA,NA,NA,NA,NA,NA,NA,NA,NA,NA,NA,NA,NA,NA,NA,NA,NA,NA,NA,NA,NA,NA,NA,NA,NA,NA,NA,NA,NA,NA,NA,NA,NA,NA,NA,NA,NA,NA,NA,NA,NA,NA,NA,NA,NA,NA,NA,NA,NA,NA,NA,NA,NA,NA,NA,NA,NA,NA,NA,NA,NA,NA,NA,NA,NA,NA,NA,NA,NA,NA,NA,NA,NA,NA,NA,NA,NA,NA,NA,NA,NA,NA,NA,NA,NA,NA,NA,NA,true,TRUE,TRUE,3327.411235527804,3381.3965435966074,3327.678442005537,53.98530806880308,53.98530806880353,10.999999999999913,FALSE,16398.347,FALSE,FALSE,FALSE
nearly_gaussian,nearly Gaussian,NH,EST,13,1000,429,0.429,NA,TRUE,TRUE,TRUE,0,CONVERGENCE: REL_REDUCTION_OF_F <= FACTR*EPSMCH,-1658.9072279150157,3341.8144558300314,3400.707519177817,3342.130565252524,12,16741.136000000002,NA,NA,NA,NA,40,stage2,1658.90748983148;1e+12;1e+12;1658.91495792352;1e+12;1e+12;1658.91103374938;1e+12;1e+12;1658.90737445687;1e+12;1e+12;1658.91839982097;1e+12;1e+12;1658.90982888789;1e+12;1e+12;1658.91413471504;1e+12;1e+12;1658.90878013182;1e+12;1e+12;1658.9088716167;1e+12;1e+12;1658.9114092953;1e+12;1e+12;1658.91170841547;1e+12;1e+12;1658.92650194407;1e+12;1e+12;1658.91042989633;1e+12;1e+12;1658.90730983256;1e+12;1e+12,proposed_likelihood,stage2,3,3.7884058620434176,0.7884058620434176,0.4,0.7092981775491392,0.30929817754913913,NA,-1.4925821305300957,NA,NA,-0.8475884826329552,NA,NA,1.4925821305300957,NA,NA,1.4925821305300957,NA,4,NA,-0.7,-0.2478211416715072,0.4521788583284928,0.15,0.11954159231950542,-0.03045840768049457,1,0.7708825910256832,-0.22911740897431676,5,6.291305645367149,1.2913056453671494,1.5,1.444413334235969,-0.05558666576403093,0.8,0.6292704616232863,-0.1707295383767138,58.893063347785755,58.89306334778564,1.1368683772161603e-13,NA,NA,NA,NA,NA,NA,NA,NA,NA,NA,NA,NA,NA,NA,NA,NA,NA,NA,NA,NA,NA,NA,NA,NA,NA,NA,NA,NA,NA,NA,NA,NA,NA,NA,NA,NA,NA,NA,NA,NA,NA,NA,NA,NA,NA,NA,NA,NA,NA,NA,NA,NA,NA,NA,NA,NA,NA,NA,NA,NA,NA,NA,NA,NA,NA,NA,NA,NA,NA,NA,NA,NA,NA,NA,NA,NA,NA,NA,NA,NA,NA,NA,NA,NA,NA,NA,NA,NA,NA,NA,NA,NA,NA,NA,NA,NA,NA,NA,NA,NA,NA,NA,true,TRUE,TRUE,3341.8144558300314,3400.707519177817,3342.130565252524,58.893063347785755,58.893063347785755,12.000000000000023,FALSE,16741.136000000002,TRUE,FALSE,TRUE
nearly_gaussian,nearly Gaussian,NH,NH,14,1000,444,0.444,NA,TRUE,TRUE,TRUE,0,NA,-1634.1280646388273,3284.2561292776545,3323.5181715095114,3284.401437047584,8,47.791,NA,3270.2561292776545,3275.1638845566367,1.000000000000017,NA,HeckmanEM,NA,raw_AIC_BIC_implied_logLik,finite_logLik_no_explicit_code,3,2.848028932947317,-0.15197106705268304,0.4,0.22867034560158264,-0.17132965439841738,NA,NA,NA,NA,NA,NA,NA,NA,NA,NA,NA,NA,NA,NA,-0.7,-0.8224441580777351,-0.12244415807773512,0.15,0.1676199405886493,0.01761994058864929,1,1.2125373688171175,0.2125373688171175,5,5.77940522333223,0.7794052233322297,1.5,1.3626463258649528,-0.13735367413504718,0.8,0.7190724070483059,-0.08092759295169416,39.26204223185687,39.262042231857095,-2.2737367544323206e-13,NA,NA,NA,NA,NA,NA,NA,NA,NA,NA,NA,NA,NA,NA,NA,NA,NA,NA,NA,NA,NA,NA,NA,NA,NA,NA,NA,NA,NA,NA,NA,NA,NA,NA,NA,NA,NA,NA,NA,NA,NA,NA,NA,NA,NA,NA,NA,NA,NA,NA,NA,NA,NA,NA,NA,NA,NA,NA,NA,NA,NA,NA,NA,NA,NA,NA,NA,NA,NA,NA,NA,NA,NA,NA,NA,NA,NA,NA,NA,NA,NA,NA,NA,NA,NA,NA,NA,NA,NA,NA,NA,NA,NA,NA,NA,NA,NA,NA,NA,NA,NA,NA,true,TRUE,TRUE,3284.2561292776545,3323.5181715095114,3284.401437047584,39.26204223185687,39.26204223185687,7.999999999999954,FALSE,47.791,NA,NA,NA
nearly_gaussian,nearly Gaussian,NH,HT,14,1000,444,0.444,NA,TRUE,TRUE,TRUE,0,NA,-1634.4664793277077,3284.9329586554154,3324.1950008872727,3285.0782664253447,8,73.8,NA,3270.9329586554154,3275.8407139343976,1.000000000000017,NA,HeckmanEM,NA,raw_AIC_BIC_implied_logLik,finite_logLik_no_explicit_code,3,2.832858801879078,-0.16714119812092187,0.4,0.23088212423332283,-0.1691178757666772,NA,NA,NA,NA,NA,NA,NA,NA,NA,NA,NA,NA,NA,NA,-0.7,-0.8244069808844781,-0.1244069808844781,0.15,0.16821125747595367,0.01821125747595367,1,1.215572620437494,0.21557262043749417,5,5.771946850254836,0.7719468502548361,1.5,1.3612597409433047,-0.1387402590566953,0.8,0.71975633529593,-0.08024366470407007,39.26204223185732,39.262042231857095,2.2737367544323206e-13,NA,NA,NA,NA,NA,NA,NA,NA,NA,NA,NA,NA,NA,NA,NA,NA,NA,NA,NA,NA,NA,NA,NA,NA,NA,NA,NA,NA,NA,NA,NA,NA,NA,NA,NA,NA,NA,NA,NA,NA,NA,NA,NA,NA,NA,NA,NA,NA,NA,NA,NA,NA,NA,NA,NA,NA,NA,NA,NA,NA,NA,NA,NA,NA,NA,NA,NA,NA,NA,NA,NA,NA,NA,NA,NA,NA,NA,NA,NA,NA,NA,NA,NA,NA,NA,NA,NA,NA,NA,NA,NA,NA,NA,NA,NA,NA,NA,NA,NA,NA,NA,NA,true,TRUE,TRUE,3284.9329586554154,3324.1950008872727,3285.0782664253447,39.26204223185732,39.26204223185732,8.000000000000046,FALSE,73.8,NA,NA,NA
nearly_gaussian,nearly Gaussian,NH,CN,14,1000,444,0.444,NA,TRUE,TRUE,TRUE,0,NA,-1634.1280644054236,3288.2561288108473,3337.333681600669,3288.478575726924,10,134.895,NA,3270.2561288108473,3275.1638840898295,1.000000000000017,NA,HeckmanEM,NA,raw_AIC_BIC_implied_logLik,finite_logLik_no_explicit_code,3,2.8480056130716154,-0.15199438692838463,0.4,0.2287522390570283,-0.17124776094297173,NA,NA,NA,NA,NA,NA,NA,NA,NA,NA,NA,NA,NA,NA,-0.7,-0.8224529549440709,-0.12245295494407094,0.15,0.1676226065536296,0.0176226065536296,1,1.212551581717996,0.21255158171799593,5,5.779219005796777,0.7792190057967767,1.5,1.3626482444620482,-0.13735175553795176,0.8,0.7190750651649969,-0.08092493483500318,49.07755278982131,49.07755278982137,-5.684341886080802e-14,NA,NA,NA,NA,NA,NA,NA,NA,NA,NA,NA,NA,NA,NA,NA,NA,NA,NA,NA,NA,NA,NA,NA,NA,NA,NA,NA,NA,NA,NA,NA,NA,NA,NA,NA,NA,NA,NA,NA,NA,NA,NA,NA,NA,NA,NA,NA,NA,NA,NA,NA,NA,NA,NA,NA,NA,NA,NA,NA,NA,NA,NA,NA,NA,NA,NA,NA,NA,NA,NA,NA,NA,NA,NA,NA,NA,NA,NA,NA,NA,NA,NA,NA,NA,NA,NA,NA,NA,NA,NA,NA,NA,NA,NA,NA,NA,NA,NA,NA,NA,NA,NA,true,TRUE,TRUE,3288.2561288108473,3337.3336816006686,3288.478575726924,49.077552789821766,49.07755278982131,10.000000000000082,FALSE,134.895,NA,NA,NA
nearly_gaussian,nearly Gaussian,NH,ESN,14,1000,444,0.444,NA,TRUE,TRUE,TRUE,0,CONVERGENCE: REL_REDUCTION_OF_F <= FACTR*EPSMCH,-1632.4160029048928,3286.8320058097856,3340.817313878589,3287.099212287518,11,17515.463,NA,NA,NA,NA,10,stage2,1633.18545918391;1632.65139869474;1633.30341989988;1632.4441233222;1633.5544621898;1632.45099073818;1632.5011741172;1633.1240556111;1633.72774751385;1632.42980973661;1633.0328944133;1632.63159859455;1634.13115548048;1634.12806416434,proposed_likelihood,stage2,3,3.2357068271433844,0.2357068271433844,0.4,-0.09233435030781512,-0.49233435030781514,NA,-1.4925821305300957,NA,NA,1.1722745331046034,NA,NA,1.4925821305300957,NA,NA,1.4925821305300957,NA,NA,NA,-0.7,-0.44560515923637795,0.254394840763622,0.15,0.14775059033710458,-0.00224940966289541,1,1.063963762519924,0.06396376251992386,5,5.1263839332674435,0.12638393326744346,1.5,1.3587798944284766,-0.14122010557152342,0.8,0.7250037573316993,-0.07499624266830074,53.98530806880353,53.985308068803505,2.842170943040401e-14,NA,NA,NA,NA,NA,NA,NA,NA,NA,NA,NA,NA,NA,NA,NA,NA,NA,NA,NA,NA,NA,NA,NA,NA,NA,NA,NA,NA,NA,NA,NA,NA,NA,NA,NA,NA,NA,NA,NA,NA,NA,NA,NA,NA,NA,NA,NA,NA,NA,NA,NA,NA,NA,NA,NA,NA,NA,NA,NA,NA,NA,NA,NA,NA,NA,NA,NA,NA,NA,NA,NA,NA,NA,NA,NA,NA,NA,NA,NA,NA,NA,NA,NA,NA,NA,NA,NA,NA,NA,NA,NA,NA,NA,NA,NA,NA,NA,NA,NA,NA,NA,NA,true,TRUE,TRUE,3286.8320058097856,3340.817313878589,3287.0992122875186,53.98530806880353,53.98530806880353,11.000000000000005,FALSE,17515.463,TRUE,FALSE,TRUE
nearly_gaussian,nearly Gaussian,NH,EST,14,1000,444,0.444,NA,TRUE,TRUE,TRUE,0,CONVERGENCE: REL_REDUCTION_OF_F <= FACTR*EPSMCH,-1647.3915261641123,3318.7830523282246,3377.6761156760103,3319.099161750717,12,16602.773,NA,NA,NA,NA,19,stage2,1647.39162445163;1e+12;1e+12;1647.3915715331;1e+12;1e+12;1647.39156266731;1e+12;1e+12;1647.39154052031;1e+12;1e+12;1647.39163170642;1e+12;1e+12;1647.39934051934;1e+12;1e+12;1647.39152639279;1e+12;1e+12;1647.39152887784;1e+12;1e+12;1647.39169261278;1e+12;1e+12;1647.39152789466;1e+12;1e+12;1647.39163690155;1e+12;1e+12;1647.39157301905;1e+12;1e+12;1647.39209586746;1e+12;1e+12;1647.39159305659;1e+12;1e+12,proposed_likelihood,stage2,3,2.7899033345530864,-0.21009666544691363,0.4,-0.07500497071594621,-0.4750049707159462,NA,-1.4925821305300957,NA,NA,0.7776064964605316,NA,NA,1.4925821305300957,NA,NA,1.4925821305300957,NA,4,NA,-0.7,-0.422451602073607,0.27754839792639296,0.15,0.15801192657086116,0.00801192657086116,1,1.1146042801978262,0.1146042801978262,5,5.403010811962415,0.40301081196241473,1.5,1.3075123793315775,-0.1924876206684223,0.8,0.7394926448279079,-0.06050735517209216,58.893063347785755,58.89306334778564,1.1368683772161603e-13,NA,NA,NA,NA,NA,NA,NA,NA,NA,NA,NA,NA,NA,NA,NA,NA,NA,NA,NA,NA,NA,NA,NA,NA,NA,NA,NA,NA,NA,NA,NA,NA,NA,NA,NA,NA,NA,NA,NA,NA,NA,NA,NA,NA,NA,NA,NA,NA,NA,NA,NA,NA,NA,NA,NA,NA,NA,NA,NA,NA,NA,NA,NA,NA,NA,NA,NA,NA,NA,NA,NA,NA,NA,NA,NA,NA,NA,NA,NA,NA,NA,NA,NA,NA,NA,NA,NA,NA,NA,NA,NA,NA,NA,NA,NA,NA,NA,NA,NA,NA,NA,NA,true,TRUE,TRUE,3318.7830523282246,3377.6761156760103,3319.099161750717,58.893063347785755,58.893063347785755,12.000000000000023,FALSE,16602.773,TRUE,FALSE,TRUE
nearly_gaussian,nearly Gaussian,NH,NH,15,1000,430,0.43,NA,TRUE,TRUE,TRUE,0,NA,-1621.1492756395146,3258.298551279029,3297.560593510886,3258.4438590489585,8,34.778,NA,3244.298551279029,3249.2063065580114,1.000000000000017,NA,HeckmanEM,NA,raw_AIC_BIC_implied_logLik,finite_logLik_no_explicit_code,3,3.0541004736350024,0.05410047363500236,0.4,0.4638710237273342,0.06387102372733411,NA,NA,NA,NA,NA,NA,NA,NA,NA,NA,NA,NA,NA,NA,-0.7,-0.7649135195337499,-0.06491351953374991,0.15,0.1383769332139102,-0.01162306678608979,1,1.1091962798825663,0.1091962798825663,5,4.571069510393745,-0.42893048960625535,1.5,1.53944067086618,0.03944067086617986,0.8,0.8197829268912831,0.01978292689128302,39.26204223185687,39.262042231857095,-2.2737367544323206e-13,NA,NA,NA,NA,NA,NA,NA,NA,NA,NA,NA,NA,NA,NA,NA,NA,NA,NA,NA,NA,NA,NA,NA,NA,NA,NA,NA,NA,NA,NA,NA,NA,NA,NA,NA,NA,NA,NA,NA,NA,NA,NA,NA,NA,NA,NA,NA,NA,NA,NA,NA,NA,NA,NA,NA,NA,NA,NA,NA,NA,NA,NA,NA,NA,NA,NA,NA,NA,NA,NA,NA,NA,NA,NA,NA,NA,NA,NA,NA,NA,NA,NA,NA,NA,NA,NA,NA,NA,NA,NA,NA,NA,NA,NA,NA,NA,NA,NA,NA,NA,NA,NA,true,TRUE,TRUE,3258.298551279029,3297.560593510886,3258.4438590489585,39.26204223185687,39.26204223185687,7.999999999999954,FALSE,34.778,NA,NA,NA
nearly_gaussian,nearly Gaussian,NH,HT,15,1000,430,0.43,NA,TRUE,TRUE,TRUE,0,NA,-1621.1984742300508,3258.3969484601016,3297.658990691959,3258.542256230031,8,59.193000000000005,NA,3244.3969484601016,3249.304703739084,1.000000000000017,NA,HeckmanEM,NA,raw_AIC_BIC_implied_logLik,finite_logLik_no_explicit_code,3,3.034073407632425,0.03407340763242494,0.4,0.4648718279187229,0.06487182791872281,NA,NA,NA,NA,NA,NA,NA,NA,NA,NA,NA,NA,NA,NA,-0.7,-0.7674822859018657,-0.06748228590186578,0.15,0.13894521911701208,-0.01105478088298791,1,1.1127262725476923,0.1127262725476923,5,4.56232323053127,-0.43767676946873024,1.5,1.540077877791841,0.04007787779184091,0.8,0.8232160830278864,0.02321608302788636,39.26204223185732,39.262042231857095,2.2737367544323206e-13,NA,NA,NA,NA,NA,NA,NA,NA,NA,NA,NA,NA,NA,NA,NA,NA,NA,NA,NA,NA,NA,NA,NA,NA,NA,NA,NA,NA,NA,NA,NA,NA,NA,NA,NA,NA,NA,NA,NA,NA,NA,NA,NA,NA,NA,NA,NA,NA,NA,NA,NA,NA,NA,NA,NA,NA,NA,NA,NA,NA,NA,NA,NA,NA,NA,NA,NA,NA,NA,NA,NA,NA,NA,NA,NA,NA,NA,NA,NA,NA,NA,NA,NA,NA,NA,NA,NA,NA,NA,NA,NA,NA,NA,NA,NA,NA,NA,NA,NA,NA,NA,NA,true,TRUE,TRUE,3258.3969484601016,3297.658990691959,3258.542256230031,39.26204223185732,39.26204223185732,8.000000000000046,FALSE,59.193000000000005,NA,NA,NA
nearly_gaussian,nearly Gaussian,NH,CN,15,1000,430,0.43,NA,TRUE,TRUE,TRUE,0,NA,-1621.1492863825556,3262.298572765111,3311.3761255549325,3262.521019681188,10,458.489,NA,3244.298572765111,3249.2063280440934,1.000000000000017,NA,HeckmanEM,NA,raw_AIC_BIC_implied_logLik,finite_logLik_no_explicit_code,3,3.053717217590921,0.05371721759092107,0.4,0.4641015011859336,0.06410150118593361,NA,NA,NA,NA,NA,NA,NA,NA,NA,NA,NA,NA,NA,NA,-0.7,-0.765021875722644,-0.06502187572264406,0.15,0.13840106340778366,-0.01159893659221633,1,1.109353434161113,0.10935343416111332,5,4.570423740445315,-0.42957625955468526,1.5,1.5394397753592146,0.03943977535921461,0.8,0.8197831119575746,0.01978311195757454,49.07755278982131,49.07755278982137,-5.684341886080802e-14,NA,NA,NA,NA,NA,NA,NA,NA,NA,NA,NA,NA,NA,NA,NA,NA,NA,NA,NA,NA,NA,NA,NA,NA,NA,NA,NA,NA,NA,NA,NA,NA,NA,NA,NA,NA,NA,NA,NA,NA,NA,NA,NA,NA,NA,NA,NA,NA,NA,NA,NA,NA,NA,NA,NA,NA,NA,NA,NA,NA,NA,NA,NA,NA,NA,NA,NA,NA,NA,NA,NA,NA,NA,NA,NA,NA,NA,NA,NA,NA,NA,NA,NA,NA,NA,NA,NA,NA,NA,NA,NA,NA,NA,NA,NA,NA,NA,NA,NA,NA,NA,NA,true,TRUE,TRUE,3262.298572765111,3311.3761255549325,3262.521019681188,49.07755278982131,49.07755278982131,9.999999999999988,FALSE,458.489,NA,NA,NA
nearly_gaussian,nearly Gaussian,NH,ESN,15,1000,430,0.43,NA,TRUE,TRUE,TRUE,0,CONVERGENCE: REL_REDUCTION_OF_F <= FACTR*EPSMCH,-1621.083792427446,3264.167584854892,3318.1528929236956,3264.434791332625,11,11666.726,NA,NA,NA,NA,7,stage2,1621.14936943091;1621.14889477292;1621.14645271928;1621.08946207816;1621.14796311109;1621.09218189268;1621.08379839931;1621.14946044262;1621.14889289327;1621.09299894793;1621.1494260844;1621.14928649564;1621.156252128;1621.14927523379,proposed_likelihood,stage2,3,3.0493618927630126,0.04936189276301261,0.4,0.39281054955151246,-0.00718945044848756,NA,-1.259584930765508,NA,NA,0.35611059015060464,NA,NA,-0.1455239038259288,NA,NA,-0.1455239038259288,NA,NA,NA,-0.7,0.04841733991142546,0.7484173399114254,0.15,0.10619461946888129,-0.04380538053111872,1,0.8536981252017912,-0.14630187479820878,5,4.892594020776835,-0.10740597922316476,1.5,1.5413102097158018,0.04131020971580179,0.8,0.819169678434312,0.01916967843431194,53.98530806880353,53.985308068803505,2.842170943040401e-14,NA,NA,NA,NA,NA,NA,NA,NA,NA,NA,NA,NA,NA,NA,NA,NA,NA,NA,NA,NA,NA,NA,NA,NA,NA,NA,NA,NA,NA,NA,NA,NA,NA,NA,NA,NA,NA,NA,NA,NA,NA,NA,NA,NA,NA,NA,NA,NA,NA,NA,NA,NA,NA,NA,NA,NA,NA,NA,NA,NA,NA,NA,NA,NA,NA,NA,NA,NA,NA,NA,NA,NA,NA,NA,NA,NA,NA,NA,NA,NA,NA,NA,NA,NA,NA,NA,NA,NA,NA,NA,NA,NA,NA,NA,NA,NA,NA,NA,NA,NA,NA,NA,true,TRUE,TRUE,3264.167584854892,3318.1528929236956,3264.434791332625,53.98530806880353,53.98530806880353,11.000000000000005,FALSE,11666.726,FALSE,FALSE,FALSE
nearly_gaussian,nearly Gaussian,NH,EST,15,1000,430,0.43,NA,TRUE,TRUE,TRUE,0,CONVERGENCE: REL_REDUCTION_OF_F <= FACTR*EPSMCH,-1628.6420330701037,3281.2840661402074,3340.177129487993,3281.6001755627,12,19122.31,NA,NA,NA,NA,28,stage2,1628.6723224186;1e+12;1e+12;1628.67814748886;1e+12;1e+12;1628.68312736174;1e+12;1e+12;1628.66804161789;1e+12;1e+12;1628.67315707017;1e+12;1e+12;1628.65709943067;1e+12;1e+12;1628.67224969592;1e+12;1e+12;1628.66433641983;1e+12;1e+12;1628.67249733442;1e+12;1e+12;1628.65002374915;1e+12;1e+12;1628.64876074656;1e+12;1e+12;1628.6684755886;1e+12;1e+12;1628.67242366053;1e+12;1e+12;1628.68230386715;1e+12;1e+12,proposed_likelihood,stage2,3,3.3667164926773125,0.36671649267731254,0.4,0.6950632169908055,0.2950632169908055,NA,-1.29778420413935,NA,NA,-0.35057506518664183,NA,NA,1.4925821305300957,NA,NA,1.4925821305300957,NA,4,NA,-0.7,-0.4102472482550144,0.28975275174498555,0.15,0.12710472514175744,-0.02289527485824255,1,1.0115629774154034,0.01156297741540335,5,4.94927651595539,-0.05072348404461024,1.5,1.5612451457006156,0.06124514570061556,0.8,0.87293830647689,0.07293830647688992,58.893063347785755,58.89306334778564,1.1368683772161603e-13,NA,NA,NA,NA,NA,NA,NA,NA,NA,NA,NA,NA,NA,NA,NA,NA,NA,NA,NA,NA,NA,NA,NA,NA,NA,NA,NA,NA,NA,NA,NA,NA,NA,NA,NA,NA,NA,NA,NA,NA,NA,NA,NA,NA,NA,NA,NA,NA,NA,NA,NA,NA,NA,NA,NA,NA,NA,NA,NA,NA,NA,NA,NA,NA,NA,NA,NA,NA,NA,NA,NA,NA,NA,NA,NA,NA,NA,NA,NA,NA,NA,NA,NA,NA,NA,NA,NA,NA,NA,NA,NA,NA,NA,NA,NA,NA,NA,NA,NA,NA,NA,NA,true,TRUE,TRUE,3281.2840661402074,3340.177129487993,3281.6001755627,58.893063347785755,58.893063347785755,12.000000000000023,FALSE,19122.31,FALSE,FALSE,TRUE
nearly_gaussian,nearly Gaussian,NH,NH,16,1000,434,0.434,NA,TRUE,TRUE,TRUE,0,NA,-1606.820863104649,3229.641726209298,3268.903768441155,3229.7870339792275,8,9.29,NA,3215.641726209298,3220.5494814882804,1.000000000000017,NA,HeckmanEM,NA,raw_AIC_BIC_implied_logLik,finite_logLik_no_explicit_code,3,2.8998774268469862,-0.10012257315301376,0.4,0.3963253742165735,-0.00367462578342653,NA,NA,NA,NA,NA,NA,NA,NA,NA,NA,NA,NA,NA,NA,-0.7,-0.7573806630964868,-0.05738066309648682,0.15,0.17405678376994388,0.02405678376994388,1,1.0896504492614296,0.08965044926142962,5,5.082464792491247,0.08246479249124672,1.5,1.6119473563155025,0.11194735631550246,0.8,0.8396274695845141,0.03962746958451402,39.26204223185687,39.262042231857095,-2.2737367544323206e-13,NA,NA,NA,NA,NA,NA,NA,NA,NA,NA,NA,NA,NA,NA,NA,NA,NA,NA,NA,NA,NA,NA,NA,NA,NA,NA,NA,NA,NA,NA,NA,NA,NA,NA,NA,NA,NA,NA,NA,NA,NA,NA,NA,NA,NA,NA,NA,NA,NA,NA,NA,NA,NA,NA,NA,NA,NA,NA,NA,NA,NA,NA,NA,NA,NA,NA,NA,NA,NA,NA,NA,NA,NA,NA,NA,NA,NA,NA,NA,NA,NA,NA,NA,NA,NA,NA,NA,NA,NA,NA,NA,NA,NA,NA,NA,NA,NA,NA,NA,NA,NA,NA,true,TRUE,TRUE,3229.641726209298,3268.903768441155,3229.7870339792275,39.26204223185687,39.26204223185687,7.999999999999954,FALSE,9.29,NA,NA,NA
nearly_gaussian,nearly Gaussian,NH,HT,16,1000,434,0.434,NA,TRUE,TRUE,TRUE,0,NA,-1606.849835958545,3229.69967191709,3268.961714148947,3229.8449796870195,8,40.221,NA,3215.69967191709,3220.6074271960724,1.000000000000017,NA,HeckmanEM,NA,raw_AIC_BIC_implied_logLik,finite_logLik_no_explicit_code,3,2.882554341767915,-0.11744565823208486,0.4,0.39949319768886504,-5.068023111349795e-4,NA,NA,NA,NA,NA,NA,NA,NA,NA,NA,NA,NA,NA,NA,-0.7,-0.7601276682364423,-0.06012766823644233,0.15,0.1747825686843987,0.02478256868439871,1,1.0933723406582507,0.09337234065825072,5,5.0737987581268005,0.07379875812680048,1.5,1.6079761499818832,0.1079761499818832,0.8,0.8397709953734324,0.03977099537343231,39.26204223185687,39.262042231857095,-2.2737367544323206e-13,NA,NA,NA,NA,NA,NA,NA,NA,NA,NA,NA,NA,NA,NA,NA,NA,NA,NA,NA,NA,NA,NA,NA,NA,NA,NA,NA,NA,NA,NA,NA,NA,NA,NA,NA,NA,NA,NA,NA,NA,NA,NA,NA,NA,NA,NA,NA,NA,NA,NA,NA,NA,NA,NA,NA,NA,NA,NA,NA,NA,NA,NA,NA,NA,NA,NA,NA,NA,NA,NA,NA,NA,NA,NA,NA,NA,NA,NA,NA,NA,NA,NA,NA,NA,NA,NA,NA,NA,NA,NA,NA,NA,NA,NA,NA,NA,NA,NA,NA,NA,NA,NA,true,TRUE,TRUE,3229.69967191709,3268.961714148947,3229.8449796870195,39.26204223185687,39.26204223185687,7.999999999999954,FALSE,40.221,NA,NA,NA
nearly_gaussian,nearly Gaussian,NH,CN,16,1000,434,0.434,NA,TRUE,TRUE,TRUE,0,NA,-1606.7744029561843,3233.548805912369,3282.6263587021904,3233.771252828446,10,531.706,NA,3215.548805912369,3220.4565611913513,1.000000000000017,NA,HeckmanEM,NA,raw_AIC_BIC_implied_logLik,finite_logLik_no_explicit_code,3,2.8668999543860516,-0.1331000456139484,0.4,0.3979349511899735,-0.0020650488100265,NA,NA,NA,NA,NA,NA,NA,NA,NA,NA,NA,NA,NA,NA,-0.7,-0.7629682358991243,-0.06296823589912437,0.15,0.1754027547479621,0.02540275474796211,1,1.0975635573647624,0.0975635573647624,5,5.078735321231385,0.0787353212313846,1.5,1.5986915710340175,0.09869157103401748,0.8,0.8385881746020634,0.03858817460206332,49.07755278982131,49.07755278982137,-5.684341886080802e-14,NA,NA,NA,NA,NA,NA,NA,NA,NA,NA,NA,NA,NA,NA,NA,NA,NA,NA,NA,NA,NA,NA,NA,NA,NA,NA,NA,NA,NA,NA,NA,NA,NA,NA,NA,NA,NA,NA,NA,NA,NA,NA,NA,NA,NA,NA,NA,NA,NA,NA,NA,NA,NA,NA,NA,NA,NA,NA,NA,NA,NA,NA,NA,NA,NA,NA,NA,NA,NA,NA,NA,NA,NA,NA,NA,NA,NA,NA,NA,NA,NA,NA,NA,NA,NA,NA,NA,NA,NA,NA,NA,NA,NA,NA,NA,NA,NA,NA,NA,NA,NA,NA,true,TRUE,TRUE,3233.5488059123686,3282.62635870219,3233.7712528284455,49.07755278982131,49.07755278982131,9.999999999999988,FALSE,531.706,NA,NA,NA
nearly_gaussian,nearly Gaussian,NH,ESN,16,1000,434,0.434,NA,TRUE,TRUE,TRUE,0,CONVERGENCE: REL_REDUCTION_OF_F <= FACTR*EPSMCH,-1604.6048524343169,3231.2097048686337,3285.1950129374372,3231.4769113463667,11,14344.809,NA,NA,NA,NA,8,stage2,1606.82090663506;1606.82038447109;1606.82146669666;1606.78165862147;1606.82137795683;1606.79145996159;1606.81558057724;1606.7838935693;1606.82098063959;1606.7912850411;1606.80671540852;1606.82091301537;1606.82087253825;1606.82086270135,proposed_likelihood,stage2,3,3.2727114521341605,0.2727114521341605,0.4,0.4941296377447688,0.0941296377447688,NA,1.4925821305300957,NA,NA,1.3360307334424726,NA,NA,1.4925821305300957,NA,NA,1.4925821305300957,NA,NA,NA,-0.7,-0.9542855795013327,-0.2542855795013329,0.15,0.15616097652785227,0.00616097652785227,1,0.9768286273211548,-0.02317137267884506,5,4.079006801280086,-0.9209931987199136,1.5,1.6182633033951213,0.11826330339512126,0.8,0.8469966439430926,0.04699664394309255,53.98530806880353,53.985308068803505,2.842170943040401e-14,NA,NA,NA,NA,NA,NA,NA,NA,NA,NA,NA,NA,NA,NA,NA,NA,NA,NA,NA,NA,NA,NA,NA,NA,NA,NA,NA,NA,NA,NA,NA,NA,NA,NA,NA,NA,NA,NA,NA,NA,NA,NA,NA,NA,NA,NA,NA,NA,NA,NA,NA,NA,NA,NA,NA,NA,NA,NA,NA,NA,NA,NA,NA,NA,NA,NA,NA,NA,NA,NA,NA,NA,NA,NA,NA,NA,NA,NA,NA,NA,NA,NA,NA,NA,NA,NA,NA,NA,NA,NA,NA,NA,NA,NA,NA,NA,NA,NA,NA,NA,NA,NA,true,TRUE,TRUE,3231.2097048686337,3285.1950129374372,3231.4769113463667,53.98530806880353,53.98530806880353,11.000000000000005,FALSE,14344.809,TRUE,FALSE,TRUE
nearly_gaussian,nearly Gaussian,NH,EST,16,1000,434,0.434,NA,TRUE,TRUE,TRUE,0,CONVERGENCE: REL_REDUCTION_OF_F <= FACTR*EPSMCH,-1616.9133563059245,3257.8267126118485,3316.7197759596343,3258.142822034341,12,16846.533,NA,NA,NA,NA,16,stage2,1616.9134339958;1e+12;1e+12;1616.913380323;1e+12;1e+12;1616.91345718194;1e+12;1e+12;1616.91350202334;1e+12;1e+12;1616.91336469837;1e+12;1e+12;1616.91335669448;1e+12;1e+12;1616.91384406174;1e+12;1e+12;1616.91345820932;1e+12;1e+12;1617.34395854511;1e+12;1e+12;1616.91336459125;1e+12;1e+12;1616.91355172396;1e+12;1e+12;1616.91339252811;1e+12;1e+12;1616.91693864187;1e+12;1e+12;1616.91346611098;1e+12;1e+12,proposed_likelihood,stage2,3,3.183560923205155,0.18356092320515496,0.4,0.651323315622538,0.25132331562253796,NA,-0.9079034661945244,NA,NA,-0.5862445281476711,NA,NA,1.4925821305300957,NA,NA,1.4925821305300957,NA,4,NA,-0.7,-0.5351236591291213,0.16487634087087866,0.15,0.17498642993496638,0.02498642993496638,1,1.0718471653822306,0.07184716538223057,5,5.362376442568472,0.3623764425684719,1.5,1.5790869912909462,0.079086991290946193,0.8,0.846188193962791,0.04618819396279095,58.893063347785755,58.89306334778564,1.1368683772161603e-13,NA,NA,NA,NA,NA,NA,NA,NA,NA,NA,NA,NA,NA,NA,NA,NA,NA,NA,NA,NA,NA,NA,NA,NA,NA,NA,NA,NA,NA,NA,NA,NA,NA,NA,NA,NA,NA,NA,NA,NA,NA,NA,NA,NA,NA,NA,NA,NA,NA,NA,NA,NA,NA,NA,NA,NA,NA,NA,NA,NA,NA,NA,NA,NA,NA,NA,NA,NA,NA,NA,NA,NA,NA,NA,NA,NA,NA,NA,NA,NA,NA,NA,NA,NA,NA,NA,NA,NA,NA,NA,NA,NA,NA,NA,NA,NA,NA,NA,NA,NA,NA,NA,true,TRUE,TRUE,3257.826712611849,3316.7197759596347,3258.1428220343414,58.893063347785755,58.893063347785755,12.000000000000023,FALSE,16846.533,FALSE,FALSE,TRUE
nearly_gaussian,nearly Gaussian,NH,NH,17,1000,430,0.43,NA,TRUE,TRUE,TRUE,0,NA,-1586.4491859327563,3188.8983718655127,3228.1604140973695,3189.043679635442,8,34.506,NA,3174.8983718655127,3179.806127144495,1.000000000000017,NA,HeckmanEM,NA,raw_AIC_BIC_implied_logLik,finite_logLik_no_explicit_code,3,2.7961808950850098,-0.20381910491499025,0.4,0.3710143440846614,-0.02898565591533863,NA,NA,NA,NA,NA,NA,NA,NA,NA,NA,NA,NA,NA,NA,-0.7,-0.7929361757551789,-0.09293617575517898,0.15,0.16806189194632043,0.01806189194632043,1,1.092917297045205,0.09291729704520502,5,5.286129937056971,0.28612993705697143,1.5,1.6858006382378368,0.18580063823783677,0.8,0.7309252800829614,-0.06907471991703862,39.26204223185687,39.262042231857095,-2.2737367544323206e-13,NA,NA,NA,NA,NA,NA,NA,NA,NA,NA,NA,NA,NA,NA,NA,NA,NA,NA,NA,NA,NA,NA,NA,NA,NA,NA,NA,NA,NA,NA,NA,NA,NA,NA,NA,NA,NA,NA,NA,NA,NA,NA,NA,NA,NA,NA,NA,NA,NA,NA,NA,NA,NA,NA,NA,NA,NA,NA,NA,NA,NA,NA,NA,NA,NA,NA,NA,NA,NA,NA,NA,NA,NA,NA,NA,NA,NA,NA,NA,NA,NA,NA,NA,NA,NA,NA,NA,NA,NA,NA,NA,NA,NA,NA,NA,NA,NA,NA,NA,NA,NA,NA,true,TRUE,TRUE,3188.8983718655127,3228.1604140973695,3189.043679635442,39.26204223185687,39.26204223185687,7.999999999999954,FALSE,34.506,NA,NA,NA
nearly_gaussian,nearly Gaussian,NH,HT,17,1000,430,0.43,NA,TRUE,TRUE,TRUE,0,NA,-1586.697567102695,3189.39513420539,3228.6571764372475,3189.5404419753195,8,45.895999999999994,NA,3175.39513420539,3180.3028894843724,1.000000000000017,NA,HeckmanEM,NA,raw_AIC_BIC_implied_logLik,finite_logLik_no_explicit_code,3,2.777145257234544,-0.22285474276545617,0.4,0.3671872966558016,-0.03281270334419839,NA,NA,NA,NA,NA,NA,NA,NA,NA,NA,NA,NA,NA,NA,-0.7,-0.7960893242922942,-0.09608932429229422,0.15,0.16870950000448243,0.01870950000448243,1,1.097425480143407,0.09742548014340668,5,5.300060264800827,0.3000602648008268,1.5,1.6868153612636454,0.1868153612636454,0.8,0.7296796034751831,-0.07032039652481692,39.26204223185732,39.262042231857095,2.2737367544323206e-13,NA,NA,NA,NA,NA,NA,NA,NA,NA,NA,NA,NA,NA,NA,NA,NA,NA,NA,NA,NA,NA,NA,NA,NA,NA,NA,NA,NA,NA,NA,NA,NA,NA,NA,NA,NA,NA,NA,NA,NA,NA,NA,NA,NA,NA,NA,NA,NA,NA,NA,NA,NA,NA,NA,NA,NA,NA,NA,NA,NA,NA,NA,NA,NA,NA,NA,NA,NA,NA,NA,NA,NA,NA,NA,NA,NA,NA,NA,NA,NA,NA,NA,NA,NA,NA,NA,NA,NA,NA,NA,NA,NA,NA,NA,NA,NA,NA,NA,NA,NA,NA,NA,true,TRUE,TRUE,3189.39513420539,3228.6571764372475,3189.5404419753195,39.26204223185732,39.26204223185732,8.000000000000046,FALSE,45.895999999999994,NA,NA,NA
nearly_gaussian,nearly Gaussian,NH,CN,17,1000,430,0.43,NA,TRUE,TRUE,TRUE,0,NA,-1586.4491861086358,3192.8983722172716,3241.975925007093,3193.1208191333485,10,169.02800000000002,NA,3174.8983722172716,3179.806127496254,1.000000000000017,NA,HeckmanEM,NA,raw_AIC_BIC_implied_logLik,finite_logLik_no_explicit_code,3,2.7961881476119865,-0.20381185238801347,0.4,0.37117137024295255,-0.02882862975704747,NA,NA,NA,NA,NA,NA,NA,NA,NA,NA,NA,NA,NA,NA,-0.7,-0.7929421619074208,-0.09294216190742088,0.15,0.16806476447255536,0.01806476447255536,1,1.0929279579265974,0.09292795792659736,5,5.285758809226231,0.2857588092262313,1.5,1.6857949405883852,0.1857949405883852,0.8,0.7309205393133962,-0.06907946068660387,49.07755278982131,49.07755278982137,-5.684341886080802e-14,NA,NA,NA,NA,NA,NA,NA,NA,NA,NA,NA,NA,NA,NA,NA,NA,NA,NA,NA,NA,NA,NA,NA,NA,NA,NA,NA,NA,NA,NA,NA,NA,NA,NA,NA,NA,NA,NA,NA,NA,NA,NA,NA,NA,NA,NA,NA,NA,NA,NA,NA,NA,NA,NA,NA,NA,NA,NA,NA,NA,NA,NA,NA,NA,NA,NA,NA,NA,NA,NA,NA,NA,NA,NA,NA,NA,NA,NA,NA,NA,NA,NA,NA,NA,NA,NA,NA,NA,NA,NA,NA,NA,NA,NA,NA,NA,NA,NA,NA,NA,NA,NA,true,TRUE,TRUE,3192.8983722172716,3241.975925007093,3193.1208191333485,49.07755278982131,49.07755278982131,9.999999999999988,FALSE,169.02800000000002,NA,NA,NA
nearly_gaussian,nearly Gaussian,NH,ESN,17,1000,430,0.43,NA,TRUE,TRUE,TRUE,0,CONVERGENCE: REL_REDUCTION_OF_F <= FACTR*EPSMCH,-1585.2241353312395,3192.448270662479,3246.4335787312825,3192.715477140212,11,16270.88,NA,NA,NA,NA,11,stage2,1585.24775750416;1585.24692135951;1585.25896845178;1585.24692935515;1585.25758304124;1585.24126164724;1585.26613670531;1585.24041894722;1585.27836807677;1586.42786683975;1585.22788795399;1585.23110980794;1585.2677734207;1586.44918553783,proposed_likelihood,stage2,3,3.382048604039174,0.3820486040391739,0.4,0.4936505394817557,0.09365053948175568,NA,-0.8087129862098319,NA,NA,-0.96892452239271,NA,NA,1.375207332606262,NA,NA,1.375207332606262,NA,NA,NA,-0.7,-0.5781116610585721,0.1218883389414278,0.15,0.15860445877466278,0.00860445877466278,1,1.0294218293481583,0.02942182934815829,5,6.051437624147659,1.0514376241476588,1.5,1.668566038041883,0.16856603804188297,0.8,0.7460734608100863,-0.05392653918991375,53.98530806880353,53.985308068803505,2.842170943040401e-14,NA,NA,NA,NA,NA,NA,NA,NA,NA,NA,NA,NA,NA,NA,NA,NA,NA,NA,NA,NA,NA,NA,NA,NA,NA,NA,NA,NA,NA,NA,NA,NA,NA,NA,NA,NA,NA,NA,NA,NA,NA,NA,NA,NA,NA,NA,NA,NA,NA,NA,NA,NA,NA,NA,NA,NA,NA,NA,NA,NA,NA,NA,NA,NA,NA,NA,NA,NA,NA,NA,NA,NA,NA,NA,NA,NA,NA,NA,NA,NA,NA,NA,NA,NA,NA,NA,NA,NA,NA,NA,NA,NA,NA,NA,NA,NA,NA,NA,NA,NA,NA,NA,true,TRUE,TRUE,3192.448270662479,3246.4335787312825,3192.715477140212,53.98530806880353,53.98530806880353,11.000000000000005,FALSE,16270.88,FALSE,FALSE,FALSE
nearly_gaussian,nearly Gaussian,NH,EST,17,1000,430,0.43,NA,TRUE,TRUE,TRUE,0,CONVERGENCE: REL_REDUCTION_OF_F <= FACTR*EPSMCH,-1596.294723038631,3216.589446077262,3275.4825094250477,3216.9055554997544,12,16326.618,NA,NA,NA,NA,34,stage2,1596.30979835062;1e+12;1e+12;1596.29982558953;1e+12;1e+12;1596.31680634551;1e+12;1e+12;1596.30107614731;1e+12;1e+12;1596.31044595834;1e+12;1e+12;1596.31006270535;1e+12;1e+12;1596.31419040595;1e+12;1e+12;1596.3088924633;1e+12;1e+12;1596.31887389237;1e+12;1e+12;1596.29662116296;1e+12;1e+12;1596.30315044941;1e+12;1e+12;1596.29719863309;1e+12;1e+12;1596.31891394938;1e+12;1e+12;1596.31523642632;1e+12;1e+12,proposed_likelihood,stage2,3,3.354049089898438,0.35404908989843786,0.4,0.6343765805261825,0.2343765805261825,NA,-1.330652791583046,NA,NA,-0.8551839989343857,NA,NA,1.4925821305300957,NA,NA,1.4925821305300957,NA,4,NA,-0.7,-0.4537455666200484,0.24625443337995157,0.15,0.1592581652486936,0.0092581652486936,1,1.036393248832042,0.03639324883204198,5,6.13202458763743,1.1320245876374295,1.5,1.6731499317521652,0.1731499317521652,0.8,0.7157420866296224,-0.08425791337037769,58.893063347785755,58.89306334778564,1.1368683772161603e-13,NA,NA,NA,NA,NA,NA,NA,NA,NA,NA,NA,NA,NA,NA,NA,NA,NA,NA,NA,NA,NA,NA,NA,NA,NA,NA,NA,NA,NA,NA,NA,NA,NA,NA,NA,NA,NA,NA,NA,NA,NA,NA,NA,NA,NA,NA,NA,NA,NA,NA,NA,NA,NA,NA,NA,NA,NA,NA,NA,NA,NA,NA,NA,NA,NA,NA,NA,NA,NA,NA,NA,NA,NA,NA,NA,NA,NA,NA,NA,NA,NA,NA,NA,NA,NA,NA,NA,NA,NA,NA,NA,NA,NA,NA,NA,NA,NA,NA,NA,NA,NA,NA,true,TRUE,TRUE,3216.589446077262,3275.4825094250477,3216.9055554997544,58.893063347785755,58.893063347785755,12.000000000000023,FALSE,16326.618,FALSE,FALSE,TRUE
nearly_gaussian,nearly Gaussian,NH,NH,18,1000,439,0.439,NA,TRUE,TRUE,TRUE,0,NA,-1591.7538545993602,3199.5077091987205,3238.7697514305773,3199.65301696865,8,37.443000000000005,NA,3185.5077091987205,3190.4154644777027,1.000000000000017,NA,HeckmanEM,NA,raw_AIC_BIC_implied_logLik,finite_logLik_no_explicit_code,3,2.7408621523273236,-0.25913784767267645,0.4,0.37821741428955,-0.02178258571045005,NA,NA,NA,NA,NA,NA,NA,NA,NA,NA,NA,NA,NA,NA,-0.7,-0.7465472259416897,-0.04654722594168969,0.15,0.16384327088430686,0.01384327088430686,1,1.150679138944234,0.15067913894423413,5,5.176083655867377,0.17608365586737662,1.5,1.4518750123978257,-0.04812498760217432,0.8,0.8272230815213721,0.02722308152137209,39.26204223185687,39.262042231857095,-2.2737367544323206e-13,NA,NA,NA,NA,NA,NA,NA,NA,NA,NA,NA,NA,NA,NA,NA,NA,NA,NA,NA,NA,NA,NA,NA,NA,NA,NA,NA,NA,NA,NA,NA,NA,NA,NA,NA,NA,NA,NA,NA,NA,NA,NA,NA,NA,NA,NA,NA,NA,NA,NA,NA,NA,NA,NA,NA,NA,NA,NA,NA,NA,NA,NA,NA,NA,NA,NA,NA,NA,NA,NA,NA,NA,NA,NA,NA,NA,NA,NA,NA,NA,NA,NA,NA,NA,NA,NA,NA,NA,NA,NA,NA,NA,NA,NA,NA,NA,NA,NA,NA,NA,NA,NA,true,TRUE,TRUE,3199.5077091987205,3238.7697514305773,3199.65301696865,39.26204223185687,39.26204223185687,7.999999999999954,FALSE,37.443000000000005,NA,NA,NA
nearly_gaussian,nearly Gaussian,NH,HT,18,1000,439,0.439,NA,TRUE,TRUE,TRUE,0,NA,-1591.2465419626465,3198.493083925293,3237.75512615715,3198.6383916952223,8,63.009,NA,3184.493083925293,3189.400839204275,1.000000000000017,NA,HeckmanEM,NA,raw_AIC_BIC_implied_logLik,finite_logLik_no_explicit_code,3,2.6424917718114416,-0.35750822818855843,0.4,0.37538417498084975,-0.02461582501915027,NA,NA,NA,NA,NA,NA,NA,NA,NA,NA,NA,NA,NA,NA,-0.7,-0.759965380556684,-0.05996538055668399,0.15,0.16659755627746317,0.01659755627746317,1,1.171299616024863,0.171299616024863,5,5.188538542416256,0.18853854241625623,1.5,1.4431579621892434,-0.05684203781075658,0.8,0.8320619605964658,0.03206196059646571,39.26204223185687,39.262042231857095,-2.2737367544323206e-13,NA,NA,NA,NA,NA,NA,NA,NA,NA,NA,NA,NA,NA,NA,NA,NA,NA,NA,NA,NA,NA,NA,NA,NA,NA,NA,NA,NA,NA,NA,NA,NA,NA,NA,NA,NA,NA,NA,NA,NA,NA,NA,NA,NA,NA,NA,NA,NA,NA,NA,NA,NA,NA,NA,NA,NA,NA,NA,NA,NA,NA,NA,NA,NA,NA,NA,NA,NA,NA,NA,NA,NA,NA,NA,NA,NA,NA,NA,NA,NA,NA,NA,NA,NA,NA,NA,NA,NA,NA,NA,NA,NA,NA,NA,NA,NA,NA,NA,NA,NA,NA,NA,true,TRUE,TRUE,3198.493083925293,3237.75512615715,3198.6383916952223,39.26204223185687,39.26204223185687,7.999999999999954,FALSE,63.009,NA,NA,NA
nearly_gaussian,nearly Gaussian,NH,CN,18,1000,439,0.439,NA,TRUE,TRUE,TRUE,0,NA,-1590.9489062234538,3201.8978124469077,3250.975365236729,3202.1202593629846,10,523.77,NA,3183.8978124469077,3188.80556772589,1.000000000000017,NA,HeckmanEM,NA,raw_AIC_BIC_implied_logLik,finite_logLik_no_explicit_code,3,2.6266755596245313,-0.37332444037546875,0.4,0.38118298224344255,-0.01881701775655747,NA,NA,NA,NA,NA,NA,NA,NA,NA,NA,NA,NA,NA,NA,-0.7,-0.7656664786180637,-0.06566647861806374,0.15,0.1677565216579256,0.0177565216579256,1,1.1800790889748318,0.18007908897483182,5,5.177846971215482,0.177846971215482,1.5,1.4470386643612676,-0.0529613356387324,0.8,0.8285374332102666,0.02853743321026658,49.07755278982131,49.07755278982137,-5.684341886080802e-14,NA,NA,NA,NA,NA,NA,NA,NA,NA,NA,NA,NA,NA,NA,NA,NA,NA,NA,NA,NA,NA,NA,NA,NA,NA,NA,NA,NA,NA,NA,NA,NA,NA,NA,NA,NA,NA,NA,NA,NA,NA,NA,NA,NA,NA,NA,NA,NA,NA,NA,NA,NA,NA,NA,NA,NA,NA,NA,NA,NA,NA,NA,NA,NA,NA,NA,NA,NA,NA,NA,NA,NA,NA,NA,NA,NA,NA,NA,NA,NA,NA,NA,NA,NA,NA,NA,NA,NA,NA,NA,NA,NA,NA,NA,NA,NA,NA,NA,NA,NA,NA,NA,true,TRUE,TRUE,3201.8978124469077,3250.975365236729,3202.1202593629846,49.07755278982131,49.07755278982131,9.999999999999988,FALSE,523.77,NA,NA,NA
nearly_gaussian,nearly Gaussian,NH,ESN,18,1000,439,0.439,NA,TRUE,TRUE,TRUE,0,CONVERGENCE: REL_REDUCTION_OF_F <= FACTR*EPSMCH,-1590.8177043489466,3203.635408697893,3257.6207167666967,3203.902615175626,11,15026.912,NA,NA,NA,NA,12,stage2,1590.82203567115;1590.82355201215;1590.82764988841;1590.82646554099;1590.81792434502;1590.82617409886;1591.75272813623;1590.81802393991;1590.82229295046;1590.83291387113;1590.82166275372;1590.81783688239;1590.82122510414;1591.75385431319,proposed_likelihood,stage2,3,3.0221601800713382,0.02216018007133824,0.4,0.14244064024720124,-0.25755935975279876,NA,1.4925821305300957,NA,NA,-1.4044714425418594,NA,NA,-0.6004043938504122,NA,NA,-0.6004043938504122,NA,NA,NA,-0.7,-1.2560635894366825,-0.5560635894366823,0.15,0.13614331851047856,-0.01385668148952143,1,0.970259027827964,-0.02974097217203586,5,6.44239500314485,1.44239500314485,1.5,1.453569055856999,-0.04643094414300108,0.8,0.8421979586962725,0.04219795869627241,53.98530806880353,53.985308068803505,2.842170943040401e-14,NA,NA,NA,NA,NA,NA,NA,NA,NA,NA,NA,NA,NA,NA,NA,NA,NA,NA,NA,NA,NA,NA,NA,NA,NA,NA,NA,NA,NA,NA,NA,NA,NA,NA,NA,NA,NA,NA,NA,NA,NA,NA,NA,NA,NA,NA,NA,NA,NA,NA,NA,NA,NA,NA,NA,NA,NA,NA,NA,NA,NA,NA,NA,NA,NA,NA,NA,NA,NA,NA,NA,NA,NA,NA,NA,NA,NA,NA,NA,NA,NA,NA,NA,NA,NA,NA,NA,NA,NA,NA,NA,NA,NA,NA,NA,NA,NA,NA,NA,NA,NA,NA,true,TRUE,TRUE,3203.635408697893,3257.6207167666967,3203.902615175626,53.98530806880353,53.98530806880353,11.000000000000005,FALSE,15026.912,TRUE,FALSE,FALSE
nearly_gaussian,nearly Gaussian,NH,EST,18,1000,439,0.439,NA,TRUE,TRUE,TRUE,0,CONVERGENCE: REL_REDUCTION_OF_F <= FACTR*EPSMCH,-1594.1429341908306,3212.285868381661,3271.178931729447,3212.6019778041536,12,14109.307,NA,NA,NA,NA,40,stage2,1594.14631902603;1e+12;1e+12;1594.14718027202;1e+12;1e+12;1594.14393581879;1e+12;1e+12;1594.14637946643;1e+12;1e+12;1594.15112807498;1e+12;1e+12;1594.1455264241;1e+12;1e+12;1594.14614592045;1e+12;1e+12;1594.14448444278;1e+12;1e+12;1594.14560506223;1e+12;1e+12;1594.14582734291;1e+12;1e+12;1594.14381010009;1e+12;1e+12;1594.14527950473;1e+12;1e+12;1594.14338513922;1e+12;1e+12;1594.14293459389;1e+12;1e+12,proposed_likelihood,stage2,3,3.2897937157305464,0.28979371573054635,0.4,0.6746181652055957,0.2746181652055957,NA,-1.4900628194904708,NA,NA,-0.8353285674152939,NA,NA,1.4925821305300957,NA,NA,1.4925821305300957,NA,4,NA,-0.7,-0.3666698701143992,0.3333301298856008,0.15,0.15099892227710177,9.989222771017714e-4,1,1.0712554360382889,0.07125543603828866,5,5.940870728119824,0.9408707281198244,1.5,1.4361450811917018,-0.06385491880829819,0.8,0.8631139146325911,0.06311391463259108,58.893063347785755,58.89306334778564,1.1368683772161603e-13,NA,NA,NA,NA,NA,NA,NA,NA,NA,NA,NA,NA,NA,NA,NA,NA,NA,NA,NA,NA,NA,NA,NA,NA,NA,NA,NA,NA,NA,NA,NA,NA,NA,NA,NA,NA,NA,NA,NA,NA,NA,NA,NA,NA,NA,NA,NA,NA,NA,NA,NA,NA,NA,NA,NA,NA,NA,NA,NA,NA,NA,NA,NA,NA,NA,NA,NA,NA,NA,NA,NA,NA,NA,NA,NA,NA,NA,NA,NA,NA,NA,NA,NA,NA,NA,NA,NA,NA,NA,NA,NA,NA,NA,NA,NA,NA,NA,NA,NA,NA,NA,NA,true,TRUE,TRUE,3212.285868381661,3271.178931729447,3212.6019778041536,58.893063347785755,58.893063347785755,12.000000000000023,FALSE,14109.307,TRUE,FALSE,TRUE
nearly_gaussian,nearly Gaussian,NH,NH,19,1000,430,0.43,NA,TRUE,TRUE,TRUE,0,NA,-1641.3211102818937,3298.6422205637873,3337.904262795644,3298.7875283337166,8,56.367,NA,3284.6422205637873,3289.5499758427695,1.000000000000017,NA,HeckmanEM,NA,raw_AIC_BIC_implied_logLik,finite_logLik_no_explicit_code,3,2.91256662279901,-0.08743337720098987,0.4,0.2084012517948814,-0.19159874820511863,NA,NA,NA,NA,NA,NA,NA,NA,NA,NA,NA,NA,NA,NA,-0.7,-0.7097938761343785,-0.00979387613437854,0.15,0.13757799548457358,-0.01242200451542641,1,1.0056177843774146,0.00561778437741455,5,5.6790951773201765,0.6790951773201765,1.5,1.4451309265459908,-0.05486907345400915,0.8,0.5852087727082805,-0.2147912272917195,39.26204223185687,39.262042231857095,-2.2737367544323206e-13,NA,NA,NA,NA,NA,NA,NA,NA,NA,NA,NA,NA,NA,NA,NA,NA,NA,NA,NA,NA,NA,NA,NA,NA,NA,NA,NA,NA,NA,NA,NA,NA,NA,NA,NA,NA,NA,NA,NA,NA,NA,NA,NA,NA,NA,NA,NA,NA,NA,NA,NA,NA,NA,NA,NA,NA,NA,NA,NA,NA,NA,NA,NA,NA,NA,NA,NA,NA,NA,NA,NA,NA,NA,NA,NA,NA,NA,NA,NA,NA,NA,NA,NA,NA,NA,NA,NA,NA,NA,NA,NA,NA,NA,NA,NA,NA,NA,NA,NA,NA,NA,NA,true,TRUE,TRUE,3298.6422205637873,3337.904262795644,3298.7875283337166,39.26204223185687,39.26204223185687,7.999999999999954,FALSE,56.367,NA,NA,NA
nearly_gaussian,nearly Gaussian,NH,HT,19,1000,430,0.43,NA,TRUE,TRUE,TRUE,0,NA,-1641.4543854602025,3298.908770920405,3338.170813152262,3299.0540786903343,8,88.436,NA,3284.908770920405,3289.8165261993872,1.000000000000017,NA,HeckmanEM,NA,raw_AIC_BIC_implied_logLik,finite_logLik_no_explicit_code,3,2.894924933827019,-0.10507506617298112,0.4,0.21254558329974343,-0.1874544167002566,NA,NA,NA,NA,NA,NA,NA,NA,NA,NA,NA,NA,NA,NA,-0.7,-0.7117603435242232,-0.01176034352422328,0.15,0.1379781068145464,-0.0120218931854536,1,1.008345637805063,0.00834563780506303,5,5.672534667979005,0.6725346679790052,1.5,1.4462403855195225,-0.0537596144804775,0.8,0.5841422878252918,-0.21585771217470828,39.26204223185687,39.262042231857095,-2.2737367544323206e-13,NA,NA,NA,NA,NA,NA,NA,NA,NA,NA,NA,NA,NA,NA,NA,NA,NA,NA,NA,NA,NA,NA,NA,NA,NA,NA,NA,NA,NA,NA,NA,NA,NA,NA,NA,NA,NA,NA,NA,NA,NA,NA,NA,NA,NA,NA,NA,NA,NA,NA,NA,NA,NA,NA,NA,NA,NA,NA,NA,NA,NA,NA,NA,NA,NA,NA,NA,NA,NA,NA,NA,NA,NA,NA,NA,NA,NA,NA,NA,NA,NA,NA,NA,NA,NA,NA,NA,NA,NA,NA,NA,NA,NA,NA,NA,NA,NA,NA,NA,NA,NA,NA,true,TRUE,TRUE,3298.908770920405,3338.170813152262,3299.0540786903343,39.26204223185687,39.26204223185687,7.999999999999954,FALSE,88.436,NA,NA,NA
nearly_gaussian,nearly Gaussian,NH,CN,19,1000,430,0.43,NA,TRUE,TRUE,TRUE,0,NA,-1641.321112154299,3302.642224308598,3351.7197770984194,3302.864671224675,10,274.52500000000003,NA,3284.642224308598,3289.5499795875803,1.000000000000017,NA,HeckmanEM,NA,raw_AIC_BIC_implied_logLik,finite_logLik_no_explicit_code,3,2.912483493536882,-0.08751650646311804,0.4,0.208701926003017,-0.191298073996983,NA,NA,NA,NA,NA,NA,NA,NA,NA,NA,NA,NA,NA,NA,-0.7,-0.7098278025209692,-0.00982780252096926,0.15,0.1375806823668222,-0.0124193176331778,1,1.0056677022975318,0.00566770229753177,5,5.6783804277480545,0.6783804277480545,1.5,1.445144126660159,-0.05485587333984099,0.8,0.5851986050879966,-0.21480139491200345,49.07755278982131,49.07755278982137,-5.684341886080802e-14,NA,NA,NA,NA,NA,NA,NA,NA,NA,NA,NA,NA,NA,NA,NA,NA,NA,NA,NA,NA,NA,NA,NA,NA,NA,NA,NA,NA,NA,NA,NA,NA,NA,NA,NA,NA,NA,NA,NA,NA,NA,NA,NA,NA,NA,NA,NA,NA,NA,NA,NA,NA,NA,NA,NA,NA,NA,NA,NA,NA,NA,NA,NA,NA,NA,NA,NA,NA,NA,NA,NA,NA,NA,NA,NA,NA,NA,NA,NA,NA,NA,NA,NA,NA,NA,NA,NA,NA,NA,NA,NA,NA,NA,NA,NA,NA,NA,NA,NA,NA,NA,NA,true,TRUE,TRUE,3302.642224308598,3351.7197770984194,3302.864671224675,49.07755278982131,49.07755278982131,9.999999999999988,FALSE,274.52500000000003,NA,NA,NA
nearly_gaussian,nearly Gaussian,NH,ESN,19,1000,430,0.43,NA,TRUE,TRUE,TRUE,0,CONVERGENCE: REL_REDUCTION_OF_F <= FACTR*EPSMCH,-1640.488762245999,3302.977524491998,3356.9628325608014,3303.244730969731,11,15959.859,NA,NA,NA,NA,12,stage2,1641.32233519523;1640.56709939426;1640.81124122817;1640.55073189512;1640.79474040414;1640.52589088164;1641.3184656784;1640.7941887481;1640.80303182934;1641.26753862369;1640.80511512382;1640.54801723332;1641.32154813665;1641.32110974437,proposed_likelihood,stage2,3,3.4459089547491044,0.4459089547491044,0.4,0.4388301084845628,0.03883010848456275,NA,-1.4925821305300957,NA,NA,-0.7242412714081299,NA,NA,1.4925821305300957,NA,NA,1.4925821305300957,NA,NA,NA,-0.7,-0.3338844551704609,0.36611554482953906,0.15,0.11753927716725618,-0.03246072283274381,1,0.8572352486153549,-0.14276475138464506,5,6.411398678417093,1.411398678417093,1.5,1.4468546354506735,-0.05314536454932628,0.8,0.5851286500106081,-0.21487134998939195,53.98530806880353,53.985308068803505,2.842170943040401e-14,NA,NA,NA,NA,NA,NA,NA,NA,NA,NA,NA,NA,NA,NA,NA,NA,NA,NA,NA,NA,NA,NA,NA,NA,NA,NA,NA,NA,NA,NA,NA,NA,NA,NA,NA,NA,NA,NA,NA,NA,NA,NA,NA,NA,NA,NA,NA,NA,NA,NA,NA,NA,NA,NA,NA,NA,NA,NA,NA,NA,NA,NA,NA,NA,NA,NA,NA,NA,NA,NA,NA,NA,NA,NA,NA,NA,NA,NA,NA,NA,NA,NA,NA,NA,NA,NA,NA,NA,NA,NA,NA,NA,NA,NA,NA,NA,NA,NA,NA,NA,NA,NA,true,TRUE,TRUE,3302.977524491998,3356.9628325608014,3303.244730969731,53.98530806880353,53.98530806880353,11.000000000000005,FALSE,15959.859,TRUE,FALSE,TRUE
nearly_gaussian,nearly Gaussian,NH,EST,19,1000,430,0.43,NA,TRUE,TRUE,TRUE,0,CONVERGENCE: REL_REDUCTION_OF_F <= FACTR*EPSMCH,-1650.1457085679149,3324.2914171358298,3383.1844804836155,3324.607526558322,12,15521.306,NA,NA,NA,NA,25,stage2,1650.14832267843;1e+12;1e+12;1650.1545620573;1e+12;1e+12;1650.15874380839;1e+12;1e+12;1650.14624936651;1e+12;1e+12;1650.1457450902;1e+12;1e+12;1650.14737581504;1e+12;1e+12;1650.1463078281;1e+12;1e+12;1650.14766859312;1e+12;1e+12;1650.14570894134;1e+12;1e+12;1650.14590858419;1e+12;1e+12;1650.14571540999;1e+12;1e+12;1650.14576955948;1e+12;1e+12;1650.16009252955;1e+12;1e+12;1650.1524969541;1e+12;1e+12,proposed_likelihood,stage2,3,3.33853261676671,0.33853261676671,0.4,0.5724546400909184,0.17245464009091838,NA,-1.4925821305300957,NA,NA,-0.6498147934678643,NA,NA,1.4925821305300957,NA,NA,1.4925821305300957,NA,4,NA,-0.7,-0.3210714321643013,0.3789285678356986,0.15,0.12277581266120129,-0.0272241873387987,1,0.9074759403448188,-0.09252405965518118,5,6.230355246730751,1.2303552467307508,1.5,1.462571058399693,-0.03742894160030707,0.8,0.5668113260573977,-0.23318867394260231,58.893063347785755,58.89306334778564,1.1368683772161603e-13,NA,NA,NA,NA,NA,NA,NA,NA,NA,NA,NA,NA,NA,NA,NA,NA,NA,NA,NA,NA,NA,NA,NA,NA,NA,NA,NA,NA,NA,NA,NA,NA,NA,NA,NA,NA,NA,NA,NA,NA,NA,NA,NA,NA,NA,NA,NA,NA,NA,NA,NA,NA,NA,NA,NA,NA,NA,NA,NA,NA,NA,NA,NA,NA,NA,NA,NA,NA,NA,NA,NA,NA,NA,NA,NA,NA,NA,NA,NA,NA,NA,NA,NA,NA,NA,NA,NA,NA,NA,NA,NA,NA,NA,NA,NA,NA,NA,NA,NA,NA,NA,NA,true,TRUE,TRUE,3324.2914171358298,3383.1844804836155,3324.607526558322,58.893063347785755,58.893063347785755,12.000000000000023,FALSE,15521.306,TRUE,FALSE,TRUE
nearly_gaussian,nearly Gaussian,NH,NH,20,1000,429,0.429,NA,TRUE,TRUE,TRUE,0,NA,-1615.7358427040028,3247.4716854080057,3286.733727639863,3247.616993177935,8,19.923,NA,3233.4716854080057,3238.379440686988,1.000000000000017,NA,HeckmanEM,NA,raw_AIC_BIC_implied_logLik,finite_logLik_no_explicit_code,3,2.9396975410115695,-0.06030245898843045,0.4,0.3020215730139871,-0.09797842698601296,NA,NA,NA,NA,NA,NA,NA,NA,NA,NA,NA,NA,NA,NA,-0.7,-0.7531015428831374,-0.0531015428831374,0.15,0.15977250974359516,0.00977250974359517,1,1.0935863589630772,0.0935863589630772,5,5.345822449773415,0.34582244977341503,1.5,1.4588715074084513,-0.04112849259154871,0.8,0.7281004422639297,-0.07189955773607037,39.26204223185732,39.262042231857095,2.2737367544323206e-13,NA,NA,NA,NA,NA,NA,NA,NA,NA,NA,NA,NA,NA,NA,NA,NA,NA,NA,NA,NA,NA,NA,NA,NA,NA,NA,NA,NA,NA,NA,NA,NA,NA,NA,NA,NA,NA,NA,NA,NA,NA,NA,NA,NA,NA,NA,NA,NA,NA,NA,NA,NA,NA,NA,NA,NA,NA,NA,NA,NA,NA,NA,NA,NA,NA,NA,NA,NA,NA,NA,NA,NA,NA,NA,NA,NA,NA,NA,NA,NA,NA,NA,NA,NA,NA,NA,NA,NA,NA,NA,NA,NA,NA,NA,NA,NA,NA,NA,NA,NA,NA,NA,true,TRUE,TRUE,3247.4716854080057,3286.733727639863,3247.616993177935,39.26204223185732,39.26204223185732,8.000000000000046,FALSE,19.923,NA,NA,NA
nearly_gaussian,nearly Gaussian,NH,HT,20,1000,429,0.429,NA,TRUE,TRUE,TRUE,0,NA,-1615.7068923069485,3247.413784613897,3286.6758268457543,3247.5590923838263,8,38.93300000000001,NA,3233.413784613897,3238.321539892879,1.000000000000017,NA,HeckmanEM,NA,raw_AIC_BIC_implied_logLik,finite_logLik_no_explicit_code,3,2.9097078363159663,-0.0902921636840337,0.4,0.3053051757102334,-0.0946948242897666,NA,NA,NA,NA,NA,NA,NA,NA,NA,NA,NA,NA,NA,NA,-0.7,-0.7565660009154651,-0.05656600091546515,0.15,0.16045760259250264,0.01045760259250264,1,1.098347266819482,0.09834726681948204,5,5.33803152478795,0.33803152478794996,1.5,1.4589376414872963,-0.04106235851270368,0.8,0.7304776003714989,-0.06952239962850115,39.26204223185732,39.262042231857095,2.2737367544323206e-13,NA,NA,NA,NA,NA,NA,NA,NA,NA,NA,NA,NA,NA,NA,NA,NA,NA,NA,NA,NA,NA,NA,NA,NA,NA,NA,NA,NA,NA,NA,NA,NA,NA,NA,NA,NA,NA,NA,NA,NA,NA,NA,NA,NA,NA,NA,NA,NA,NA,NA,NA,NA,NA,NA,NA,NA,NA,NA,NA,NA,NA,NA,NA,NA,NA,NA,NA,NA,NA,NA,NA,NA,NA,NA,NA,NA,NA,NA,NA,NA,NA,NA,NA,NA,NA,NA,NA,NA,NA,NA,NA,NA,NA,NA,NA,NA,NA,NA,NA,NA,NA,NA,true,TRUE,TRUE,3247.413784613897,3286.6758268457543,3247.5590923838263,39.26204223185732,39.26204223185732,8.000000000000046,FALSE,38.93300000000001,NA,NA,NA
nearly_gaussian,nearly Gaussian,NH,CN,20,1000,429,0.429,NA,TRUE,TRUE,TRUE,0,NA,-1615.732980465709,3251.465960931418,3300.5435137212394,3251.688407847495,10,531.662,NA,3233.465960931418,3238.3737162104003,1.000000000000017,NA,HeckmanEM,NA,raw_AIC_BIC_implied_logLik,finite_logLik_no_explicit_code,3,2.924038858348199,-0.0759611416518009,0.4,0.30280734629563655,-0.09719265370436347,NA,NA,NA,NA,NA,NA,NA,NA,NA,NA,NA,NA,NA,NA,-0.7,-0.7565941311940534,-0.05659413119405343,0.15,0.16050925253968928,0.01050925253968929,1,1.098623900715224,0.09862390071522388,5,5.344212068722488,0.3442120687224879,1.5,1.458739577580456,-0.04126042241954386,0.8,0.7283366564566665,-0.07166334354333359,49.07755278982131,49.07755278982137,-5.684341886080802e-14,NA,NA,NA,NA,NA,NA,NA,NA,NA,NA,NA,NA,NA,NA,NA,NA,NA,NA,NA,NA,NA,NA,NA,NA,NA,NA,NA,NA,NA,NA,NA,NA,NA,NA,NA,NA,NA,NA,NA,NA,NA,NA,NA,NA,NA,NA,NA,NA,NA,NA,NA,NA,NA,NA,NA,NA,NA,NA,NA,NA,NA,NA,NA,NA,NA,NA,NA,NA,NA,NA,NA,NA,NA,NA,NA,NA,NA,NA,NA,NA,NA,NA,NA,NA,NA,NA,NA,NA,NA,NA,NA,NA,NA,NA,NA,NA,NA,NA,NA,NA,NA,NA,true,TRUE,TRUE,3251.465960931418,3300.5435137212394,3251.688407847495,49.07755278982131,49.07755278982131,9.999999999999988,FALSE,531.662,NA,NA,NA
nearly_gaussian,nearly Gaussian,NH,ESN,20,1000,429,0.429,NA,TRUE,TRUE,TRUE,0,CONVERGENCE: REL_REDUCTION_OF_F <= FACTR*EPSMCH,-1615.1429112961475,3252.285822592295,3306.2711306610986,3252.553029070028,11,18736.136,NA,NA,NA,NA,5,stage2,1615.17013341148;1615.18971802532;1615.18355514619;1615.21953153998;1615.14738790696;1615.2687623561;1615.53485535892;1615.23446655382;1615.18780120848;1615.30630725475;1615.16394345707;1615.16289531793;1615.2216426123;1615.73584225623,proposed_likelihood,stage2,3,3.726439376719099,0.7264393767190995,0.4,0.16582114804127024,-0.23417885195872976,NA,0.24927721698797012,NA,NA,-1.134221240548337,NA,NA,-1.201484904275974,NA,NA,-1.201484904275974,NA,NA,NA,-0.7,-0.9638251960968388,-0.26382519609683885,0.15,0.1580778772991191,0.0080778772991191,1,1.0797813031879278,0.07978130318792775,5,8.811484773580366,3.811484773580366,1.5,1.4311848084932834,-0.06881519150671656,0.8,0.7434449836158341,-0.05655501638416593,53.98530806880353,53.985308068803505,2.842170943040401e-14,NA,NA,NA,NA,NA,NA,NA,NA,NA,NA,NA,NA,NA,NA,NA,NA,NA,NA,NA,NA,NA,NA,NA,NA,NA,NA,NA,NA,NA,NA,NA,NA,NA,NA,NA,NA,NA,NA,NA,NA,NA,NA,NA,NA,NA,NA,NA,NA,NA,NA,NA,NA,NA,NA,NA,NA,NA,NA,NA,NA,NA,NA,NA,NA,NA,NA,NA,NA,NA,NA,NA,NA,NA,NA,NA,NA,NA,NA,NA,NA,NA,NA,NA,NA,NA,NA,NA,NA,NA,NA,NA,NA,NA,NA,NA,NA,NA,NA,NA,NA,NA,NA,true,TRUE,TRUE,3252.285822592295,3306.2711306610986,3252.553029070028,53.98530806880353,53.98530806880353,11.000000000000005,FALSE,18736.136,FALSE,FALSE,FALSE
nearly_gaussian,nearly Gaussian,NH,EST,20,1000,429,0.429,NA,TRUE,TRUE,TRUE,0,CONVERGENCE: REL_REDUCTION_OF_F <= FACTR*EPSMCH,-1621.109151012567,3266.218302025134,3325.11136537292,3266.5344114476266,12,14304.639000000005,NA,NA,NA,NA,34,stage2,1621.10969385909;1e+12;1e+12;1621.11138930869;1e+12;1e+12;1621.11007958974;1e+12;1e+12;1621.11226110678;1e+12;1e+12;1621.10990912558;1e+12;1e+12;1621.11097199351;1e+12;1e+12;1621.11689087119;1e+12;1e+12;1621.1123281339;1e+12;1e+12;1621.10950770353;1e+12;1e+12;1621.11210494833;1e+12;1e+12;1621.11163123185;1e+12;1e+12;1621.10915153374;1e+12;1e+12;1621.10936691261;1e+12;1e+12;1621.11027724128;1e+12;1e+12,proposed_likelihood,stage2,3,3.3246499235182587,0.3246499235182587,0.4,0.6293923986595327,0.22939239865953265,NA,-1.487463719855692,NA,NA,-0.5657152527641023,NA,NA,1.4925821305300957,NA,NA,1.4925821305300957,NA,4,NA,-0.7,-0.3518316286293359,0.34816837137066403,0.15,0.14079991924304774,-0.00920008075695225,1,0.9793880500479872,-0.02061194995201265,5,5.824833581327832,0.824833581327832,1.5,1.41041701659046,-0.08958298340953985,0.8,0.7810685852949838,-0.01893141470501624,58.893063347785755,58.89306334778564,1.1368683772161603e-13,NA,NA,NA,NA,NA,NA,NA,NA,NA,NA,NA,NA,NA,NA,NA,NA,NA,NA,NA,NA,NA,NA,NA,NA,NA,NA,NA,NA,NA,NA,NA,NA,NA,NA,NA,NA,NA,NA,NA,NA,NA,NA,NA,NA,NA,NA,NA,NA,NA,NA,NA,NA,NA,NA,NA,NA,NA,NA,NA,NA,NA,NA,NA,NA,NA,NA,NA,NA,NA,NA,NA,NA,NA,NA,NA,NA,NA,NA,NA,NA,NA,NA,NA,NA,NA,NA,NA,NA,NA,NA,NA,NA,NA,NA,NA,NA,NA,NA,NA,NA,NA,NA,true,TRUE,TRUE,3266.218302025134,3325.11136537292,3266.5344114476266,58.893063347785755,58.893063347785755,12.000000000000023,FALSE,14304.639000000005,TRUE,FALSE,TRUE
nearly_gaussian,nearly Gaussian,NH,NH,21,1000,443,0.443,NA,TRUE,TRUE,TRUE,0,NA,-1660.1316919628125,3336.263383925625,3375.525426157482,3336.408691695554,8,76.11,NA,3322.263383925625,3327.171139204607,1.000000000000017,NA,HeckmanEM,NA,raw_AIC_BIC_implied_logLik,finite_logLik_no_explicit_code,3,3.2174209500516984,0.21742095005169837,0.4,0.6142953594073901,0.21429535940739008,NA,NA,NA,NA,NA,NA,NA,NA,NA,NA,NA,NA,NA,NA,-0.7,-0.6698828809702975,0.03011711902970248,0.15,0.1569228197764044,0.00692281977640441,1,0.9663603607757522,-0.03363963922424784,5,4.664525426323687,-0.33547457367631317,1.5,1.4680997242462352,-0.03190027575376475,0.8,0.7262163427409948,-0.07378365725900526,39.26204223185732,39.262042231857095,-2.2737367544323206e-13,NA,NA,NA,NA,NA,NA,NA,NA,NA,NA,NA,NA,NA,NA,NA,NA,NA,NA,NA,NA,NA,NA,NA,NA,NA,NA,NA,NA,NA,NA,NA,NA,NA,NA,NA,NA,NA,NA,NA,NA,NA,NA,NA,NA,NA,NA,NA,NA,NA,NA,NA,NA,NA,NA,NA,NA,NA,NA,NA,NA,NA,NA,NA,NA,NA,NA,NA,NA,NA,NA,NA,NA,NA,NA,NA,NA,NA,NA,NA,NA,NA,NA,NA,NA,NA,NA,NA,NA,NA,NA,NA,NA,NA,NA,NA,NA,NA,NA,NA,NA,NA,NA,true,TRUE,TRUE,3336.263383925625,3375.525426157482,3336.4086916955544,39.26204223185687,39.26204223185687,7.999999999999954,FALSE,76.11,NA,NA,NA
nearly_gaussian,nearly Gaussian,NH,HT,21,1000,443,0.443,NA,TRUE,TRUE,TRUE,0,NA,-1660.3007203912443,3336.6014407824887,3375.8634830143455,3336.746748552418,8,115.759,NA,3322.6014407824887,3327.509196061471,1.000000000000017,NA,HeckmanEM,NA,raw_AIC_BIC_implied_logLik,finite_logLik_no_explicit_code,3,3.1936123627654034,0.1936123627654034,0.4,0.6121313337830213,0.2121313337830213,NA,NA,NA,NA,NA,NA,NA,NA,NA,NA,NA,NA,NA,NA,-0.7,-0.6721722674820434,0.02782773251795656,0.15,0.15749686776530838,0.00749686776530839,1,0.969934599574511,-0.03006540042548899,5,4.673722533597242,-0.32627746640275834,1.5,1.4692912626948418,-0.03070873730515821,0.8,0.7261924132661237,-0.07380758673387633,39.26204223185687,39.262042231857095,-2.2737367544323206e-13,NA,NA,NA,NA,NA,NA,NA,NA,NA,NA,NA,NA,NA,NA,NA,NA,NA,NA,NA,NA,NA,NA,NA,NA,NA,NA,NA,NA,NA,NA,NA,NA,NA,NA,NA,NA,NA,NA,NA,NA,NA,NA,NA,NA,NA,NA,NA,NA,NA,NA,NA,NA,NA,NA,NA,NA,NA,NA,NA,NA,NA,NA,NA,NA,NA,NA,NA,NA,NA,NA,NA,NA,NA,NA,NA,NA,NA,NA,NA,NA,NA,NA,NA,NA,NA,NA,NA,NA,NA,NA,NA,NA,NA,NA,NA,NA,NA,NA,NA,NA,NA,NA,true,TRUE,TRUE,3336.6014407824887,3375.8634830143455,3336.746748552418,39.26204223185687,39.26204223185687,7.999999999999954,FALSE,115.759,NA,NA,NA
nearly_gaussian,nearly Gaussian,NH,CN,21,1000,443,0.443,NA,TRUE,TRUE,TRUE,0,NA,-1660.131692438733,3340.263384877466,3389.340937667287,3340.4858317935427,10,214.903,NA,3322.263384877466,3327.171140156448,1.000000000000017,NA,HeckmanEM,NA,raw_AIC_BIC_implied_logLik,finite_logLik_no_explicit_code,3,3.217164343464803,0.2171643434648032,0.4,0.6142125008812763,0.2142125008812763,NA,NA,NA,NA,NA,NA,NA,NA,NA,NA,NA,NA,NA,NA,-0.7,-0.6699287917115112,0.03007120828848875,0.15,0.15693268073073657,0.00693268073073657,1,0.9664248536218432,-0.03357514637815673,5,4.664813232850426,-0.3351867671495743,1.5,1.4680997587014115,-0.03190024129858848,0.8,0.7262140290104124,-0.07378597098958761,49.07755278982131,49.07755278982137,-5.684341886080802e-14,NA,NA,NA,NA,NA,NA,NA,NA,NA,NA,NA,NA,NA,NA,NA,NA,NA,NA,NA,NA,NA,NA,NA,NA,NA,NA,NA,NA,NA,NA,NA,NA,NA,NA,NA,NA,NA,NA,NA,NA,NA,NA,NA,NA,NA,NA,NA,NA,NA,NA,NA,NA,NA,NA,NA,NA,NA,NA,NA,NA,NA,NA,NA,NA,NA,NA,NA,NA,NA,NA,NA,NA,NA,NA,NA,NA,NA,NA,NA,NA,NA,NA,NA,NA,NA,NA,NA,NA,NA,NA,NA,NA,NA,NA,NA,NA,NA,NA,NA,NA,NA,NA,true,TRUE,TRUE,3340.263384877466,3389.340937667287,3340.4858317935427,49.07755278982131,49.07755278982131,9.999999999999988,FALSE,214.903,NA,NA,NA
nearly_gaussian,nearly Gaussian,NH,ESN,21,1000,443,0.443,NA,TRUE,TRUE,TRUE,0,CONVERGENCE: REL_REDUCTION_OF_F <= FACTR*EPSMCH,-1659.0919882688308,3340.1839765376617,3394.169284606465,3340.4511830153947,11,16360.024,NA,NA,NA,NA,10,stage2,1659.10935098211;1659.16692445816;1659.14820647579;1659.09663614629;1659.13964563662;1659.09891713462;1659.09682908265;1659.09352731505;1659.24077408965;1659.09198938082;1659.14095277391;1659.11502490354;1659.12951249453;1660.1316916961,proposed_likelihood,stage2,3,3.358679678494859,0.35867967849485893,0.4,0.6407251866219216,0.24072518662192155,NA,-1.4925821305300957,NA,NA,0.31117548516459076,NA,NA,1.1945051844009404,NA,NA,1.1945051844009404,NA,NA,NA,-0.7,-0.2172908980049761,0.4827091019950238,0.15,0.12905701989890703,-0.02094298010109296,1,0.7863453188966772,-0.21365468110332275,5,5.230266724002955,0.2302667240029548,1.5,1.4662064176743728,-0.03379358232562723,0.8,0.7269894897702985,-0.07301051022970151,53.98530806880353,53.985308068803505,2.842170943040401e-14,NA,NA,NA,NA,NA,NA,NA,NA,NA,NA,NA,NA,NA,NA,NA,NA,NA,NA,NA,NA,NA,NA,NA,NA,NA,NA,NA,NA,NA,NA,NA,NA,NA,NA,NA,NA,NA,NA,NA,NA,NA,NA,NA,NA,NA,NA,NA,NA,NA,NA,NA,NA,NA,NA,NA,NA,NA,NA,NA,NA,NA,NA,NA,NA,NA,NA,NA,NA,NA,NA,NA,NA,NA,NA,NA,NA,NA,NA,NA,NA,NA,NA,NA,NA,NA,NA,NA,NA,NA,NA,NA,NA,NA,NA,NA,NA,NA,NA,NA,NA,NA,NA,true,TRUE,TRUE,3340.1839765376617,3394.169284606465,3340.4511830153947,53.98530806880353,53.98530806880353,11.000000000000005,FALSE,16360.024,TRUE,FALSE,FALSE
nearly_gaussian,nearly Gaussian,NH,EST,21,1000,443,0.443,NA,TRUE,TRUE,TRUE,0,CONVERGENCE: REL_REDUCTION_OF_F <= FACTR*EPSMCH,-1666.2736474738956,3356.547294947791,3415.440358295577,3356.8634043702837,12,17239.967,NA,NA,NA,NA,25,stage2,1666.27879955513;1e+12;1e+12;1666.27369639011;1e+12;1e+12;1666.28080626046;1e+12;1e+12;1666.27497024156;1e+12;1e+12;1666.27714748742;1e+12;1e+12;1666.28314555435;1e+12;1e+12;1666.27406477189;1e+12;1e+12;1666.27430977036;1e+12;1e+12;1666.27365090825;1e+12;1e+12;1666.2738311382;1e+12;1e+12;1666.27498726872;1e+12;1e+12;1666.27366755529;1e+12;1e+12;1666.28308131845;1e+12;1e+12;1666.27367450767;1e+12;1e+12,proposed_likelihood,stage2,3,4.047413729145267,1.0474137291452674,0.4,0.8092174841141386,0.4092174841141386,NA,-1.4925821305300957,NA,NA,-0.6795850259760197,NA,NA,1.4925821305300957,NA,NA,1.4925821305300957,NA,4,NA,-0.7,-0.2753333123769795,0.42466668762302046,0.15,0.1445786542844398,-0.00542134571556018,1,0.8701093502829202,-0.12989064971707975,5,5.665882853327423,0.6658828533274228,1.5,1.4993746442629443,-6.253557370556884e-4,0.8,0.7360472650617059,-0.06395273493829412,58.893063347785755,58.89306334778564,1.1368683772161603e-13,NA,NA,NA,NA,NA,NA,NA,NA,NA,NA,NA,NA,NA,NA,NA,NA,NA,NA,NA,NA,NA,NA,NA,NA,NA,NA,NA,NA,NA,NA,NA,NA,NA,NA,NA,NA,NA,NA,NA,NA,NA,NA,NA,NA,NA,NA,NA,NA,NA,NA,NA,NA,NA,NA,NA,NA,NA,NA,NA,NA,NA,NA,NA,NA,NA,NA,NA,NA,NA,NA,NA,NA,NA,NA,NA,NA,NA,NA,NA,NA,NA,NA,NA,NA,NA,NA,NA,NA,NA,NA,NA,NA,NA,NA,NA,NA,NA,NA,NA,NA,NA,NA,true,TRUE,TRUE,3356.547294947791,3415.440358295577,3356.8634043702837,58.893063347785755,58.893063347785755,12.000000000000023,FALSE,17239.967,TRUE,FALSE,TRUE
nearly_gaussian,nearly Gaussian,NH,NH,22,1000,434,0.434,NA,TRUE,TRUE,TRUE,0,NA,-1625.821387512381,3267.642775024762,3306.904817256619,3267.7880827946915,8,77.962,NA,3253.642775024762,3258.5505303037444,1.000000000000017,NA,HeckmanEM,NA,raw_AIC_BIC_implied_logLik,finite_logLik_no_explicit_code,3,3.0627682159721425,0.06276821597214255,0.4,0.5344469513659182,0.13444695136591822,NA,NA,NA,NA,NA,NA,NA,NA,NA,NA,NA,NA,NA,NA,-0.7,-0.7093864994491661,-0.00938649944916614,0.15,0.1532612826817112,0.00326128268171121,1,1.0145786369664511,0.01457863696645112,5,4.866354209658651,-0.13364579034134927,1.5,1.5409226405263514,0.04092264052635142,0.8,0.6474766661661618,-0.1525233338338382,39.26204223185687,39.262042231857095,-2.2737367544323206e-13,NA,NA,NA,NA,NA,NA,NA,NA,NA,NA,NA,NA,NA,NA,NA,NA,NA,NA,NA,NA,NA,NA,NA,NA,NA,NA,NA,NA,NA,NA,NA,NA,NA,NA,NA,NA,NA,NA,NA,NA,NA,NA,NA,NA,NA,NA,NA,NA,NA,NA,NA,NA,NA,NA,NA,NA,NA,NA,NA,NA,NA,NA,NA,NA,NA,NA,NA,NA,NA,NA,NA,NA,NA,NA,NA,NA,NA,NA,NA,NA,NA,NA,NA,NA,NA,NA,NA,NA,NA,NA,NA,NA,NA,NA,NA,NA,NA,NA,NA,NA,NA,NA,true,TRUE,TRUE,3267.642775024762,3306.904817256619,3267.7880827946915,39.26204223185687,39.26204223185687,7.999999999999954,FALSE,77.962,NA,NA,NA
nearly_gaussian,nearly Gaussian,NH,HT,22,1000,434,0.434,NA,TRUE,TRUE,TRUE,0,NA,-1625.7802210879456,3267.5604421758912,3306.822484407749,3267.705749945821,8,116.78,NA,3253.5604421758912,3258.4681974548735,1.000000000000017,NA,HeckmanEM,NA,raw_AIC_BIC_implied_logLik,finite_logLik_no_explicit_code,3,3.0197093658893657,0.01970936588936567,0.4,0.5346267244337818,0.13462672443378176,NA,NA,NA,NA,NA,NA,NA,NA,NA,NA,NA,NA,NA,NA,-0.7,-0.7138586992804576,-0.01385869928045768,0.15,0.15424452178765166,0.00424452178765166,1,1.020638802631725,0.02063880263172501,5,4.871312734619656,-0.1286872653803437,1.5,1.543888133664131,0.04388813366413102,0.8,0.6441422036019007,-0.15585779639809938,39.26204223185732,39.262042231857095,2.2737367544323206e-13,NA,NA,NA,NA,NA,NA,NA,NA,NA,NA,NA,NA,NA,NA,NA,NA,NA,NA,NA,NA,NA,NA,NA,NA,NA,NA,NA,NA,NA,NA,NA,NA,NA,NA,NA,NA,NA,NA,NA,NA,NA,NA,NA,NA,NA,NA,NA,NA,NA,NA,NA,NA,NA,NA,NA,NA,NA,NA,NA,NA,NA,NA,NA,NA,NA,NA,NA,NA,NA,NA,NA,NA,NA,NA,NA,NA,NA,NA,NA,NA,NA,NA,NA,NA,NA,NA,NA,NA,NA,NA,NA,NA,NA,NA,NA,NA,NA,NA,NA,NA,NA,NA,true,TRUE,TRUE,3267.5604421758912,3306.8224844077486,3267.7057499458206,39.26204223185778,39.26204223185732,8.000000000000139,FALSE,116.78,NA,NA,NA
nearly_gaussian,nearly Gaussian,NH,CN,22,1000,434,0.434,NA,TRUE,TRUE,TRUE,0,NA,-1625.8209239375904,3271.6418478751807,3320.719400665002,3271.8642947912576,10,395.5630000000001,NA,3253.6418478751807,3258.549603154163,1.000000000000017,NA,HeckmanEM,NA,raw_AIC_BIC_implied_logLik,finite_logLik_no_explicit_code,3,3.0561922510863573,0.05619225108635728,0.4,0.534693481751944,0.13469348175194396,NA,NA,NA,NA,NA,NA,NA,NA,NA,NA,NA,NA,NA,NA,-0.7,-0.7108127867111227,-0.01081278671112273,0.15,0.15357405571177166,0.00357405571177166,1,1.0166165438302504,0.01661654383025035,5,4.865797544074705,-0.134202455925295,1.5,1.5409696740685497,0.04096967406854945,0.8,0.6473856584912093,-0.15261434150879072,49.07755278982131,49.07755278982137,-5.684341886080802e-14,NA,NA,NA,NA,NA,NA,NA,NA,NA,NA,NA,NA,NA,NA,NA,NA,NA,NA,NA,NA,NA,NA,NA,NA,NA,NA,NA,NA,NA,NA,NA,NA,NA,NA,NA,NA,NA,NA,NA,NA,NA,NA,NA,NA,NA,NA,NA,NA,NA,NA,NA,NA,NA,NA,NA,NA,NA,NA,NA,NA,NA,NA,NA,NA,NA,NA,NA,NA,NA,NA,NA,NA,NA,NA,NA,NA,NA,NA,NA,NA,NA,NA,NA,NA,NA,NA,NA,NA,NA,NA,NA,NA,NA,NA,NA,NA,NA,NA,NA,NA,NA,NA,true,TRUE,TRUE,3271.6418478751807,3320.719400665002,3271.8642947912576,49.07755278982131,49.07755278982131,9.999999999999988,FALSE,395.5630000000001,NA,NA,NA
nearly_gaussian,nearly Gaussian,NH,ESN,22,1000,434,0.434,NA,TRUE,TRUE,TRUE,0,CONVERGENCE: REL_REDUCTION_OF_F <= FACTR*EPSMCH,-1624.6497460417531,3271.2994920835063,3325.28480015231,3271.5666985612393,11,16063.424,NA,NA,NA,NA,10,stage2,1625.28816688096;1625.07840470245;1625.82365331292;1625.73077094254;1625.82200396136;1624.99050759236;1625.82177174668;1625.82173694391;1625.82216548704;1624.65598263632;1625.82132900396;1624.90490615733;1625.57736645517;1625.8213871154,proposed_likelihood,stage2,3,3.376195881099814,0.37619588109981406,0.4,0.23284905099690367,-0.16715094900309635,NA,-1.0305946518035192,NA,NA,1.4924791751342408,NA,NA,1.316463225770915,NA,NA,1.316463225770915,NA,NA,NA,-0.7,-0.4535234522295092,0.24647654777049077,0.15,0.14464752973585085,-0.00535247026414914,1,0.9555231384263988,-0.04447686157360109,5,4.231913474974857,-0.7680865250251427,1.5,1.5151633994653415,0.01516339946534173,0.8,0.635970592909609,-0.16402940709039104,53.98530806880353,53.985308068803505,2.842170943040401e-14,NA,NA,NA,NA,NA,NA,NA,NA,NA,NA,NA,NA,NA,NA,NA,NA,NA,NA,NA,NA,NA,NA,NA,NA,NA,NA,NA,NA,NA,NA,NA,NA,NA,NA,NA,NA,NA,NA,NA,NA,NA,NA,NA,NA,NA,NA,NA,NA,NA,NA,NA,NA,NA,NA,NA,NA,NA,NA,NA,NA,NA,NA,NA,NA,NA,NA,NA,NA,NA,NA,NA,NA,NA,NA,NA,NA,NA,NA,NA,NA,NA,NA,NA,NA,NA,NA,NA,NA,NA,NA,NA,NA,NA,NA,NA,NA,NA,NA,NA,NA,NA,NA,true,TRUE,TRUE,3271.2994920835063,3325.28480015231,3271.5666985612393,53.98530806880353,53.98530806880353,11.000000000000005,FALSE,16063.424,FALSE,TRUE,FALSE
nearly_gaussian,nearly Gaussian,NH,EST,22,1000,434,0.434,NA,TRUE,TRUE,TRUE,0,CONVERGENCE: REL_REDUCTION_OF_F <= FACTR*EPSMCH,-1631.4617490185956,3286.923498037191,3345.816561384977,3287.2396074596836,12,16873.835,NA,NA,NA,NA,37,stage2,1631.47196151914;1e+12;1e+12;1631.4637310284;1e+12;1e+12;1631.46421279131;1e+12;1e+12;1631.47286047384;1e+12;1e+12;1631.47386409429;1e+12;1e+12;1631.46747996339;1e+12;1e+12;1631.46181753809;1e+12;1e+12;1631.47117899012;1e+12;1e+12;1631.47627558335;1e+12;1e+12;1631.46304281125;1e+12;1e+12;1631.46915238328;1e+12;1e+12;1631.46402970174;1e+12;1e+12;1631.46175099664;1e+12;1e+12;1631.47756397919;1e+12;1e+12,proposed_likelihood,stage2,3,2.6549752705217493,-0.3450247294782507,0.4,0.28790209999825084,-0.11209790000174918,NA,-1.4925821305300957,NA,NA,0.8042771349074397,NA,NA,1.4925821305300957,NA,NA,1.4925821305300957,NA,4,NA,-0.7,-0.330167123190639,0.36983287680936094,0.15,0.14132504444808316,-0.00867495555191683,1,0.9309079619545522,-0.06909203804544783,5,5.03103393597077,0.03103393597077008,1.5,1.5689899945419834,0.0689899945419834,0.8,0.6033330683066435,-0.19666693169335656,58.893063347785755,58.89306334778564,1.1368683772161603e-13,NA,NA,NA,NA,NA,NA,NA,NA,NA,NA,NA,NA,NA,NA,NA,NA,NA,NA,NA,NA,NA,NA,NA,NA,NA,NA,NA,NA,NA,NA,NA,NA,NA,NA,NA,NA,NA,NA,NA,NA,NA,NA,NA,NA,NA,NA,NA,NA,NA,NA,NA,NA,NA,NA,NA,NA,NA,NA,NA,NA,NA,NA,NA,NA,NA,NA,NA,NA,NA,NA,NA,NA,NA,NA,NA,NA,NA,NA,NA,NA,NA,NA,NA,NA,NA,NA,NA,NA,NA,NA,NA,NA,NA,NA,NA,NA,NA,NA,NA,NA,NA,NA,true,TRUE,TRUE,3286.923498037191,3345.816561384977,3287.2396074596836,58.893063347785755,58.893063347785755,12.000000000000023,FALSE,16873.835,TRUE,FALSE,TRUE
nearly_gaussian,nearly Gaussian,NH,NH,23,1000,465,0.465,NA,TRUE,TRUE,TRUE,0,NA,-1714.810238088066,3445.620476176132,3484.8825184079888,3445.765783946061,8,44.683,NA,3431.620476176132,3436.528231455114,1.000000000000017,NA,HeckmanEM,NA,raw_AIC_BIC_implied_logLik,finite_logLik_no_explicit_code,3,3.1136155878955525,0.11361558789555248,0.4,0.5702228723224778,0.1702228723224778,NA,NA,NA,NA,NA,NA,NA,NA,NA,NA,NA,NA,NA,NA,-0.7,-0.6255069455001463,0.07449305449985366,0.15,0.170137433388305,0.02013743338830501,1,1.0127855803119483,0.01278558031194854,5,4.526777943912763,-0.4732220560872369,1.5,1.6412425996188869,0.14124259961888683,0.8,0.7142028205300346,-0.08579717946996546,39.26204223185687,39.262042231857095,-2.2737367544323206e-13,NA,NA,NA,NA,NA,NA,NA,NA,NA,NA,NA,NA,NA,NA,NA,NA,NA,NA,NA,NA,NA,NA,NA,NA,NA,NA,NA,NA,NA,NA,NA,NA,NA,NA,NA,NA,NA,NA,NA,NA,NA,NA,NA,NA,NA,NA,NA,NA,NA,NA,NA,NA,NA,NA,NA,NA,NA,NA,NA,NA,NA,NA,NA,NA,NA,NA,NA,NA,NA,NA,NA,NA,NA,NA,NA,NA,NA,NA,NA,NA,NA,NA,NA,NA,NA,NA,NA,NA,NA,NA,NA,NA,NA,NA,NA,NA,NA,NA,NA,NA,NA,NA,true,TRUE,TRUE,3445.620476176132,3484.8825184079888,3445.765783946061,39.26204223185687,39.26204223185687,7.999999999999954,FALSE,44.683,NA,NA,NA
nearly_gaussian,nearly Gaussian,NH,HT,23,1000,465,0.465,NA,TRUE,TRUE,TRUE,0,NA,-1714.851684769245,3445.70336953849,3484.9654117703467,3445.8486773084187,8,69.25,NA,3431.70336953849,3436.6111248174716,1.000000000000017,NA,HeckmanEM,NA,raw_AIC_BIC_implied_logLik,finite_logLik_no_explicit_code,3,3.0913402351244277,0.09134023512442768,0.4,0.5699598342667753,0.1699598342667753,NA,NA,NA,NA,NA,NA,NA,NA,NA,NA,NA,NA,NA,NA,-0.7,-0.6271373183412586,0.07286268165874132,0.15,0.17089782288496383,0.02089782288496383,1,1.0155876476131158,0.01558764761311581,5,4.5261462255473575,-0.47385377445264254,1.5,1.644218953076339,0.14421895307633892,0.8,0.7176196640090304,-0.08238033599096961,39.26204223185732,39.262042231857095,-2.2737367544323206e-13,NA,NA,NA,NA,NA,NA,NA,NA,NA,NA,NA,NA,NA,NA,NA,NA,NA,NA,NA,NA,NA,NA,NA,NA,NA,NA,NA,NA,NA,NA,NA,NA,NA,NA,NA,NA,NA,NA,NA,NA,NA,NA,NA,NA,NA,NA,NA,NA,NA,NA,NA,NA,NA,NA,NA,NA,NA,NA,NA,NA,NA,NA,NA,NA,NA,NA,NA,NA,NA,NA,NA,NA,NA,NA,NA,NA,NA,NA,NA,NA,NA,NA,NA,NA,NA,NA,NA,NA,NA,NA,NA,NA,NA,NA,NA,NA,NA,NA,NA,NA,NA,NA,true,TRUE,TRUE,3445.70336953849,3484.9654117703467,3445.848677308419,39.26204223185687,39.26204223185687,7.999999999999954,FALSE,69.25,NA,NA,NA
nearly_gaussian,nearly Gaussian,NH,CN,23,1000,465,0.465,NA,TRUE,TRUE,TRUE,0,NA,-1714.810252239058,3449.620504478116,3498.698057267937,3449.842951394193,10,460.146,NA,3431.620504478116,3436.528259757098,1.000000000000017,NA,HeckmanEM,NA,raw_AIC_BIC_implied_logLik,finite_logLik_no_explicit_code,3,3.1130979281152187,0.11309792811521868,0.4,0.5704143569016207,0.17041435690162066,NA,NA,NA,NA,NA,NA,NA,NA,NA,NA,NA,NA,NA,NA,-0.7,-0.6256163851169695,0.07438361488303047,0.15,0.17017257436666838,0.02017257436666839,1,1.0129737337418263,0.01297373374182653,5,4.526204284574536,-0.4737957154254637,1.5,1.6412377777253593,0.14123777772535928,0.8,0.7142095798456013,-0.08579042015439875,49.07755278982131,49.07755278982137,-5.684341886080802e-14,NA,NA,NA,NA,NA,NA,NA,NA,NA,NA,NA,NA,NA,NA,NA,NA,NA,NA,NA,NA,NA,NA,NA,NA,NA,NA,NA,NA,NA,NA,NA,NA,NA,NA,NA,NA,NA,NA,NA,NA,NA,NA,NA,NA,NA,NA,NA,NA,NA,NA,NA,NA,NA,NA,NA,NA,NA,NA,NA,NA,NA,NA,NA,NA,NA,NA,NA,NA,NA,NA,NA,NA,NA,NA,NA,NA,NA,NA,NA,NA,NA,NA,NA,NA,NA,NA,NA,NA,NA,NA,NA,NA,NA,NA,NA,NA,NA,NA,NA,NA,NA,NA,true,TRUE,TRUE,3449.620504478116,3498.698057267937,3449.842951394193,49.07755278982131,49.07755278982131,9.999999999999988,FALSE,460.146,NA,NA,NA
nearly_gaussian,nearly Gaussian,NH,ESN,23,1000,465,0.465,NA,TRUE,TRUE,TRUE,0,CONVERGENCE: REL_REDUCTION_OF_F <= FACTR*EPSMCH,-1712.7597980364271,3447.5195960728543,3501.504904141658,3447.7868025505873,11,17540.607,NA,NA,NA,NA,5,stage2,1712.76780791778;1712.78744091262;1712.77838086654;1712.79121132336;1712.76045767505;1712.79912169098;1712.78303725987;1712.78318232112;1712.76738555185;1712.82631508906;1712.77225079295;1712.78605354715;1712.78403228921;1714.81023769618,proposed_likelihood,stage2,3,4.78016814571526,1.78016814571526,0.4,0.7731399541536363,0.3731399541536363,NA,-1.4925821305300957,NA,NA,-0.9443487195417885,NA,NA,-0.00801495598303683,NA,NA,-0.00801495598303683,NA,NA,NA,-0.7,0.07462397957632441,0.7746239795763243,0.15,0.13554019621103044,-0.01445980378896955,1,0.8088740439705877,-0.1911259560294123,5,7.630765719892272,2.6307657198922723,1.5,1.6183807044868668,0.11838070448686676,0.8,0.687531443606251,-0.11246855639374909,53.98530806880353,53.985308068803505,2.842170943040401e-14,NA,NA,NA,NA,NA,NA,NA,NA,NA,NA,NA,NA,NA,NA,NA,NA,NA,NA,NA,NA,NA,NA,NA,NA,NA,NA,NA,NA,NA,NA,NA,NA,NA,NA,NA,NA,NA,NA,NA,NA,NA,NA,NA,NA,NA,NA,NA,NA,NA,NA,NA,NA,NA,NA,NA,NA,NA,NA,NA,NA,NA,NA,NA,NA,NA,NA,NA,NA,NA,NA,NA,NA,NA,NA,NA,NA,NA,NA,NA,NA,NA,NA,NA,NA,NA,NA,NA,NA,NA,NA,NA,NA,NA,NA,NA,NA,NA,NA,NA,NA,NA,NA,true,TRUE,TRUE,3447.5195960728543,3501.504904141658,3447.7868025505873,53.98530806880353,53.98530806880353,11.000000000000005,FALSE,17540.607,TRUE,FALSE,FALSE
nearly_gaussian,nearly Gaussian,NH,EST,23,1000,465,0.465,NA,TRUE,TRUE,TRUE,0,CONVERGENCE: REL_REDUCTION_OF_F <= FACTR*EPSMCH,-1715.8385548738895,3455.6771097477795,3514.570173095565,3455.993219170272,12,17202.439,NA,NA,NA,NA,19,stage2,1715.83856718618;1e+12;1e+12;1715.8450241993;1e+12;1e+12;1715.86070326654;1e+12;1e+12;1715.85473488223;1e+12;1e+12;1715.84095454429;1e+12;1e+12;1715.83857252163;1e+12;1e+12;1715.83855600657;1e+12;1e+12;1715.84226276736;1e+12;1e+12;1715.84075416321;1e+12;1e+12;1715.8418400864;1e+12;1e+12;1715.84816471067;1e+12;1e+12;1715.84915196754;1e+12;1e+12;1715.85538268575;1e+12;1e+12;1715.84906908066;1e+12;1e+12,proposed_likelihood,stage2,3,3.857217077141694,0.8572170771416938,0.4,0.7955302466061709,0.39553024660617087,NA,-1.4925821305300957,NA,NA,-0.7501409618287126,NA,NA,1.4925821305300957,NA,NA,1.4925821305300957,NA,4,NA,-0.7,-0.2350661999157261,0.4649338000842739,0.15,0.15855324789109235,0.00855324789109238,1,0.9065074152449912,-0.09349258475500866,5,5.45923318819484,0.4592331881948404,1.5,1.6602086787929744,0.1602086787929744,0.8,0.7445621395151386,-0.05543786048486143,58.893063347785755,58.89306334778564,1.1368683772161603e-13,NA,NA,NA,NA,NA,NA,NA,NA,NA,NA,NA,NA,NA,NA,NA,NA,NA,NA,NA,NA,NA,NA,NA,NA,NA,NA,NA,NA,NA,NA,NA,NA,NA,NA,NA,NA,NA,NA,NA,NA,NA,NA,NA,NA,NA,NA,NA,NA,NA,NA,NA,NA,NA,NA,NA,NA,NA,NA,NA,NA,NA,NA,NA,NA,NA,NA,NA,NA,NA,NA,NA,NA,NA,NA,NA,NA,NA,NA,NA,NA,NA,NA,NA,NA,NA,NA,NA,NA,NA,NA,NA,NA,NA,NA,NA,NA,NA,NA,NA,NA,NA,NA,true,TRUE,TRUE,3455.677109747779,3514.5701730955648,3455.9932191702715,58.893063347785755,58.893063347785755,12.000000000000023,FALSE,17202.439,TRUE,FALSE,TRUE
nearly_gaussian,nearly Gaussian,NH,NH,24,1000,444,0.444,NA,TRUE,TRUE,TRUE,0,NA,-1667.3288691844891,3350.6577383689782,3389.919780600835,3350.8030461389076,8,51.474999999999994,NA,3336.6577383689782,3341.5654936479605,1.000000000000017,NA,HeckmanEM,NA,raw_AIC_BIC_implied_logLik,finite_logLik_no_explicit_code,3,3.0011309797738353,0.00113097977383525,0.4,0.49336586906818536,0.09336586906818534,NA,NA,NA,NA,NA,NA,NA,NA,NA,NA,NA,NA,NA,NA,-0.7,-0.6855048865079886,0.01449511349201138,0.15,0.1328468450385662,-0.01715315496143379,1,0.9498487613508596,-0.0501512386491405,5,5.100000362173555,0.1000003621735548,1.5,1.5213600851216027,0.0213600851216027,0.8,0.752093701317552,-0.047906298682448,39.26204223185687,39.262042231857095,-2.2737367544323206e-13,NA,NA,NA,NA,NA,NA,NA,NA,NA,NA,NA,NA,NA,NA,NA,NA,NA,NA,NA,NA,NA,NA,NA,NA,NA,NA,NA,NA,NA,NA,NA,NA,NA,NA,NA,NA,NA,NA,NA,NA,NA,NA,NA,NA,NA,NA,NA,NA,NA,NA,NA,NA,NA,NA,NA,NA,NA,NA,NA,NA,NA,NA,NA,NA,NA,NA,NA,NA,NA,NA,NA,NA,NA,NA,NA,NA,NA,NA,NA,NA,NA,NA,NA,NA,NA,NA,NA,NA,NA,NA,NA,NA,NA,NA,NA,NA,NA,NA,NA,NA,NA,NA,true,TRUE,TRUE,3350.6577383689782,3389.919780600835,3350.8030461389076,39.26204223185687,39.26204223185687,7.999999999999954,FALSE,51.474999999999994,NA,NA,NA
nearly_gaussian,nearly Gaussian,NH,HT,24,1000,444,0.444,NA,TRUE,TRUE,TRUE,0,NA,-1667.3578596626026,3350.715719325205,3389.977761557062,3350.8610270951344,8,76.662,NA,3336.715719325205,3341.6234746041873,1.000000000000017,NA,HeckmanEM,NA,raw_AIC_BIC_implied_logLik,finite_logLik_no_explicit_code,3,2.980229530824657,-0.01977046917534286,0.4,0.4933429474413365,0.09334294744133648,NA,NA,NA,NA,NA,NA,NA,NA,NA,NA,NA,NA,NA,NA,-0.7,-0.6877941922917052,0.01220580770829471,0.15,0.1332904604101597,-0.01670953958984028,1,0.9529521731258928,-0.04704782687410713,5,5.101776445290533,0.10177644529053342,1.5,1.5198349792156252,0.01983497921562516,0.8,0.752278721287381,-0.047721278712619,39.26204223185687,39.262042231857095,-2.2737367544323206e-13,NA,NA,NA,NA,NA,NA,NA,NA,NA,NA,NA,NA,NA,NA,NA,NA,NA,NA,NA,NA,NA,NA,NA,NA,NA,NA,NA,NA,NA,NA,NA,NA,NA,NA,NA,NA,NA,NA,NA,NA,NA,NA,NA,NA,NA,NA,NA,NA,NA,NA,NA,NA,NA,NA,NA,NA,NA,NA,NA,NA,NA,NA,NA,NA,NA,NA,NA,NA,NA,NA,NA,NA,NA,NA,NA,NA,NA,NA,NA,NA,NA,NA,NA,NA,NA,NA,NA,NA,NA,NA,NA,NA,NA,NA,NA,NA,NA,NA,NA,NA,NA,NA,true,TRUE,TRUE,3350.715719325205,3389.977761557062,3350.8610270951344,39.26204223185687,39.26204223185687,7.999999999999954,FALSE,76.662,NA,NA,NA
nearly_gaussian,nearly Gaussian,NH,CN,24,1000,444,0.444,NA,TRUE,TRUE,TRUE,0,NA,-1667.328905022888,3354.657810045776,3403.7353628355972,3354.880256961853,10,518.752,NA,3336.657810045776,3341.565565324758,1.000000000000017,NA,HeckmanEM,NA,raw_AIC_BIC_implied_logLik,finite_logLik_no_explicit_code,3,2.9994572950242517,-5.427049757482649e-4,0.4,0.4931244499969879,0.09312444999698788,NA,NA,NA,NA,NA,NA,NA,NA,NA,NA,NA,NA,NA,NA,-0.7,-0.6858702081649812,0.01412979183501872,0.15,0.13291347928846586,-0.01708652071153413,1,0.9503562359836198,-0.04964376401638015,5,5.100702392109999,0.10070239210999876,1.5,1.5213438505744243,0.02134385057442434,0.8,0.7520915944586011,-0.04790840554139897,49.07755278982131,49.07755278982137,-5.684341886080802e-14,NA,NA,NA,NA,NA,NA,NA,NA,NA,NA,NA,NA,NA,NA,NA,NA,NA,NA,NA,NA,NA,NA,NA,NA,NA,NA,NA,NA,NA,NA,NA,NA,NA,NA,NA,NA,NA,NA,NA,NA,NA,NA,NA,NA,NA,NA,NA,NA,NA,NA,NA,NA,NA,NA,NA,NA,NA,NA,NA,NA,NA,NA,NA,NA,NA,NA,NA,NA,NA,NA,NA,NA,NA,NA,NA,NA,NA,NA,NA,NA,NA,NA,NA,NA,NA,NA,NA,NA,NA,NA,NA,NA,NA,NA,NA,NA,NA,NA,NA,NA,NA,NA,true,TRUE,TRUE,3354.657810045776,3403.7353628355972,3354.880256961853,49.07755278982131,49.07755278982131,9.999999999999988,FALSE,518.752,NA,NA,NA
nearly_gaussian,nearly Gaussian,NH,ESN,24,1000,444,0.444,NA,TRUE,TRUE,TRUE,0,CONVERGENCE: REL_REDUCTION_OF_F <= FACTR*EPSMCH,-1667.1590312815665,3356.318062563133,3410.303370631936,3356.5852690408656,11,12974.542,NA,NA,NA,NA,11,stage2,1667.168985237;1667.32873786948;1667.16571751351;1667.31734948344;1667.16353604054;1667.31197606221;1667.32362580742;1667.15955268776;1667.17377176668;1667.30774558528;1667.15921761453;1667.24038950227;1667.16442719979;1667.32886883381,proposed_likelihood,stage2,3,3.048218165878863,0.04821816587886296,0.4,0.3891236782238541,-0.01087632177614594,NA,1.3240953681787015,NA,NA,-0.8345504508784836,NA,NA,-0.09132121737511203,NA,NA,-0.09132121737511203,NA,NA,NA,-0.7,-1.1404315251576242,-0.4404315251576243,0.15,0.10861379360382235,-0.04138620639617764,1,0.7801681145368018,-0.2198318854631982,5,5.297812096021442,0.2978120960214419,1.5,1.517865903796134,0.01786590379613395,0.8,0.7505513756758652,-0.04944862432413488,53.98530806880353,53.985308068803505,2.842170943040401e-14,NA,NA,NA,NA,NA,NA,NA,NA,NA,NA,NA,NA,NA,NA,NA,NA,NA,NA,NA,NA,NA,NA,NA,NA,NA,NA,NA,NA,NA,NA,NA,NA,NA,NA,NA,NA,NA,NA,NA,NA,NA,NA,NA,NA,NA,NA,NA,NA,NA,NA,NA,NA,NA,NA,NA,NA,NA,NA,NA,NA,NA,NA,NA,NA,NA,NA,NA,NA,NA,NA,NA,NA,NA,NA,NA,NA,NA,NA,NA,NA,NA,NA,NA,NA,NA,NA,NA,NA,NA,NA,NA,NA,NA,NA,NA,NA,NA,NA,NA,NA,NA,NA,true,TRUE,TRUE,3356.318062563133,3410.3033706319366,3356.585269040866,53.98530806880308,53.98530806880353,10.999999999999913,FALSE,12974.542,FALSE,FALSE,FALSE
nearly_gaussian,nearly Gaussian,NH,EST,24,1000,444,0.444,NA,TRUE,TRUE,TRUE,0,CONVERGENCE: REL_REDUCTION_OF_F <= FACTR*EPSMCH,-1674.043347266494,3372.086694532988,3430.979757880774,3372.4028039554805,12,16888.023,NA,NA,NA,NA,40,stage2,1674.04517802631;1e+12;1e+12;1674.04470164413;1e+12;1e+12;1674.04398089222;1e+12;1e+12;1674.04492126283;1e+12;1e+12;1674.04448012439;1e+12;1e+12;1674.04366200646;1e+12;1e+12;1674.04335515724;1e+12;1e+12;1674.04646498217;1e+12;1e+12;1674.04449461339;1e+12;1e+12;1674.04433248426;1e+12;1e+12;1674.04590755416;1e+12;1e+12;1674.04420099115;1e+12;1e+12;1674.0471571893;1e+12;1e+12;1674.04335048531;1e+12;1e+12,proposed_likelihood,stage2,3,3.5516170713882897,0.5516170713882897,0.4,0.7338136176236304,0.3338136176236304,NA,-1.4897593090794672,NA,NA,-0.5173354743800597,NA,NA,1.4925821305300957,NA,NA,1.4925821305300957,NA,4,NA,-0.7,-0.2921274442980597,0.40787255570194025,0.15,0.12013750385248176,-0.02986249614751823,1,0.8432515402814771,-0.15674845971852291,5,5.865485486157209,0.8654854861572092,1.5,1.4726659077076536,-0.0273340922923464,0.8,0.7436180027044378,-0.05638199729556226,58.893063347785755,58.89306334778564,1.1368683772161603e-13,NA,NA,NA,NA,NA,NA,NA,NA,NA,NA,NA,NA,NA,NA,NA,NA,NA,NA,NA,NA,NA,NA,NA,NA,NA,NA,NA,NA,NA,NA,NA,NA,NA,NA,NA,NA,NA,NA,NA,NA,NA,NA,NA,NA,NA,NA,NA,NA,NA,NA,NA,NA,NA,NA,NA,NA,NA,NA,NA,NA,NA,NA,NA,NA,NA,NA,NA,NA,NA,NA,NA,NA,NA,NA,NA,NA,NA,NA,NA,NA,NA,NA,NA,NA,NA,NA,NA,NA,NA,NA,NA,NA,NA,NA,NA,NA,NA,NA,NA,NA,NA,NA,true,TRUE,TRUE,3372.086694532988,3430.979757880774,3372.4028039554805,58.893063347785755,58.893063347785755,12.000000000000023,FALSE,16888.023,TRUE,FALSE,TRUE
nearly_gaussian,nearly Gaussian,NH,NH,25,1000,440,0.44,NA,TRUE,TRUE,TRUE,0,NA,-1709.9076384651728,3435.8152769303456,3475.077319162203,3435.960584700275,8,82.97399999999999,NA,3421.8152769303456,3426.723032209328,1.000000000000017,NA,HeckmanEM,NA,raw_AIC_BIC_implied_logLik,finite_logLik_no_explicit_code,3,3.3305802859054428,0.33058028590544275,0.4,0.5052576932070657,0.10525769320706568,NA,NA,NA,NA,NA,NA,NA,NA,NA,NA,NA,NA,NA,NA,-0.7,-0.613277409917586,0.08672259008241401,0.15,0.13729672208741864,-0.01270327791258135,1,0.893254092246444,-0.10674590775355595,5,4.318060382406657,-0.6819396175933434,1.5,1.3492310279055153,-0.1507689720944847,0.8,0.9904720242274708,0.1904720242274709,39.26204223185732,39.262042231857095,2.2737367544323206e-13,NA,NA,NA,NA,NA,NA,NA,NA,NA,NA,NA,NA,NA,NA,NA,NA,NA,NA,NA,NA,NA,NA,NA,NA,NA,NA,NA,NA,NA,NA,NA,NA,NA,NA,NA,NA,NA,NA,NA,NA,NA,NA,NA,NA,NA,NA,NA,NA,NA,NA,NA,NA,NA,NA,NA,NA,NA,NA,NA,NA,NA,NA,NA,NA,NA,NA,NA,NA,NA,NA,NA,NA,NA,NA,NA,NA,NA,NA,NA,NA,NA,NA,NA,NA,NA,NA,NA,NA,NA,NA,NA,NA,NA,NA,NA,NA,NA,NA,NA,NA,NA,NA,true,TRUE,TRUE,3435.8152769303456,3475.077319162203,3435.960584700275,39.26204223185732,39.26204223185732,8.000000000000046,FALSE,82.97399999999999,NA,NA,NA
nearly_gaussian,nearly Gaussian,NH,HT,25,1000,440,0.44,NA,TRUE,TRUE,TRUE,0,NA,-1709.651051664302,3435.302103328604,3474.564145560461,3435.4474110985334,8,115.496,NA,3421.302103328604,3426.2098586075863,1.000000000000017,NA,HeckmanEM,NA,raw_AIC_BIC_implied_logLik,finite_logLik_no_explicit_code,3,3.2273434440414928,0.22734344404149276,0.4,0.4965019407435254,0.09650194074352536,NA,NA,NA,NA,NA,NA,NA,NA,NA,NA,NA,NA,NA,NA,-0.7,-0.619784138480123,0.08021586151987692,0.15,0.13909230718515672,-0.01090769281484327,1,0.9034009211856746,-0.0965990788143254,5,4.374526319596906,-0.6254736804030943,1.5,1.344439815030391,-0.15556018496960933,0.8,0.9806946124714097,0.1806946124714095,39.26204223185687,39.262042231857095,-2.2737367544323206e-13,NA,NA,NA,NA,NA,NA,NA,NA,NA,NA,NA,NA,NA,NA,NA,NA,NA,NA,NA,NA,NA,NA,NA,NA,NA,NA,NA,NA,NA,NA,NA,NA,NA,NA,NA,NA,NA,NA,NA,NA,NA,NA,NA,NA,NA,NA,NA,NA,NA,NA,NA,NA,NA,NA,NA,NA,NA,NA,NA,NA,NA,NA,NA,NA,NA,NA,NA,NA,NA,NA,NA,NA,NA,NA,NA,NA,NA,NA,NA,NA,NA,NA,NA,NA,NA,NA,NA,NA,NA,NA,NA,NA,NA,NA,NA,NA,NA,NA,NA,NA,NA,NA,true,TRUE,TRUE,3435.302103328604,3474.564145560461,3435.4474110985334,39.26204223185687,39.26204223185687,7.999999999999954,FALSE,115.496,NA,NA,NA
nearly_gaussian,nearly Gaussian,NH,CN,25,1000,440,0.44,NA,TRUE,TRUE,TRUE,0,NA,-1709.6661517237108,3439.3323034474215,3488.409856237243,3439.5547503634984,10,527.115,NA,3421.3323034474215,3426.2400587264037,1.000000000000017,NA,HeckmanEM,NA,raw_AIC_BIC_implied_logLik,finite_logLik_no_explicit_code,3,3.2261148266997535,0.22611482669975347,0.4,0.5007521920020706,0.10075219200207051,NA,NA,NA,NA,NA,NA,NA,NA,NA,NA,NA,NA,NA,NA,-0.7,-0.6250877554206244,0.07491224457937551,0.15,0.14002740550568,-0.00997259449432,1,0.9107110582045485,-0.08928894179545155,5,4.348714108468629,-0.6512858915313711,1.5,1.3503258121804238,-0.1496741878195762,0.8,0.9830373829264518,0.18303738292645175,49.07755278982131,49.07755278982137,-5.684341886080802e-14,NA,NA,NA,NA,NA,NA,NA,NA,NA,NA,NA,NA,NA,NA,NA,NA,NA,NA,NA,NA,NA,NA,NA,NA,NA,NA,NA,NA,NA,NA,NA,NA,NA,NA,NA,NA,NA,NA,NA,NA,NA,NA,NA,NA,NA,NA,NA,NA,NA,NA,NA,NA,NA,NA,NA,NA,NA,NA,NA,NA,NA,NA,NA,NA,NA,NA,NA,NA,NA,NA,NA,NA,NA,NA,NA,NA,NA,NA,NA,NA,NA,NA,NA,NA,NA,NA,NA,NA,NA,NA,NA,NA,NA,NA,NA,NA,NA,NA,NA,NA,NA,NA,true,TRUE,TRUE,3439.3323034474215,3488.409856237243,3439.5547503634984,49.07755278982131,49.07755278982131,9.999999999999988,FALSE,527.115,NA,NA,NA
nearly_gaussian,nearly Gaussian,NH,ESN,25,1000,440,0.44,NA,TRUE,TRUE,TRUE,0,CONVERGENCE: REL_REDUCTION_OF_F <= FACTR*EPSMCH,-1709.2228207962548,3440.4456415925097,3494.430949661313,3440.7128480702427,11,15213.943,NA,NA,NA,NA,10,stage2,1709.84425551853;1709.76106677294;1709.85607334353;1709.75848193899;1709.90601234219;1709.76214125412;1709.75948232198;1709.87124866675;1709.90665645658;1709.22292662071;1709.90735838061;1709.76021058188;1709.90241825342;1709.90763801532,proposed_likelihood,stage2,3,3.470968981790233,0.4709689817902332,0.4,0.1735915076315558,-0.2264084923684442,NA,-1.4925821305300957,NA,NA,1.078090953267529,NA,NA,0.8963468490066544,NA,NA,0.8963468490066544,NA,NA,NA,-0.7,-0.14912820839331456,0.5508717916066854,0.15,0.11595091664004056,-0.03404908335995944,1,0.7607107110260141,-0.2392892889739859,5,3.8540434541493105,-1.1459565458506895,1.5,1.347376034972826,-0.1526239650271739,0.8,0.9933718135454416,0.19337181354544145,53.98530806880353,53.985308068803505,2.842170943040401e-14,NA,NA,NA,NA,NA,NA,NA,NA,NA,NA,NA,NA,NA,NA,NA,NA,NA,NA,NA,NA,NA,NA,NA,NA,NA,NA,NA,NA,NA,NA,NA,NA,NA,NA,NA,NA,NA,NA,NA,NA,NA,NA,NA,NA,NA,NA,NA,NA,NA,NA,NA,NA,NA,NA,NA,NA,NA,NA,NA,NA,NA,NA,NA,NA,NA,NA,NA,NA,NA,NA,NA,NA,NA,NA,NA,NA,NA,NA,NA,NA,NA,NA,NA,NA,NA,NA,NA,NA,NA,NA,NA,NA,NA,NA,NA,NA,NA,NA,NA,NA,NA,NA,true,TRUE,TRUE,3440.4456415925097,3494.430949661313,3440.7128480702427,53.98530806880353,53.98530806880353,11.000000000000005,FALSE,15213.943,TRUE,FALSE,FALSE
nearly_gaussian,nearly Gaussian,NH,EST,25,1000,440,0.44,NA,TRUE,TRUE,TRUE,0,CONVERGENCE: REL_REDUCTION_OF_F <= FACTR*EPSMCH,-1712.5815261771277,3449.1630523542553,3508.056115702041,3449.479161776748,12,18658.462,NA,NA,NA,NA,40,stage2,1712.59379706134;1e+12;1e+12;1712.58938275198;1e+12;1e+12;1712.58812121077;1e+12;1e+12;1712.59106224345;1e+12;1e+12;1712.5815492743;1e+12;1e+12;1712.58665344073;1e+12;1e+12;1712.59882263465;1e+12;1e+12;1712.59295155659;1e+12;1e+12;1712.59708167866;1e+12;1e+12;1712.59094981674;1e+12;1e+12;1712.58794035285;1e+12;1e+12;1712.60499980072;1e+12;1e+12;1712.59663976373;1e+12;1e+12;1712.58152644567;1e+12;1e+12,proposed_likelihood,stage2,3,3.913046575548779,0.9130465755487788,0.4,0.7439946226379576,0.34399462263795755,NA,-1.4925821305300957,NA,NA,-0.5211751428783918,NA,NA,1.4925821305300957,NA,NA,1.4925821305300957,NA,4,NA,-0.7,-0.2242829293207647,0.4757170706792352,0.15,0.12281007301271044,-0.02718992698728954,1,0.795108071290787,-0.20489192870921305,5,5.232586566553599,0.2325865665535991,1.5,1.3706701918104525,-0.1293298081895475,0.8,0.941288469780236,0.141288469780236,58.893063347785755,58.89306334778564,1.1368683772161603e-13,NA,NA,NA,NA,NA,NA,NA,NA,NA,NA,NA,NA,NA,NA,NA,NA,NA,NA,NA,NA,NA,NA,NA,NA,NA,NA,NA,NA,NA,NA,NA,NA,NA,NA,NA,NA,NA,NA,NA,NA,NA,NA,NA,NA,NA,NA,NA,NA,NA,NA,NA,NA,NA,NA,NA,NA,NA,NA,NA,NA,NA,NA,NA,NA,NA,NA,NA,NA,NA,NA,NA,NA,NA,NA,NA,NA,NA,NA,NA,NA,NA,NA,NA,NA,NA,NA,NA,NA,NA,NA,NA,NA,NA,NA,NA,NA,NA,NA,NA,NA,NA,NA,true,TRUE,TRUE,3449.1630523542553,3508.056115702041,3449.479161776748,58.893063347785755,58.893063347785755,12.000000000000023,FALSE,18658.462,TRUE,FALSE,TRUE
nearly_gaussian,nearly Gaussian,NH,NH,26,1000,419,0.419,NA,TRUE,TRUE,TRUE,0,NA,-1601.1766335525856,3218.353267105171,3257.6153093370285,3218.4985748751005,8,63.882000000000005,NA,3204.353267105171,3209.2610223841534,1.000000000000017,NA,HeckmanEM,NA,raw_AIC_BIC_implied_logLik,finite_logLik_no_explicit_code,3,2.977351365221597,-0.02264863477840295,0.4,0.447163895924204,0.047163895924204,NA,NA,NA,NA,NA,NA,NA,NA,NA,NA,NA,NA,NA,NA,-0.7,-0.7005768865752197,-5.768865752197039e-4,0.15,0.15110771814334537,0.00110771814334537,1,0.9360290253022316,-0.06397097469776847,5,5.209010945222377,0.20901094522237695,1.5,1.5702915948362346,0.0702915948362346,0.8,0.7222582717799599,-0.07774172822004011,39.26204223185732,39.262042231857095,2.2737367544323206e-13,NA,NA,NA,NA,NA,NA,NA,NA,NA,NA,NA,NA,NA,NA,NA,NA,NA,NA,NA,NA,NA,NA,NA,NA,NA,NA,NA,NA,NA,NA,NA,NA,NA,NA,NA,NA,NA,NA,NA,NA,NA,NA,NA,NA,NA,NA,NA,NA,NA,NA,NA,NA,NA,NA,NA,NA,NA,NA,NA,NA,NA,NA,NA,NA,NA,NA,NA,NA,NA,NA,NA,NA,NA,NA,NA,NA,NA,NA,NA,NA,NA,NA,NA,NA,NA,NA,NA,NA,NA,NA,NA,NA,NA,NA,NA,NA,NA,NA,NA,NA,NA,NA,true,TRUE,TRUE,3218.353267105171,3257.6153093370285,3218.4985748751005,39.26204223185732,39.26204223185732,8.000000000000046,FALSE,63.882000000000005,NA,NA,NA
nearly_gaussian,nearly Gaussian,NH,HT,26,1000,419,0.419,NA,TRUE,TRUE,TRUE,0,NA,-1601.357231051064,3218.714462102128,3257.976504333985,3218.8597698720573,8,97.853,NA,3204.714462102128,3209.62221738111,1.000000000000017,NA,HeckmanEM,NA,raw_AIC_BIC_implied_logLik,finite_logLik_no_explicit_code,3,2.956830390080924,-0.04316960991907592,0.4,0.44588871765801463,0.04588871765801461,NA,NA,NA,NA,NA,NA,NA,NA,NA,NA,NA,NA,NA,NA,-0.7,-0.7028310964145563,-0.00283109641455636,0.15,0.15161124348499352,0.00161124348499352,1,0.9390196344807078,-0.0609803655192922,5,5.21222505303028,0.21222505303027983,1.5,1.5719653139480676,0.0719653139480676,0.8,0.723367106506194,-0.07663289349380609,39.26204223185687,39.262042231857095,-2.2737367544323206e-13,NA,NA,NA,NA,NA,NA,NA,NA,NA,NA,NA,NA,NA,NA,NA,NA,NA,NA,NA,NA,NA,NA,NA,NA,NA,NA,NA,NA,NA,NA,NA,NA,NA,NA,NA,NA,NA,NA,NA,NA,NA,NA,NA,NA,NA,NA,NA,NA,NA,NA,NA,NA,NA,NA,NA,NA,NA,NA,NA,NA,NA,NA,NA,NA,NA,NA,NA,NA,NA,NA,NA,NA,NA,NA,NA,NA,NA,NA,NA,NA,NA,NA,NA,NA,NA,NA,NA,NA,NA,NA,NA,NA,NA,NA,NA,NA,NA,NA,NA,NA,NA,NA,true,TRUE,TRUE,3218.714462102128,3257.976504333985,3218.8597698720573,39.26204223185687,39.26204223185687,7.999999999999954,FALSE,97.853,NA,NA,NA
nearly_gaussian,nearly Gaussian,NH,CN,26,1000,419,0.419,NA,TRUE,TRUE,TRUE,0,NA,-1601.176633909156,3222.353267818312,3271.430820608133,3222.575714734389,10,227.26400000000004,NA,3204.353267818312,3209.261023097294,1.000000000000017,NA,HeckmanEM,NA,raw_AIC_BIC_implied_logLik,finite_logLik_no_explicit_code,3,2.97736774792656,-0.0226322520734401,0.4,0.44733413586558823,0.04733413586558821,NA,NA,NA,NA,NA,NA,NA,NA,NA,NA,NA,NA,NA,NA,-0.7,-0.7005868548438955,-5.868548438955346e-4,0.15,0.15111117485265743,0.00111117485265743,1,0.9360443899828556,-0.06395561001714445,5,5.20853097319277,0.2085309731927696,1.5,1.570320971051656,0.07032097105165591,0.8,0.7222549239139483,-0.07774507608605175,49.07755278982131,49.07755278982137,-5.684341886080802e-14,NA,NA,NA,NA,NA,NA,NA,NA,NA,NA,NA,NA,NA,NA,NA,NA,NA,NA,NA,NA,NA,NA,NA,NA,NA,NA,NA,NA,NA,NA,NA,NA,NA,NA,NA,NA,NA,NA,NA,NA,NA,NA,NA,NA,NA,NA,NA,NA,NA,NA,NA,NA,NA,NA,NA,NA,NA,NA,NA,NA,NA,NA,NA,NA,NA,NA,NA,NA,NA,NA,NA,NA,NA,NA,NA,NA,NA,NA,NA,NA,NA,NA,NA,NA,NA,NA,NA,NA,NA,NA,NA,NA,NA,NA,NA,NA,NA,NA,NA,NA,NA,NA,true,TRUE,TRUE,3222.353267818312,3271.430820608133,3222.575714734389,49.07755278982131,49.07755278982131,9.999999999999988,FALSE,227.26400000000004,NA,NA,NA
nearly_gaussian,nearly Gaussian,NH,ESN,26,1000,419,0.419,NA,TRUE,TRUE,TRUE,0,CONVERGENCE: REL_REDUCTION_OF_F <= FACTR*EPSMCH,-1600.5826280501549,3223.1652561003093,3277.150564169113,3223.4324625780423,11,17171.732,NA,NA,NA,NA,1,stage2,1600.58341532587;1600.60120314776;1600.59107891889;1600.58870813564;1600.63994985113;1600.58508551307;1600.63232622867;1600.58597912335;1601.00235208725;1600.93711866507;1600.61135321791;1600.58423404676;1600.58971232611;1601.1766331494,proposed_likelihood,stage2,3,3.440656892402417,0.44065689240241657,0.4,0.5099025689337301,0.10990256893373009,NA,-0.5526095167676408,NA,NA,-0.8793417738751578,NA,NA,1.353647883855366,NA,NA,1.353647883855366,NA,NA,NA,-0.7,-0.5610714096770735,0.13892859032292648,0.15,0.14627064735652573,-0.00372935264347426,1,0.9058348525495288,-0.09416514745047112,5,5.949365327115698,0.9493653271156984,1.5,1.5469956679696475,0.04699566796964749,0.8,0.7053497906099492,-0.09465020939005088,53.98530806880353,53.985308068803505,2.842170943040401e-14,NA,NA,NA,NA,NA,NA,NA,NA,NA,NA,NA,NA,NA,NA,NA,NA,NA,NA,NA,NA,NA,NA,NA,NA,NA,NA,NA,NA,NA,NA,NA,NA,NA,NA,NA,NA,NA,NA,NA,NA,NA,NA,NA,NA,NA,NA,NA,NA,NA,NA,NA,NA,NA,NA,NA,NA,NA,NA,NA,NA,NA,NA,NA,NA,NA,NA,NA,NA,NA,NA,NA,NA,NA,NA,NA,NA,NA,NA,NA,NA,NA,NA,NA,NA,NA,NA,NA,NA,NA,NA,NA,NA,NA,NA,NA,NA,NA,NA,NA,NA,NA,NA,true,TRUE,TRUE,3223.1652561003098,3277.1505641691133,3223.4324625780428,53.98530806880353,53.98530806880353,11.000000000000005,FALSE,17171.732,FALSE,FALSE,FALSE
nearly_gaussian,nearly Gaussian,NH,EST,26,1000,419,0.419,NA,TRUE,TRUE,TRUE,0,CONVERGENCE: REL_REDUCTION_OF_F <= FACTR*EPSMCH,-1609.5682119195017,3243.1364238390033,3302.029487186789,3243.452533261496,12,13974.171000000002,NA,NA,NA,NA,25,stage2,1609.57027471029;1e+12;1e+12;1609.57298001846;1e+12;1e+12;1609.57218464861;1e+12;1e+12;1609.57365345052;1e+12;1e+12;1609.57610189983;1e+12;1e+12;1609.57281820926;1e+12;1e+12;1609.57083311738;1e+12;1e+12;1609.57401618983;1e+12;1e+12;1609.56821256041;1e+12;1e+12;1609.56844582159;1e+12;1e+12;1609.57261965742;1e+12;1e+12;1609.57169299551;1e+12;1e+12;1609.57301664329;1e+12;1e+12;1609.5698780649;1e+12;1e+12,proposed_likelihood,stage2,3,3.903019515192309,0.9030195151923088,0.4,0.7460766147044806,0.3460766147044806,NA,-1.4925821305300957,NA,NA,-0.9321522262468568,NA,NA,1.4925821305300957,NA,NA,1.4925821305300957,NA,4,NA,-0.7,-0.3040378115277604,0.3959621884722396,0.15,0.13457024066130624,-0.01542975933869375,1,0.8269378527336252,-0.1730621472663748,5,6.1342914821905294,1.1342914821905294,1.5,1.5670281935022996,0.0670281935022996,0.8,0.6881010003005964,-0.11189899969940365,58.893063347785755,58.89306334778564,1.1368683772161603e-13,NA,NA,NA,NA,NA,NA,NA,NA,NA,NA,NA,NA,NA,NA,NA,NA,NA,NA,NA,NA,NA,NA,NA,NA,NA,NA,NA,NA,NA,NA,NA,NA,NA,NA,NA,NA,NA,NA,NA,NA,NA,NA,NA,NA,NA,NA,NA,NA,NA,NA,NA,NA,NA,NA,NA,NA,NA,NA,NA,NA,NA,NA,NA,NA,NA,NA,NA,NA,NA,NA,NA,NA,NA,NA,NA,NA,NA,NA,NA,NA,NA,NA,NA,NA,NA,NA,NA,NA,NA,NA,NA,NA,NA,NA,NA,NA,NA,NA,NA,NA,NA,NA,true,TRUE,TRUE,3243.1364238390033,3302.029487186789,3243.452533261496,58.893063347785755,58.893063347785755,12.000000000000023,FALSE,13974.171000000002,TRUE,FALSE,TRUE
nearly_gaussian,nearly Gaussian,NH,NH,27,1000,425,0.425,NA,TRUE,TRUE,TRUE,0,NA,-1588.1089860860127,3192.2179721720254,3231.4800144038827,3192.3632799419547,8,48.091,NA,3178.2179721720254,3183.1257274510076,1.000000000000017,NA,HeckmanEM,NA,raw_AIC_BIC_implied_logLik,finite_logLik_no_explicit_code,3,2.8334282397352353,-0.16657176026476472,0.4,0.4628370049641558,0.06283700496415578,NA,NA,NA,NA,NA,NA,NA,NA,NA,NA,NA,NA,NA,NA,-0.7,-0.7123586205692197,-0.01235862056921977,0.15,0.13762859831534852,-0.01237140168465147,1,0.9934801541905716,-0.00651984580942854,5,5.1520631686234415,0.1520631686234415,1.5,1.4880812727134696,-0.01191872728653042,0.8,0.7577008371473136,-0.04229916285268642,39.26204223185732,39.262042231857095,2.2737367544323206e-13,NA,NA,NA,NA,NA,NA,NA,NA,NA,NA,NA,NA,NA,NA,NA,NA,NA,NA,NA,NA,NA,NA,NA,NA,NA,NA,NA,NA,NA,NA,NA,NA,NA,NA,NA,NA,NA,NA,NA,NA,NA,NA,NA,NA,NA,NA,NA,NA,NA,NA,NA,NA,NA,NA,NA,NA,NA,NA,NA,NA,NA,NA,NA,NA,NA,NA,NA,NA,NA,NA,NA,NA,NA,NA,NA,NA,NA,NA,NA,NA,NA,NA,NA,NA,NA,NA,NA,NA,NA,NA,NA,NA,NA,NA,NA,NA,NA,NA,NA,NA,NA,NA,true,TRUE,TRUE,3192.2179721720254,3231.4800144038827,3192.3632799419547,39.26204223185732,39.26204223185732,8.000000000000046,FALSE,48.091,NA,NA,NA
nearly_gaussian,nearly Gaussian,NH,HT,27,1000,425,0.425,NA,TRUE,TRUE,TRUE,0,NA,-1588.1655258732817,3192.3310517465634,3231.5930939784203,3192.4763595164927,8,72.487,NA,3178.3310517465634,3183.2388070255456,1.000000000000017,NA,HeckmanEM,NA,raw_AIC_BIC_implied_logLik,finite_logLik_no_explicit_code,3,2.812704916424317,-0.18729508357568303,0.4,0.46143894995026935,0.06143894995026933,NA,NA,NA,NA,NA,NA,NA,NA,NA,NA,NA,NA,NA,NA,-0.7,-0.714885981162259,-0.01488598116225903,0.15,0.13819123010604062,-0.01180876989395937,1,0.996736042833484,-0.00326395716651595,5,5.158983941237437,0.15898394123743742,1.5,1.4879254161189504,-0.01207458388104965,0.8,0.7565860003222766,-0.04341399967772341,39.26204223185687,39.262042231857095,-2.2737367544323206e-13,NA,NA,NA,NA,NA,NA,NA,NA,NA,NA,NA,NA,NA,NA,NA,NA,NA,NA,NA,NA,NA,NA,NA,NA,NA,NA,NA,NA,NA,NA,NA,NA,NA,NA,NA,NA,NA,NA,NA,NA,NA,NA,NA,NA,NA,NA,NA,NA,NA,NA,NA,NA,NA,NA,NA,NA,NA,NA,NA,NA,NA,NA,NA,NA,NA,NA,NA,NA,NA,NA,NA,NA,NA,NA,NA,NA,NA,NA,NA,NA,NA,NA,NA,NA,NA,NA,NA,NA,NA,NA,NA,NA,NA,NA,NA,NA,NA,NA,NA,NA,NA,NA,true,TRUE,TRUE,3192.3310517465634,3231.5930939784203,3192.4763595164927,39.26204223185687,39.26204223185687,7.999999999999954,FALSE,72.487,NA,NA,NA
nearly_gaussian,nearly Gaussian,NH,CN,27,1000,425,0.425,NA,TRUE,TRUE,TRUE,0,NA,-1588.1090327944871,3196.2180655889742,3245.2956183787956,3196.440512505051,10,530.477,NA,3178.2180655889742,3183.1258208679565,1.000000000000017,NA,HeckmanEM,NA,raw_AIC_BIC_implied_logLik,finite_logLik_no_explicit_code,3,2.8321912954574455,-0.16780870454255448,0.4,0.46261082303115586,0.06261082303115584,NA,NA,NA,NA,NA,NA,NA,NA,NA,NA,NA,NA,NA,NA,-0.7,-0.7126384167051371,-0.0126384167051371,0.15,0.13768988336373827,-0.01231011663626172,1,0.993864611084282,-0.00613538891571785,5,5.152669637889644,0.15266963788964372,1.5,1.4880912451433956,-0.01190875485660436,0.8,0.7577090232616557,-0.04229097673834436,49.07755278982131,49.07755278982137,-5.684341886080802e-14,NA,NA,NA,NA,NA,NA,NA,NA,NA,NA,NA,NA,NA,NA,NA,NA,NA,NA,NA,NA,NA,NA,NA,NA,NA,NA,NA,NA,NA,NA,NA,NA,NA,NA,NA,NA,NA,NA,NA,NA,NA,NA,NA,NA,NA,NA,NA,NA,NA,NA,NA,NA,NA,NA,NA,NA,NA,NA,NA,NA,NA,NA,NA,NA,NA,NA,NA,NA,NA,NA,NA,NA,NA,NA,NA,NA,NA,NA,NA,NA,NA,NA,NA,NA,NA,NA,NA,NA,NA,NA,NA,NA,NA,NA,NA,NA,NA,NA,NA,NA,NA,NA,true,TRUE,TRUE,3196.2180655889742,3245.2956183787956,3196.440512505051,49.07755278982131,49.07755278982131,9.999999999999988,FALSE,530.477,NA,NA,NA
nearly_gaussian,nearly Gaussian,NH,ESN,27,1000,425,0.425,NA,TRUE,TRUE,TRUE,0,CONVERGENCE: REL_REDUCTION_OF_F <= FACTR*EPSMCH,-1587.4291631975182,3196.8583263950363,3250.84363446384,3197.1255328727693,11,12250.897,NA,NA,NA,NA,11,stage2,1588.11033363845;1588.10912922778;1588.10870991221;1588.11228063162;1587.6453811504;1587.5697988704;1588.10990903251;1587.49288671108;1587.63149646749;1588.1092560975;1587.4376293347;1588.11042570074;1588.11370320417;1588.10898591035,proposed_likelihood,stage2,3,2.9241908152057055,-0.07580918479429455,0.4,0.5135631872263566,0.1135631872263566,NA,1.4925821305300957,NA,NA,-0.03033035755009074,NA,NA,0.8233793029383509,NA,NA,0.8233793029383509,NA,NA,NA,-0.7,-0.9917006567321864,-0.29170065673218637,0.15,0.11280445900340408,-0.03719554099659591,1,0.808208845004105,-0.19179115499589505,5,4.576422720494137,-0.4235772795058628,1.5,1.4877188851874756,-0.01228111481252436,0.8,0.7578156989256727,-0.04218430107432736,53.98530806880353,53.985308068803505,2.842170943040401e-14,NA,NA,NA,NA,NA,NA,NA,NA,NA,NA,NA,NA,NA,NA,NA,NA,NA,NA,NA,NA,NA,NA,NA,NA,NA,NA,NA,NA,NA,NA,NA,NA,NA,NA,NA,NA,NA,NA,NA,NA,NA,NA,NA,NA,NA,NA,NA,NA,NA,NA,NA,NA,NA,NA,NA,NA,NA,NA,NA,NA,NA,NA,NA,NA,NA,NA,NA,NA,NA,NA,NA,NA,NA,NA,NA,NA,NA,NA,NA,NA,NA,NA,NA,NA,NA,NA,NA,NA,NA,NA,NA,NA,NA,NA,NA,NA,NA,NA,NA,NA,NA,NA,true,TRUE,TRUE,3196.8583263950363,3250.84363446384,3197.1255328727693,53.98530806880353,53.98530806880353,11.000000000000005,FALSE,12250.897,TRUE,FALSE,FALSE
nearly_gaussian,nearly Gaussian,NH,EST,27,1000,425,0.425,NA,TRUE,TRUE,TRUE,0,CONVERGENCE: REL_REDUCTION_OF_F <= FACTR*EPSMCH,-1597.8311664944074,3219.662332988815,3278.555396336601,3219.9784424113072,12,17548.109000000004,NA,NA,NA,NA,31,stage2,1597.83117967111;1e+12;1e+12;1597.83120192259;1e+12;1e+12;1597.83449330433;1e+12;1e+12;1597.83138728698;1e+12;1e+12;1597.83134318698;1e+12;1e+12;1597.83117186067;1e+12;1e+12;1597.83854464045;1e+12;1e+12;1597.83129675396;1e+12;1e+12;1597.83430487732;1e+12;1e+12;1597.83117102028;1e+12;1e+12;1597.83116736506;1e+12;1e+12;1597.83122043905;1e+12;1e+12;1597.83118124043;1e+12;1e+12;1597.83117603686;1e+12;1e+12,proposed_likelihood,stage2,3,3.1221347078853072,0.12213470788530724,0.4,0.649597987478713,0.24959798747871295,NA,-0.8875145375228475,NA,NA,-0.7299897478877757,NA,NA,1.4925821305300957,NA,NA,1.4925821305300957,NA,4,NA,-0.7,-0.5006772975408069,0.19932270245919304,0.15,0.13412018376278947,-0.01587981623721052,1,0.9784282576179032,-0.02157174238209691,5,5.7223466477879725,0.7223466477879725,1.5,1.4828550965745186,-0.01714490342548136,0.8,0.7274232865756572,-0.0725767134243428,58.893063347785755,58.89306334778564,1.1368683772161603e-13,NA,NA,NA,NA,NA,NA,NA,NA,NA,NA,NA,NA,NA,NA,NA,NA,NA,NA,NA,NA,NA,NA,NA,NA,NA,NA,NA,NA,NA,NA,NA,NA,NA,NA,NA,NA,NA,NA,NA,NA,NA,NA,NA,NA,NA,NA,NA,NA,NA,NA,NA,NA,NA,NA,NA,NA,NA,NA,NA,NA,NA,NA,NA,NA,NA,NA,NA,NA,NA,NA,NA,NA,NA,NA,NA,NA,NA,NA,NA,NA,NA,NA,NA,NA,NA,NA,NA,NA,NA,NA,NA,NA,NA,NA,NA,NA,NA,NA,NA,NA,NA,NA,true,TRUE,TRUE,3219.662332988815,3278.5553963366006,3219.9784424113072,58.89306334778621,58.893063347785755,12.000000000000115,FALSE,17548.109000000004,FALSE,FALSE,TRUE
nearly_gaussian,nearly Gaussian,NH,NH,28,1000,435,0.435,NA,TRUE,TRUE,TRUE,0,NA,-1629.3707890923165,3274.741578184633,3314.00362041649,3274.8868859545623,8,35.491,NA,3260.741578184633,3265.649333463615,1.000000000000017,NA,HeckmanEM,NA,raw_AIC_BIC_implied_logLik,finite_logLik_no_explicit_code,3,2.8717119264394175,-0.12828807356058247,0.4,0.3343567505016856,-0.0656432494983144,NA,NA,NA,NA,NA,NA,NA,NA,NA,NA,NA,NA,NA,NA,-0.7,-0.7125473290991726,-0.01254732909917266,0.15,0.15514170907146208,0.00514170907146208,1,0.9902552255319428,-0.0097447744680571,5,5.49602217751845,0.4960221775184497,1.5,1.2212482233633857,-0.2787517766366143,0.8,0.6677950830146074,-0.1322049169853926,39.26204223185687,39.262042231857095,-2.2737367544323206e-13,NA,NA,NA,NA,NA,NA,NA,NA,NA,NA,NA,NA,NA,NA,NA,NA,NA,NA,NA,NA,NA,NA,NA,NA,NA,NA,NA,NA,NA,NA,NA,NA,NA,NA,NA,NA,NA,NA,NA,NA,NA,NA,NA,NA,NA,NA,NA,NA,NA,NA,NA,NA,NA,NA,NA,NA,NA,NA,NA,NA,NA,NA,NA,NA,NA,NA,NA,NA,NA,NA,NA,NA,NA,NA,NA,NA,NA,NA,NA,NA,NA,NA,NA,NA,NA,NA,NA,NA,NA,NA,NA,NA,NA,NA,NA,NA,NA,NA,NA,NA,NA,NA,true,TRUE,TRUE,3274.741578184633,3314.00362041649,3274.8868859545623,39.26204223185687,39.26204223185687,7.999999999999954,FALSE,35.491,NA,NA,NA
nearly_gaussian,nearly Gaussian,NH,HT,28,1000,435,0.435,NA,TRUE,TRUE,TRUE,0,NA,-1629.425186411449,3274.850372822898,3314.112415054755,3274.9956805928273,8,54.461,NA,3260.850372822898,3265.75812810188,1.000000000000017,NA,HeckmanEM,NA,raw_AIC_BIC_implied_logLik,finite_logLik_no_explicit_code,3,2.8520160948941453,-0.14798390510585469,0.4,0.3344540454604137,-0.06554595453958634,NA,NA,NA,NA,NA,NA,NA,NA,NA,NA,NA,NA,NA,NA,-0.7,-0.7147274278691452,-0.01472742786914527,0.15,0.15575065055941648,0.00575065055941648,1,0.9929618370672,-0.00703816293280001,5,5.501279162826152,0.5012791628261519,1.5,1.2219931902482362,-0.27800680975176384,0.8,0.6663473673565579,-0.13365263264344218,39.26204223185687,39.262042231857095,-2.2737367544323206e-13,NA,NA,NA,NA,NA,NA,NA,NA,NA,NA,NA,NA,NA,NA,NA,NA,NA,NA,NA,NA,NA,NA,NA,NA,NA,NA,NA,NA,NA,NA,NA,NA,NA,NA,NA,NA,NA,NA,NA,NA,NA,NA,NA,NA,NA,NA,NA,NA,NA,NA,NA,NA,NA,NA,NA,NA,NA,NA,NA,NA,NA,NA,NA,NA,NA,NA,NA,NA,NA,NA,NA,NA,NA,NA,NA,NA,NA,NA,NA,NA,NA,NA,NA,NA,NA,NA,NA,NA,NA,NA,NA,NA,NA,NA,NA,NA,NA,NA,NA,NA,NA,NA,true,TRUE,TRUE,3274.850372822898,3314.112415054755,3274.9956805928273,39.26204223185687,39.26204223185687,7.999999999999954,FALSE,54.461,NA,NA,NA
nearly_gaussian,nearly Gaussian,NH,CN,28,1000,435,0.435,NA,TRUE,TRUE,TRUE,0,NA,-1629.370799866144,3278.741599732288,3327.819152522109,3278.9640466483647,10,527.332,NA,3260.741599732288,3265.64935501127,1.000000000000017,NA,HeckmanEM,NA,raw_AIC_BIC_implied_logLik,finite_logLik_no_explicit_code,3,2.871314568116755,-0.1286854318832451,0.4,0.33460641745308883,-0.06539358254691119,NA,NA,NA,NA,NA,NA,NA,NA,NA,NA,NA,NA,NA,NA,-0.7,-0.7126548672799573,-0.01265486727995735,0.15,0.15516736497160596,0.00516736497160597,1,0.9904049649587848,-0.00959503504121517,5,5.495405985621787,0.4954059856217867,1.5,1.2212572972234137,-0.2787427027765863,0.8,0.6677952168768168,-0.1322047831231833,49.07755278982131,49.07755278982137,-5.684341886080802e-14,NA,NA,NA,NA,NA,NA,NA,NA,NA,NA,NA,NA,NA,NA,NA,NA,NA,NA,NA,NA,NA,NA,NA,NA,NA,NA,NA,NA,NA,NA,NA,NA,NA,NA,NA,NA,NA,NA,NA,NA,NA,NA,NA,NA,NA,NA,NA,NA,NA,NA,NA,NA,NA,NA,NA,NA,NA,NA,NA,NA,NA,NA,NA,NA,NA,NA,NA,NA,NA,NA,NA,NA,NA,NA,NA,NA,NA,NA,NA,NA,NA,NA,NA,NA,NA,NA,NA,NA,NA,NA,NA,NA,NA,NA,NA,NA,NA,NA,NA,NA,NA,NA,true,TRUE,TRUE,3278.741599732288,3327.819152522109,3278.9640466483647,49.07755278982131,49.07755278982131,9.999999999999988,FALSE,527.332,NA,NA,NA
nearly_gaussian,nearly Gaussian,NH,ESN,28,1000,435,0.435,NA,TRUE,TRUE,TRUE,0,CONVERGENCE: REL_REDUCTION_OF_F <= FACTR*EPSMCH,-1628.999856078819,3279.999712157638,3333.9850202264415,3280.266918635371,11,13451.76,NA,NA,NA,NA,6,stage2,1629.00292096474;1629.00205131713;1629.00379846926;1629.00534181142;1629.00529422557;1629.00021600097;1629.1344494643;1629.00475828923;1629.12390056296;1629.12210001969;1629.12868477508;1629.00021559537;1629.00443518179;1629.3707886326,proposed_likelihood,stage2,3,3.3010459497801943,0.3010459497801943,0.4,0.4065597029424804,0.00655970294248037,NA,-0.4577955435189324,NA,NA,-0.77556848327311,NA,NA,0.861658132504928,NA,NA,0.861658132504928,NA,NA,NA,-0.7,-0.5437348779649892,0.15626512203501075,0.15,0.15054906883811495,5.490688381149522e-4,1,0.96178582538437,-0.03821417461563004,5,6.403657777621702,1.403657777621702,1.5,1.2292785914595428,-0.27072140854045723,0.8,0.6783924571327575,-0.12160754286724253,53.98530806880353,53.985308068803505,2.842170943040401e-14,NA,NA,NA,NA,NA,NA,NA,NA,NA,NA,NA,NA,NA,NA,NA,NA,NA,NA,NA,NA,NA,NA,NA,NA,NA,NA,NA,NA,NA,NA,NA,NA,NA,NA,NA,NA,NA,NA,NA,NA,NA,NA,NA,NA,NA,NA,NA,NA,NA,NA,NA,NA,NA,NA,NA,NA,NA,NA,NA,NA,NA,NA,NA,NA,NA,NA,NA,NA,NA,NA,NA,NA,NA,NA,NA,NA,NA,NA,NA,NA,NA,NA,NA,NA,NA,NA,NA,NA,NA,NA,NA,NA,NA,NA,NA,NA,NA,NA,NA,NA,NA,NA,true,TRUE,TRUE,3279.999712157638,3333.9850202264415,3280.266918635371,53.98530806880353,53.98530806880353,11.000000000000005,FALSE,13451.76,FALSE,FALSE,FALSE
nearly_gaussian,nearly Gaussian,NH,EST,28,1000,435,0.435,NA,TRUE,TRUE,TRUE,0,CONVERGENCE: REL_REDUCTION_OF_F <= FACTR*EPSMCH,-1637.0398211730694,3298.079642346139,3356.9727056939246,3298.3957517686313,12,15986.495,NA,NA,NA,NA,31,stage2,1637.04028883111;1e+12;1e+12;1637.03983371023;1e+12;1e+12;1637.05414078114;1e+12;1e+12;1637.03984247811;1e+12;1e+12;1637.05014906735;1e+12;1e+12;1637.04000103714;1e+12;1e+12;1637.05718956012;1e+12;1e+12;1637.04130253306;1e+12;1e+12;1637.06520342339;1e+12;1e+12;1637.0399910189;1e+12;1e+12;1637.0398303065;1e+12;1e+12;1637.05213432155;1e+12;1e+12;1637.04967396529;1e+12;1e+12;1637.04087511078;1e+12;1e+12,proposed_likelihood,stage2,3,3.3928898804319427,0.39288988043194273,0.4,0.6475404222139923,0.2475404222139923,NA,-1.2890443255583226,NA,NA,-0.7518983062251887,NA,NA,1.4925821305300957,NA,NA,1.4925821305300957,NA,4,NA,-0.7,-0.3744961904030707,0.3255038095969292,0.15,0.14491544379936375,-0.00508455620063624,1,0.9085752108463953,-0.09142478915360486,5,6.118875241011297,1.1188752410112972,1.5,1.257802896429406,-0.24219710357059387,0.8,0.6605822373557809,-0.13941776264421912,58.893063347785755,58.89306334778564,1.1368683772161603e-13,NA,NA,NA,NA,NA,NA,NA,NA,NA,NA,NA,NA,NA,NA,NA,NA,NA,NA,NA,NA,NA,NA,NA,NA,NA,NA,NA,NA,NA,NA,NA,NA,NA,NA,NA,NA,NA,NA,NA,NA,NA,NA,NA,NA,NA,NA,NA,NA,NA,NA,NA,NA,NA,NA,NA,NA,NA,NA,NA,NA,NA,NA,NA,NA,NA,NA,NA,NA,NA,NA,NA,NA,NA,NA,NA,NA,NA,NA,NA,NA,NA,NA,NA,NA,NA,NA,NA,NA,NA,NA,NA,NA,NA,NA,NA,NA,NA,NA,NA,NA,NA,NA,true,TRUE,TRUE,3298.079642346139,3356.9727056939246,3298.3957517686313,58.893063347785755,58.893063347785755,12.000000000000023,FALSE,15986.495,FALSE,FALSE,TRUE
nearly_gaussian,nearly Gaussian,NH,NH,29,1000,458,0.458,NA,TRUE,TRUE,TRUE,0,NA,-1717.8142412229738,3451.6284824459476,3490.890524677805,3451.773790215877,8,31.235,NA,3437.6284824459476,3442.53623772493,1.000000000000017,NA,HeckmanEM,NA,raw_AIC_BIC_implied_logLik,finite_logLik_no_explicit_code,3,3.215927606381932,0.215927606381932,0.4,0.5709278362571325,0.17092783625713248,NA,NA,NA,NA,NA,NA,NA,NA,NA,NA,NA,NA,NA,NA,-0.7,-0.6566911654891118,0.04330883451088818,0.15,0.1501537544055266,1.5375440552661823e-4,1,1.0003394042958649,3.394042958646537e-4,5,4.5562888474223975,-0.4437111525776025,1.5,1.413692088695369,-0.086307911304631,0.8,0.8477235427956735,0.04772354279567348,39.26204223185732,39.262042231857095,2.2737367544323206e-13,NA,NA,NA,NA,NA,NA,NA,NA,NA,NA,NA,NA,NA,NA,NA,NA,NA,NA,NA,NA,NA,NA,NA,NA,NA,NA,NA,NA,NA,NA,NA,NA,NA,NA,NA,NA,NA,NA,NA,NA,NA,NA,NA,NA,NA,NA,NA,NA,NA,NA,NA,NA,NA,NA,NA,NA,NA,NA,NA,NA,NA,NA,NA,NA,NA,NA,NA,NA,NA,NA,NA,NA,NA,NA,NA,NA,NA,NA,NA,NA,NA,NA,NA,NA,NA,NA,NA,NA,NA,NA,NA,NA,NA,NA,NA,NA,NA,NA,NA,NA,NA,NA,true,TRUE,TRUE,3451.6284824459476,3490.890524677805,3451.773790215877,39.26204223185732,39.26204223185732,8.000000000000046,FALSE,31.235,NA,NA,NA
nearly_gaussian,nearly Gaussian,NH,HT,29,1000,458,0.458,NA,TRUE,TRUE,TRUE,0,NA,-1717.7923520722854,3451.584704144571,3490.846746376428,3451.7300119145,8,38.434,NA,3437.584704144571,3442.492459423553,1.000000000000017,NA,HeckmanEM,NA,raw_AIC_BIC_implied_logLik,finite_logLik_no_explicit_code,3,3.189718261046389,0.189718261046389,0.4,0.5712933098772472,0.17129330987724722,NA,NA,NA,NA,NA,NA,NA,NA,NA,NA,NA,NA,NA,NA,-0.7,-0.6594450357608053,0.04055496423919469,0.15,0.15086169721601056,8.616972160105651e-4,1,1.0040767789133251,0.00407677891332514,5,4.552488885415801,-0.44751111458419857,1.5,1.4120604337037914,-0.08793956629620858,0.8,0.8488015176931383,0.04880151769313823,39.26204223185732,39.262042231857095,2.2737367544323206e-13,NA,NA,NA,NA,NA,NA,NA,NA,NA,NA,NA,NA,NA,NA,NA,NA,NA,NA,NA,NA,NA,NA,NA,NA,NA,NA,NA,NA,NA,NA,NA,NA,NA,NA,NA,NA,NA,NA,NA,NA,NA,NA,NA,NA,NA,NA,NA,NA,NA,NA,NA,NA,NA,NA,NA,NA,NA,NA,NA,NA,NA,NA,NA,NA,NA,NA,NA,NA,NA,NA,NA,NA,NA,NA,NA,NA,NA,NA,NA,NA,NA,NA,NA,NA,NA,NA,NA,NA,NA,NA,NA,NA,NA,NA,NA,NA,NA,NA,NA,NA,NA,NA,true,TRUE,TRUE,3451.584704144571,3490.846746376428,3451.7300119145,39.26204223185732,39.26204223185732,8.000000000000046,FALSE,38.434,NA,NA,NA
nearly_gaussian,nearly Gaussian,NH,CN,29,1000,458,0.458,NA,TRUE,TRUE,TRUE,0,NA,-1717.813254110354,3455.6265082207083,3504.7040610105296,3455.848955136785,10,408.036,NA,3437.6265082207083,3442.5342634996905,1.000000000000017,NA,HeckmanEM,NA,raw_AIC_BIC_implied_logLik,finite_logLik_no_explicit_code,3,3.2048457775851302,0.20484577758513023,0.4,0.5707134500204923,0.17071345002049232,NA,NA,NA,NA,NA,NA,NA,NA,NA,NA,NA,NA,NA,NA,-0.7,-0.6587605627828933,0.04123943721710665,0.15,0.15063355823159078,6.335582315907806e-4,1,1.0034541042987404,0.00345410429874037,5,4.556768896219854,-0.4432311037801462,1.5,1.413566687058741,-0.08643331294125911,0.8,0.8477939372807368,0.04779393728073677,49.07755278982131,49.07755278982137,-5.684341886080802e-14,NA,NA,NA,NA,NA,NA,NA,NA,NA,NA,NA,NA,NA,NA,NA,NA,NA,NA,NA,NA,NA,NA,NA,NA,NA,NA,NA,NA,NA,NA,NA,NA,NA,NA,NA,NA,NA,NA,NA,NA,NA,NA,NA,NA,NA,NA,NA,NA,NA,NA,NA,NA,NA,NA,NA,NA,NA,NA,NA,NA,NA,NA,NA,NA,NA,NA,NA,NA,NA,NA,NA,NA,NA,NA,NA,NA,NA,NA,NA,NA,NA,NA,NA,NA,NA,NA,NA,NA,NA,NA,NA,NA,NA,NA,NA,NA,NA,NA,NA,NA,NA,NA,true,TRUE,TRUE,3455.626508220708,3504.704061010529,3455.8489551367848,49.07755278982131,49.07755278982131,9.999999999999988,FALSE,408.036,NA,NA,NA
nearly_gaussian,nearly Gaussian,NH,ESN,29,1000,458,0.458,NA,TRUE,TRUE,TRUE,0,CONVERGENCE: REL_REDUCTION_OF_F <= FACTR*EPSMCH,-1715.9215151219903,3453.8430302439806,3507.828338312784,3454.1102367217136,11,15002.569,NA,NA,NA,NA,10,stage2,1717.81479040476;1717.81622243861;1717.81419699194;1717.81494162947;1717.46061599342;1717.81425754507;1717.81457502084;1717.37070869954;1717.45718575636;1715.98284167803;1717.33814048768;1717.81505566958;1717.81471670129;1717.81424101503,proposed_likelihood,stage2,3,3.631190365682318,0.6311903656823179,0.4,0.618707047991576,0.21870704799157603,NA,1.1731342423177251,NA,NA,1.2443364701780857,NA,NA,1.4854287629494136,NA,NA,1.4854287629494136,NA,NA,NA,-0.7,-0.8321076970815576,-0.13210769708155767,0.15,0.1394410120398634,-0.0105589879601366,1,0.9281401049074114,-0.07185989509258861,5,3.532016853980772,-1.467983146019228,1.5,1.384174361269224,-0.11582563873077611,0.8,0.8507610696264898,0.05076106962648974,53.98530806880353,53.985308068803505,2.842170943040401e-14,NA,NA,NA,NA,NA,NA,NA,NA,NA,NA,NA,NA,NA,NA,NA,NA,NA,NA,NA,NA,NA,NA,NA,NA,NA,NA,NA,NA,NA,NA,NA,NA,NA,NA,NA,NA,NA,NA,NA,NA,NA,NA,NA,NA,NA,NA,NA,NA,NA,NA,NA,NA,NA,NA,NA,NA,NA,NA,NA,NA,NA,NA,NA,NA,NA,NA,NA,NA,NA,NA,NA,NA,NA,NA,NA,NA,NA,NA,NA,NA,NA,NA,NA,NA,NA,NA,NA,NA,NA,NA,NA,NA,NA,NA,NA,NA,NA,NA,NA,NA,NA,NA,true,TRUE,TRUE,3453.8430302439806,3507.828338312784,3454.1102367217136,53.98530806880353,53.98530806880353,11.000000000000005,FALSE,15002.569,FALSE,FALSE,TRUE
nearly_gaussian,nearly Gaussian,NH,EST,29,1000,458,0.458,NA,TRUE,TRUE,TRUE,0,CONVERGENCE: REL_REDUCTION_OF_F <= FACTR*EPSMCH,-1726.5260353388355,3477.052070677671,3535.945134025457,3477.3681801001635,12,18034.763000000003,NA,NA,NA,NA,31,stage2,1726.6961619193;1e+12;1e+12;1726.52615238453;1e+12;1e+12;1726.67478838449;1e+12;1e+12;1726.52621768335;1e+12;1e+12;1726.52641029407;1e+12;1e+12;1726.52605250323;1e+12;1e+12;1726.6860063696;1e+12;1e+12;1726.52605361115;1e+12;1e+12;1726.69773009476;1e+12;1e+12;1726.52629672052;1e+12;1e+12;1726.52603570038;1e+12;1e+12;1726.52618153299;1e+12;1e+12;1726.69615968545;1e+12;1e+12;1726.53499179222;1e+12;1e+12,proposed_likelihood,stage2,3,3.4089722098885913,0.4089722098885913,0.4,0.7289680779464894,0.3289680779464894,NA,-1.0128576048852411,NA,NA,-0.327556783398188,NA,NA,1.4925821305300957,NA,NA,1.4925821305300957,NA,4,NA,-0.7,-0.4024031131269405,0.29759688687305946,0.15,0.14599605622072925,-0.00400394377927074,1,0.9516938976536278,-0.04830610234637222,5,4.9425778172955495,-0.05742218270445054,1.5,1.4119179141302558,-0.0880820858697442,0.8,0.8694024465261451,0.06940244652614502,58.893063347785755,58.89306334778564,1.1368683772161603e-13,NA,NA,NA,NA,NA,NA,NA,NA,NA,NA,NA,NA,NA,NA,NA,NA,NA,NA,NA,NA,NA,NA,NA,NA,NA,NA,NA,NA,NA,NA,NA,NA,NA,NA,NA,NA,NA,NA,NA,NA,NA,NA,NA,NA,NA,NA,NA,NA,NA,NA,NA,NA,NA,NA,NA,NA,NA,NA,NA,NA,NA,NA,NA,NA,NA,NA,NA,NA,NA,NA,NA,NA,NA,NA,NA,NA,NA,NA,NA,NA,NA,NA,NA,NA,NA,NA,NA,NA,NA,NA,NA,NA,NA,NA,NA,NA,NA,NA,NA,NA,NA,NA,true,TRUE,TRUE,3477.052070677671,3535.945134025457,3477.3681801001635,58.893063347785755,58.893063347785755,12.000000000000023,FALSE,18034.763000000003,FALSE,FALSE,TRUE
nearly_gaussian,nearly Gaussian,NH,NH,30,1000,436,0.436,NA,TRUE,TRUE,TRUE,0,NA,-1638.523021696509,3293.046043393018,3332.3080856248753,3293.1913511629473,8,46.769,NA,3279.046043393018,3283.953798672,1.000000000000017,NA,HeckmanEM,NA,raw_AIC_BIC_implied_logLik,finite_logLik_no_explicit_code,3,3.029405751630307,0.02940575163030701,0.4,0.4696310147425593,0.06963101474255928,NA,NA,NA,NA,NA,NA,NA,NA,NA,NA,NA,NA,NA,NA,-0.7,-0.7187241013432606,-0.01872410134326063,0.15,0.14603220288482344,-0.00396779711517655,1,1.0559372339495443,0.05593723394954431,5,4.894486416442092,-0.10551358355790796,1.5,1.622804854379237,0.12280485437923704,0.8,0.7398000963127568,-0.06019990368724326,39.26204223185732,39.262042231857095,2.2737367544323206e-13,NA,NA,NA,NA,NA,NA,NA,NA,NA,NA,NA,NA,NA,NA,NA,NA,NA,NA,NA,NA,NA,NA,NA,NA,NA,NA,NA,NA,NA,NA,NA,NA,NA,NA,NA,NA,NA,NA,NA,NA,NA,NA,NA,NA,NA,NA,NA,NA,NA,NA,NA,NA,NA,NA,NA,NA,NA,NA,NA,NA,NA,NA,NA,NA,NA,NA,NA,NA,NA,NA,NA,NA,NA,NA,NA,NA,NA,NA,NA,NA,NA,NA,NA,NA,NA,NA,NA,NA,NA,NA,NA,NA,NA,NA,NA,NA,NA,NA,NA,NA,NA,NA,true,TRUE,TRUE,3293.046043393018,3332.3080856248753,3293.1913511629473,39.26204223185732,39.26204223185732,8.000000000000046,FALSE,46.769,NA,NA,NA
nearly_gaussian,nearly Gaussian,NH,HT,30,1000,436,0.436,NA,TRUE,TRUE,TRUE,0,NA,-1638.55228501251,3293.1045700250197,3332.3666122568766,3293.249877794949,8,71.083,NA,3279.1045700250197,3284.012325304002,1.000000000000017,NA,HeckmanEM,NA,raw_AIC_BIC_implied_logLik,finite_logLik_no_explicit_code,3,3.0065236620882994,0.00652366208829935,0.4,0.4682764606968101,0.06827646069681009,NA,NA,NA,NA,NA,NA,NA,NA,NA,NA,NA,NA,NA,NA,-0.7,-0.7209542420706527,-0.02095424207065277,0.15,0.14646574016223723,-0.00353425983776276,1,1.0592530734745536,0.05925307347455355,5,4.8990298182722265,-0.1009701817277735,1.5,1.6231908237443398,0.12319082374433976,0.8,0.7407644486909013,-0.05923555130909874,39.26204223185687,39.262042231857095,2.2737367544323206e-13,NA,NA,NA,NA,NA,NA,NA,NA,NA,NA,NA,NA,NA,NA,NA,NA,NA,NA,NA,NA,NA,NA,NA,NA,NA,NA,NA,NA,NA,NA,NA,NA,NA,NA,NA,NA,NA,NA,NA,NA,NA,NA,NA,NA,NA,NA,NA,NA,NA,NA,NA,NA,NA,NA,NA,NA,NA,NA,NA,NA,NA,NA,NA,NA,NA,NA,NA,NA,NA,NA,NA,NA,NA,NA,NA,NA,NA,NA,NA,NA,NA,NA,NA,NA,NA,NA,NA,NA,NA,NA,NA,NA,NA,NA,NA,NA,NA,NA,NA,NA,NA,NA,true,TRUE,TRUE,3293.10457002502,3332.3666122568775,3293.2498777949495,39.26204223185687,39.26204223185732,7.999999999999954,FALSE,71.083,NA,NA,NA
nearly_gaussian,nearly Gaussian,NH,CN,30,1000,436,0.436,NA,TRUE,TRUE,TRUE,0,NA,-1638.523045642689,3297.046091285378,3346.1236440751995,3297.268538201455,10,524.3570000000001,NA,3279.046091285378,3283.9538465643604,1.000000000000017,NA,HeckmanEM,NA,raw_AIC_BIC_implied_logLik,finite_logLik_no_explicit_code,3,3.0280694208471908,0.02806942084719077,0.4,0.4694095111677687,0.06940951116776867,NA,NA,NA,NA,NA,NA,NA,NA,NA,NA,NA,NA,NA,NA,-0.7,-0.7190163700181957,-0.01901637001819578,0.15,0.1460943981316897,-0.00390560186831029,1,1.056359030352506,0.05635903035250611,5,4.895080893881852,-0.1049191061181478,1.5,1.6227919832400604,0.12279198324006035,0.8,0.7398201630103857,-0.06017983698961438,49.07755278982131,49.07755278982137,-5.684341886080802e-14,NA,NA,NA,NA,NA,NA,NA,NA,NA,NA,NA,NA,NA,NA,NA,NA,NA,NA,NA,NA,NA,NA,NA,NA,NA,NA,NA,NA,NA,NA,NA,NA,NA,NA,NA,NA,NA,NA,NA,NA,NA,NA,NA,NA,NA,NA,NA,NA,NA,NA,NA,NA,NA,NA,NA,NA,NA,NA,NA,NA,NA,NA,NA,NA,NA,NA,NA,NA,NA,NA,NA,NA,NA,NA,NA,NA,NA,NA,NA,NA,NA,NA,NA,NA,NA,NA,NA,NA,NA,NA,NA,NA,NA,NA,NA,NA,NA,NA,NA,NA,NA,NA,true,TRUE,TRUE,3297.046091285378,3346.1236440751995,3297.268538201455,49.07755278982131,49.07755278982131,9.999999999999988,FALSE,524.3570000000001,NA,NA,NA
nearly_gaussian,nearly Gaussian,NH,ESN,30,1000,436,0.436,NA,TRUE,TRUE,TRUE,0,CONVERGENCE: REL_REDUCTION_OF_F <= FACTR*EPSMCH,-1638.1987706200484,3298.397541240097,3352.3828493089004,3298.66474771783,11,16983.936,NA,NA,NA,NA,2,stage2,1638.21169638796;1638.20959534841;1638.22152862444;1638.24814290112;1638.22547536008;1638.22884708888;1638.52860594456;1638.21507568531;1638.21924831916;1638.37585289466;1638.23940821139;1638.22426337002;1638.22470966411;1638.52302144909,proposed_likelihood,stage2,3,3.9163502840755062,0.9163502840755062,0.4,0.5526250941775562,0.1526250941775562,NA,-0.5196434294620098,NA,NA,-0.8932150031800562,NA,NA,-0.7050341936723741,NA,NA,-0.7050341936723741,NA,NA,NA,-0.7,-0.27326108788214437,0.4267389121178556,0.15,0.13841273604986462,-0.01158726395013537,1,1.0023313449292728,0.00233134492927278,5,8.03258555025504,3.0325855502550407,1.5,1.6344087805700702,0.13440878057007022,0.8,0.7378570989977656,-0.06214290100223441,53.98530806880353,53.985308068803505,2.842170943040401e-14,NA,NA,NA,NA,NA,NA,NA,NA,NA,NA,NA,NA,NA,NA,NA,NA,NA,NA,NA,NA,NA,NA,NA,NA,NA,NA,NA,NA,NA,NA,NA,NA,NA,NA,NA,NA,NA,NA,NA,NA,NA,NA,NA,NA,NA,NA,NA,NA,NA,NA,NA,NA,NA,NA,NA,NA,NA,NA,NA,NA,NA,NA,NA,NA,NA,NA,NA,NA,NA,NA,NA,NA,NA,NA,NA,NA,NA,NA,NA,NA,NA,NA,NA,NA,NA,NA,NA,NA,NA,NA,NA,NA,NA,NA,NA,NA,NA,NA,NA,NA,NA,NA,true,TRUE,TRUE,3298.397541240097,3352.3828493089004,3298.66474771783,53.98530806880353,53.98530806880353,11.000000000000005,FALSE,16983.936,FALSE,FALSE,FALSE
nearly_gaussian,nearly Gaussian,NH,EST,30,1000,436,0.436,NA,TRUE,TRUE,TRUE,0,CONVERGENCE: REL_REDUCTION_OF_F <= FACTR*EPSMCH,-1644.4591066219334,3312.918213243867,3371.8112765916526,3313.2343226663593,12,15030.504999999996,NA,NA,NA,NA,25,stage2,1644.46047500898;1e+12;1e+12;1644.45942735404;1e+12;1e+12;1644.46788637721;1e+12;1e+12;1644.45951714995;1e+12;1e+12;1644.46384916549;1e+12;1e+12;1644.45940995553;1e+12;1e+12;1644.46113063842;1e+12;1e+12;1644.459136553;1e+12;1e+12;1644.45910757845;1e+12;1e+12;1644.46015833735;1e+12;1e+12;1644.45950018877;1e+12;1e+12;1644.45927192804;1e+12;1e+12;1644.46045914904;1e+12;1e+12;1644.4595186282;1e+12;1e+12,proposed_likelihood,stage2,3,3.5024103145235292,0.5024103145235292,0.4,0.7151756268743718,0.31517562687437173,NA,-1.4925810115046063,NA,NA,-0.5031343528180345,NA,NA,1.4925821305300957,NA,NA,1.4925821305300957,NA,4,NA,-0.7,-0.31613534366775187,0.3838646563322481,0.15,0.1272910195909849,-0.02270898040901509,1,0.943334658641209,-0.05666534135879098,5,5.636418704359396,0.6364187043593956,1.5,1.6498361453228747,0.1498361453228747,0.8,0.7390618936393384,-0.06093810636066166,58.893063347785755,58.89306334778564,1.1368683772161603e-13,NA,NA,NA,NA,NA,NA,NA,NA,NA,NA,NA,NA,NA,NA,NA,NA,NA,NA,NA,NA,NA,NA,NA,NA,NA,NA,NA,NA,NA,NA,NA,NA,NA,NA,NA,NA,NA,NA,NA,NA,NA,NA,NA,NA,NA,NA,NA,NA,NA,NA,NA,NA,NA,NA,NA,NA,NA,NA,NA,NA,NA,NA,NA,NA,NA,NA,NA,NA,NA,NA,NA,NA,NA,NA,NA,NA,NA,NA,NA,NA,NA,NA,NA,NA,NA,NA,NA,NA,NA,NA,NA,NA,NA,NA,NA,NA,NA,NA,NA,NA,NA,NA,true,TRUE,TRUE,3312.918213243867,3371.8112765916526,3313.2343226663593,58.893063347785755,58.893063347785755,12.000000000000023,FALSE,15030.504999999996,TRUE,FALSE,TRUE
nearly_gaussian,nearly Gaussian,NH,NH,31,1000,420,0.42,NA,TRUE,TRUE,TRUE,0,NA,-1581.5093472564342,3179.0186945128685,3218.280736744726,3179.164002282798,8,28.671,NA,3165.0186945128685,3169.9264497918507,1.000000000000017,NA,HeckmanEM,NA,raw_AIC_BIC_implied_logLik,finite_logLik_no_explicit_code,3,3.0516675002774254,0.05166750027742539,0.4,0.4765032938159168,0.0765032938159168,NA,NA,NA,NA,NA,NA,NA,NA,NA,NA,NA,NA,NA,NA,-0.7,-0.7850503484054497,-0.08505034840544978,0.15,0.14298805964436173,-0.00701194035563826,1,1.158113650417972,0.1581136504179721,5,5.004443937366271,0.00444393736627102,1.5,1.6478947671401822,0.14789476714018224,0.8,0.7142784691517696,-0.08572153084823042,39.26204223185732,39.262042231857095,2.2737367544323206e-13,NA,NA,NA,NA,NA,NA,NA,NA,NA,NA,NA,NA,NA,NA,NA,NA,NA,NA,NA,NA,NA,NA,NA,NA,NA,NA,NA,NA,NA,NA,NA,NA,NA,NA,NA,NA,NA,NA,NA,NA,NA,NA,NA,NA,NA,NA,NA,NA,NA,NA,NA,NA,NA,NA,NA,NA,NA,NA,NA,NA,NA,NA,NA,NA,NA,NA,NA,NA,NA,NA,NA,NA,NA,NA,NA,NA,NA,NA,NA,NA,NA,NA,NA,NA,NA,NA,NA,NA,NA,NA,NA,NA,NA,NA,NA,NA,NA,NA,NA,NA,NA,NA,true,TRUE,TRUE,3179.0186945128685,3218.280736744726,3179.164002282798,39.26204223185732,39.26204223185732,8.000000000000046,FALSE,28.671,NA,NA,NA
nearly_gaussian,nearly Gaussian,NH,HT,31,1000,420,0.42,NA,TRUE,TRUE,TRUE,0,NA,-1581.4826350544874,3178.965270108975,3218.227312340832,3179.110577878904,8,33.352999999999994,NA,3164.965270108975,3169.873025387957,1.000000000000017,NA,HeckmanEM,NA,raw_AIC_BIC_implied_logLik,finite_logLik_no_explicit_code,3,3.0206391564261064,0.02063915642610636,0.4,0.4768968855618986,0.07689688556189855,NA,NA,NA,NA,NA,NA,NA,NA,NA,NA,NA,NA,NA,NA,-0.7,-0.7892617820369683,-0.08926178203696833,0.15,0.1438466200152299,-0.00615337998477008,1,1.163652864804742,0.16365286480474195,5,5.005165941732087,0.00516594173208684,1.5,1.642810889971395,0.14281088997139468,0.8,0.7134490960258046,-0.0865509039741954,39.26204223185732,39.262042231857095,2.2737367544323206e-13,NA,NA,NA,NA,NA,NA,NA,NA,NA,NA,NA,NA,NA,NA,NA,NA,NA,NA,NA,NA,NA,NA,NA,NA,NA,NA,NA,NA,NA,NA,NA,NA,NA,NA,NA,NA,NA,NA,NA,NA,NA,NA,NA,NA,NA,NA,NA,NA,NA,NA,NA,NA,NA,NA,NA,NA,NA,NA,NA,NA,NA,NA,NA,NA,NA,NA,NA,NA,NA,NA,NA,NA,NA,NA,NA,NA,NA,NA,NA,NA,NA,NA,NA,NA,NA,NA,NA,NA,NA,NA,NA,NA,NA,NA,NA,NA,NA,NA,NA,NA,NA,NA,true,TRUE,TRUE,3178.965270108975,3218.227312340832,3179.110577878904,39.26204223185732,39.26204223185732,8.000000000000046,FALSE,33.352999999999994,NA,NA,NA
nearly_gaussian,nearly Gaussian,NH,CN,31,1000,420,0.42,NA,TRUE,TRUE,TRUE,0,NA,-1581.508554260328,3183.0171085206557,3232.094661310477,3183.2395554367326,10,426.469,NA,3165.0171085206557,3169.924863799638,1.000000000000017,NA,HeckmanEM,NA,raw_AIC_BIC_implied_logLik,finite_logLik_no_explicit_code,3,3.0422276414386764,0.04222764143867641,0.4,0.4763305035900485,0.0763305035900485,NA,NA,NA,NA,NA,NA,NA,NA,NA,NA,NA,NA,NA,NA,-0.7,-0.7872892263119081,-0.08728922631190816,0.15,0.1434031138992811,-0.00659688610071892,1,1.1613833003209042,0.1613833003209042,5,5.004990540926197,0.00499054092619744,1.5,1.6476311958385057,0.14763119583850548,0.8,0.7142523967492674,-0.085747603250732607,49.07755278982131,49.07755278982137,-5.684341886080802e-14,NA,NA,NA,NA,NA,NA,NA,NA,NA,NA,NA,NA,NA,NA,NA,NA,NA,NA,NA,NA,NA,NA,NA,NA,NA,NA,NA,NA,NA,NA,NA,NA,NA,NA,NA,NA,NA,NA,NA,NA,NA,NA,NA,NA,NA,NA,NA,NA,NA,NA,NA,NA,NA,NA,NA,NA,NA,NA,NA,NA,NA,NA,NA,NA,NA,NA,NA,NA,NA,NA,NA,NA,NA,NA,NA,NA,NA,NA,NA,NA,NA,NA,NA,NA,NA,NA,NA,NA,NA,NA,NA,NA,NA,NA,NA,NA,NA,NA,NA,NA,NA,NA,true,TRUE,TRUE,3183.017108520656,3232.0946613104775,3183.239555436733,49.07755278982131,49.07755278982131,9.999999999999988,FALSE,426.469,NA,NA,NA
nearly_gaussian,nearly Gaussian,NH,ESN,31,1000,420,0.42,NA,TRUE,TRUE,TRUE,0,CONVERGENCE: REL_REDUCTION_OF_F <= FACTR*EPSMCH,-1580.5974397585803,3183.1948795171606,3237.180187585964,3183.4620859948936,11,15375.575,NA,NA,NA,NA,11,stage2,1581.51116311174;1581.51150345726;1581.50745421248;1580.95741185459;1580.77994616008;1580.9710329669;1580.84309378302;1580.63847907475;1580.83684860348;1580.67344063478;1580.59964043585;1581.51033738681;1581.51049735176;1581.5093471107,proposed_likelihood,stage2,3,3.089855483511549,0.08985548351154904,0.4,0.4720499718007324,0.07204997180073236,NA,1.4925821305300957,NA,NA,-0.5006748211216246,NA,NA,0.777027649718674,NA,NA,0.777027649718674,NA,NA,NA,-0.7,-1.067372224832483,-0.3673722248324831,0.15,0.1184954846749375,-0.03150451532506249,1,0.9546333930697838,-0.04536660693021621,5,4.682345948090024,-0.317654051909976,1.5,1.6489490389139465,0.1489490389139465,0.8,0.716034776880073,-0.08396522311992705,53.98530806880353,53.985308068803505,2.842170943040401e-14,NA,NA,NA,NA,NA,NA,NA,NA,NA,NA,NA,NA,NA,NA,NA,NA,NA,NA,NA,NA,NA,NA,NA,NA,NA,NA,NA,NA,NA,NA,NA,NA,NA,NA,NA,NA,NA,NA,NA,NA,NA,NA,NA,NA,NA,NA,NA,NA,NA,NA,NA,NA,NA,NA,NA,NA,NA,NA,NA,NA,NA,NA,NA,NA,NA,NA,NA,NA,NA,NA,NA,NA,NA,NA,NA,NA,NA,NA,NA,NA,NA,NA,NA,NA,NA,NA,NA,NA,NA,NA,NA,NA,NA,NA,NA,NA,NA,NA,NA,NA,NA,NA,true,TRUE,TRUE,3183.1948795171606,3237.180187585964,3183.4620859948936,53.98530806880353,53.98530806880353,11.000000000000005,FALSE,15375.575,TRUE,FALSE,FALSE
nearly_gaussian,nearly Gaussian,NH,EST,31,1000,420,0.42,NA,TRUE,TRUE,TRUE,0,CONVERGENCE: REL_REDUCTION_OF_F <= FACTR*EPSMCH,-1589.7878879859804,3203.575775971961,3262.4688393197466,3203.8918853944533,12,17220.397999999997,NA,NA,NA,NA,37,stage2,1589.78794195452;1e+12;1e+12;1589.78801158415;1e+12;1e+12;1589.7879840139;1e+12;1e+12;1589.78793027863;1e+12;1e+12;1589.78816705272;1e+12;1e+12;1589.78799050429;1e+12;1e+12;1589.78811845726;1e+12;1e+12;1589.78790427169;1e+12;1e+12;1589.79328902277;1e+12;1e+12;1589.78877456937;1e+12;1e+12;1589.78788846441;1e+12;1e+12;1589.78792719257;1e+12;1e+12;1589.78788987384;1e+12;1e+12;1589.78791268555;1e+12;1e+12,proposed_likelihood,stage2,3,3.027246418852706,0.02724641885270617,0.4,0.6151831501786172,0.2151831501786172,NA,-0.7589627049408529,NA,NA,-0.42529964730076286,NA,NA,1.4925821305300957,NA,NA,1.4925821305300957,NA,4,NA,-0.7,-0.6154474104131096,0.08455258958689038,0.15,0.14339654724125775,-0.00660345275874224,1,1.15529242246646,0.15529242246646002,5,5.406913209661299,0.4069132096612993,1.5,1.613340779791069,0.11334077979106905,0.8,0.6858619909399979,-0.11413800906000215,58.893063347785755,58.89306334778564,1.1368683772161603e-13,NA,NA,NA,NA,NA,NA,NA,NA,NA,NA,NA,NA,NA,NA,NA,NA,NA,NA,NA,NA,NA,NA,NA,NA,NA,NA,NA,NA,NA,NA,NA,NA,NA,NA,NA,NA,NA,NA,NA,NA,NA,NA,NA,NA,NA,NA,NA,NA,NA,NA,NA,NA,NA,NA,NA,NA,NA,NA,NA,NA,NA,NA,NA,NA,NA,NA,NA,NA,NA,NA,NA,NA,NA,NA,NA,NA,NA,NA,NA,NA,NA,NA,NA,NA,NA,NA,NA,NA,NA,NA,NA,NA,NA,NA,NA,NA,NA,NA,NA,NA,NA,NA,true,TRUE,TRUE,3203.575775971961,3262.4688393197466,3203.8918853944533,58.893063347785755,58.893063347785755,12.000000000000023,FALSE,17220.397999999997,FALSE,FALSE,TRUE
nearly_gaussian,nearly Gaussian,NH,NH,32,1000,442,0.442,NA,TRUE,TRUE,TRUE,0,NA,-1638.9845463165636,3293.9690926331273,3333.2311348649846,3294.1144004030566,8,53.556,NA,3279.9690926331273,3284.8768479121095,1.000000000000017,NA,HeckmanEM,NA,raw_AIC_BIC_implied_logLik,finite_logLik_no_explicit_code,3,2.8119873469741203,-0.1880126530258797,0.4,0.28785889609031223,-0.1121411039096878,NA,NA,NA,NA,NA,NA,NA,NA,NA,NA,NA,NA,NA,NA,-0.7,-0.6756201238653039,0.02437987613469605,0.15,0.15134464922536506,0.00134464922536506,1,1.0132668540673035,0.01326685406730354,5,5.725449166555887,0.7254491665558866,1.5,1.565489938454518,0.065489938454518,0.8,0.622590188485575,-0.17740981151442503,39.26204223185732,39.262042231857095,2.2737367544323206e-13,NA,NA,NA,NA,NA,NA,NA,NA,NA,NA,NA,NA,NA,NA,NA,NA,NA,NA,NA,NA,NA,NA,NA,NA,NA,NA,NA,NA,NA,NA,NA,NA,NA,NA,NA,NA,NA,NA,NA,NA,NA,NA,NA,NA,NA,NA,NA,NA,NA,NA,NA,NA,NA,NA,NA,NA,NA,NA,NA,NA,NA,NA,NA,NA,NA,NA,NA,NA,NA,NA,NA,NA,NA,NA,NA,NA,NA,NA,NA,NA,NA,NA,NA,NA,NA,NA,NA,NA,NA,NA,NA,NA,NA,NA,NA,NA,NA,NA,NA,NA,NA,NA,true,TRUE,TRUE,3293.9690926331273,3333.2311348649846,3294.1144004030566,39.26204223185732,39.26204223185732,8.000000000000046,FALSE,53.556,NA,NA,NA
nearly_gaussian,nearly Gaussian,NH,HT,32,1000,442,0.442,NA,TRUE,TRUE,TRUE,0,NA,-1639.036345975631,3294.072691951262,3333.3347341831195,3294.2179997211915,8,82.25900000000001,NA,3280.072691951262,3284.9804472302444,1.000000000000017,NA,HeckmanEM,NA,raw_AIC_BIC_implied_logLik,finite_logLik_no_explicit_code,3,2.792214132426764,-0.2077858675732358,0.4,0.28675216043081414,-0.11324783956918588,NA,NA,NA,NA,NA,NA,NA,NA,NA,NA,NA,NA,NA,NA,-0.7,-0.6774286769289528,0.02257132307104714,0.15,0.15183047281051892,0.00183047281051892,1,1.0161440164810398,0.0161440164810398,5,5.727688046327974,0.727688046327974,1.5,1.563647395809424,0.06364739580942391,0.8,0.6235364714074455,-0.17646352859255454,39.26204223185732,39.262042231857095,2.2737367544323206e-13,NA,NA,NA,NA,NA,NA,NA,NA,NA,NA,NA,NA,NA,NA,NA,NA,NA,NA,NA,NA,NA,NA,NA,NA,NA,NA,NA,NA,NA,NA,NA,NA,NA,NA,NA,NA,NA,NA,NA,NA,NA,NA,NA,NA,NA,NA,NA,NA,NA,NA,NA,NA,NA,NA,NA,NA,NA,NA,NA,NA,NA,NA,NA,NA,NA,NA,NA,NA,NA,NA,NA,NA,NA,NA,NA,NA,NA,NA,NA,NA,NA,NA,NA,NA,NA,NA,NA,NA,NA,NA,NA,NA,NA,NA,NA,NA,NA,NA,NA,NA,NA,NA,true,TRUE,TRUE,3294.072691951262,3333.3347341831195,3294.2179997211915,39.26204223185732,39.26204223185732,8.000000000000046,FALSE,82.25900000000001,NA,NA,NA
nearly_gaussian,nearly Gaussian,NH,CN,32,1000,442,0.442,NA,TRUE,TRUE,TRUE,0,NA,-1638.984556380747,3297.9691127614947,3347.046665551316,3298.1915596775716,10,445.964,NA,3279.9691127614947,3284.876868040477,1.000000000000017,NA,HeckmanEM,NA,raw_AIC_BIC_implied_logLik,finite_logLik_no_explicit_code,3,2.81160189279203,-0.1883981072079699,0.4,0.28813783254089653,-0.11186216745910348,NA,NA,NA,NA,NA,NA,NA,NA,NA,NA,NA,NA,NA,NA,-0.7,-0.6757314183867985,0.02426858161320144,0.15,0.1513653367503209,0.00136533675032091,1,1.0134403537761991,0.01344035377619912,5,5.72477555994969,0.7247755599496903,1.5,1.5655049487931012,0.0655049487931012,0.8,0.6226043416715328,-0.1773956583284673,49.07755278982131,49.07755278982137,-5.684341886080802e-14,NA,NA,NA,NA,NA,NA,NA,NA,NA,NA,NA,NA,NA,NA,NA,NA,NA,NA,NA,NA,NA,NA,NA,NA,NA,NA,NA,NA,NA,NA,NA,NA,NA,NA,NA,NA,NA,NA,NA,NA,NA,NA,NA,NA,NA,NA,NA,NA,NA,NA,NA,NA,NA,NA,NA,NA,NA,NA,NA,NA,NA,NA,NA,NA,NA,NA,NA,NA,NA,NA,NA,NA,NA,NA,NA,NA,NA,NA,NA,NA,NA,NA,NA,NA,NA,NA,NA,NA,NA,NA,NA,NA,NA,NA,NA,NA,NA,NA,NA,NA,NA,NA,true,TRUE,TRUE,3297.969112761494,3347.0466655513155,3298.191559677571,49.07755278982131,49.07755278982131,9.999999999999988,FALSE,445.964,NA,NA,NA
nearly_gaussian,nearly Gaussian,NH,ESN,32,1000,442,0.442,NA,TRUE,TRUE,TRUE,0,CONVERGENCE: REL_REDUCTION_OF_F <= FACTR*EPSMCH,-1637.9043601002968,3297.8087202005936,3351.794028269397,3298.0759266783266,11,14824.522,NA,NA,NA,NA,10,stage2,1637.94964897866;1637.92341077159;1637.95937464342;1637.90687841562;1638.01289427764;1637.9055905748;1637.91232843949;1637.93937820792;1638.37445609203;1637.90436054102;1637.94141420307;1637.91936882269;1638.98085296044;1638.98454586656,proposed_likelihood,stage2,3,3.188835381098816,0.18883538109881615,0.4,0.4952787699416101,0.09527876994161004,NA,-1.4925821305300957,NA,NA,-0.37604415672930624,NA,NA,1.2680367352596322,NA,NA,1.2680367352596322,NA,NA,NA,-0.7,-0.24224121917919977,0.4577587808208002,0.15,0.12598043640613835,-0.02401956359386162,1,0.833909647779316,-0.16609035222068402,5,6.334266911788979,1.334266911788979,1.5,1.5639825152043585,0.06398251520435849,0.8,0.620480911308911,-0.179519088691089,53.98530806880353,53.985308068803505,2.842170943040401e-14,NA,NA,NA,NA,NA,NA,NA,NA,NA,NA,NA,NA,NA,NA,NA,NA,NA,NA,NA,NA,NA,NA,NA,NA,NA,NA,NA,NA,NA,NA,NA,NA,NA,NA,NA,NA,NA,NA,NA,NA,NA,NA,NA,NA,NA,NA,NA,NA,NA,NA,NA,NA,NA,NA,NA,NA,NA,NA,NA,NA,NA,NA,NA,NA,NA,NA,NA,NA,NA,NA,NA,NA,NA,NA,NA,NA,NA,NA,NA,NA,NA,NA,NA,NA,NA,NA,NA,NA,NA,NA,NA,NA,NA,NA,NA,NA,NA,NA,NA,NA,NA,NA,true,TRUE,TRUE,3297.8087202005936,3351.794028269397,3298.0759266783266,53.98530806880353,53.98530806880353,11.000000000000005,FALSE,14824.522,TRUE,FALSE,FALSE
nearly_gaussian,nearly Gaussian,NH,EST,32,1000,442,0.442,NA,TRUE,TRUE,TRUE,0,CONVERGENCE: REL_REDUCTION_OF_F <= FACTR*EPSMCH,-1644.4523428830555,3312.9046857661115,3371.797749113897,3313.220795188604,12,17790.310999999998,NA,NA,NA,NA,22,stage2,1644.45234536545;1e+12;1e+12;1644.45234842642;1e+12;1e+12;1644.45243168406;1e+12;1e+12;1644.45235891579;1e+12;1e+12;1644.45235323345;1e+12;1e+12;1644.45241990325;1e+12;1e+12;1644.45309218595;1e+12;1e+12;1644.45234378174;1e+12;1e+12;1644.45310198049;1e+12;1e+12;1644.45820850784;1e+12;1e+12;1644.45817736737;1e+12;1e+12;1644.45969986309;1e+12;1e+12;1644.45235240009;1e+12;1e+12;1644.48099201449;1e+12;1e+12,proposed_likelihood,stage2,3,3.036688683805232,0.03668868380523182,0.4,0.5671191060146833,0.16711910601468327,NA,-1.4925821305300957,NA,NA,-0.4681386111305684,NA,NA,1.4925821305300957,NA,NA,1.4925821305300957,NA,4,NA,-0.7,-0.28186710157867645,0.4181328984213235,0.15,0.13887083230864336,-0.01112916769135663,1,0.9159478309119414,-0.08405216908805857,5,6.276050812557704,1.2760508125577044,1.5,1.5116889476963893,0.01168894769638928,0.8,0.6199881180123107,-0.18001188198768936,58.893063347785755,58.89306334778564,1.1368683772161603e-13,NA,NA,NA,NA,NA,NA,NA,NA,NA,NA,NA,NA,NA,NA,NA,NA,NA,NA,NA,NA,NA,NA,NA,NA,NA,NA,NA,NA,NA,NA,NA,NA,NA,NA,NA,NA,NA,NA,NA,NA,NA,NA,NA,NA,NA,NA,NA,NA,NA,NA,NA,NA,NA,NA,NA,NA,NA,NA,NA,NA,NA,NA,NA,NA,NA,NA,NA,NA,NA,NA,NA,NA,NA,NA,NA,NA,NA,NA,NA,NA,NA,NA,NA,NA,NA,NA,NA,NA,NA,NA,NA,NA,NA,NA,NA,NA,NA,NA,NA,NA,NA,NA,true,TRUE,TRUE,3312.904685766111,3371.7977491138968,3313.2207951886035,58.893063347785755,58.893063347785755,12.000000000000023,FALSE,17790.310999999998,TRUE,FALSE,TRUE
nearly_gaussian,nearly Gaussian,NH,NH,33,1000,447,0.447,NA,TRUE,TRUE,TRUE,0,NA,-1652.3316731445389,3320.6633462890777,3359.9253885209346,3320.808654059007,8,49.169,NA,3306.6633462890777,3311.57110156806,1.000000000000017,NA,HeckmanEM,NA,raw_AIC_BIC_implied_logLik,finite_logLik_no_explicit_code,3,2.9237996086081526,-0.07620039139184742,0.4,0.3401281733234107,-0.0598718266765893,NA,NA,NA,NA,NA,NA,NA,NA,NA,NA,NA,NA,NA,NA,-0.7,-0.6704726289745898,0.02952737102541014,0.15,0.17141236169006935,0.02141236169006935,1,1.0481856189261456,0.04818561892614559,5,5.272418537577755,0.2724185375777548,1.5,1.6042584248478893,0.10425842484788928,0.8,0.7722587461149563,-0.02774125388504378,39.26204223185687,39.262042231857095,-2.2737367544323206e-13,NA,NA,NA,NA,NA,NA,NA,NA,NA,NA,NA,NA,NA,NA,NA,NA,NA,NA,NA,NA,NA,NA,NA,NA,NA,NA,NA,NA,NA,NA,NA,NA,NA,NA,NA,NA,NA,NA,NA,NA,NA,NA,NA,NA,NA,NA,NA,NA,NA,NA,NA,NA,NA,NA,NA,NA,NA,NA,NA,NA,NA,NA,NA,NA,NA,NA,NA,NA,NA,NA,NA,NA,NA,NA,NA,NA,NA,NA,NA,NA,NA,NA,NA,NA,NA,NA,NA,NA,NA,NA,NA,NA,NA,NA,NA,NA,NA,NA,NA,NA,NA,NA,true,TRUE,TRUE,3320.6633462890777,3359.9253885209346,3320.808654059007,39.26204223185687,39.26204223185687,7.999999999999954,FALSE,49.169,NA,NA,NA
nearly_gaussian,nearly Gaussian,NH,HT,33,1000,447,0.447,NA,TRUE,TRUE,TRUE,0,NA,-1649.762263782154,3315.524527564308,3354.786569796165,3315.669835334237,8,81.63900000000001,NA,3301.524527564308,3306.43228284329,1.000000000000017,NA,HeckmanEM,NA,raw_AIC_BIC_implied_logLik,finite_logLik_no_explicit_code,3,2.6980620811766576,-0.3019379188233424,0.4,0.34877255132846036,-0.05122744867153966,NA,NA,NA,NA,NA,NA,NA,NA,NA,NA,NA,NA,NA,NA,-0.7,-0.7026217089106449,-0.00262170891064494,0.15,0.18134312591151736,0.03134312591151736,1,1.0992076868807352,0.09920768688073522,5,5.307510403346911,0.30751040334691115,1.5,1.590952258113915,0.09095225811391504,0.8,0.7643349792344576,-0.03566502076554245,39.26204223185732,39.262042231857095,2.2737367544323206e-13,NA,NA,NA,NA,NA,NA,NA,NA,NA,NA,NA,NA,NA,NA,NA,NA,NA,NA,NA,NA,NA,NA,NA,NA,NA,NA,NA,NA,NA,NA,NA,NA,NA,NA,NA,NA,NA,NA,NA,NA,NA,NA,NA,NA,NA,NA,NA,NA,NA,NA,NA,NA,NA,NA,NA,NA,NA,NA,NA,NA,NA,NA,NA,NA,NA,NA,NA,NA,NA,NA,NA,NA,NA,NA,NA,NA,NA,NA,NA,NA,NA,NA,NA,NA,NA,NA,NA,NA,NA,NA,NA,NA,NA,NA,NA,NA,NA,NA,NA,NA,NA,NA,true,TRUE,TRUE,3315.524527564308,3354.786569796165,3315.669835334237,39.26204223185732,39.26204223185732,8.000000000000046,FALSE,81.63900000000001,NA,NA,NA
nearly_gaussian,nearly Gaussian,NH,CN,33,1000,447,0.447,NA,TRUE,TRUE,TRUE,0,NA,-1649.627206795294,3319.254413590588,3368.3319663804095,3319.476860506665,10,513.359,NA,3301.254413590588,3306.1621688695705,1.000000000000017,NA,HeckmanEM,NA,raw_AIC_BIC_implied_logLik,finite_logLik_no_explicit_code,3,2.8389178035780396,-0.16108219642196042,0.4,0.371809423846664,-0.02819057615333597,NA,NA,NA,NA,NA,NA,NA,NA,NA,NA,NA,NA,NA,NA,-0.7,-0.6850512084287078,0.01494879157129214,0.15,0.17517965040966968,0.02517965040966968,1,1.0712575877986632,0.0712575877986632,5,5.253372165837079,0.2533721658370789,1.5,1.6066163203873816,0.10661632038738156,0.8,0.770909346777273,-0.02909065322272708,49.07755278982131,49.07755278982137,-5.684341886080802e-14,NA,NA,NA,NA,NA,NA,NA,NA,NA,NA,NA,NA,NA,NA,NA,NA,NA,NA,NA,NA,NA,NA,NA,NA,NA,NA,NA,NA,NA,NA,NA,NA,NA,NA,NA,NA,NA,NA,NA,NA,NA,NA,NA,NA,NA,NA,NA,NA,NA,NA,NA,NA,NA,NA,NA,NA,NA,NA,NA,NA,NA,NA,NA,NA,NA,NA,NA,NA,NA,NA,NA,NA,NA,NA,NA,NA,NA,NA,NA,NA,NA,NA,NA,NA,NA,NA,NA,NA,NA,NA,NA,NA,NA,NA,NA,NA,NA,NA,NA,NA,NA,NA,true,TRUE,TRUE,3319.254413590588,3368.331966380409,3319.4768605066647,49.077552789821766,49.07755278982131,10.000000000000082,FALSE,513.359,NA,NA,NA
nearly_gaussian,nearly Gaussian,NH,ESN,33,1000,447,0.447,NA,TRUE,TRUE,TRUE,0,CONVERGENCE: REL_REDUCTION_OF_F <= FACTR*EPSMCH,-1649.4772247454473,3320.9544494908946,3374.939757559698,3321.2216559686276,11,17250.04,NA,NA,NA,NA,12,stage2,1649.49171735369;1649.48341819382;1649.49285794547;1651.46941193211;1649.48695815776;1651.47596979706;1651.46948145798;1649.48466477096;1649.48126489715;1651.4680534246;1649.47916177386;1649.47770155782;1649.5108531851;1652.3316728986,proposed_likelihood,stage2,3,3.4471846292779103,0.44718462927791025,0.4,0.02549377919934689,-0.3745062208006531,NA,1.4925229056491611,NA,NA,-1.491300011815363,NA,NA,-1.4885115173314634,NA,NA,-1.4885115173314634,NA,NA,NA,-0.7,-1.3489889186757196,-0.6489889186757196,0.15,0.1437396238081359,-0.00626037619186409,1,0.8766350262245961,-0.1233649737754039,5,7.723574063390695,2.723574063390694,1.5,1.5973342499016243,0.09733424990162454,0.8,0.7554010211200164,-0.04459897887998365,53.98530806880353,53.985308068803505,2.842170943040401e-14,NA,NA,NA,NA,NA,NA,NA,NA,NA,NA,NA,NA,NA,NA,NA,NA,NA,NA,NA,NA,NA,NA,NA,NA,NA,NA,NA,NA,NA,NA,NA,NA,NA,NA,NA,NA,NA,NA,NA,NA,NA,NA,NA,NA,NA,NA,NA,NA,NA,NA,NA,NA,NA,NA,NA,NA,NA,NA,NA,NA,NA,NA,NA,NA,NA,NA,NA,NA,NA,NA,NA,NA,NA,NA,NA,NA,NA,NA,NA,NA,NA,NA,NA,NA,NA,NA,NA,NA,NA,NA,NA,NA,NA,NA,NA,NA,NA,NA,NA,NA,NA,NA,true,TRUE,TRUE,3320.9544494908946,3374.939757559698,3321.2216559686276,53.98530806880353,53.98530806880353,11.000000000000005,FALSE,17250.04,TRUE,TRUE,TRUE
nearly_gaussian,nearly Gaussian,NH,EST,33,1000,447,0.447,NA,TRUE,TRUE,TRUE,0,CONVERGENCE: REL_REDUCTION_OF_F <= FACTR*EPSMCH,-1652.4512998579462,3328.9025997158924,3387.795663063678,3329.218709138385,12,14986.397,NA,NA,NA,NA,31,stage2,1652.46427431903;1e+12;1e+12;1652.45625153549;1e+12;1e+12;1652.46298957376;1e+12;1e+12;1652.46068441392;1e+12;1e+12;1652.45575974444;1e+12;1e+12;1652.45573361668;1e+12;1e+12;1652.46061457809;1e+12;1e+12;1652.45293552312;1e+12;1e+12;1652.4566737352;1e+12;1e+12;1652.4552049572;1e+12;1e+12;1652.45130110528;1e+12;1e+12;1652.45836407093;1e+12;1e+12;1652.47308054507;1e+12;1e+12;1652.45608173474;1e+12;1e+12,proposed_likelihood,stage2,3,3.0187880995215304,0.01878809952153037,0.4,0.5790158338153392,0.17901583381533914,NA,-1.3357952807066282,NA,NA,-0.33760466283811863,NA,NA,1.4925821305300957,NA,NA,1.4925821305300957,NA,4,NA,-0.7,-0.33384766913534825,0.3661523308646517,0.15,0.16709652909671735,0.01709652909671735,1,0.9896691824705256,-0.01033081752947429,5,5.799646821447316,0.7996468214473156,1.5,1.5787634479080814,0.07876344790808143,0.8,0.7452117402446404,-0.05478825975535961,58.893063347785755,58.89306334778564,1.1368683772161603e-13,NA,NA,NA,NA,NA,NA,NA,NA,NA,NA,NA,NA,NA,NA,NA,NA,NA,NA,NA,NA,NA,NA,NA,NA,NA,NA,NA,NA,NA,NA,NA,NA,NA,NA,NA,NA,NA,NA,NA,NA,NA,NA,NA,NA,NA,NA,NA,NA,NA,NA,NA,NA,NA,NA,NA,NA,NA,NA,NA,NA,NA,NA,NA,NA,NA,NA,NA,NA,NA,NA,NA,NA,NA,NA,NA,NA,NA,NA,NA,NA,NA,NA,NA,NA,NA,NA,NA,NA,NA,NA,NA,NA,NA,NA,NA,NA,NA,NA,NA,NA,NA,NA,true,TRUE,TRUE,3328.9025997158924,3387.795663063678,3329.218709138385,58.893063347785755,58.893063347785755,12.000000000000023,FALSE,14986.397,FALSE,FALSE,TRUE
nearly_gaussian,nearly Gaussian,NH,NH,34,1000,443,0.443,NA,TRUE,TRUE,TRUE,0,NA,-1701.9212364076857,3419.842472815371,3459.104515047228,3419.9877805853,8,59.346,NA,3405.842472815371,3410.750228094353,1.000000000000017,NA,HeckmanEM,NA,raw_AIC_BIC_implied_logLik,finite_logLik_no_explicit_code,3,3.1195811716430852,0.11958117164308524,0.4,0.3634667947218315,-0.0365332052781685,NA,NA,NA,NA,NA,NA,NA,NA,NA,NA,NA,NA,NA,NA,-0.7,-0.6107005365689433,0.08929946343105666,0.15,0.144162362448451,-0.00583763755154898,1,0.8789888836346265,-0.12101111636537354,5,4.36742826812557,-0.6325717318744299,1.5,1.3960156748424348,-0.10398432515756516,0.8,0.9837533601273608,0.18375336012736088,39.26204223185732,39.262042231857095,-2.2737367544323206e-13,NA,NA,NA,NA,NA,NA,NA,NA,NA,NA,NA,NA,NA,NA,NA,NA,NA,NA,NA,NA,NA,NA,NA,NA,NA,NA,NA,NA,NA,NA,NA,NA,NA,NA,NA,NA,NA,NA,NA,NA,NA,NA,NA,NA,NA,NA,NA,NA,NA,NA,NA,NA,NA,NA,NA,NA,NA,NA,NA,NA,NA,NA,NA,NA,NA,NA,NA,NA,NA,NA,NA,NA,NA,NA,NA,NA,NA,NA,NA,NA,NA,NA,NA,NA,NA,NA,NA,NA,NA,NA,NA,NA,NA,NA,NA,NA,NA,NA,NA,NA,NA,NA,true,TRUE,TRUE,3419.8424728153714,3459.1045150472282,3419.9877805853007,39.26204223185687,39.26204223185687,7.999999999999954,FALSE,59.346,NA,NA,NA
nearly_gaussian,nearly Gaussian,NH,HT,34,1000,443,0.443,NA,TRUE,TRUE,TRUE,0,NA,-1701.8400707387184,3419.680141477437,3458.942183709294,3419.825449247366,8,86.048,NA,3405.680141477437,3410.587896756419,1.000000000000017,NA,HeckmanEM,NA,raw_AIC_BIC_implied_logLik,finite_logLik_no_explicit_code,3,3.0665178858505695,0.0665178858505695,0.4,0.3672212794162039,-0.0327787205837961,NA,NA,NA,NA,NA,NA,NA,NA,NA,NA,NA,NA,NA,NA,-0.7,-0.6151499294051745,0.08485007059482541,0.15,0.14519983447195048,-0.00480016552804951,1,0.8853992309718957,-0.11460076902810434,5,4.365630461831953,-0.6343695381680474,1.5,1.3987579379148012,-0.1012420620851988,0.8,0.9797513010520544,0.1797513010520545,39.26204223185732,39.262042231857095,2.2737367544323206e-13,NA,NA,NA,NA,NA,NA,NA,NA,NA,NA,NA,NA,NA,NA,NA,NA,NA,NA,NA,NA,NA,NA,NA,NA,NA,NA,NA,NA,NA,NA,NA,NA,NA,NA,NA,NA,NA,NA,NA,NA,NA,NA,NA,NA,NA,NA,NA,NA,NA,NA,NA,NA,NA,NA,NA,NA,NA,NA,NA,NA,NA,NA,NA,NA,NA,NA,NA,NA,NA,NA,NA,NA,NA,NA,NA,NA,NA,NA,NA,NA,NA,NA,NA,NA,NA,NA,NA,NA,NA,NA,NA,NA,NA,NA,NA,NA,NA,NA,NA,NA,NA,NA,true,TRUE,TRUE,3419.680141477437,3458.942183709294,3419.825449247366,39.26204223185732,39.26204223185732,8.000000000000046,FALSE,86.048,NA,NA,NA
nearly_gaussian,nearly Gaussian,NH,CN,34,1000,443,0.443,NA,TRUE,TRUE,TRUE,0,NA,-1701.9168309213526,3423.833661842705,3472.9112146325265,3424.056108758782,10,522.811,NA,3405.833661842705,3410.7414171216874,1.000000000000017,NA,HeckmanEM,NA,raw_AIC_BIC_implied_logLik,finite_logLik_no_explicit_code,3,3.1024585353270298,0.10245853532702975,0.4,0.3634010659095245,-0.03659893409047554,NA,NA,NA,NA,NA,NA,NA,NA,NA,NA,NA,NA,NA,NA,-0.7,-0.6135754760416274,0.08642452395837252,0.15,0.14484818313293185,-0.00515181686706814,1,0.8831153957108139,-0.11688460428918612,5,4.368115865992559,-0.631884134007441,1.5,1.3962856994415207,-0.1037143005584793,0.8,0.9835268605833306,0.18352686058333056,49.07755278982131,49.07755278982137,-5.684341886080802e-14,NA,NA,NA,NA,NA,NA,NA,NA,NA,NA,NA,NA,NA,NA,NA,NA,NA,NA,NA,NA,NA,NA,NA,NA,NA,NA,NA,NA,NA,NA,NA,NA,NA,NA,NA,NA,NA,NA,NA,NA,NA,NA,NA,NA,NA,NA,NA,NA,NA,NA,NA,NA,NA,NA,NA,NA,NA,NA,NA,NA,NA,NA,NA,NA,NA,NA,NA,NA,NA,NA,NA,NA,NA,NA,NA,NA,NA,NA,NA,NA,NA,NA,NA,NA,NA,NA,NA,NA,NA,NA,NA,NA,NA,NA,NA,NA,NA,NA,NA,NA,NA,NA,true,TRUE,TRUE,3423.833661842705,3472.9112146325265,3424.056108758782,49.07755278982131,49.07755278982131,9.999999999999988,FALSE,522.811,NA,NA,NA
nearly_gaussian,nearly Gaussian,NH,ESN,34,1000,443,0.443,NA,TRUE,TRUE,TRUE,0,CONVERGENCE: REL_REDUCTION_OF_F <= FACTR*EPSMCH,-1701.4485403197102,3424.8970806394204,3478.882388708224,3425.1642871171534,11,9960.811000000002,NA,NA,NA,NA,7,stage2,1701.92124815212;1701.72368552774;1701.91917322762;1701.44860405286;1701.90992548604;1701.45959940279;1701.44854304972;1701.90457326262;1701.91145527961;1701.47481486127;1701.90356462295;1701.92121556307;1701.92137484765;1701.92123609996,proposed_likelihood,stage2,3,3.350887820765943,0.35088782076594294,0.4,0.489669291295976,0.08966929129597595,NA,-1.4925821305300957,NA,NA,-0.06292776883188787,NA,NA,0.6171590541996711,NA,NA,0.6171590541996711,NA,NA,NA,-0.7,-0.00736486323840106,0.6926351367615989,0.15,0.11199888612388728,-0.03800111387611273,1,0.6761860018964758,-0.3238139981035242,5,5.178012283623317,0.17801228362331667,1.5,1.3963020987594348,-0.10369790124056522,0.8,0.983851278368898,0.1838512783688978,53.98530806880353,53.985308068803505,2.842170943040401e-14,NA,NA,NA,NA,NA,NA,NA,NA,NA,NA,NA,NA,NA,NA,NA,NA,NA,NA,NA,NA,NA,NA,NA,NA,NA,NA,NA,NA,NA,NA,NA,NA,NA,NA,NA,NA,NA,NA,NA,NA,NA,NA,NA,NA,NA,NA,NA,NA,NA,NA,NA,NA,NA,NA,NA,NA,NA,NA,NA,NA,NA,NA,NA,NA,NA,NA,NA,NA,NA,NA,NA,NA,NA,NA,NA,NA,NA,NA,NA,NA,NA,NA,NA,NA,NA,NA,NA,NA,NA,NA,NA,NA,NA,NA,NA,NA,NA,NA,NA,NA,NA,NA,true,TRUE,TRUE,3424.8970806394204,3478.882388708224,3425.1642871171534,53.98530806880353,53.98530806880353,11.000000000000005,FALSE,9960.811000000002,TRUE,FALSE,FALSE
nearly_gaussian,nearly Gaussian,NH,EST,34,1000,443,0.443,NA,TRUE,TRUE,TRUE,0,CONVERGENCE: REL_REDUCTION_OF_F <= FACTR*EPSMCH,-1708.634688158562,3441.269376317124,3500.16243966491,3441.5854857396166,12,14941.385000000002,NA,NA,NA,NA,25,stage2,1708.64083230676;1e+12;1e+12;1708.64535477757;1e+12;1e+12;1708.63919052955;1e+12;1e+12;1708.63708254437;1e+12;1e+12;1708.63963694281;1e+12;1e+12;1708.6354228094;1e+12;1e+12;1708.63706524924;1e+12;1e+12;1708.63755171224;1e+12;1e+12;1708.63541839106;1e+12;1e+12;1708.63683636085;1e+12;1e+12;1708.63642524972;1e+12;1e+12;1708.63541101889;1e+12;1e+12;1708.63629498806;1e+12;1e+12;1708.63758778765;1e+12;1e+12,proposed_likelihood,stage2,3,3.2250708321769497,0.22507083217694968,0.4,0.5761979020001821,0.17619790200018204,NA,-1.4925821305300957,NA,NA,-0.2026155719351968,NA,NA,1.4925821305300957,NA,NA,1.4925821305300957,NA,4,NA,-0.7,-0.22920389719682277,0.4707961028031772,0.15,0.129938800923885,-0.020061199076115,1,0.7874108858978215,-0.2125891141021785,5,4.859662388644176,-0.14033761135582434,1.5,1.4171690179319034,-0.08283098206809658,0.8,0.9569179197630636,0.15691791976306346,58.893063347785755,58.89306334778564,1.1368683772161603e-13,NA,NA,NA,NA,NA,NA,NA,NA,NA,NA,NA,NA,NA,NA,NA,NA,NA,NA,NA,NA,NA,NA,NA,NA,NA,NA,NA,NA,NA,NA,NA,NA,NA,NA,NA,NA,NA,NA,NA,NA,NA,NA,NA,NA,NA,NA,NA,NA,NA,NA,NA,NA,NA,NA,NA,NA,NA,NA,NA,NA,NA,NA,NA,NA,NA,NA,NA,NA,NA,NA,NA,NA,NA,NA,NA,NA,NA,NA,NA,NA,NA,NA,NA,NA,NA,NA,NA,NA,NA,NA,NA,NA,NA,NA,NA,NA,NA,NA,NA,NA,NA,NA,true,TRUE,TRUE,3441.269376317124,3500.16243966491,3441.5854857396166,58.893063347785755,58.893063347785755,12.000000000000023,FALSE,14941.385000000002,TRUE,FALSE,TRUE
nearly_gaussian,nearly Gaussian,NH,NH,35,1000,427,0.427,NA,TRUE,TRUE,TRUE,0,NA,-1608.5957925025716,3233.191585005143,3272.4536272370005,3233.336892775073,8,43.46,NA,3219.191585005143,3224.0993402841254,1.000000000000017,NA,HeckmanEM,NA,raw_AIC_BIC_implied_logLik,finite_logLik_no_explicit_code,3,3.050863487434803,0.05086348743480284,0.4,0.4403302814630868,0.04033028146308676,NA,NA,NA,NA,NA,NA,NA,NA,NA,NA,NA,NA,NA,NA,-0.7,-0.7469175045758965,-0.04691750457589649,0.15,0.16263858642637435,0.01263858642637436,1,1.0561660308229044,0.05616603082290439,5,4.618423853601967,-0.3815761463980332,1.5,1.5295611515751877,0.02956115157518768,0.8,0.9310731711915748,0.1310731711915747,39.26204223185732,39.262042231857095,2.2737367544323206e-13,NA,NA,NA,NA,NA,NA,NA,NA,NA,NA,NA,NA,NA,NA,NA,NA,NA,NA,NA,NA,NA,NA,NA,NA,NA,NA,NA,NA,NA,NA,NA,NA,NA,NA,NA,NA,NA,NA,NA,NA,NA,NA,NA,NA,NA,NA,NA,NA,NA,NA,NA,NA,NA,NA,NA,NA,NA,NA,NA,NA,NA,NA,NA,NA,NA,NA,NA,NA,NA,NA,NA,NA,NA,NA,NA,NA,NA,NA,NA,NA,NA,NA,NA,NA,NA,NA,NA,NA,NA,NA,NA,NA,NA,NA,NA,NA,NA,NA,NA,NA,NA,NA,true,TRUE,TRUE,3233.191585005143,3272.4536272370005,3233.3368927750726,39.26204223185732,39.26204223185732,8.000000000000046,FALSE,43.46,NA,NA,NA
nearly_gaussian,nearly Gaussian,NH,HT,35,1000,427,0.427,NA,TRUE,TRUE,TRUE,0,NA,-1608.7439063306288,3233.4878126612575,3272.7498548931144,3233.633120431187,8,68.408,NA,3219.4878126612575,3224.3955679402397,1.000000000000017,NA,HeckmanEM,NA,raw_AIC_BIC_implied_logLik,finite_logLik_no_explicit_code,3,3.0275285755862584,0.02752857558625843,0.4,0.43639019074557056,0.03639019074557054,NA,NA,NA,NA,NA,NA,NA,NA,NA,NA,NA,NA,NA,NA,-0.7,-0.7495515338665343,-0.04955153386653432,0.15,0.1632472400929983,0.01324724009299829,1,1.0600440507141198,0.06004405071411978,5,4.634166644820364,-0.3658333551796362,1.5,1.5300654037828283,0.03006540378282829,0.8,0.9298633185081744,0.12986331850817445,39.26204223185687,39.262042231857095,-2.2737367544323206e-13,NA,NA,NA,NA,NA,NA,NA,NA,NA,NA,NA,NA,NA,NA,NA,NA,NA,NA,NA,NA,NA,NA,NA,NA,NA,NA,NA,NA,NA,NA,NA,NA,NA,NA,NA,NA,NA,NA,NA,NA,NA,NA,NA,NA,NA,NA,NA,NA,NA,NA,NA,NA,NA,NA,NA,NA,NA,NA,NA,NA,NA,NA,NA,NA,NA,NA,NA,NA,NA,NA,NA,NA,NA,NA,NA,NA,NA,NA,NA,NA,NA,NA,NA,NA,NA,NA,NA,NA,NA,NA,NA,NA,NA,NA,NA,NA,NA,NA,NA,NA,NA,NA,true,TRUE,TRUE,3233.4878126612575,3272.7498548931144,3233.633120431187,39.26204223185687,39.26204223185687,7.999999999999954,FALSE,68.408,NA,NA,NA
nearly_gaussian,nearly Gaussian,NH,CN,35,1000,427,0.427,NA,TRUE,TRUE,TRUE,0,NA,-1608.5957941934792,3237.1915883869583,3286.2691411767796,3237.4140353030352,10,242.57,NA,3219.1915883869583,3224.0993436659405,1.000000000000017,NA,HeckmanEM,NA,raw_AIC_BIC_implied_logLik,finite_logLik_no_explicit_code,3,3.0505220950913,0.05052209509130012,0.4,0.4401221187313173,0.04012211873131721,NA,NA,NA,NA,NA,NA,NA,NA,NA,NA,NA,NA,NA,NA,-0.7,-0.7469896614744965,-0.04698966147449657,0.15,0.16265169597201767,0.01265169597201768,1,1.0562661697063818,0.05626616970638176,5,4.619009045754547,-0.38099095424545304,1.5,1.5295721022959814,0.02957210229598139,0.8,0.93107338031985,0.13107338031984983,49.07755278982131,49.07755278982137,-5.684341886080802e-14,NA,NA,NA,NA,NA,NA,NA,NA,NA,NA,NA,NA,NA,NA,NA,NA,NA,NA,NA,NA,NA,NA,NA,NA,NA,NA,NA,NA,NA,NA,NA,NA,NA,NA,NA,NA,NA,NA,NA,NA,NA,NA,NA,NA,NA,NA,NA,NA,NA,NA,NA,NA,NA,NA,NA,NA,NA,NA,NA,NA,NA,NA,NA,NA,NA,NA,NA,NA,NA,NA,NA,NA,NA,NA,NA,NA,NA,NA,NA,NA,NA,NA,NA,NA,NA,NA,NA,NA,NA,NA,NA,NA,NA,NA,NA,NA,NA,NA,NA,NA,NA,NA,true,TRUE,TRUE,3237.1915883869583,3286.2691411767796,3237.4140353030352,49.07755278982131,49.07755278982131,9.999999999999988,FALSE,242.57,NA,NA,NA
nearly_gaussian,nearly Gaussian,NH,ESN,35,1000,427,0.427,NA,TRUE,TRUE,TRUE,0,CONVERGENCE: REL_REDUCTION_OF_F <= FACTR*EPSMCH,-1607.5996950842812,3237.1993901685623,3291.184698237366,3237.4665966462953,11,17081.442,NA,NA,NA,NA,4,stage2,1607.66491507518;1607.70245067693;1607.66028181785;1607.59969610846;1607.65420449498;1607.62498888327;1607.62414027586;1607.70682836969;1607.60077849407;1608.35183706081;1607.75751125877;1607.70396837497;1607.64208671225;1608.59579221574,proposed_likelihood,stage2,3,4.486498152874723,1.4864981528747228,0.4,0.7235231844656888,0.32352318446568873,NA,-1.4925821305300957,NA,NA,-0.7236739330485233,NA,NA,-0.33042365358442544,NA,NA,-0.33042365358442544,NA,NA,NA,-0.7,0.11839766352583164,0.8183976635258317,0.15,0.12371275505491584,-0.02628724494508416,1,0.8009791069873047,-0.19902089301269532,5,7.6819092765308,2.6819092765308,1.5,1.5247228378226894,0.02472283782268936,0.8,0.9375570073877666,0.13755700738776655,53.98530806880353,53.985308068803505,2.842170943040401e-14,NA,NA,NA,NA,NA,NA,NA,NA,NA,NA,NA,NA,NA,NA,NA,NA,NA,NA,NA,NA,NA,NA,NA,NA,NA,NA,NA,NA,NA,NA,NA,NA,NA,NA,NA,NA,NA,NA,NA,NA,NA,NA,NA,NA,NA,NA,NA,NA,NA,NA,NA,NA,NA,NA,NA,NA,NA,NA,NA,NA,NA,NA,NA,NA,NA,NA,NA,NA,NA,NA,NA,NA,NA,NA,NA,NA,NA,NA,NA,NA,NA,NA,NA,NA,NA,NA,NA,NA,NA,NA,NA,NA,NA,NA,NA,NA,NA,NA,NA,NA,NA,NA,true,TRUE,TRUE,3237.1993901685623,3291.184698237366,3237.4665966462953,53.98530806880353,53.98530806880353,11.000000000000005,FALSE,17081.442,TRUE,FALSE,FALSE
nearly_gaussian,nearly Gaussian,NH,EST,35,1000,427,0.427,NA,TRUE,TRUE,TRUE,0,CONVERGENCE: REL_REDUCTION_OF_F <= FACTR*EPSMCH,-1616.790752592225,3257.58150518445,3316.4745685322364,3257.897614606943,12,15077.906,NA,NA,NA,NA,22,stage2,1616.79094034524;1e+12;1e+12;1616.79086696439;1e+12;1e+12;1616.79090684665;1e+12;1e+12;1616.79086913878;1e+12;1e+12;1616.79090416103;1e+12;1e+12;1616.79076121027;1e+12;1e+12;1616.79088197562;1e+12;1e+12;1616.7907552117;1e+12;1e+12;1616.79134907118;1e+12;1e+12;1616.79082514525;1e+12;1e+12;1616.79599896539;1e+12;1e+12;1616.79080969991;1e+12;1e+12;1616.79343889423;1e+12;1e+12;1616.79075608608;1e+12;1e+12,proposed_likelihood,stage2,3,3.5292222709042256,0.5292222709042256,0.4,0.6752311420656036,0.2752311420656036,NA,-1.4815495942176669,NA,NA,-0.5738689355561333,NA,NA,1.4925821305300957,NA,NA,1.4925821305300957,NA,4,NA,-0.7,-0.34811906087452493,0.351880939125475,0.15,0.14739252527976013,-0.00260747472023986,1,0.9517327914852028,-0.04826720851479715,5,5.5025141633168,0.5025141633167998,1.5,1.5207069652813672,0.02070696528136717,0.8,0.902392963075103,0.10239296307510291,58.893063347785755,58.89306334778564,1.1368683772161603e-13,NA,NA,NA,NA,NA,NA,NA,NA,NA,NA,NA,NA,NA,NA,NA,NA,NA,NA,NA,NA,NA,NA,NA,NA,NA,NA,NA,NA,NA,NA,NA,NA,NA,NA,NA,NA,NA,NA,NA,NA,NA,NA,NA,NA,NA,NA,NA,NA,NA,NA,NA,NA,NA,NA,NA,NA,NA,NA,NA,NA,NA,NA,NA,NA,NA,NA,NA,NA,NA,NA,NA,NA,NA,NA,NA,NA,NA,NA,NA,NA,NA,NA,NA,NA,NA,NA,NA,NA,NA,NA,NA,NA,NA,NA,NA,NA,NA,NA,NA,NA,NA,NA,true,TRUE,TRUE,3257.58150518445,3316.474568532236,3257.8976146069426,58.89306334778621,58.893063347785755,12.000000000000115,FALSE,15077.906,TRUE,FALSE,TRUE
nearly_gaussian,nearly Gaussian,NH,NH,36,1000,391,0.391,NA,TRUE,TRUE,TRUE,0,NA,-1499.0501856481665,3014.100371296333,3053.36241352819,3014.2456790662623,8,87.389,NA,3000.100371296333,3005.008126575315,1.000000000000017,NA,HeckmanEM,NA,raw_AIC_BIC_implied_logLik,finite_logLik_no_explicit_code,3,3.2327324138091824,0.2327324138091824,0.4,0.6054058721057306,0.20540587210573055,NA,NA,NA,NA,NA,NA,NA,NA,NA,NA,NA,NA,NA,NA,-0.7,-0.8523863137133983,-0.1523863137133984,0.15,0.16505534388019433,0.01505534388019433,1,1.120671223103712,0.12067122310371214,5,4.219513492033452,-0.7804865079665477,1.5,1.5878766144938674,0.08787661449386741,0.8,0.8037739497877167,0.00377394978771661,39.26204223185687,39.262042231857095,-2.2737367544323206e-13,NA,NA,NA,NA,NA,NA,NA,NA,NA,NA,NA,NA,NA,NA,NA,NA,NA,NA,NA,NA,NA,NA,NA,NA,NA,NA,NA,NA,NA,NA,NA,NA,NA,NA,NA,NA,NA,NA,NA,NA,NA,NA,NA,NA,NA,NA,NA,NA,NA,NA,NA,NA,NA,NA,NA,NA,NA,NA,NA,NA,NA,NA,NA,NA,NA,NA,NA,NA,NA,NA,NA,NA,NA,NA,NA,NA,NA,NA,NA,NA,NA,NA,NA,NA,NA,NA,NA,NA,NA,NA,NA,NA,NA,NA,NA,NA,NA,NA,NA,NA,NA,NA,true,TRUE,TRUE,3014.100371296333,3053.36241352819,3014.2456790662623,39.26204223185687,39.26204223185687,7.999999999999954,FALSE,87.389,NA,NA,NA
nearly_gaussian,nearly Gaussian,NH,HT,36,1000,391,0.391,NA,TRUE,TRUE,TRUE,0,NA,-1499.046798463488,3014.093596926976,3053.3556391588327,3014.238904696905,8,132.583,NA,3000.093596926976,3005.001352205958,1.000000000000017,NA,HeckmanEM,NA,raw_AIC_BIC_implied_logLik,finite_logLik_no_explicit_code,3,3.2109065044977565,0.2109065044977565,0.4,0.6067772400896284,0.2067772400896284,NA,NA,NA,NA,NA,NA,NA,NA,NA,NA,NA,NA,NA,NA,-0.7,-0.8554074977963632,-0.1554074977963632,0.15,0.16569175147274567,0.01569175147274568,1,1.1243695177347754,0.12436951773477543,5,4.214779832019025,-0.7852201679809747,1.5,1.5878055907560016,0.08780559075600158,0.8,0.8036921120273482,0.0036921120273482,39.26204223185687,39.262042231857095,-2.2737367544323206e-13,NA,NA,NA,NA,NA,NA,NA,NA,NA,NA,NA,NA,NA,NA,NA,NA,NA,NA,NA,NA,NA,NA,NA,NA,NA,NA,NA,NA,NA,NA,NA,NA,NA,NA,NA,NA,NA,NA,NA,NA,NA,NA,NA,NA,NA,NA,NA,NA,NA,NA,NA,NA,NA,NA,NA,NA,NA,NA,NA,NA,NA,NA,NA,NA,NA,NA,NA,NA,NA,NA,NA,NA,NA,NA,NA,NA,NA,NA,NA,NA,NA,NA,NA,NA,NA,NA,NA,NA,NA,NA,NA,NA,NA,NA,NA,NA,NA,NA,NA,NA,NA,NA,true,TRUE,TRUE,3014.093596926976,3053.3556391588327,3014.238904696905,39.26204223185687,39.26204223185687,7.999999999999954,FALSE,132.583,NA,NA,NA
nearly_gaussian,nearly Gaussian,NH,CN,36,1000,391,0.391,NA,TRUE,TRUE,TRUE,0,NA,-1499.049760841006,3018.099521682012,3067.1770744718333,3018.321968598089,10,554.9459999999999,NA,3000.099521682012,3005.007276960994,1.000000000000017,NA,HeckmanEM,NA,raw_AIC_BIC_implied_logLik,finite_logLik_no_explicit_code,3,3.222514330402591,0.22251433040259097,0.4,0.6057115670650736,0.20571156706507351,NA,NA,NA,NA,NA,NA,NA,NA,NA,NA,NA,NA,NA,NA,-0.7,-0.8548624060582874,-0.1548624060582875,0.15,0.16554113432612513,0.01554113432612513,1,1.1239017025327307,0.1239017025327307,5,4.21842230047681,-0.78157769952319,1.5,1.5878135263263404,0.08781352632634043,0.8,0.803788212048699,0.00378821204869894,49.07755278982131,49.07755278982137,-5.684341886080802e-14,NA,NA,NA,NA,NA,NA,NA,NA,NA,NA,NA,NA,NA,NA,NA,NA,NA,NA,NA,NA,NA,NA,NA,NA,NA,NA,NA,NA,NA,NA,NA,NA,NA,NA,NA,NA,NA,NA,NA,NA,NA,NA,NA,NA,NA,NA,NA,NA,NA,NA,NA,NA,NA,NA,NA,NA,NA,NA,NA,NA,NA,NA,NA,NA,NA,NA,NA,NA,NA,NA,NA,NA,NA,NA,NA,NA,NA,NA,NA,NA,NA,NA,NA,NA,NA,NA,NA,NA,NA,NA,NA,NA,NA,NA,NA,NA,NA,NA,NA,NA,NA,NA,true,TRUE,TRUE,3018.099521682012,3067.1770744718333,3018.321968598089,49.07755278982131,49.07755278982131,9.999999999999988,FALSE,554.9459999999999,NA,NA,NA
nearly_gaussian,nearly Gaussian,NH,ESN,36,1000,391,0.391,NA,TRUE,TRUE,TRUE,0,CONVERGENCE: REL_REDUCTION_OF_F <= FACTR*EPSMCH,-1497.844722995103,3017.689445990206,3071.6747540590095,3017.956652467939,11,17083.592,NA,NA,NA,NA,11,stage2,1499.05348901239;1499.05160028238;1499.05505158227;1499.02657286502;1499.05068540332;1497.99513180383;1499.04139926052;1499.05026393743;1499.05130492569;1499.0503890322;1498.97359991811;1499.049456005;1499.05362573204;1499.05018529459,proposed_likelihood,stage2,3,3.610367222645949,0.6103672226459489,0.4,0.6716828676604887,0.27168286766048866,NA,1.492413969694632,NA,NA,1.082407994100799,NA,NA,1.4895382103443224,NA,NA,1.4895382103443224,NA,NA,NA,-0.7,-1.0337596876891275,-0.3337596876891278,0.15,0.14686027597560636,-0.00313972402439363,1,0.9969689424112826,-0.00303105758871735,5,3.184611621620653,-1.815388378379347,1.5,1.598009279401032,0.0980092794010321,0.8,0.8016776889818188,0.00167768898181874,53.98530806880353,53.985308068803505,2.842170943040401e-14,NA,NA,NA,NA,NA,NA,NA,NA,NA,NA,NA,NA,NA,NA,NA,NA,NA,NA,NA,NA,NA,NA,NA,NA,NA,NA,NA,NA,NA,NA,NA,NA,NA,NA,NA,NA,NA,NA,NA,NA,NA,NA,NA,NA,NA,NA,NA,NA,NA,NA,NA,NA,NA,NA,NA,NA,NA,NA,NA,NA,NA,NA,NA,NA,NA,NA,NA,NA,NA,NA,NA,NA,NA,NA,NA,NA,NA,NA,NA,NA,NA,NA,NA,NA,NA,NA,NA,NA,NA,NA,NA,NA,NA,NA,NA,NA,NA,NA,NA,NA,NA,NA,true,TRUE,TRUE,3017.689445990206,3071.6747540590095,3017.956652467939,53.98530806880353,53.98530806880353,11.000000000000005,FALSE,17083.592,TRUE,FALSE,TRUE
nearly_gaussian,nearly Gaussian,NH,EST,36,1000,391,0.391,NA,TRUE,TRUE,TRUE,0,CONVERGENCE: REL_REDUCTION_OF_F <= FACTR*EPSMCH,-1507.7111956222304,3039.422391244461,3098.3154545922466,3039.7385006669533,12,18821.633,NA,NA,NA,NA,10,stage2,1507.87441338773;1e+12;1e+12;1507.75305150552;1e+12;1e+12;1507.84457264214;1e+12;1e+12;1507.71119575291;1e+12;1e+12;1507.86331584328;1e+12;1e+12;1507.7118553115;1e+12;1e+12;1507.86899434072;1e+12;1e+12;1507.71362386708;1e+12;1e+12;1507.86990805608;1e+12;1e+12;1507.71119966195;1e+12;1e+12;1507.71253963712;1e+12;1e+12;1507.71144155537;1e+12;1e+12;1507.86978673916;1e+12;1e+12;1507.87606052889;1e+12;1e+12,proposed_likelihood,stage2,3,3.418166643530969,0.4181666435309692,0.4,0.7530207510928956,0.35302075109289555,NA,-1.1118460632164926,NA,NA,-0.2201150706707602,NA,NA,1.4925821305300957,NA,NA,1.4925821305300957,NA,4,NA,-0.7,-0.5413906324271228,0.15860936757287714,0.15,0.15462951191566554,0.00462951191566554,1,1.034264627528414,0.03426462752841397,5,4.682562185856902,-0.3174378141430978,1.5,1.6030661009511975,0.10306610095119773,0.8,0.7888975087749338,-0.01110249122506623,58.893063347785755,58.89306334778564,1.1368683772161603e-13,NA,NA,NA,NA,NA,NA,NA,NA,NA,NA,NA,NA,NA,NA,NA,NA,NA,NA,NA,NA,NA,NA,NA,NA,NA,NA,NA,NA,NA,NA,NA,NA,NA,NA,NA,NA,NA,NA,NA,NA,NA,NA,NA,NA,NA,NA,NA,NA,NA,NA,NA,NA,NA,NA,NA,NA,NA,NA,NA,NA,NA,NA,NA,NA,NA,NA,NA,NA,NA,NA,NA,NA,NA,NA,NA,NA,NA,NA,NA,NA,NA,NA,NA,NA,NA,NA,NA,NA,NA,NA,NA,NA,NA,NA,NA,NA,NA,NA,NA,NA,NA,NA,true,TRUE,TRUE,3039.422391244461,3098.3154545922466,3039.7385006669533,58.893063347785755,58.893063347785755,12.000000000000023,FALSE,18821.633,FALSE,FALSE,TRUE
nearly_gaussian,nearly Gaussian,NH,NH,37,1000,461,0.461,NA,TRUE,TRUE,TRUE,0,NA,-1704.3375694928804,3424.675138985761,3463.9371812176178,3424.8204467556902,8,45.311,NA,3410.675138985761,3415.582894264743,1.000000000000017,NA,HeckmanEM,NA,raw_AIC_BIC_implied_logLik,finite_logLik_no_explicit_code,3,3.0101322542852356,0.01013225428523556,0.4,0.3932408496438156,-0.0067591503561844,NA,NA,NA,NA,NA,NA,NA,NA,NA,NA,NA,NA,NA,NA,-0.7,-0.6601216331509475,0.03987836684905244,0.15,0.15735394902763042,0.00735394902763042,1,1.05065641049407,0.05065641049406988,5,5.291874335498241,0.2918743354982407,1.5,1.270746867059309,-0.22925313294069105,0.8,0.7911362689959853,-0.00886373100401471,39.26204223185687,39.262042231857095,-2.2737367544323206e-13,NA,NA,NA,NA,NA,NA,NA,NA,NA,NA,NA,NA,NA,NA,NA,NA,NA,NA,NA,NA,NA,NA,NA,NA,NA,NA,NA,NA,NA,NA,NA,NA,NA,NA,NA,NA,NA,NA,NA,NA,NA,NA,NA,NA,NA,NA,NA,NA,NA,NA,NA,NA,NA,NA,NA,NA,NA,NA,NA,NA,NA,NA,NA,NA,NA,NA,NA,NA,NA,NA,NA,NA,NA,NA,NA,NA,NA,NA,NA,NA,NA,NA,NA,NA,NA,NA,NA,NA,NA,NA,NA,NA,NA,NA,NA,NA,NA,NA,NA,NA,NA,NA,true,TRUE,TRUE,3424.675138985761,3463.9371812176178,3424.8204467556902,39.26204223185687,39.26204223185687,7.999999999999954,FALSE,45.311,NA,NA,NA
nearly_gaussian,nearly Gaussian,NH,HT,37,1000,461,0.461,NA,TRUE,TRUE,TRUE,0,NA,-1704.5029368130456,3425.005873626091,3464.2679158579485,3425.1511813960205,8,68.25300000000001,NA,3411.005873626091,3415.9136289050734,1.000000000000017,NA,HeckmanEM,NA,raw_AIC_BIC_implied_logLik,finite_logLik_no_explicit_code,3,2.992355475453361,-0.00764452454663944,0.4,0.3941625115697723,-0.00583748843022774,NA,NA,NA,NA,NA,NA,NA,NA,NA,NA,NA,NA,NA,NA,-0.7,-0.6625520872920488,0.03744791270795111,0.15,0.15793970961787174,0.00793970961787174,1,1.0545839296838175,0.05458392968381753,5,5.290486381769731,0.29048638176973096,1.5,1.272528931903666,-0.2274710680963341,0.8,0.7917050556124264,-0.00829494438757361,39.26204223185732,39.262042231857095,2.2737367544323206e-13,NA,NA,NA,NA,NA,NA,NA,NA,NA,NA,NA,NA,NA,NA,NA,NA,NA,NA,NA,NA,NA,NA,NA,NA,NA,NA,NA,NA,NA,NA,NA,NA,NA,NA,NA,NA,NA,NA,NA,NA,NA,NA,NA,NA,NA,NA,NA,NA,NA,NA,NA,NA,NA,NA,NA,NA,NA,NA,NA,NA,NA,NA,NA,NA,NA,NA,NA,NA,NA,NA,NA,NA,NA,NA,NA,NA,NA,NA,NA,NA,NA,NA,NA,NA,NA,NA,NA,NA,NA,NA,NA,NA,NA,NA,NA,NA,NA,NA,NA,NA,NA,NA,true,TRUE,TRUE,3425.005873626091,3464.2679158579485,3425.1511813960205,39.26204223185732,39.26204223185732,8.000000000000046,FALSE,68.25300000000001,NA,NA,NA
nearly_gaussian,nearly Gaussian,NH,CN,37,1000,461,0.461,NA,TRUE,TRUE,TRUE,0,NA,-1704.337571122696,3428.675142245392,3477.7526950352135,3428.897589161469,10,234.984,NA,3410.675142245392,3415.5828975243744,1.000000000000017,NA,HeckmanEM,NA,raw_AIC_BIC_implied_logLik,finite_logLik_no_explicit_code,3,3.0098290710737117,0.00982907107371167,0.4,0.39302662594206794,-0.00697337405793208,NA,NA,NA,NA,NA,NA,NA,NA,NA,NA,NA,NA,NA,NA,-0.7,-0.6601760293741573,0.03982397062584264,0.15,0.1573679589060077,0.00736795890600769,1,1.0507353072037229,0.05073530720372266,5,5.292395139023197,0.29239513902319736,1.5,1.270756298523397,-0.22924370147660267,0.8,0.7911471192977432,-0.00885288070225687,49.07755278982131,49.07755278982137,-5.684341886080802e-14,NA,NA,NA,NA,NA,NA,NA,NA,NA,NA,NA,NA,NA,NA,NA,NA,NA,NA,NA,NA,NA,NA,NA,NA,NA,NA,NA,NA,NA,NA,NA,NA,NA,NA,NA,NA,NA,NA,NA,NA,NA,NA,NA,NA,NA,NA,NA,NA,NA,NA,NA,NA,NA,NA,NA,NA,NA,NA,NA,NA,NA,NA,NA,NA,NA,NA,NA,NA,NA,NA,NA,NA,NA,NA,NA,NA,NA,NA,NA,NA,NA,NA,NA,NA,NA,NA,NA,NA,NA,NA,NA,NA,NA,NA,NA,NA,NA,NA,NA,NA,NA,NA,true,TRUE,TRUE,3428.675142245392,3477.7526950352135,3428.897589161469,49.07755278982131,49.07755278982131,9.999999999999988,FALSE,234.984,NA,NA,NA
nearly_gaussian,nearly Gaussian,NH,ESN,37,1000,461,0.461,NA,TRUE,TRUE,TRUE,0,CONVERGENCE: REL_REDUCTION_OF_F <= FACTR*EPSMCH,-1703.8117087913845,3429.623417582769,3483.6087256515725,3429.890624060502,11,12633.13,NA,NA,NA,NA,6,stage2,1703.83412142437;1703.82087497423;1703.83074813376;1703.8152080326;1703.83491625868;1703.81171204649;1703.8146370994;1703.83029392605;1703.84568490125;1703.81882560975;1703.83301568961;1703.82730547385;1703.84463700898;1704.33756925216,proposed_likelihood,stage2,3,3.284249011260043,0.2842490112600431,0.4,0.5326409511614213,0.13264095116142127,NA,-1.4925821305300957,NA,NA,-0.10072462925422145,NA,NA,0.9937263483845976,NA,NA,0.9937263483845976,NA,NA,NA,-0.7,-0.15287037882419813,0.5471296211758019,0.15,0.1263419138488904,-0.02365808615110959,1,0.8392969866879907,-0.1607030133120093,5,5.966158562654987,0.9661585626549868,1.5,1.2703966339531731,-0.22960336604682685,0.8,0.7930671023509982,-0.00693289764900184,53.98530806880353,53.985308068803505,2.842170943040401e-14,NA,NA,NA,NA,NA,NA,NA,NA,NA,NA,NA,NA,NA,NA,NA,NA,NA,NA,NA,NA,NA,NA,NA,NA,NA,NA,NA,NA,NA,NA,NA,NA,NA,NA,NA,NA,NA,NA,NA,NA,NA,NA,NA,NA,NA,NA,NA,NA,NA,NA,NA,NA,NA,NA,NA,NA,NA,NA,NA,NA,NA,NA,NA,NA,NA,NA,NA,NA,NA,NA,NA,NA,NA,NA,NA,NA,NA,NA,NA,NA,NA,NA,NA,NA,NA,NA,NA,NA,NA,NA,NA,NA,NA,NA,NA,NA,NA,NA,NA,NA,NA,NA,true,TRUE,TRUE,3429.623417582769,3483.6087256515725,3429.890624060502,53.98530806880353,53.98530806880353,11.000000000000005,FALSE,12633.13,TRUE,FALSE,FALSE
nearly_gaussian,nearly Gaussian,NH,EST,37,1000,461,0.461,NA,TRUE,TRUE,TRUE,0,CONVERGENCE: REL_REDUCTION_OF_F <= FACTR*EPSMCH,-1712.2636200836098,3448.5272401672196,3507.4203035150053,3448.843349589712,12,14832.313,NA,NA,NA,NA,13,stage2,1712.26994381588;1e+12;1e+12;1712.2716780427;1e+12;1e+12;1712.27410437276;1e+12;1e+12;1712.26636565971;1e+12;1e+12;1712.26362023128;1e+12;1e+12;1712.27044604846;1e+12;1e+12;1712.26814422104;1e+12;1e+12;1712.27114245791;1e+12;1e+12;1712.26497872061;1e+12;1e+12;1712.2693409837;1e+12;1e+12;1712.2776425444;1e+12;1e+12;1712.26813520375;1e+12;1e+12;1712.26371027347;1e+12;1e+12;1712.2674772018;1e+12;1e+12,proposed_likelihood,stage2,3,3.699822763424657,0.699822763424657,0.4,0.7004349765316243,0.3004349765316243,NA,-1.4925821305300957,NA,NA,-0.7200477915523843,NA,NA,1.4925821305300957,NA,NA,1.4925821305300957,NA,4,NA,-0.7,-0.2860788976939559,0.41392110230604406,0.15,0.14675655481538985,-0.00324344518461014,1,0.9806214792344796,-0.01937852076552038,5,6.04194466106143,1.0419446610614296,1.5,1.2652504625862966,-0.2347495374137034,0.8,0.8240968525387694,0.02409685253876936,58.893063347785755,58.89306334778564,1.1368683772161603e-13,NA,NA,NA,NA,NA,NA,NA,NA,NA,NA,NA,NA,NA,NA,NA,NA,NA,NA,NA,NA,NA,NA,NA,NA,NA,NA,NA,NA,NA,NA,NA,NA,NA,NA,NA,NA,NA,NA,NA,NA,NA,NA,NA,NA,NA,NA,NA,NA,NA,NA,NA,NA,NA,NA,NA,NA,NA,NA,NA,NA,NA,NA,NA,NA,NA,NA,NA,NA,NA,NA,NA,NA,NA,NA,NA,NA,NA,NA,NA,NA,NA,NA,NA,NA,NA,NA,NA,NA,NA,NA,NA,NA,NA,NA,NA,NA,NA,NA,NA,NA,NA,NA,true,TRUE,TRUE,3448.5272401672196,3507.4203035150053,3448.843349589712,58.893063347785755,58.893063347785755,12.000000000000023,FALSE,14832.313,TRUE,FALSE,TRUE
nearly_gaussian,nearly Gaussian,NH,NH,38,1000,439,0.439,NA,TRUE,TRUE,TRUE,0,NA,-1652.1672337477648,3320.3344674955297,3359.5965097273865,3320.479775265459,8,61.209,NA,3306.3344674955297,3311.242222774512,1.000000000000017,NA,HeckmanEM,NA,raw_AIC_BIC_implied_logLik,finite_logLik_no_explicit_code,3,2.9826766530358233,-0.0173233469641767,0.4,0.3299411863861479,-0.07005881361385213,NA,NA,NA,NA,NA,NA,NA,NA,NA,NA,NA,NA,NA,NA,-0.7,-0.7317807815991033,-0.03178078159910336,0.15,0.15032787319941476,3.278731994147688e-4,1,1.0860644639169408,0.08606446391694078,5,5.186721833192202,0.1867218331922018,1.5,1.247545794879471,-0.25245420512052896,0.8,0.8421462027017,0.0421462027017,39.26204223185687,39.262042231857095,-2.2737367544323206e-13,NA,NA,NA,NA,NA,NA,NA,NA,NA,NA,NA,NA,NA,NA,NA,NA,NA,NA,NA,NA,NA,NA,NA,NA,NA,NA,NA,NA,NA,NA,NA,NA,NA,NA,NA,NA,NA,NA,NA,NA,NA,NA,NA,NA,NA,NA,NA,NA,NA,NA,NA,NA,NA,NA,NA,NA,NA,NA,NA,NA,NA,NA,NA,NA,NA,NA,NA,NA,NA,NA,NA,NA,NA,NA,NA,NA,NA,NA,NA,NA,NA,NA,NA,NA,NA,NA,NA,NA,NA,NA,NA,NA,NA,NA,NA,NA,NA,NA,NA,NA,NA,NA,true,TRUE,TRUE,3320.3344674955297,3359.5965097273865,3320.479775265459,39.26204223185687,39.26204223185687,7.999999999999954,FALSE,61.209,NA,NA,NA
nearly_gaussian,nearly Gaussian,NH,HT,38,1000,439,0.439,NA,TRUE,TRUE,TRUE,0,NA,-1652.2414851845692,3320.4829703691385,3359.7450126009953,3320.628278139068,8,94.764,NA,3306.4829703691385,3311.3907256481207,1.000000000000017,NA,HeckmanEM,NA,raw_AIC_BIC_implied_logLik,finite_logLik_no_explicit_code,3,2.962477850243683,-0.03752214975631718,0.4,0.330060253348346,-0.06993974665165403,NA,NA,NA,NA,NA,NA,NA,NA,NA,NA,NA,NA,NA,NA,-0.7,-0.7338875448316385,-0.03388754483163858,0.15,0.15085628557305447,8.562855730544772e-4,1,1.0894500678833146,0.08945006788331455,5,5.182365583211957,0.18236558321195684,1.5,1.2513157915856803,-0.2486842084143197,0.8,0.8449532914743995,0.04495329147439941,39.26204223185687,39.262042231857095,-2.2737367544323206e-13,NA,NA,NA,NA,NA,NA,NA,NA,NA,NA,NA,NA,NA,NA,NA,NA,NA,NA,NA,NA,NA,NA,NA,NA,NA,NA,NA,NA,NA,NA,NA,NA,NA,NA,NA,NA,NA,NA,NA,NA,NA,NA,NA,NA,NA,NA,NA,NA,NA,NA,NA,NA,NA,NA,NA,NA,NA,NA,NA,NA,NA,NA,NA,NA,NA,NA,NA,NA,NA,NA,NA,NA,NA,NA,NA,NA,NA,NA,NA,NA,NA,NA,NA,NA,NA,NA,NA,NA,NA,NA,NA,NA,NA,NA,NA,NA,NA,NA,NA,NA,NA,NA,true,TRUE,TRUE,3320.4829703691385,3359.7450126009953,3320.628278139068,39.26204223185687,39.26204223185687,7.999999999999954,FALSE,94.764,NA,NA,NA
nearly_gaussian,nearly Gaussian,NH,CN,38,1000,439,0.439,NA,TRUE,TRUE,TRUE,0,NA,-1652.1672402669751,3324.3344805339502,3373.4120333237715,3324.556927450027,10,439.561,NA,3306.3344805339502,3311.2422358129324,1.000000000000017,NA,HeckmanEM,NA,raw_AIC_BIC_implied_logLik,finite_logLik_no_explicit_code,3,2.9824470094367355,-0.01755299056326453,0.4,0.3302197154120293,-0.0697802845879707,NA,NA,NA,NA,NA,NA,NA,NA,NA,NA,NA,NA,NA,NA,-0.7,-0.73184567712075,-0.03184567712075004,0.15,0.150344300859998,3.443008599980091e-4,1,1.0861638468188408,0.08616384681884082,5,5.186043305339381,0.18604330533938107,1.5,1.2475297132054184,-0.2524702867945816,0.8,0.8421380495404703,0.04213804954047029,49.07755278982131,49.07755278982137,-5.684341886080802e-14,NA,NA,NA,NA,NA,NA,NA,NA,NA,NA,NA,NA,NA,NA,NA,NA,NA,NA,NA,NA,NA,NA,NA,NA,NA,NA,NA,NA,NA,NA,NA,NA,NA,NA,NA,NA,NA,NA,NA,NA,NA,NA,NA,NA,NA,NA,NA,NA,NA,NA,NA,NA,NA,NA,NA,NA,NA,NA,NA,NA,NA,NA,NA,NA,NA,NA,NA,NA,NA,NA,NA,NA,NA,NA,NA,NA,NA,NA,NA,NA,NA,NA,NA,NA,NA,NA,NA,NA,NA,NA,NA,NA,NA,NA,NA,NA,NA,NA,NA,NA,NA,NA,true,TRUE,TRUE,3324.3344805339502,3373.4120333237715,3324.556927450027,49.07755278982131,49.07755278982131,9.999999999999988,FALSE,439.561,NA,NA,NA
nearly_gaussian,nearly Gaussian,NH,ESN,38,1000,439,0.439,NA,TRUE,TRUE,TRUE,0,CONVERGENCE: REL_REDUCTION_OF_F <= FACTR*EPSMCH,-1651.2005057133654,3324.4010114267307,3378.3863194955343,3324.6682179044637,11,15102.372,NA,NA,NA,NA,4,stage2,1651.21582705019;1651.2063382379;1651.98542309726;1651.20070211373;1652.16648632192;1651.20348531507;1651.20296853193;1651.95144469253;1652.15228288832;1651.80682136157;1652.16741099165;1651.20166795518;1652.16634362488;1652.16723325816,proposed_likelihood,stage2,3,3.6371327460241303,0.6371327460241307,0.4,0.5599243919697332,0.15992439196973318,NA,-1.4925821305300957,NA,NA,-0.6075833490186611,NA,NA,1.2477277668759426,NA,NA,1.2477277668759426,NA,NA,NA,-0.7,-0.2916909781181517,0.40830902188184826,0.15,0.12550053092855676,-0.02449946907144323,1,0.9041606117649345,-0.09583938823506566,5,6.0967422238841955,1.0967422238841955,1.5,1.2384409035397932,-0.2615590964602068,0.8,0.8430104652983066,0.04301046529830654,53.98530806880353,53.985308068803505,2.842170943040401e-14,NA,NA,NA,NA,NA,NA,NA,NA,NA,NA,NA,NA,NA,NA,NA,NA,NA,NA,NA,NA,NA,NA,NA,NA,NA,NA,NA,NA,NA,NA,NA,NA,NA,NA,NA,NA,NA,NA,NA,NA,NA,NA,NA,NA,NA,NA,NA,NA,NA,NA,NA,NA,NA,NA,NA,NA,NA,NA,NA,NA,NA,NA,NA,NA,NA,NA,NA,NA,NA,NA,NA,NA,NA,NA,NA,NA,NA,NA,NA,NA,NA,NA,NA,NA,NA,NA,NA,NA,NA,NA,NA,NA,NA,NA,NA,NA,NA,NA,NA,NA,NA,NA,true,TRUE,TRUE,3324.4010114267307,3378.3863194955343,3324.6682179044637,53.98530806880353,53.98530806880353,11.000000000000005,FALSE,15102.372,TRUE,FALSE,FALSE
nearly_gaussian,nearly Gaussian,NH,EST,38,1000,439,0.439,NA,TRUE,TRUE,TRUE,0,CONVERGENCE: REL_REDUCTION_OF_F <= FACTR*EPSMCH,-1658.877159371026,3341.754318742052,3400.6473820898377,3342.0704281645444,12,16845.131999999998,NA,NA,NA,NA,7,stage2,1658.87716829244;1e+12;1e+12;1658.87725102305;1e+12;1e+12;1658.87716170186;1e+12;1e+12;1658.87920241162;1e+12;1e+12;1658.87720655137;1e+12;1e+12;1658.88766134571;1e+12;1e+12;1658.89058070809;1e+12;1e+12;1658.87811721758;1e+12;1e+12;1658.87717041787;1e+12;1e+12;1658.88724733499;1e+12;1e+12;1658.88120539437;1e+12;1e+12;1658.87716190564;1e+12;1e+12;1658.87719803676;1e+12;1e+12;1658.8771776269;1e+12;1e+12,proposed_likelihood,stage2,3,3.391653683557257,0.3916536835572568,0.4,0.6228039756381826,0.22280397563818255,NA,-1.4925821305300957,NA,NA,-0.5709821200275285,NA,NA,1.4925821305300957,NA,NA,1.4925821305300957,NA,4,NA,-0.7,-0.33370085907912805,0.3662991409208719,0.15,0.1390403468732992,-0.0109596531267008,1,0.981082967000024,-0.01891703299997593,5,5.768502321723295,0.7685023217232949,1.5,1.300522040804332,-0.19947795919566813,0.8,0.8794642179785886,0.0794642179785886,58.893063347785755,58.89306334778564,1.1368683772161603e-13,NA,NA,NA,NA,NA,NA,NA,NA,NA,NA,NA,NA,NA,NA,NA,NA,NA,NA,NA,NA,NA,NA,NA,NA,NA,NA,NA,NA,NA,NA,NA,NA,NA,NA,NA,NA,NA,NA,NA,NA,NA,NA,NA,NA,NA,NA,NA,NA,NA,NA,NA,NA,NA,NA,NA,NA,NA,NA,NA,NA,NA,NA,NA,NA,NA,NA,NA,NA,NA,NA,NA,NA,NA,NA,NA,NA,NA,NA,NA,NA,NA,NA,NA,NA,NA,NA,NA,NA,NA,NA,NA,NA,NA,NA,NA,NA,NA,NA,NA,NA,NA,NA,true,TRUE,TRUE,3341.754318742052,3400.6473820898377,3342.0704281645444,58.893063347785755,58.893063347785755,12.000000000000023,FALSE,16845.131999999998,TRUE,FALSE,TRUE
nearly_gaussian,nearly Gaussian,NH,NH,39,1000,413,0.413,NA,TRUE,TRUE,TRUE,0,NA,-1574.572441291661,3165.1448825833227,3204.40692481518,3165.290190353252,8,54.952000000000005,NA,3151.1448825833227,3156.052637862305,1.000000000000017,NA,HeckmanEM,NA,raw_AIC_BIC_implied_logLik,finite_logLik_no_explicit_code,3,3.008270002587344,0.00827000258734411,0.4,0.34192158455256966,-0.05807841544743036,NA,NA,NA,NA,NA,NA,NA,NA,NA,NA,NA,NA,NA,NA,-0.7,-0.8270445578969248,-0.1270445578969248,0.15,0.15589331303532866,0.00589331303532866,1,1.0626911960759888,0.06269119607598883,5,5.095378263929513,0.0953782639295131,1.5,1.4042389779042466,-0.09576102209575343,0.8,0.7771465160210923,-0.02285348397890774,39.26204223185732,39.262042231857095,-2.2737367544323206e-13,NA,NA,NA,NA,NA,NA,NA,NA,NA,NA,NA,NA,NA,NA,NA,NA,NA,NA,NA,NA,NA,NA,NA,NA,NA,NA,NA,NA,NA,NA,NA,NA,NA,NA,NA,NA,NA,NA,NA,NA,NA,NA,NA,NA,NA,NA,NA,NA,NA,NA,NA,NA,NA,NA,NA,NA,NA,NA,NA,NA,NA,NA,NA,NA,NA,NA,NA,NA,NA,NA,NA,NA,NA,NA,NA,NA,NA,NA,NA,NA,NA,NA,NA,NA,NA,NA,NA,NA,NA,NA,NA,NA,NA,NA,NA,NA,NA,NA,NA,NA,NA,NA,true,TRUE,TRUE,3165.144882583322,3204.406924815179,3165.2901903532515,39.26204223185732,39.26204223185687,8.000000000000046,FALSE,54.952000000000005,NA,NA,NA
nearly_gaussian,nearly Gaussian,NH,HT,39,1000,413,0.413,NA,TRUE,TRUE,TRUE,0,NA,-1574.671479637873,3165.342959275746,3204.605001507603,3165.4882670456755,8,82.61600000000001,NA,3151.342959275746,3156.2507145547283,1.000000000000017,NA,HeckmanEM,NA,raw_AIC_BIC_implied_logLik,finite_logLik_no_explicit_code,3,2.990086986276794,-0.00991301372320618,0.4,0.3447376821365501,-0.05526231786344993,NA,NA,NA,NA,NA,NA,NA,NA,NA,NA,NA,NA,NA,NA,-0.7,-0.8298307725763869,-0.12983077257638698,0.15,0.15637519414357812,0.00637519414357812,1,1.0660164878154716,0.06601648781547165,5,5.088759559684592,0.0887595596845916,1.5,1.403797026475141,-0.09620297352485908,0.8,0.775995611044735,-0.02400438895526502,39.26204223185732,39.262042231857095,2.2737367544323206e-13,NA,NA,NA,NA,NA,NA,NA,NA,NA,NA,NA,NA,NA,NA,NA,NA,NA,NA,NA,NA,NA,NA,NA,NA,NA,NA,NA,NA,NA,NA,NA,NA,NA,NA,NA,NA,NA,NA,NA,NA,NA,NA,NA,NA,NA,NA,NA,NA,NA,NA,NA,NA,NA,NA,NA,NA,NA,NA,NA,NA,NA,NA,NA,NA,NA,NA,NA,NA,NA,NA,NA,NA,NA,NA,NA,NA,NA,NA,NA,NA,NA,NA,NA,NA,NA,NA,NA,NA,NA,NA,NA,NA,NA,NA,NA,NA,NA,NA,NA,NA,NA,NA,true,TRUE,TRUE,3165.342959275746,3204.6050015076034,3165.4882670456755,39.26204223185687,39.26204223185732,7.999999999999954,FALSE,82.61600000000001,NA,NA,NA
nearly_gaussian,nearly Gaussian,NH,CN,39,1000,413,0.413,NA,TRUE,TRUE,TRUE,0,NA,-1574.5724451919637,3169.1448903839273,3218.2224431737486,3169.367337300004,10,324.11800000000005,NA,3151.1448903839273,3156.0526456629095,1.000000000000017,NA,HeckmanEM,NA,raw_AIC_BIC_implied_logLik,finite_logLik_no_explicit_code,3,3.0078815466893367,0.00788154668933671,0.4,0.341708330934525,-0.058291669065475,NA,NA,NA,NA,NA,NA,NA,NA,NA,NA,NA,NA,NA,NA,-0.7,-0.8271368378318424,-0.1271368378318425,0.15,0.15591251537333353,0.00591251537333353,1,1.062808186894778,0.06280818689477785,5,5.095947011167685,0.09594701116768524,1.5,1.4042545473548762,-0.0957454526451238,0.8,0.7771499270670851,-0.02285007293291496,49.07755278982131,49.07755278982137,-5.684341886080802e-14,NA,NA,NA,NA,NA,NA,NA,NA,NA,NA,NA,NA,NA,NA,NA,NA,NA,NA,NA,NA,NA,NA,NA,NA,NA,NA,NA,NA,NA,NA,NA,NA,NA,NA,NA,NA,NA,NA,NA,NA,NA,NA,NA,NA,NA,NA,NA,NA,NA,NA,NA,NA,NA,NA,NA,NA,NA,NA,NA,NA,NA,NA,NA,NA,NA,NA,NA,NA,NA,NA,NA,NA,NA,NA,NA,NA,NA,NA,NA,NA,NA,NA,NA,NA,NA,NA,NA,NA,NA,NA,NA,NA,NA,NA,NA,NA,NA,NA,NA,NA,NA,NA,true,TRUE,TRUE,3169.1448903839273,3218.2224431737486,3169.3673373000042,49.07755278982131,49.07755278982131,9.999999999999988,FALSE,324.11800000000005,NA,NA,NA
nearly_gaussian,nearly Gaussian,NH,ESN,39,1000,413,0.413,NA,TRUE,TRUE,TRUE,0,CONVERGENCE: REL_REDUCTION_OF_F <= FACTR*EPSMCH,-1574.355297037809,3170.7105940756173,3224.695902144421,3170.9778005533503,11,13302.98,NA,NA,NA,NA,11,stage2,1574.57244542513;1574.56927035802;1574.50002431381;1574.39879247814;1574.40540971718;1574.39742864316;1574.39854874663;1574.37075944039;1574.42350475732;1574.3959254195;1574.35536288691;1574.57241324406;1574.57245521243;1574.57244097833,proposed_likelihood,stage2,3,3.0546604496112866,0.05466044961128658,0.4,0.2797494240347941,-0.12025057596520594,NA,1.490681571783745,NA,NA,-0.9939986284027776,NA,NA,1.4925821305300957,NA,NA,1.4925821305300957,NA,NA,NA,-0.7,-1.0070990913206708,-0.3070990913206708,0.15,0.13643069776243918,-0.01356930223756081,1,0.9424279982068964,-0.05757200179310373,5,5.243564177397724,0.24356417739772415,1.5,1.4059744426352874,-0.09402555736471264,0.8,0.777918987781387,-0.02208101221861302,53.98530806880353,53.985308068803505,2.842170943040401e-14,NA,NA,NA,NA,NA,NA,NA,NA,NA,NA,NA,NA,NA,NA,NA,NA,NA,NA,NA,NA,NA,NA,NA,NA,NA,NA,NA,NA,NA,NA,NA,NA,NA,NA,NA,NA,NA,NA,NA,NA,NA,NA,NA,NA,NA,NA,NA,NA,NA,NA,NA,NA,NA,NA,NA,NA,NA,NA,NA,NA,NA,NA,NA,NA,NA,NA,NA,NA,NA,NA,NA,NA,NA,NA,NA,NA,NA,NA,NA,NA,NA,NA,NA,NA,NA,NA,NA,NA,NA,NA,NA,NA,NA,NA,NA,NA,NA,NA,NA,NA,NA,NA,true,TRUE,TRUE,3170.710594075618,3224.6959021444213,3170.977800553351,53.98530806880353,53.98530806880353,11.000000000000005,FALSE,13302.98,TRUE,FALSE,TRUE
nearly_gaussian,nearly Gaussian,NH,EST,39,1000,413,0.413,NA,TRUE,TRUE,TRUE,0,CONVERGENCE: REL_REDUCTION_OF_F <= FACTR*EPSMCH,-1584.9200828520948,3193.8401657041895,3252.7332290519753,3194.156275126682,12,15167.277,NA,NA,NA,NA,31,stage2,1584.92022147431;1e+12;1e+12;1584.92413443755;1e+12;1e+12;1584.92022222125;1e+12;1e+12;1584.92323673271;1e+12;1e+12;1584.92342629213;1e+12;1e+12;1584.92257847362;1e+12;1e+12;1584.92583265921;1e+12;1e+12;1584.9227741492;1e+12;1e+12;1584.92020621589;1e+12;1e+12;1584.92059304788;1e+12;1e+12;1584.92008402491;1e+12;1e+12;1584.92316092071;1e+12;1e+12;1584.92867002036;1e+12;1e+12;1584.92360886721;1e+12;1e+12,proposed_likelihood,stage2,3,2.9932155652136103,-0.00678443478638968,0.4,0.5207616517295671,0.1207616517295671,NA,-1.398125355814071,NA,NA,-0.07169612041750767,NA,NA,1.4925821305300957,NA,NA,1.4925821305300957,NA,4,NA,-0.7,-0.4335535469959552,0.2664464530040448,0.15,0.1406835930470899,-0.00931640695291008,1,0.945778864827334,-0.05422113517266591,5,5.425517877026056,0.4255178770260564,1.5,1.3995894862369034,-0.10041051376309662,0.8,0.7406784610281216,-0.05932153897187842,58.893063347785755,58.89306334778564,1.1368683772161603e-13,NA,NA,NA,NA,NA,NA,NA,NA,NA,NA,NA,NA,NA,NA,NA,NA,NA,NA,NA,NA,NA,NA,NA,NA,NA,NA,NA,NA,NA,NA,NA,NA,NA,NA,NA,NA,NA,NA,NA,NA,NA,NA,NA,NA,NA,NA,NA,NA,NA,NA,NA,NA,NA,NA,NA,NA,NA,NA,NA,NA,NA,NA,NA,NA,NA,NA,NA,NA,NA,NA,NA,NA,NA,NA,NA,NA,NA,NA,NA,NA,NA,NA,NA,NA,NA,NA,NA,NA,NA,NA,NA,NA,NA,NA,NA,NA,NA,NA,NA,NA,NA,NA,true,TRUE,TRUE,3193.8401657041895,3252.7332290519753,3194.156275126682,58.893063347785755,58.893063347785755,12.000000000000023,FALSE,15167.277,FALSE,FALSE,TRUE
nearly_gaussian,nearly Gaussian,NH,NH,40,1000,418,0.418,NA,TRUE,TRUE,TRUE,0,NA,-1610.1640616385937,3236.328123277187,3275.590165509044,3236.4734310471163,8,35.064,NA,3222.328123277187,3227.235878556169,1.000000000000017,NA,HeckmanEM,NA,raw_AIC_BIC_implied_logLik,finite_logLik_no_explicit_code,3,2.9485496799299,-0.05145032007009975,0.4,0.1986098384709816,-0.2013901615290184,NA,NA,NA,NA,NA,NA,NA,NA,NA,NA,NA,NA,NA,NA,-0.7,-0.7136990160189227,-0.01369901601892276,0.15,0.1402382678074846,-0.00976173219251538,1,0.97236682899161,-0.02763317100839002,5,5.506165320247539,0.5061653202475389,1.5,1.6887938603195056,0.1887938603195056,0.8,0.7227066618932343,-0.07729333810676575,39.26204223185687,39.262042231857095,2.2737367544323206e-13,NA,NA,NA,NA,NA,NA,NA,NA,NA,NA,NA,NA,NA,NA,NA,NA,NA,NA,NA,NA,NA,NA,NA,NA,NA,NA,NA,NA,NA,NA,NA,NA,NA,NA,NA,NA,NA,NA,NA,NA,NA,NA,NA,NA,NA,NA,NA,NA,NA,NA,NA,NA,NA,NA,NA,NA,NA,NA,NA,NA,NA,NA,NA,NA,NA,NA,NA,NA,NA,NA,NA,NA,NA,NA,NA,NA,NA,NA,NA,NA,NA,NA,NA,NA,NA,NA,NA,NA,NA,NA,NA,NA,NA,NA,NA,NA,NA,NA,NA,NA,NA,NA,true,TRUE,TRUE,3236.3281232771874,3275.5901655090447,3236.4734310471167,39.26204223185687,39.26204223185732,7.999999999999954,FALSE,35.064,NA,NA,NA
nearly_gaussian,nearly Gaussian,NH,HT,40,1000,418,0.418,NA,TRUE,TRUE,TRUE,0,NA,-1610.2430066714696,3236.4860133429393,3275.748055574796,3236.6313211128686,8,60.696000000000005,NA,3222.4860133429393,3227.3937686219215,1.000000000000017,NA,HeckmanEM,NA,raw_AIC_BIC_implied_logLik,finite_logLik_no_explicit_code,3,2.929614385671427,-0.07038561432857282,0.4,0.20212427415605977,-0.19787572584394028,NA,NA,NA,NA,NA,NA,NA,NA,NA,NA,NA,NA,NA,NA,-0.7,-0.7157000103399959,-0.0157000103399959,0.15,0.140636462587613,-0.00936353741238699,1,0.9751065784463556,-0.02489342155364426,5,5.4946527335249975,0.4946527335249975,1.5,1.6862682624090186,0.1862682624090186,0.8,0.7242914664797828,-0.07570853352021722,39.26204223185687,39.262042231857095,-2.2737367544323206e-13,NA,NA,NA,NA,NA,NA,NA,NA,NA,NA,NA,NA,NA,NA,NA,NA,NA,NA,NA,NA,NA,NA,NA,NA,NA,NA,NA,NA,NA,NA,NA,NA,NA,NA,NA,NA,NA,NA,NA,NA,NA,NA,NA,NA,NA,NA,NA,NA,NA,NA,NA,NA,NA,NA,NA,NA,NA,NA,NA,NA,NA,NA,NA,NA,NA,NA,NA,NA,NA,NA,NA,NA,NA,NA,NA,NA,NA,NA,NA,NA,NA,NA,NA,NA,NA,NA,NA,NA,NA,NA,NA,NA,NA,NA,NA,NA,NA,NA,NA,NA,NA,NA,true,TRUE,TRUE,3236.4860133429393,3275.748055574796,3236.6313211128686,39.26204223185687,39.26204223185687,7.999999999999954,FALSE,60.696000000000005,NA,NA,NA
nearly_gaussian,nearly Gaussian,NH,CN,40,1000,418,0.418,NA,TRUE,TRUE,TRUE,0,NA,-1610.164078357231,3240.328156714462,3289.405709504283,3240.5506036305387,10,539.9209999999999,NA,3222.328156714462,3227.235911993444,1.000000000000017,NA,HeckmanEM,NA,raw_AIC_BIC_implied_logLik,finite_logLik_no_explicit_code,3,2.948121205555426,-0.05187879444457399,0.4,0.19890058029173935,-0.20109941970826065,NA,NA,NA,NA,NA,NA,NA,NA,NA,NA,NA,NA,NA,NA,-0.7,-0.7138135013329348,-0.01381350133293479,0.15,0.14026041137904843,-0.00973958862095156,1,0.9725242115836638,-0.02747578841633624,5,5.505422858288091,0.5054228582880906,1.5,1.6887888553947632,0.1887888553947632,0.8,0.7227118502692426,-0.07728814973075748,49.07755278982131,49.07755278982137,-5.684341886080802e-14,NA,NA,NA,NA,NA,NA,NA,NA,NA,NA,NA,NA,NA,NA,NA,NA,NA,NA,NA,NA,NA,NA,NA,NA,NA,NA,NA,NA,NA,NA,NA,NA,NA,NA,NA,NA,NA,NA,NA,NA,NA,NA,NA,NA,NA,NA,NA,NA,NA,NA,NA,NA,NA,NA,NA,NA,NA,NA,NA,NA,NA,NA,NA,NA,NA,NA,NA,NA,NA,NA,NA,NA,NA,NA,NA,NA,NA,NA,NA,NA,NA,NA,NA,NA,NA,NA,NA,NA,NA,NA,NA,NA,NA,NA,NA,NA,NA,NA,NA,NA,NA,NA,true,TRUE,TRUE,3240.328156714462,3289.405709504283,3240.5506036305387,49.07755278982131,49.07755278982131,9.999999999999988,FALSE,539.9209999999999,NA,NA,NA
nearly_gaussian,nearly Gaussian,NH,ESN,40,1000,418,0.418,NA,TRUE,TRUE,TRUE,0,CONVERGENCE: REL_REDUCTION_OF_F <= FACTR*EPSMCH,-1609.806688236255,3241.61337647251,3295.5986845413136,3241.880582950243,11,12080.312,NA,NA,NA,NA,10,stage2,1610.16652774603;1610.16338527909;1609.96547390868;1609.80849831357;1610.12895286346;1609.81225587721;1609.81617990979;1610.16433793627;1610.16427381042;1609.80669052644;1609.9448194553;1609.91516591808;1610.16485947816;1610.16406109659,proposed_likelihood,stage2,3,3.1003362284416096,0.1003362284416096,0.4,-0.06899697476921658,-0.4689969747692166,NA,-1.489150368276834,NA,NA,0.6183849595717068,NA,NA,1.092095755858583,NA,NA,1.092095755858583,NA,NA,NA,-0.7,-0.23682117686085297,0.463178823139147,0.15,0.11552626348183308,-0.0344737365181669,1,0.7936982851355681,-0.2063017148644319,5,5.150125008147741,0.1501250081477412,1.5,1.6921891977349584,0.19218919773495835,0.8,0.7239035980402001,-0.07609640195979994,53.98530806880353,53.985308068803505,2.842170943040401e-14,NA,NA,NA,NA,NA,NA,NA,NA,NA,NA,NA,NA,NA,NA,NA,NA,NA,NA,NA,NA,NA,NA,NA,NA,NA,NA,NA,NA,NA,NA,NA,NA,NA,NA,NA,NA,NA,NA,NA,NA,NA,NA,NA,NA,NA,NA,NA,NA,NA,NA,NA,NA,NA,NA,NA,NA,NA,NA,NA,NA,NA,NA,NA,NA,NA,NA,NA,NA,NA,NA,NA,NA,NA,NA,NA,NA,NA,NA,NA,NA,NA,NA,NA,NA,NA,NA,NA,NA,NA,NA,NA,NA,NA,NA,NA,NA,NA,NA,NA,NA,NA,NA,true,TRUE,TRUE,3241.61337647251,3295.5986845413136,3241.880582950243,53.98530806880353,53.98530806880353,11.000000000000005,FALSE,12080.312,TRUE,FALSE,FALSE
nearly_gaussian,nearly Gaussian,NH,EST,40,1000,418,0.418,NA,TRUE,TRUE,TRUE,0,CONVERGENCE: REL_REDUCTION_OF_F <= FACTR*EPSMCH,-1619.802711380341,3263.605422760682,3322.4984861084677,3263.9215321831743,12,18763.171,NA,NA,NA,NA,40,stage2,1619.80910155139;1e+12;1e+12;1619.80998200878;1e+12;1e+12;1619.8046725439;1e+12;1e+12;1619.8093990257;1e+12;1e+12;1619.8231216687;1e+12;1e+12;1619.80273640512;1e+12;1e+12;1619.81294699804;1e+12;1e+12;1619.81934510383;1e+12;1e+12;1619.81346538995;1e+12;1e+12;1619.80271286645;1e+12;1e+12;1619.80280439871;1e+12;1e+12;1619.80328125407;1e+12;1e+12;1619.81312867275;1e+12;1e+12;1619.80271204472;1e+12;1e+12,proposed_likelihood,stage2,3,3.166444396278344,0.16644439627834418,0.4,0.5562873782791574,0.1562873782791574,NA,-1.4925821305300957,NA,NA,-0.29299481681594597,NA,NA,1.4925821305300957,NA,NA,1.4925821305300957,NA,4,NA,-0.7,-0.303608478155617,0.396391521844383,0.15,0.124177126720673,-0.02582287327932699,1,0.8500035421860089,-0.14999645781399107,5,5.600323538096068,0.6003235380960676,1.5,1.6618158930520632,0.16181589305206323,0.8,0.7466527527248085,-0.05334724727519158,58.893063347785755,58.89306334778564,1.1368683772161603e-13,NA,NA,NA,NA,NA,NA,NA,NA,NA,NA,NA,NA,NA,NA,NA,NA,NA,NA,NA,NA,NA,NA,NA,NA,NA,NA,NA,NA,NA,NA,NA,NA,NA,NA,NA,NA,NA,NA,NA,NA,NA,NA,NA,NA,NA,NA,NA,NA,NA,NA,NA,NA,NA,NA,NA,NA,NA,NA,NA,NA,NA,NA,NA,NA,NA,NA,NA,NA,NA,NA,NA,NA,NA,NA,NA,NA,NA,NA,NA,NA,NA,NA,NA,NA,NA,NA,NA,NA,NA,NA,NA,NA,NA,NA,NA,NA,NA,NA,NA,NA,NA,NA,true,TRUE,TRUE,3263.605422760682,3322.4984861084677,3263.9215321831743,58.893063347785755,58.893063347785755,12.000000000000023,FALSE,18763.171,TRUE,FALSE,TRUE
nearly_gaussian,nearly Gaussian,NH,NH,41,1000,434,0.434,NA,TRUE,TRUE,TRUE,0,NA,-1641.046127908079,3298.092255816158,3337.354298048015,3298.237563586087,8,27.673,NA,3284.092255816158,3289.00001109514,1.000000000000017,NA,HeckmanEM,NA,raw_AIC_BIC_implied_logLik,finite_logLik_no_explicit_code,3,2.8818632097167773,-0.11813679028322266,0.4,0.3163244083914438,-0.0836755916085562,NA,NA,NA,NA,NA,NA,NA,NA,NA,NA,NA,NA,NA,NA,-0.7,-0.6557906135065614,0.04420938649343853,0.15,0.14394764161750603,-0.00605235838249396,1,0.9063191772174544,-0.09368082278254576,5,5.01495777042603,0.01495777042603041,1.5,1.507512357208766,0.00751235720876586,0.8,0.8472561463493214,0.0472561463493214,39.26204223185732,39.262042231857095,2.2737367544323206e-13,NA,NA,NA,NA,NA,NA,NA,NA,NA,NA,NA,NA,NA,NA,NA,NA,NA,NA,NA,NA,NA,NA,NA,NA,NA,NA,NA,NA,NA,NA,NA,NA,NA,NA,NA,NA,NA,NA,NA,NA,NA,NA,NA,NA,NA,NA,NA,NA,NA,NA,NA,NA,NA,NA,NA,NA,NA,NA,NA,NA,NA,NA,NA,NA,NA,NA,NA,NA,NA,NA,NA,NA,NA,NA,NA,NA,NA,NA,NA,NA,NA,NA,NA,NA,NA,NA,NA,NA,NA,NA,NA,NA,NA,NA,NA,NA,NA,NA,NA,NA,NA,NA,true,TRUE,TRUE,3298.092255816158,3337.354298048015,3298.237563586087,39.26204223185732,39.26204223185732,8.000000000000046,FALSE,27.673,NA,NA,NA
nearly_gaussian,nearly Gaussian,NH,HT,41,1000,434,0.434,NA,TRUE,TRUE,TRUE,0,NA,-1640.4136137967137,3296.8272275934273,3336.0892698252846,3296.9725353633567,8,58.856,NA,3282.8272275934273,3287.7349828724095,1.000000000000017,NA,HeckmanEM,NA,raw_AIC_BIC_implied_logLik,finite_logLik_no_explicit_code,3,2.7617214137069475,-0.23827858629305257,0.4,0.3228414225807498,-0.0771585774192502,NA,NA,NA,NA,NA,NA,NA,NA,NA,NA,NA,NA,NA,NA,-0.7,-0.6665701869047954,0.03342981309520454,0.15,0.14618523106637216,-0.00381476893362783,1,0.9211832734978592,-0.07881672650214067,5,4.978696137029514,-0.02130386297048581,1.5,1.5123200911256631,0.01232009112566334,0.8,0.8620816114582995,0.06208161145829949,39.26204223185732,39.262042231857095,2.2737367544323206e-13,NA,NA,NA,NA,NA,NA,NA,NA,NA,NA,NA,NA,NA,NA,NA,NA,NA,NA,NA,NA,NA,NA,NA,NA,NA,NA,NA,NA,NA,NA,NA,NA,NA,NA,NA,NA,NA,NA,NA,NA,NA,NA,NA,NA,NA,NA,NA,NA,NA,NA,NA,NA,NA,NA,NA,NA,NA,NA,NA,NA,NA,NA,NA,NA,NA,NA,NA,NA,NA,NA,NA,NA,NA,NA,NA,NA,NA,NA,NA,NA,NA,NA,NA,NA,NA,NA,NA,NA,NA,NA,NA,NA,NA,NA,NA,NA,NA,NA,NA,NA,NA,NA,true,TRUE,TRUE,3296.8272275934273,3336.0892698252846,3296.9725353633567,39.26204223185732,39.26204223185732,8.000000000000046,FALSE,58.856,NA,NA,NA
nearly_gaussian,nearly Gaussian,NH,CN,41,1000,434,0.434,NA,TRUE,TRUE,TRUE,0,NA,-1640.2593574795526,3300.518714959105,3349.5962677489265,3300.741161875182,10,522.922,NA,3282.518714959105,3287.4264702380874,1.000000000000017,NA,HeckmanEM,NA,raw_AIC_BIC_implied_logLik,finite_logLik_no_explicit_code,3,2.7100008788989043,-0.2899991211010957,0.4,0.32239033717894067,-0.07760966282105936,NA,NA,NA,NA,NA,NA,NA,NA,NA,NA,NA,NA,NA,NA,-0.7,-0.6791162944170274,0.02088370558297259,0.15,0.1487653710805513,-0.00123462891944869,1,0.9389948706832996,-0.06100512931670032,5,4.972450087228831,-0.02754991277116936,1.5,1.5144314624189,0.01443146241890014,0.8,0.8681569443262103,0.06815694432621022,49.07755278982131,49.07755278982137,-5.684341886080802e-14,NA,NA,NA,NA,NA,NA,NA,NA,NA,NA,NA,NA,NA,NA,NA,NA,NA,NA,NA,NA,NA,NA,NA,NA,NA,NA,NA,NA,NA,NA,NA,NA,NA,NA,NA,NA,NA,NA,NA,NA,NA,NA,NA,NA,NA,NA,NA,NA,NA,NA,NA,NA,NA,NA,NA,NA,NA,NA,NA,NA,NA,NA,NA,NA,NA,NA,NA,NA,NA,NA,NA,NA,NA,NA,NA,NA,NA,NA,NA,NA,NA,NA,NA,NA,NA,NA,NA,NA,NA,NA,NA,NA,NA,NA,NA,NA,NA,NA,NA,NA,NA,NA,true,TRUE,TRUE,3300.518714959105,3349.5962677489265,3300.741161875182,49.07755278982131,49.07755278982131,9.999999999999988,FALSE,522.922,NA,NA,NA
nearly_gaussian,nearly Gaussian,NH,ESN,41,1000,434,0.434,NA,TRUE,TRUE,TRUE,0,CONVERGENCE: REL_REDUCTION_OF_F <= FACTR*EPSMCH,-1641.0424161785818,3304.0848323571636,3358.070140425967,3304.3520388348966,11,6546.946,NA,NA,NA,NA,1,stage2,1641.04241661528;1641.04470062136;1641.04369556745;1641.0463795573;1641.04538722139;1641.04573867595;1641.04544937109;1641.04619161727;1641.0448775034;1641.04607697942;1641.04774496533;1641.04388212389;1641.04456212671;1641.04612751185,proposed_likelihood,stage2,3,2.9519255205285644,-0.04807447947143561,0.4,0.30876754364200293,-0.0912324563579971,NA,0.00979591208448475,NA,NA,-0.30049553006946234,NA,NA,0.00946455957395374,NA,NA,0.00946455957395374,NA,NA,NA,-0.7,-0.6631011225335199,0.03689887746648002,0.15,0.1439283554167933,-0.00607164458320669,1,0.9061177558828007,-0.09388224411719924,5,5.643873727536294,0.6438737275362936,1.5,1.507361029408014,0.00736102940801397,0.8,0.8474468031823733,0.04744680318237326,53.98530806880353,53.985308068803505,2.842170943040401e-14,NA,NA,NA,NA,NA,NA,NA,NA,NA,NA,NA,NA,NA,NA,NA,NA,NA,NA,NA,NA,NA,NA,NA,NA,NA,NA,NA,NA,NA,NA,NA,NA,NA,NA,NA,NA,NA,NA,NA,NA,NA,NA,NA,NA,NA,NA,NA,NA,NA,NA,NA,NA,NA,NA,NA,NA,NA,NA,NA,NA,NA,NA,NA,NA,NA,NA,NA,NA,NA,NA,NA,NA,NA,NA,NA,NA,NA,NA,NA,NA,NA,NA,NA,NA,NA,NA,NA,NA,NA,NA,NA,NA,NA,NA,NA,NA,NA,NA,NA,NA,NA,NA,true,TRUE,TRUE,3304.0848323571636,3358.070140425967,3304.3520388348966,53.98530806880353,53.98530806880353,11.000000000000005,FALSE,6546.946,FALSE,FALSE,FALSE
nearly_gaussian,nearly Gaussian,NH,EST,41,1000,434,0.434,NA,TRUE,TRUE,TRUE,0,CONVERGENCE: REL_REDUCTION_OF_F <= FACTR*EPSMCH,-1646.9635502862425,3317.9271005724845,3376.8201639202703,3318.243209994977,12,15752.47,NA,NA,NA,NA,31,stage2,1646.98413113614;1e+12;1e+12;1646.98529974851;1e+12;1e+12;1646.98293328218;1e+12;1e+12;1646.97758290558;1e+12;1e+12;1646.97234578051;1e+12;1e+12;1646.96990769781;1e+12;1e+12;1646.98437034797;1e+12;1e+12;1646.97799434186;1e+12;1e+12;1646.98539967153;1e+12;1e+12;1646.96556017618;1e+12;1e+12;1646.96355179629;1e+12;1e+12;1646.96685747553;1e+12;1e+12;1646.98549819383;1e+12;1e+12;1646.9838329668;1e+12;1e+12,proposed_likelihood,stage2,3,3.024225758049121,0.02422575804912119,0.4,0.5750410380860043,0.17504103808600424,NA,-1.3098315906129951,NA,NA,-0.3581372015917709,NA,NA,1.4925821305300957,NA,NA,1.4925821305300957,NA,4,NA,-0.7,-0.3065218521668087,0.3934781478331912,0.15,0.13204627996690976,-0.01795372003309023,1,0.8147412027121516,-0.18525879728784844,5,5.282870834206499,0.2828708342064994,1.5,1.5009604526356928,9.604526356927768e-4,0.8,0.894365624855271,0.094365624855271,58.893063347785755,58.89306334778564,1.1368683772161603e-13,NA,NA,NA,NA,NA,NA,NA,NA,NA,NA,NA,NA,NA,NA,NA,NA,NA,NA,NA,NA,NA,NA,NA,NA,NA,NA,NA,NA,NA,NA,NA,NA,NA,NA,NA,NA,NA,NA,NA,NA,NA,NA,NA,NA,NA,NA,NA,NA,NA,NA,NA,NA,NA,NA,NA,NA,NA,NA,NA,NA,NA,NA,NA,NA,NA,NA,NA,NA,NA,NA,NA,NA,NA,NA,NA,NA,NA,NA,NA,NA,NA,NA,NA,NA,NA,NA,NA,NA,NA,NA,NA,NA,NA,NA,NA,NA,NA,NA,NA,NA,NA,NA,true,TRUE,TRUE,3317.927100572485,3376.8201639202707,3318.2432099949774,58.893063347785755,58.893063347785755,12.000000000000023,FALSE,15752.47,FALSE,FALSE,TRUE
nearly_gaussian,nearly Gaussian,NH,NH,42,1000,444,0.444,NA,TRUE,TRUE,TRUE,0,NA,-1653.6671025916846,3323.3342051833692,3362.5962474152266,3323.4795129532986,8,39.04,NA,3309.3342051833692,3314.2419604623515,1.000000000000017,NA,HeckmanEM,NA,raw_AIC_BIC_implied_logLik,finite_logLik_no_explicit_code,3,2.8799741863650636,-0.12002581363493636,0.4,0.33162367385601377,-0.06837632614398625,NA,NA,NA,NA,NA,NA,NA,NA,NA,NA,NA,NA,NA,NA,-0.7,-0.7206270622916815,-0.02062706229168154,0.15,0.1496833789746772,-3.166210253227886e-4,1,1.0630690733104209,0.06306907331042066,5,5.435227058293164,0.4352270582931643,1.5,1.437197994673599,-0.0628020053264009,0.8,0.6343721023515506,-0.16562789764844943,39.26204223185732,39.262042231857095,2.2737367544323206e-13,NA,NA,NA,NA,NA,NA,NA,NA,NA,NA,NA,NA,NA,NA,NA,NA,NA,NA,NA,NA,NA,NA,NA,NA,NA,NA,NA,NA,NA,NA,NA,NA,NA,NA,NA,NA,NA,NA,NA,NA,NA,NA,NA,NA,NA,NA,NA,NA,NA,NA,NA,NA,NA,NA,NA,NA,NA,NA,NA,NA,NA,NA,NA,NA,NA,NA,NA,NA,NA,NA,NA,NA,NA,NA,NA,NA,NA,NA,NA,NA,NA,NA,NA,NA,NA,NA,NA,NA,NA,NA,NA,NA,NA,NA,NA,NA,NA,NA,NA,NA,NA,NA,true,TRUE,TRUE,3323.3342051833692,3362.5962474152266,3323.4795129532986,39.26204223185732,39.26204223185732,8.000000000000046,FALSE,39.04,NA,NA,NA
nearly_gaussian,nearly Gaussian,NH,HT,42,1000,444,0.444,NA,TRUE,TRUE,TRUE,0,NA,-1653.7481412055236,3323.496282411047,3362.758324642904,3323.6415901809764,8,57.517,NA,3309.496282411047,3314.4040376900293,1.000000000000017,NA,HeckmanEM,NA,raw_AIC_BIC_implied_logLik,finite_logLik_no_explicit_code,3,2.860585824487937,-0.13941417551206303,0.4,0.3314766291068695,-0.06852337089313054,NA,NA,NA,NA,NA,NA,NA,NA,NA,NA,NA,NA,NA,NA,-0.7,-0.7231402971552299,-0.02314029715522991,0.15,0.1501479723259141,1.4797232591409748e-4,1,1.066672517757621,0.06667251775762106,5,5.435223453997978,0.4352234539979776,1.5,1.4362543480705996,-0.0637456519294004,0.8,0.6357875765505843,-0.16421242344941578,39.26204223185687,39.262042231857095,-2.2737367544323206e-13,NA,NA,NA,NA,NA,NA,NA,NA,NA,NA,NA,NA,NA,NA,NA,NA,NA,NA,NA,NA,NA,NA,NA,NA,NA,NA,NA,NA,NA,NA,NA,NA,NA,NA,NA,NA,NA,NA,NA,NA,NA,NA,NA,NA,NA,NA,NA,NA,NA,NA,NA,NA,NA,NA,NA,NA,NA,NA,NA,NA,NA,NA,NA,NA,NA,NA,NA,NA,NA,NA,NA,NA,NA,NA,NA,NA,NA,NA,NA,NA,NA,NA,NA,NA,NA,NA,NA,NA,NA,NA,NA,NA,NA,NA,NA,NA,NA,NA,NA,NA,NA,NA,true,TRUE,TRUE,3323.496282411047,3362.758324642904,3323.6415901809764,39.26204223185687,39.26204223185687,7.999999999999954,FALSE,57.517,NA,NA,NA
nearly_gaussian,nearly Gaussian,NH,CN,42,1000,444,0.444,NA,TRUE,TRUE,TRUE,0,NA,-1653.6671082287228,3327.3342164574456,3376.411769247267,3327.5566633735225,10,336.168,NA,3309.3342164574456,3314.241971736428,1.000000000000017,NA,HeckmanEM,NA,raw_AIC_BIC_implied_logLik,finite_logLik_no_explicit_code,3,2.879537959401831,-0.12046204059816912,0.4,0.33140269681135764,-0.06859730318864238,NA,NA,NA,NA,NA,NA,NA,NA,NA,NA,NA,NA,NA,NA,-0.7,-0.7207302963086276,-0.02073029630862766,0.15,0.1497027575091751,-2.9724249082488385e-4,1,1.063220810496133,0.06322081049613293,5,5.43575862814665,0.4357586281466501,1.5,1.437171115346772,-0.06282888465322811,0.8,0.634379509968539,-0.1656204900314611,49.07755278982131,49.07755278982137,-5.684341886080802e-14,NA,NA,NA,NA,NA,NA,NA,NA,NA,NA,NA,NA,NA,NA,NA,NA,NA,NA,NA,NA,NA,NA,NA,NA,NA,NA,NA,NA,NA,NA,NA,NA,NA,NA,NA,NA,NA,NA,NA,NA,NA,NA,NA,NA,NA,NA,NA,NA,NA,NA,NA,NA,NA,NA,NA,NA,NA,NA,NA,NA,NA,NA,NA,NA,NA,NA,NA,NA,NA,NA,NA,NA,NA,NA,NA,NA,NA,NA,NA,NA,NA,NA,NA,NA,NA,NA,NA,NA,NA,NA,NA,NA,NA,NA,NA,NA,NA,NA,NA,NA,NA,NA,true,TRUE,TRUE,3327.3342164574456,3376.411769247267,3327.5566633735225,49.07755278982131,49.07755278982131,9.999999999999988,FALSE,336.168,NA,NA,NA
nearly_gaussian,nearly Gaussian,NH,ESN,42,1000,444,0.444,NA,TRUE,TRUE,TRUE,0,CONVERGENCE: REL_REDUCTION_OF_F <= FACTR*EPSMCH,-1652.9527146760972,3327.9054293521945,3381.890737420998,3328.1726358299275,11,16273.953,NA,NA,NA,NA,8,stage2,1653.42319988714;1653.40230821017;1652.95443998221;1653.03867554512;1652.95551571398;1652.98647991046;1653.1647037711;1652.95396295563;1652.96785865573;1652.96527468198;1652.95899985189;1653.39971814409;1653.08205594603;1653.6671022592,proposed_likelihood,stage2,3,2.945690938200986,-0.05430906179901385,0.4,0.23677332803045148,-0.16322667196954854,NA,1.4925821305300957,NA,NA,-1.0613575736334575,NA,NA,1.1817687874041685,NA,NA,1.1817687874041685,NA,NA,NA,-0.7,-0.9536625946491772,-0.2536625946491773,0.15,0.12964044133305364,-0.02035955866694636,1,0.9275401222142364,-0.07245987778576368,5,5.738295161717716,0.7382951617177156,1.5,1.433026678559013,-0.06697332144098733,0.8,0.626376846138017,-0.17362315386198302,53.98530806880353,53.985308068803505,2.842170943040401e-14,NA,NA,NA,NA,NA,NA,NA,NA,NA,NA,NA,NA,NA,NA,NA,NA,NA,NA,NA,NA,NA,NA,NA,NA,NA,NA,NA,NA,NA,NA,NA,NA,NA,NA,NA,NA,NA,NA,NA,NA,NA,NA,NA,NA,NA,NA,NA,NA,NA,NA,NA,NA,NA,NA,NA,NA,NA,NA,NA,NA,NA,NA,NA,NA,NA,NA,NA,NA,NA,NA,NA,NA,NA,NA,NA,NA,NA,NA,NA,NA,NA,NA,NA,NA,NA,NA,NA,NA,NA,NA,NA,NA,NA,NA,NA,NA,NA,NA,NA,NA,NA,NA,true,TRUE,TRUE,3327.9054293521945,3381.890737420998,3328.1726358299275,53.98530806880353,53.98530806880353,11.000000000000005,FALSE,16273.953,TRUE,FALSE,FALSE
nearly_gaussian,nearly Gaussian,NH,EST,42,1000,444,0.444,NA,TRUE,TRUE,TRUE,0,CONVERGENCE: REL_REDUCTION_OF_F <= FACTR*EPSMCH,-1661.8972403364176,3347.794480672835,3406.687544020621,3348.1105900953276,12,17337.372999999996,NA,NA,NA,NA,22,stage2,1661.897247802;1e+12;1e+12;1661.89728587504;1e+12;1e+12;1661.89748736212;1e+12;1e+12;1661.90841019039;1e+12;1e+12;1661.89780018631;1e+12;1e+12;1661.89811025164;1e+12;1e+12;1661.89728653404;1e+12;1e+12;1661.89724064328;1e+12;1e+12;1661.89731563837;1e+12;1e+12;1661.89724900398;1e+12;1e+12;1661.90074068491;1e+12;1e+12;1661.89724945115;1e+12;1e+12;1661.89763987757;1e+12;1e+12;1661.89724292411;1e+12;1e+12,proposed_likelihood,stage2,3,3.079864494282434,0.07986449428243336,0.4,0.5548672017294481,0.15486720172944812,NA,-0.9479582708373092,NA,NA,-0.6895380978927417,NA,NA,1.4925821305300957,NA,NA,1.4925821305300957,NA,4,NA,-0.7,-0.49058311277206135,0.2094168872279386,0.15,0.14697321249755388,-0.00302678750244611,1,1.039194435871556,0.03919443587155613,5,5.951658427488741,0.9516584274887414,1.5,1.4450275767767369,-0.05497242322326312,0.8,0.6339237071737448,-0.16607629282625525,58.893063347785755,58.89306334778564,1.1368683772161603e-13,NA,NA,NA,NA,NA,NA,NA,NA,NA,NA,NA,NA,NA,NA,NA,NA,NA,NA,NA,NA,NA,NA,NA,NA,NA,NA,NA,NA,NA,NA,NA,NA,NA,NA,NA,NA,NA,NA,NA,NA,NA,NA,NA,NA,NA,NA,NA,NA,NA,NA,NA,NA,NA,NA,NA,NA,NA,NA,NA,NA,NA,NA,NA,NA,NA,NA,NA,NA,NA,NA,NA,NA,NA,NA,NA,NA,NA,NA,NA,NA,NA,NA,NA,NA,NA,NA,NA,NA,NA,NA,NA,NA,NA,NA,NA,NA,NA,NA,NA,NA,NA,NA,true,TRUE,TRUE,3347.794480672835,3406.687544020621,3348.1105900953276,58.893063347785755,58.893063347785755,12.000000000000023,FALSE,17337.372999999996,FALSE,FALSE,TRUE
nearly_gaussian,nearly Gaussian,NH,NH,43,1000,453,0.453,NA,TRUE,TRUE,TRUE,0,NA,-1696.66366503571,3409.32733007142,3448.589372303277,3409.4726378413493,8,46.047,NA,3395.32733007142,3400.235085350402,1.000000000000017,NA,HeckmanEM,NA,raw_AIC_BIC_implied_logLik,finite_logLik_no_explicit_code,3,3.0956187712794927,0.0956187712794927,0.4,0.5234114657681452,0.1234114657681452,NA,NA,NA,NA,NA,NA,NA,NA,NA,NA,NA,NA,NA,NA,-0.7,-0.6434818037579362,0.05651819624206378,0.15,0.14401482977863023,-0.00598517022136976,1,0.9751813654599736,-0.0248186345400263,5,4.30908788104457,-0.6909121189554304,1.5,1.283388150523655,-0.21661184947634493,0.8,1.0547535239090131,0.2547535239090133,39.26204223185687,39.262042231857095,-2.2737367544323206e-13,NA,NA,NA,NA,NA,NA,NA,NA,NA,NA,NA,NA,NA,NA,NA,NA,NA,NA,NA,NA,NA,NA,NA,NA,NA,NA,NA,NA,NA,NA,NA,NA,NA,NA,NA,NA,NA,NA,NA,NA,NA,NA,NA,NA,NA,NA,NA,NA,NA,NA,NA,NA,NA,NA,NA,NA,NA,NA,NA,NA,NA,NA,NA,NA,NA,NA,NA,NA,NA,NA,NA,NA,NA,NA,NA,NA,NA,NA,NA,NA,NA,NA,NA,NA,NA,NA,NA,NA,NA,NA,NA,NA,NA,NA,NA,NA,NA,NA,NA,NA,NA,NA,true,TRUE,TRUE,3409.32733007142,3448.589372303277,3409.4726378413493,39.26204223185687,39.26204223185687,7.999999999999954,FALSE,46.047,NA,NA,NA
nearly_gaussian,nearly Gaussian,NH,HT,43,1000,453,0.453,NA,TRUE,TRUE,TRUE,0,NA,-1696.8376230374076,3409.6752460748153,3448.9372883066726,3409.8205538447446,8,69.858,NA,3395.6752460748153,3400.5830013537975,1.000000000000017,NA,HeckmanEM,NA,raw_AIC_BIC_implied_logLik,finite_logLik_no_explicit_code,3,3.0747645410744298,0.07476454107442976,0.4,0.5222580738832855,0.12225807388328548,NA,NA,NA,NA,NA,NA,NA,NA,NA,NA,NA,NA,NA,NA,-0.7,-0.6455224988280875,0.05447750117191241,0.15,0.14448691740318026,-0.00551308259681973,1,0.978169605311509,-0.02183039468849101,5,4.311486166760828,-0.6885138332391723,1.5,1.2864188008081994,-0.21358119919180063,0.8,1.0555659519877565,0.25556595198775645,39.26204223185732,39.262042231857095,2.2737367544323206e-13,NA,NA,NA,NA,NA,NA,NA,NA,NA,NA,NA,NA,NA,NA,NA,NA,NA,NA,NA,NA,NA,NA,NA,NA,NA,NA,NA,NA,NA,NA,NA,NA,NA,NA,NA,NA,NA,NA,NA,NA,NA,NA,NA,NA,NA,NA,NA,NA,NA,NA,NA,NA,NA,NA,NA,NA,NA,NA,NA,NA,NA,NA,NA,NA,NA,NA,NA,NA,NA,NA,NA,NA,NA,NA,NA,NA,NA,NA,NA,NA,NA,NA,NA,NA,NA,NA,NA,NA,NA,NA,NA,NA,NA,NA,NA,NA,NA,NA,NA,NA,NA,NA,true,TRUE,TRUE,3409.6752460748153,3448.9372883066726,3409.8205538447446,39.26204223185732,39.26204223185732,8.000000000000046,FALSE,69.858,NA,NA,NA
nearly_gaussian,nearly Gaussian,NH,CN,43,1000,453,0.453,NA,TRUE,TRUE,TRUE,0,NA,-1696.6636657809904,3413.327331561981,3462.404884351802,3413.5497784780578,10,210.95900000000003,NA,3395.327331561981,3400.235086840963,1.000000000000017,NA,HeckmanEM,NA,raw_AIC_BIC_implied_logLik,finite_logLik_no_explicit_code,3,3.09521904473749,0.09521904473748988,0.4,0.5231810874401804,0.1231810874401804,NA,NA,NA,NA,NA,NA,NA,NA,NA,NA,NA,NA,NA,NA,-0.7,-0.6435516912667001,0.05644830873329987,0.15,0.144030274334434,-0.005969725665566,1,0.975281308682974,-0.02471869131702608,5,4.309791568137153,-0.690208431862847,1.5,1.2833981995795931,-0.21660180042040664,0.8,1.0547421703385107,0.25474217033851065,49.07755278982131,49.07755278982137,-5.684341886080802e-14,NA,NA,NA,NA,NA,NA,NA,NA,NA,NA,NA,NA,NA,NA,NA,NA,NA,NA,NA,NA,NA,NA,NA,NA,NA,NA,NA,NA,NA,NA,NA,NA,NA,NA,NA,NA,NA,NA,NA,NA,NA,NA,NA,NA,NA,NA,NA,NA,NA,NA,NA,NA,NA,NA,NA,NA,NA,NA,NA,NA,NA,NA,NA,NA,NA,NA,NA,NA,NA,NA,NA,NA,NA,NA,NA,NA,NA,NA,NA,NA,NA,NA,NA,NA,NA,NA,NA,NA,NA,NA,NA,NA,NA,NA,NA,NA,NA,NA,NA,NA,NA,NA,true,TRUE,TRUE,3413.327331561981,3462.404884351802,3413.5497784780578,49.07755278982131,49.07755278982131,9.999999999999988,FALSE,210.95900000000003,NA,NA,NA
nearly_gaussian,nearly Gaussian,NH,ESN,43,1000,453,0.453,NA,TRUE,TRUE,TRUE,0,CONVERGENCE: REL_REDUCTION_OF_F <= FACTR*EPSMCH,-1696.598953910319,3415.197907820638,3469.183215889442,3415.4651142983716,11,11676.825,NA,NA,NA,NA,10,stage2,1696.66634871382;1696.66340413653;1696.66466943514;1696.66425714877;1696.66385630538;1696.66371214826;1696.66623652389;1696.66378082404;1696.6638463712;1696.59896611854;1696.65910612542;1696.66277213733;1696.66494013416;1696.66366481441,proposed_likelihood,stage2,3,3.1694276687206537,0.1694276687206537,0.4,0.41925444247621874,0.01925444247621871,NA,-0.5417796591723891,NA,NA,0.7201519759370031,NA,NA,1.1371369707258283,NA,NA,1.1371369707258283,NA,NA,NA,-0.7,-0.4835900848521232,0.21640991514787675,0.15,0.13913347260354847,-0.01086652739645152,1,0.9419970728487812,-0.05800292715121891,5,4.009853415273708,-0.9901465847262916,1.5,1.282945967052778,-0.21705403294722192,0.8,1.0529950721705488,0.25299507217054873,53.98530806880353,53.985308068803505,2.842170943040401e-14,NA,NA,NA,NA,NA,NA,NA,NA,NA,NA,NA,NA,NA,NA,NA,NA,NA,NA,NA,NA,NA,NA,NA,NA,NA,NA,NA,NA,NA,NA,NA,NA,NA,NA,NA,NA,NA,NA,NA,NA,NA,NA,NA,NA,NA,NA,NA,NA,NA,NA,NA,NA,NA,NA,NA,NA,NA,NA,NA,NA,NA,NA,NA,NA,NA,NA,NA,NA,NA,NA,NA,NA,NA,NA,NA,NA,NA,NA,NA,NA,NA,NA,NA,NA,NA,NA,NA,NA,NA,NA,NA,NA,NA,NA,NA,NA,NA,NA,NA,NA,NA,NA,true,TRUE,TRUE,3415.197907820638,3469.1832158894417,3415.465114298371,53.98530806880399,53.98530806880353,11.000000000000098,FALSE,11676.825,FALSE,FALSE,FALSE
nearly_gaussian,nearly Gaussian,NH,EST,43,1000,453,0.453,NA,TRUE,TRUE,TRUE,0,CONVERGENCE: REL_REDUCTION_OF_F <= FACTR*EPSMCH,-1707.333050594948,3438.666101189896,3497.5591645376817,3438.9822106123884,12,16855.102,NA,NA,NA,NA,16,stage2,1707.39844332674;1e+12;1e+12;1707.33331290327;1e+12;1e+12;1707.3653515961;1e+12;1e+12;1707.33310738399;1e+12;1e+12;1707.33305781423;1e+12;1e+12;1707.33305600066;1e+12;1e+12;1707.33666662441;1e+12;1e+12;1707.33323353238;1e+12;1e+12;1707.3983222869;1e+12;1e+12;1707.33331642696;1e+12;1e+12;1707.33387537369;1e+12;1e+12;1707.39484688434;1e+12;1e+12;1707.40243342217;1e+12;1e+12;1707.34362942382;1e+12;1e+12,proposed_likelihood,stage2,3,3.5752665791306057,0.5752665791306057,0.4,0.7216655601662106,0.3216655601662106,NA,-1.1904680467302442,NA,NA,-0.6029158832916737,NA,NA,1.4925821305300957,NA,NA,1.4925821305300957,NA,4,NA,-0.7,-0.3355101355724549,0.36448986442754505,0.15,0.13296456698777925,-0.01703543301222074,1,0.9087535461825642,-0.0912464538174358,5,4.930620473401612,-0.06937952659838764,1.5,1.3372532852403898,-0.16274671475961022,0.8,1.0863459147195913,0.28634591471959125,58.893063347785755,58.89306334778564,1.1368683772161603e-13,NA,NA,NA,NA,NA,NA,NA,NA,NA,NA,NA,NA,NA,NA,NA,NA,NA,NA,NA,NA,NA,NA,NA,NA,NA,NA,NA,NA,NA,NA,NA,NA,NA,NA,NA,NA,NA,NA,NA,NA,NA,NA,NA,NA,NA,NA,NA,NA,NA,NA,NA,NA,NA,NA,NA,NA,NA,NA,NA,NA,NA,NA,NA,NA,NA,NA,NA,NA,NA,NA,NA,NA,NA,NA,NA,NA,NA,NA,NA,NA,NA,NA,NA,NA,NA,NA,NA,NA,NA,NA,NA,NA,NA,NA,NA,NA,NA,NA,NA,NA,NA,NA,true,TRUE,TRUE,3438.666101189896,3497.5591645376817,3438.9822106123884,58.893063347785755,58.893063347785755,12.000000000000023,FALSE,16855.102,FALSE,FALSE,TRUE
nearly_gaussian,nearly Gaussian,NH,NH,44,1000,423,0.423,NA,TRUE,TRUE,TRUE,0,NA,-1630.8278113075369,3277.6556226150738,3316.917664846931,3277.800930385003,8,72.65299999999999,NA,3263.6556226150738,3268.563377894056,1.000000000000017,NA,HeckmanEM,NA,raw_AIC_BIC_implied_logLik,finite_logLik_no_explicit_code,3,3.049091245551275,0.04909124555127509,0.4,0.45243787577919253,0.05243787577919251,NA,NA,NA,NA,NA,NA,NA,NA,NA,NA,NA,NA,NA,NA,-0.7,-0.6943070211036628,0.00569297889633713,0.15,0.13008221407702136,-0.01991778592297863,1,0.9229336100507106,-0.07706638994928938,5,5.026330700625,0.02633070062500042,1.5,1.5352676523316346,0.03526765233163465,0.8,0.8023447402955444,0.00234474029554432,39.26204223185732,39.262042231857095,2.2737367544323206e-13,NA,NA,NA,NA,NA,NA,NA,NA,NA,NA,NA,NA,NA,NA,NA,NA,NA,NA,NA,NA,NA,NA,NA,NA,NA,NA,NA,NA,NA,NA,NA,NA,NA,NA,NA,NA,NA,NA,NA,NA,NA,NA,NA,NA,NA,NA,NA,NA,NA,NA,NA,NA,NA,NA,NA,NA,NA,NA,NA,NA,NA,NA,NA,NA,NA,NA,NA,NA,NA,NA,NA,NA,NA,NA,NA,NA,NA,NA,NA,NA,NA,NA,NA,NA,NA,NA,NA,NA,NA,NA,NA,NA,NA,NA,NA,NA,NA,NA,NA,NA,NA,NA,true,TRUE,TRUE,3277.6556226150738,3316.917664846931,3277.800930385003,39.26204223185732,39.26204223185732,8.000000000000046,FALSE,72.65299999999999,NA,NA,NA
nearly_gaussian,nearly Gaussian,NH,HT,44,1000,423,0.423,NA,TRUE,TRUE,TRUE,0,NA,-1630.7836000987568,3277.5672001975136,3316.8292424293704,3277.712507967443,8,112.702,NA,3263.5672001975136,3268.474955476496,1.000000000000017,NA,HeckmanEM,NA,raw_AIC_BIC_implied_logLik,finite_logLik_no_explicit_code,3,3.005535751475457,0.00553575147545704,0.4,0.4496972636002221,0.04969726360022208,NA,NA,NA,NA,NA,NA,NA,NA,NA,NA,NA,NA,NA,NA,-0.7,-0.6985612936303954,0.00143870636960452,0.15,0.13111204312286392,-0.01888795687713607,1,0.928475311616311,-0.07152468838368897,5,5.041737338453568,0.04173733845356775,1.5,1.5364245499818523,0.03642454998185229,0.8,0.8029614188238359,0.00296141882383582,39.26204223185687,39.262042231857095,-2.2737367544323206e-13,NA,NA,NA,NA,NA,NA,NA,NA,NA,NA,NA,NA,NA,NA,NA,NA,NA,NA,NA,NA,NA,NA,NA,NA,NA,NA,NA,NA,NA,NA,NA,NA,NA,NA,NA,NA,NA,NA,NA,NA,NA,NA,NA,NA,NA,NA,NA,NA,NA,NA,NA,NA,NA,NA,NA,NA,NA,NA,NA,NA,NA,NA,NA,NA,NA,NA,NA,NA,NA,NA,NA,NA,NA,NA,NA,NA,NA,NA,NA,NA,NA,NA,NA,NA,NA,NA,NA,NA,NA,NA,NA,NA,NA,NA,NA,NA,NA,NA,NA,NA,NA,NA,true,TRUE,TRUE,3277.5672001975136,3316.8292424293704,3277.712507967443,39.26204223185687,39.26204223185687,7.999999999999954,FALSE,112.702,NA,NA,NA
nearly_gaussian,nearly Gaussian,NH,CN,44,1000,423,0.423,NA,TRUE,TRUE,TRUE,0,NA,-1630.8236448234773,3281.6472896469545,3330.724842436776,3281.869736563031,10,532.136,NA,3263.6472896469545,3268.5550449259367,1.000000000000017,NA,HeckmanEM,NA,raw_AIC_BIC_implied_logLik,finite_logLik_no_explicit_code,3,3.0300464419921447,0.03004644199214468,0.4,0.4518554001035025,0.05185540010350248,NA,NA,NA,NA,NA,NA,NA,NA,NA,NA,NA,NA,NA,NA,-0.7,-0.6979117706444388,0.00208822935556118,0.15,0.1307944883681901,-0.01920551163180989,1,0.9276981641931028,-0.07230183580689731,5,5.028789359087494,0.02878935908749369,1.5,1.5352664128990996,0.0352664128990996,0.8,0.8025739705753605,0.00257397057536046,49.07755278982131,49.07755278982137,-5.684341886080802e-14,NA,NA,NA,NA,NA,NA,NA,NA,NA,NA,NA,NA,NA,NA,NA,NA,NA,NA,NA,NA,NA,NA,NA,NA,NA,NA,NA,NA,NA,NA,NA,NA,NA,NA,NA,NA,NA,NA,NA,NA,NA,NA,NA,NA,NA,NA,NA,NA,NA,NA,NA,NA,NA,NA,NA,NA,NA,NA,NA,NA,NA,NA,NA,NA,NA,NA,NA,NA,NA,NA,NA,NA,NA,NA,NA,NA,NA,NA,NA,NA,NA,NA,NA,NA,NA,NA,NA,NA,NA,NA,NA,NA,NA,NA,NA,NA,NA,NA,NA,NA,NA,NA,true,TRUE,TRUE,3281.6472896469545,3330.724842436776,3281.8697365630314,49.07755278982131,49.07755278982131,9.999999999999988,FALSE,532.136,NA,NA,NA
nearly_gaussian,nearly Gaussian,NH,ESN,44,1000,423,0.423,NA,TRUE,TRUE,TRUE,0,CONVERGENCE: REL_REDUCTION_OF_F <= FACTR*EPSMCH,-1629.508904863407,3281.017809726814,3335.0031177956175,3281.285016204547,11,17600.274,NA,NA,NA,NA,13,stage2,1629.53769504153;1629.57518022872;1629.54792729238;1630.56327418917;1629.53249506689;1630.56260057037;1630.5616780833;1629.53825343755;1629.52866892409;1630.56549100524;1629.53913644025;1629.56881417235;1629.51184374809;1630.82781101856,proposed_likelihood,stage2,3,3.6511254944570553,0.6511254944570553,0.4,0.22434335100055855,-0.17565664899944147,NA,0.6541152046472156,NA,NA,-1.3742424437724563,NA,NA,-0.8949355198187721,NA,NA,-0.8949355198187721,NA,NA,NA,-0.7,-1.066805724300729,-0.366805724300729,0.15,0.1232769837256498,-0.02672301627435018,1,0.8777787223374224,-0.12222127766257762,5,7.625271717898976,2.6252717178989755,1.5,1.5222350668623046,0.02223506686230458,0.8,0.804658314235847,0.00465831423584695,53.98530806880353,53.985308068803505,2.842170943040401e-14,NA,NA,NA,NA,NA,NA,NA,NA,NA,NA,NA,NA,NA,NA,NA,NA,NA,NA,NA,NA,NA,NA,NA,NA,NA,NA,NA,NA,NA,NA,NA,NA,NA,NA,NA,NA,NA,NA,NA,NA,NA,NA,NA,NA,NA,NA,NA,NA,NA,NA,NA,NA,NA,NA,NA,NA,NA,NA,NA,NA,NA,NA,NA,NA,NA,NA,NA,NA,NA,NA,NA,NA,NA,NA,NA,NA,NA,NA,NA,NA,NA,NA,NA,NA,NA,NA,NA,NA,NA,NA,NA,NA,NA,NA,NA,NA,NA,NA,NA,NA,NA,NA,true,TRUE,TRUE,3281.017809726814,3335.0031177956175,3281.285016204547,53.98530806880353,53.98530806880353,11.000000000000005,FALSE,17600.274,FALSE,FALSE,FALSE
nearly_gaussian,nearly Gaussian,NH,EST,44,1000,423,0.423,NA,TRUE,TRUE,TRUE,0,CONVERGENCE: REL_REDUCTION_OF_F <= FACTR*EPSMCH,-1634.8412699579967,3293.6825399159934,3352.575603263779,3293.998649338486,12,17523.745000000003,NA,NA,NA,NA,16,stage2,1634.85383488565;1e+12;1e+12;1634.84961177956;1e+12;1e+12;1634.84423856725;1e+12;1e+12;1634.84903383354;1e+12;1e+12;1634.84501328851;1e+12;1e+12;1634.84127093162;1e+12;1e+12;1634.85437278019;1e+12;1e+12;1634.84433449739;1e+12;1e+12;1634.85149386135;1e+12;1e+12;1634.84165098084;1e+12;1e+12;1634.85368987597;1e+12;1e+12;1634.84757524311;1e+12;1e+12;1634.85877185473;1e+12;1e+12;1634.85482519958;1e+12;1e+12,proposed_likelihood,stage2,3,3.6833086973511553,0.6833086973511553,0.4,0.7218583495079867,0.32185834950798664,NA,-1.3815943322936002,NA,NA,-0.6982006883504935,NA,NA,1.4925821305300957,NA,NA,1.4925821305300957,NA,4,NA,-0.7,-0.3346399795834793,0.36536002041652066,0.15,0.11974358453055704,-0.03025641546944296,1,0.8387282838656056,-0.1612717161343944,5,5.74449271090425,0.7444927109042503,1.5,1.5359295808134072,0.03592958081340725,0.8,0.815499356575163,0.01549935657516299,58.893063347785755,58.89306334778564,1.1368683772161603e-13,NA,NA,NA,NA,NA,NA,NA,NA,NA,NA,NA,NA,NA,NA,NA,NA,NA,NA,NA,NA,NA,NA,NA,NA,NA,NA,NA,NA,NA,NA,NA,NA,NA,NA,NA,NA,NA,NA,NA,NA,NA,NA,NA,NA,NA,NA,NA,NA,NA,NA,NA,NA,NA,NA,NA,NA,NA,NA,NA,NA,NA,NA,NA,NA,NA,NA,NA,NA,NA,NA,NA,NA,NA,NA,NA,NA,NA,NA,NA,NA,NA,NA,NA,NA,NA,NA,NA,NA,NA,NA,NA,NA,NA,NA,NA,NA,NA,NA,NA,NA,NA,NA,true,TRUE,TRUE,3293.6825399159934,3352.575603263779,3293.998649338486,58.893063347785755,58.893063347785755,12.000000000000023,FALSE,17523.745000000003,FALSE,FALSE,TRUE
nearly_gaussian,nearly Gaussian,NH,NH,45,1000,445,0.445,NA,TRUE,TRUE,TRUE,0,NA,-1704.3670120532215,3424.7340241064435,3463.996066338301,3424.879331876373,8,47.069,NA,3410.7340241064435,3415.6417793854257,1.000000000000017,NA,HeckmanEM,NA,raw_AIC_BIC_implied_logLik,finite_logLik_no_explicit_code,3,3.131644317192167,0.13164431719216685,0.4,0.3441414149904659,-0.05585858500953411,NA,NA,NA,NA,NA,NA,NA,NA,NA,NA,NA,NA,NA,NA,-0.7,-0.6531842658047415,0.04681573419525842,0.15,0.16487184160279084,0.01487184160279084,1,0.9229546633882284,-0.07704533661177149,5,5.099097311586288,0.09909731158628789,1.5,1.5378463069755997,0.03784630697559965,0.8,0.791823857518784,-0.008176142481216,39.26204223185732,39.262042231857095,-2.2737367544323206e-13,NA,NA,NA,NA,NA,NA,NA,NA,NA,NA,NA,NA,NA,NA,NA,NA,NA,NA,NA,NA,NA,NA,NA,NA,NA,NA,NA,NA,NA,NA,NA,NA,NA,NA,NA,NA,NA,NA,NA,NA,NA,NA,NA,NA,NA,NA,NA,NA,NA,NA,NA,NA,NA,NA,NA,NA,NA,NA,NA,NA,NA,NA,NA,NA,NA,NA,NA,NA,NA,NA,NA,NA,NA,NA,NA,NA,NA,NA,NA,NA,NA,NA,NA,NA,NA,NA,NA,NA,NA,NA,NA,NA,NA,NA,NA,NA,NA,NA,NA,NA,NA,NA,true,TRUE,TRUE,3424.734024106443,3463.9960663383,3424.8793318763724,39.26204223185732,39.26204223185687,8.000000000000046,FALSE,47.069,NA,NA,NA
nearly_gaussian,nearly Gaussian,NH,HT,45,1000,445,0.445,NA,TRUE,TRUE,TRUE,0,NA,-1704.689852260596,3425.379704521192,3464.641746753049,3425.525012291121,8,70.85900000000001,NA,3411.379704521192,3416.287459800174,1.000000000000017,NA,HeckmanEM,NA,raw_AIC_BIC_implied_logLik,finite_logLik_no_explicit_code,3,3.114088825384319,0.11408882538431886,0.4,0.34458710140178406,-0.05541289859821596,NA,NA,NA,NA,NA,NA,NA,NA,NA,NA,NA,NA,NA,NA,-0.7,-0.6550062532605818,0.04499374673941814,0.15,0.1653641697439802,0.01536416974398019,1,0.9253118059490888,-0.0746881940509111,5,5.102529569942413,0.10252956994241293,1.5,1.5366920249354257,0.03669202493542567,0.8,0.7905273114881226,-0.00947268851187743,39.26204223185732,39.262042231857095,2.2737367544323206e-13,NA,NA,NA,NA,NA,NA,NA,NA,NA,NA,NA,NA,NA,NA,NA,NA,NA,NA,NA,NA,NA,NA,NA,NA,NA,NA,NA,NA,NA,NA,NA,NA,NA,NA,NA,NA,NA,NA,NA,NA,NA,NA,NA,NA,NA,NA,NA,NA,NA,NA,NA,NA,NA,NA,NA,NA,NA,NA,NA,NA,NA,NA,NA,NA,NA,NA,NA,NA,NA,NA,NA,NA,NA,NA,NA,NA,NA,NA,NA,NA,NA,NA,NA,NA,NA,NA,NA,NA,NA,NA,NA,NA,NA,NA,NA,NA,NA,NA,NA,NA,NA,NA,true,TRUE,TRUE,3425.379704521192,3464.641746753049,3425.525012291121,39.26204223185732,39.26204223185732,8.000000000000046,FALSE,70.85900000000001,NA,NA,NA
nearly_gaussian,nearly Gaussian,NH,CN,45,1000,445,0.445,NA,TRUE,TRUE,TRUE,0,NA,-1704.367011574257,3428.734023148514,3477.8115759383354,3428.956470064591,10,136.582,NA,3410.734023148514,3415.6417784274963,1.000000000000017,NA,HeckmanEM,NA,raw_AIC_BIC_implied_logLik,finite_logLik_no_explicit_code,3,3.1314951179261272,0.13149511792612725,0.4,0.34401804351456594,-0.05598195648543408,NA,NA,NA,NA,NA,NA,NA,NA,NA,NA,NA,NA,NA,NA,-0.7,-0.6532118520929288,0.0467881479070712,0.15,0.1648767214169784,0.0148767214169784,1,0.9229936108566884,-0.0770063891433116,5,5.099450254781892,0.09945025478189162,1.5,1.5378479041131328,0.03784790411313277,0.8,0.7918160701250337,-0.0081839298749663,49.07755278982131,49.07755278982137,-5.684341886080802e-14,NA,NA,NA,NA,NA,NA,NA,NA,NA,NA,NA,NA,NA,NA,NA,NA,NA,NA,NA,NA,NA,NA,NA,NA,NA,NA,NA,NA,NA,NA,NA,NA,NA,NA,NA,NA,NA,NA,NA,NA,NA,NA,NA,NA,NA,NA,NA,NA,NA,NA,NA,NA,NA,NA,NA,NA,NA,NA,NA,NA,NA,NA,NA,NA,NA,NA,NA,NA,NA,NA,NA,NA,NA,NA,NA,NA,NA,NA,NA,NA,NA,NA,NA,NA,NA,NA,NA,NA,NA,NA,NA,NA,NA,NA,NA,NA,NA,NA,NA,NA,NA,NA,true,TRUE,TRUE,3428.734023148514,3477.8115759383354,3428.956470064591,49.07755278982131,49.07755278982131,9.999999999999988,FALSE,136.582,NA,NA,NA
nearly_gaussian,nearly Gaussian,NH,ESN,45,1000,445,0.445,NA,TRUE,TRUE,TRUE,0,CONVERGENCE: REL_REDUCTION_OF_F <= FACTR*EPSMCH,-1703.603117679352,3429.206235358704,3483.191543427507,3429.473441836437,11,14113.439,NA,NA,NA,NA,8,stage2,1703.63269554337;1703.64702229905;1703.63200146631;1704.3672705518;1703.62980448028;1704.36694242174;1704.37312839055;1703.60316612312;1703.64514738568;1704.35498643504;1703.61221233301;1703.62851948422;1703.63712274396;1704.36701165895,proposed_likelihood,stage2,3,3.398128443025235,0.398128443025235,0.4,0.25595798941355574,-0.14404201058644428,NA,0.6295741485415796,NA,NA,-1.3702461184355708,NA,NA,1.4879655536237602,NA,NA,1.4879655536237602,NA,NA,NA,-0.7,-0.7573267489389331,-0.05732674893893319,0.15,0.16065895607925593,0.01065895607925593,1,0.8965364328052997,-0.10346356719470028,5,5.803987607783059,0.8039876077830588,1.5,1.5372115133763746,0.03721151337637463,0.8,0.7793570280322506,-0.02064297196774944,53.98530806880353,53.985308068803505,2.842170943040401e-14,NA,NA,NA,NA,NA,NA,NA,NA,NA,NA,NA,NA,NA,NA,NA,NA,NA,NA,NA,NA,NA,NA,NA,NA,NA,NA,NA,NA,NA,NA,NA,NA,NA,NA,NA,NA,NA,NA,NA,NA,NA,NA,NA,NA,NA,NA,NA,NA,NA,NA,NA,NA,NA,NA,NA,NA,NA,NA,NA,NA,NA,NA,NA,NA,NA,NA,NA,NA,NA,NA,NA,NA,NA,NA,NA,NA,NA,NA,NA,NA,NA,NA,NA,NA,NA,NA,NA,NA,NA,NA,NA,NA,NA,NA,NA,NA,NA,NA,NA,NA,NA,NA,true,TRUE,TRUE,3429.206235358704,3483.1915434275074,3429.473441836437,53.98530806880308,53.98530806880353,10.999999999999913,FALSE,14113.439,FALSE,FALSE,TRUE
nearly_gaussian,nearly Gaussian,NH,EST,45,1000,445,0.445,NA,TRUE,TRUE,TRUE,0,CONVERGENCE: REL_REDUCTION_OF_F <= FACTR*EPSMCH,-1716.4138553526243,3456.8277107052486,3515.7207740530343,3457.143820127741,12,17835.363,NA,NA,NA,NA,10,stage2,1716.42275970212;1e+12;1e+12;1716.42232452567;1e+12;1e+12;1716.42814017732;1e+12;1e+12;1716.41428868619;1e+12;1e+12;1716.41570304881;1e+12;1e+12;1716.41405734514;1e+12;1e+12;1716.42019502615;1e+12;1e+12;1716.41516076399;1e+12;1e+12;1716.41714765429;1e+12;1e+12;1716.4154015375;1e+12;1e+12;1716.41442078304;1e+12;1e+12;1716.41965860279;1e+12;1e+12;1716.42262685359;1e+12;1e+12;1716.41981640501;1e+12;1e+12,proposed_likelihood,stage2,3,3.9644486003834336,0.9644486003834336,0.4,0.678173877284238,0.2781738772842379,NA,-1.4925821305300957,NA,NA,-0.8294707356880486,NA,NA,1.4925821305300957,NA,NA,1.4925821305300957,NA,4,NA,-0.7,-0.2705836197944039,0.4294163802055961,0.15,0.14857695590740355,-0.00142304409259644,1,0.8323895170828856,-0.16761048291711445,5,5.987045395734424,0.987045395734424,1.5,1.4775912677598495,-0.02240873224015049,0.8,0.7701505396527576,-0.02984946034724245,58.893063347785755,58.89306334778564,1.1368683772161603e-13,NA,NA,NA,NA,NA,NA,NA,NA,NA,NA,NA,NA,NA,NA,NA,NA,NA,NA,NA,NA,NA,NA,NA,NA,NA,NA,NA,NA,NA,NA,NA,NA,NA,NA,NA,NA,NA,NA,NA,NA,NA,NA,NA,NA,NA,NA,NA,NA,NA,NA,NA,NA,NA,NA,NA,NA,NA,NA,NA,NA,NA,NA,NA,NA,NA,NA,NA,NA,NA,NA,NA,NA,NA,NA,NA,NA,NA,NA,NA,NA,NA,NA,NA,NA,NA,NA,NA,NA,NA,NA,NA,NA,NA,NA,NA,NA,NA,NA,NA,NA,NA,NA,true,TRUE,TRUE,3456.8277107052486,3515.7207740530343,3457.143820127741,58.893063347785755,58.893063347785755,12.000000000000023,FALSE,17835.363,TRUE,FALSE,TRUE
nearly_gaussian,nearly Gaussian,NH,NH,46,1000,423,0.423,NA,TRUE,TRUE,TRUE,0,NA,-1628.980030846025,3273.9600616920507,3313.2221039239075,3274.10536946198,8,19.277,NA,3259.9600616920507,3264.867816971033,1.000000000000017,NA,HeckmanEM,NA,raw_AIC_BIC_implied_logLik,finite_logLik_no_explicit_code,3,3.2811969383821875,0.2811969383821875,0.4,0.5331150122021471,0.13311501220214705,NA,NA,NA,NA,NA,NA,NA,NA,NA,NA,NA,NA,NA,NA,-0.7,-0.7301214061756188,-0.03012140617561887,0.15,0.15330903122778472,0.00330903122778472,1,1.0130328731820832,0.01303287318208323,5,4.7529688972219715,-0.24703110277802853,1.5,1.667013365736942,0.16701336573694214,0.8,0.8371782212191662,0.03717822121916614,39.26204223185687,39.262042231857095,2.2737367544323206e-13,NA,NA,NA,NA,NA,NA,NA,NA,NA,NA,NA,NA,NA,NA,NA,NA,NA,NA,NA,NA,NA,NA,NA,NA,NA,NA,NA,NA,NA,NA,NA,NA,NA,NA,NA,NA,NA,NA,NA,NA,NA,NA,NA,NA,NA,NA,NA,NA,NA,NA,NA,NA,NA,NA,NA,NA,NA,NA,NA,NA,NA,NA,NA,NA,NA,NA,NA,NA,NA,NA,NA,NA,NA,NA,NA,NA,NA,NA,NA,NA,NA,NA,NA,NA,NA,NA,NA,NA,NA,NA,NA,NA,NA,NA,NA,NA,NA,NA,NA,NA,NA,NA,true,TRUE,TRUE,3273.96006169205,3313.2221039239075,3274.1053694619795,39.26204223185687,39.26204223185732,7.999999999999954,FALSE,19.277,NA,NA,NA
nearly_gaussian,nearly Gaussian,NH,HT,46,1000,423,0.423,NA,TRUE,TRUE,TRUE,0,NA,-1628.9646963297166,3273.9293926594332,3313.1914348912906,3274.0747004293626,8,45.25800000000001,NA,3259.9293926594332,3264.8371479384155,1.000000000000017,NA,HeckmanEM,NA,raw_AIC_BIC_implied_logLik,finite_logLik_no_explicit_code,3,3.2556914238797097,0.25569142387970967,0.4,0.5333839616166388,0.1333839616166388,NA,NA,NA,NA,NA,NA,NA,NA,NA,NA,NA,NA,NA,NA,-0.7,-0.7328190326865318,-0.03281903268653186,0.15,0.15413293691691204,0.00413293691691205,1,1.0162707550229793,0.01627075502297925,5,4.753026177733015,-0.24697382226698483,1.5,1.6669139773190922,0.1669139773190922,0.8,0.8371227519001724,0.03712275190017233,39.26204223185732,39.262042231857095,2.2737367544323206e-13,NA,NA,NA,NA,NA,NA,NA,NA,NA,NA,NA,NA,NA,NA,NA,NA,NA,NA,NA,NA,NA,NA,NA,NA,NA,NA,NA,NA,NA,NA,NA,NA,NA,NA,NA,NA,NA,NA,NA,NA,NA,NA,NA,NA,NA,NA,NA,NA,NA,NA,NA,NA,NA,NA,NA,NA,NA,NA,NA,NA,NA,NA,NA,NA,NA,NA,NA,NA,NA,NA,NA,NA,NA,NA,NA,NA,NA,NA,NA,NA,NA,NA,NA,NA,NA,NA,NA,NA,NA,NA,NA,NA,NA,NA,NA,NA,NA,NA,NA,NA,NA,NA,true,TRUE,TRUE,3273.9293926594332,3313.1914348912906,3274.0747004293626,39.26204223185732,39.26204223185732,8.000000000000046,FALSE,45.25800000000001,NA,NA,NA
nearly_gaussian,nearly Gaussian,NH,CN,46,1000,423,0.423,NA,TRUE,TRUE,TRUE,0,NA,-1628.9798249836083,3277.9596499672166,3327.037202757038,3278.1820968832935,10,467.335,NA,3259.9596499672166,3264.867405246199,1.000000000000017,NA,HeckmanEM,NA,raw_AIC_BIC_implied_logLik,finite_logLik_no_explicit_code,3,3.275073104732487,0.27507310473248703,0.4,0.5333410406850164,0.1333410406850164,NA,NA,NA,NA,NA,NA,NA,NA,NA,NA,NA,NA,NA,NA,-0.7,-0.7314233874771996,-0.03142338747719964,0.15,0.1535872844993626,0.0035872844993626,1,1.0148281710980456,0.01482817109804557,5,4.752260226641035,-0.24773977335896455,1.5,1.6670092722767187,0.1670092722767187,0.8,0.8371727630426993,0.03717276304269923,49.07755278982131,49.07755278982137,-5.684341886080802e-14,NA,NA,NA,NA,NA,NA,NA,NA,NA,NA,NA,NA,NA,NA,NA,NA,NA,NA,NA,NA,NA,NA,NA,NA,NA,NA,NA,NA,NA,NA,NA,NA,NA,NA,NA,NA,NA,NA,NA,NA,NA,NA,NA,NA,NA,NA,NA,NA,NA,NA,NA,NA,NA,NA,NA,NA,NA,NA,NA,NA,NA,NA,NA,NA,NA,NA,NA,NA,NA,NA,NA,NA,NA,NA,NA,NA,NA,NA,NA,NA,NA,NA,NA,NA,NA,NA,NA,NA,NA,NA,NA,NA,NA,NA,NA,NA,NA,NA,NA,NA,NA,NA,true,TRUE,TRUE,3277.9596499672166,3327.037202757038,3278.1820968832935,49.07755278982131,49.07755278982131,9.999999999999988,FALSE,467.335,NA,NA,NA
nearly_gaussian,nearly Gaussian,NH,ESN,46,1000,423,0.423,NA,TRUE,TRUE,TRUE,0,CONVERGENCE: REL_REDUCTION_OF_F <= FACTR*EPSMCH,-1628.59279798018,3279.18559596036,3333.1709040291635,3279.452802438093,11,16908.251,NA,NA,NA,NA,11,stage2,1628.98063835642;1628.98209214588;1628.9800855939;1628.97813136157;1628.76946717494;1628.98032030454;1628.98284910501;1628.7770107608;1628.74653550206;1628.87693672884;1628.64359557279;1628.98047014912;1628.98057269186;1628.98003047883,proposed_likelihood,stage2,3,3.3363772118045008,0.33637721180450075,0.4,0.4928350405351344,0.09283504053513436,NA,1.4781037696883,NA,NA,-0.8953429369414647,NA,NA,0.6699052315205454,NA,NA,0.6699052315205454,NA,NA,NA,-0.7,-1.0372058927256247,-0.33720589272562473,0.15,0.12953040112104897,-0.02046959887895103,1,0.8489214065062177,-0.15107859349378228,5,4.606371964872967,-0.39362803512703337,1.5,1.6608634140489211,0.16086341404892135,0.8,0.839117403043159,0.03911740304315891,53.98530806880353,53.985308068803505,2.842170943040401e-14,NA,NA,NA,NA,NA,NA,NA,NA,NA,NA,NA,NA,NA,NA,NA,NA,NA,NA,NA,NA,NA,NA,NA,NA,NA,NA,NA,NA,NA,NA,NA,NA,NA,NA,NA,NA,NA,NA,NA,NA,NA,NA,NA,NA,NA,NA,NA,NA,NA,NA,NA,NA,NA,NA,NA,NA,NA,NA,NA,NA,NA,NA,NA,NA,NA,NA,NA,NA,NA,NA,NA,NA,NA,NA,NA,NA,NA,NA,NA,NA,NA,NA,NA,NA,NA,NA,NA,NA,NA,NA,NA,NA,NA,NA,NA,NA,NA,NA,NA,NA,NA,NA,true,TRUE,TRUE,3279.18559596036,3333.1709040291635,3279.452802438093,53.98530806880353,53.98530806880353,11.000000000000005,FALSE,16908.251,TRUE,FALSE,FALSE
nearly_gaussian,nearly Gaussian,NH,EST,46,1000,423,0.423,NA,TRUE,TRUE,TRUE,0,CONVERGENCE: REL_REDUCTION_OF_F <= FACTR*EPSMCH,-1635.8409429592346,3295.681885918469,3354.574949266255,3295.9979953409616,12,17759.292,NA,NA,NA,NA,1,stage2,1635.84094329553;1e+12;1e+12;1635.84145062646;1e+12;1e+12;1635.84097730907;1e+12;1e+12;1635.84097077413;1e+12;1e+12;1635.86086956898;1e+12;1e+12;1635.84095128249;1e+12;1e+12;1635.84265903484;1e+12;1e+12;1635.8409795721;1e+12;1e+12;1635.84550127129;1e+12;1e+12;1635.84220391326;1e+12;1e+12;1635.84096222666;1e+12;1e+12;1635.84614405361;1e+12;1e+12;1636.24443288531;1e+12;1e+12;1635.84112120846;1e+12;1e+12,proposed_likelihood,stage2,3,3.375989657089311,0.3759896570893111,0.4,0.6772698208099825,0.2772698208099825,NA,-0.8606056435078052,NA,NA,-0.45686203049533736,NA,NA,1.4925821305300957,NA,NA,1.4925821305300957,NA,4,NA,-0.7,-0.5232200962338677,0.17677990376613228,0.15,0.1561010144210172,0.0061010144210172,1,0.9847341210728398,-0.01526587892716024,5,5.227824817827746,0.227824817827746,1.5,1.659452246394849,0.15945224639484867,0.8,0.8336290292146386,0.0336290292146385,58.893063347785755,58.89306334778564,1.1368683772161603e-13,NA,NA,NA,NA,NA,NA,NA,NA,NA,NA,NA,NA,NA,NA,NA,NA,NA,NA,NA,NA,NA,NA,NA,NA,NA,NA,NA,NA,NA,NA,NA,NA,NA,NA,NA,NA,NA,NA,NA,NA,NA,NA,NA,NA,NA,NA,NA,NA,NA,NA,NA,NA,NA,NA,NA,NA,NA,NA,NA,NA,NA,NA,NA,NA,NA,NA,NA,NA,NA,NA,NA,NA,NA,NA,NA,NA,NA,NA,NA,NA,NA,NA,NA,NA,NA,NA,NA,NA,NA,NA,NA,NA,NA,NA,NA,NA,NA,NA,NA,NA,NA,NA,true,TRUE,TRUE,3295.681885918469,3354.574949266255,3295.9979953409616,58.893063347785755,58.893063347785755,12.000000000000023,FALSE,17759.292,FALSE,FALSE,TRUE
nearly_gaussian,nearly Gaussian,NH,NH,47,1000,438,0.438,NA,TRUE,TRUE,TRUE,0,NA,-1631.6723012548098,3279.3446025096196,3318.606644741477,3279.489910279549,8,35.11000000000001,NA,3265.3446025096196,3270.252357788602,1.000000000000017,NA,HeckmanEM,NA,raw_AIC_BIC_implied_logLik,finite_logLik_no_explicit_code,3,2.8164442892781434,-0.1835557107218566,0.4,0.31754432769618257,-0.08245567230381745,NA,NA,NA,NA,NA,NA,NA,NA,NA,NA,NA,NA,NA,NA,-0.7,-0.6851950316323778,0.01480496836762212,0.15,0.16077412865124202,0.01077412865124202,1,1.0006738623534983,6.738623534983113e-4,5,5.493086188243135,0.4930861882431348,1.5,1.6085270683965198,0.10852706839651982,0.8,0.6834542847846241,-0.11654571521537592,39.26204223185732,39.262042231857095,2.2737367544323206e-13,NA,NA,NA,NA,NA,NA,NA,NA,NA,NA,NA,NA,NA,NA,NA,NA,NA,NA,NA,NA,NA,NA,NA,NA,NA,NA,NA,NA,NA,NA,NA,NA,NA,NA,NA,NA,NA,NA,NA,NA,NA,NA,NA,NA,NA,NA,NA,NA,NA,NA,NA,NA,NA,NA,NA,NA,NA,NA,NA,NA,NA,NA,NA,NA,NA,NA,NA,NA,NA,NA,NA,NA,NA,NA,NA,NA,NA,NA,NA,NA,NA,NA,NA,NA,NA,NA,NA,NA,NA,NA,NA,NA,NA,NA,NA,NA,NA,NA,NA,NA,NA,NA,true,TRUE,TRUE,3279.3446025096196,3318.606644741477,3279.489910279549,39.26204223185732,39.26204223185732,8.000000000000046,FALSE,35.11000000000001,NA,NA,NA
nearly_gaussian,nearly Gaussian,NH,HT,47,1000,438,0.438,NA,TRUE,TRUE,TRUE,0,NA,-1631.6830150613423,3279.3660301226846,3318.6280723545415,3279.511337892614,8,56.667,NA,3265.3660301226846,3270.273785401667,1.000000000000017,NA,HeckmanEM,NA,raw_AIC_BIC_implied_logLik,finite_logLik_no_explicit_code,3,2.796684660900394,-0.20331533909960608,0.4,0.3168936476159876,-0.08310635238401243,NA,NA,NA,NA,NA,NA,NA,NA,NA,NA,NA,NA,NA,NA,-0.7,-0.6874272112599791,0.01257278874002088,0.15,0.16140158505437605,0.01140158505437605,1,1.0039571729626136,0.00395717296261355,5,5.501186298972473,0.5011862989724731,1.5,1.608070286346606,0.10807028634660608,0.8,0.6808965474979055,-0.11910345250209452,39.26204223185687,39.262042231857095,-2.2737367544323206e-13,NA,NA,NA,NA,NA,NA,NA,NA,NA,NA,NA,NA,NA,NA,NA,NA,NA,NA,NA,NA,NA,NA,NA,NA,NA,NA,NA,NA,NA,NA,NA,NA,NA,NA,NA,NA,NA,NA,NA,NA,NA,NA,NA,NA,NA,NA,NA,NA,NA,NA,NA,NA,NA,NA,NA,NA,NA,NA,NA,NA,NA,NA,NA,NA,NA,NA,NA,NA,NA,NA,NA,NA,NA,NA,NA,NA,NA,NA,NA,NA,NA,NA,NA,NA,NA,NA,NA,NA,NA,NA,NA,NA,NA,NA,NA,NA,NA,NA,NA,NA,NA,NA,true,TRUE,TRUE,3279.3660301226846,3318.6280723545415,3279.511337892614,39.26204223185687,39.26204223185687,7.999999999999954,FALSE,56.667,NA,NA,NA
nearly_gaussian,nearly Gaussian,NH,CN,47,1000,438,0.438,NA,TRUE,TRUE,TRUE,0,NA,-1631.67239304062,3283.3447860812403,3332.4223388710616,3283.567232997317,10,525.017,NA,3265.3447860812403,3270.2525413602225,1.000000000000017,NA,HeckmanEM,NA,raw_AIC_BIC_implied_logLik,finite_logLik_no_explicit_code,3,2.8123278750042155,-0.18767212499578445,0.4,0.3178053842627706,-0.08219461573722942,NA,NA,NA,NA,NA,NA,NA,NA,NA,NA,NA,NA,NA,NA,-0.7,-0.686167022181664,0.01383297781833592,0.15,0.16100185706371892,0.01100185706371892,1,1.0020999231805927,0.00209992318059271,5,5.492583411789448,0.4925834117894477,1.5,1.6084886846276285,0.10848868462762828,0.8,0.6834090168528412,-0.11659098314715888,49.07755278982131,49.07755278982137,-5.684341886080802e-14,NA,NA,NA,NA,NA,NA,NA,NA,NA,NA,NA,NA,NA,NA,NA,NA,NA,NA,NA,NA,NA,NA,NA,NA,NA,NA,NA,NA,NA,NA,NA,NA,NA,NA,NA,NA,NA,NA,NA,NA,NA,NA,NA,NA,NA,NA,NA,NA,NA,NA,NA,NA,NA,NA,NA,NA,NA,NA,NA,NA,NA,NA,NA,NA,NA,NA,NA,NA,NA,NA,NA,NA,NA,NA,NA,NA,NA,NA,NA,NA,NA,NA,NA,NA,NA,NA,NA,NA,NA,NA,NA,NA,NA,NA,NA,NA,NA,NA,NA,NA,NA,NA,true,TRUE,TRUE,3283.34478608124,3332.422338871061,3283.5672329973168,49.07755278982131,49.07755278982131,9.999999999999988,FALSE,525.017,NA,NA,NA
nearly_gaussian,nearly Gaussian,NH,ESN,47,1000,438,0.438,NA,TRUE,TRUE,TRUE,0,CONVERGENCE: REL_REDUCTION_OF_F <= FACTR*EPSMCH,-1631.0108885684076,3284.021777136815,3338.0070852056188,3284.288983614548,11,11768.137,NA,NA,NA,NA,4,stage2,1631.60677934366;1631.04387296334;1631.60642805472;1631.01088898507;1631.60677749368;1631.01090424005;1631.01165485326;1631.60585639675;1631.61634538878;1631.0114231354;1631.60561327459;1631.6054936648;1631.66806756434;1631.67230080723,proposed_likelihood,stage2,3,2.8076941204586983,-0.19230587954130177,0.4,0.2531571769187647,-0.1468428230812353,NA,-1.4925821305300957,NA,NA,0.28513852616811114,NA,NA,0.8127748012517619,NA,NA,0.8127748012517619,NA,NA,NA,-0.7,-0.12509162384847242,0.5749083761515276,0.15,0.12677808116101258,-0.02322191883898741,1,0.7871536139498898,-0.2128463860501102,5,5.64010428138305,0.6401042813830502,1.5,1.6076623361080402,0.1076623361080402,0.8,0.6831960640559871,-0.11680393594401296,53.98530806880353,53.985308068803505,2.842170943040401e-14,NA,NA,NA,NA,NA,NA,NA,NA,NA,NA,NA,NA,NA,NA,NA,NA,NA,NA,NA,NA,NA,NA,NA,NA,NA,NA,NA,NA,NA,NA,NA,NA,NA,NA,NA,NA,NA,NA,NA,NA,NA,NA,NA,NA,NA,NA,NA,NA,NA,NA,NA,NA,NA,NA,NA,NA,NA,NA,NA,NA,NA,NA,NA,NA,NA,NA,NA,NA,NA,NA,NA,NA,NA,NA,NA,NA,NA,NA,NA,NA,NA,NA,NA,NA,NA,NA,NA,NA,NA,NA,NA,NA,NA,NA,NA,NA,NA,NA,NA,NA,NA,NA,true,TRUE,TRUE,3284.021777136815,3338.0070852056188,3284.288983614548,53.98530806880353,53.98530806880353,11.000000000000005,FALSE,11768.137,TRUE,FALSE,FALSE
nearly_gaussian,nearly Gaussian,NH,EST,47,1000,438,0.438,NA,TRUE,TRUE,TRUE,0,CONVERGENCE: REL_REDUCTION_OF_F <= FACTR*EPSMCH,-1637.7482851150712,3299.4965702301424,3358.389633577928,3299.812679652635,12,16838.034999999996,NA,NA,NA,NA,25,stage2,1637.75360053999;1e+12;1e+12;1637.74828830292;1e+12;1e+12;1637.74855653084;1e+12;1e+12;1637.75446660581;1e+12;1e+12;1637.75890118661;1e+12;1e+12;1637.75531656544;1e+12;1e+12;1637.76192465016;1e+12;1e+12;1637.75655527;1e+12;1e+12;1637.74828761142;1e+12;1e+12;1637.75105937118;1e+12;1e+12;1637.75066442246;1e+12;1e+12;1637.74830748854;1e+12;1e+12;1637.75259207548;1e+12;1e+12;1637.75078914483;1e+12;1e+12,proposed_likelihood,stage2,3,3.133626076323001,0.13362607632300083,0.4,0.6048036896602218,0.20480368966022175,NA,-1.4925821305300957,NA,NA,-0.5010405104601057,NA,NA,1.4925821305300957,NA,NA,1.4925821305300957,NA,4,NA,-0.7,-0.2995540639776667,0.4004459360223333,0.15,0.1469706484059241,-0.00302935159407588,1,0.913254918327366,-0.08674508167263395,5,6.174012854481541,1.174012854481541,1.5,1.6186251174588078,0.11862511745880776,0.8,0.6275502177098647,-0.1724497822901353,58.893063347785755,58.89306334778564,1.1368683772161603e-13,NA,NA,NA,NA,NA,NA,NA,NA,NA,NA,NA,NA,NA,NA,NA,NA,NA,NA,NA,NA,NA,NA,NA,NA,NA,NA,NA,NA,NA,NA,NA,NA,NA,NA,NA,NA,NA,NA,NA,NA,NA,NA,NA,NA,NA,NA,NA,NA,NA,NA,NA,NA,NA,NA,NA,NA,NA,NA,NA,NA,NA,NA,NA,NA,NA,NA,NA,NA,NA,NA,NA,NA,NA,NA,NA,NA,NA,NA,NA,NA,NA,NA,NA,NA,NA,NA,NA,NA,NA,NA,NA,NA,NA,NA,NA,NA,NA,NA,NA,NA,NA,NA,true,TRUE,TRUE,3299.4965702301424,3358.389633577928,3299.812679652635,58.893063347785755,58.893063347785755,12.000000000000023,FALSE,16838.034999999996,TRUE,FALSE,TRUE
nearly_gaussian,nearly Gaussian,NH,NH,48,1000,450,0.45,NA,TRUE,TRUE,TRUE,0,NA,-1649.204416421525,3314.40883284305,3353.6708750749067,3314.5541406129787,8,47.736,NA,3300.40883284305,3305.3165881220316,1.000000000000017,NA,HeckmanEM,NA,raw_AIC_BIC_implied_logLik,finite_logLik_no_explicit_code,3,2.741441410177248,-0.2585585898227518,0.4,0.2969823937830581,-0.10301760621694196,NA,NA,NA,NA,NA,NA,NA,NA,NA,NA,NA,NA,NA,NA,-0.7,-0.7289526706949834,-0.02895267069498341,0.15,0.1408250537559209,-0.0091749462440791,1,1.1167602011230138,0.11676020112301376,5,5.035241538853,0.03524153885299963,1.5,1.464767869028934,-0.03523213097106614,0.8,0.970865410002807,0.17086541000280697,39.26204223185732,39.262042231857095,-2.2737367544323206e-13,NA,NA,NA,NA,NA,NA,NA,NA,NA,NA,NA,NA,NA,NA,NA,NA,NA,NA,NA,NA,NA,NA,NA,NA,NA,NA,NA,NA,NA,NA,NA,NA,NA,NA,NA,NA,NA,NA,NA,NA,NA,NA,NA,NA,NA,NA,NA,NA,NA,NA,NA,NA,NA,NA,NA,NA,NA,NA,NA,NA,NA,NA,NA,NA,NA,NA,NA,NA,NA,NA,NA,NA,NA,NA,NA,NA,NA,NA,NA,NA,NA,NA,NA,NA,NA,NA,NA,NA,NA,NA,NA,NA,NA,NA,NA,NA,NA,NA,NA,NA,NA,NA,true,TRUE,TRUE,3314.40883284305,3353.6708750749067,3314.554140612979,39.26204223185687,39.26204223185687,7.999999999999954,FALSE,47.736,NA,NA,NA
nearly_gaussian,nearly Gaussian,NH,HT,48,1000,450,0.45,NA,TRUE,TRUE,TRUE,0,NA,-1649.1861713970345,3314.372342794069,3353.6343850259263,3314.5176505639984,8,73.04599999999999,NA,3300.372342794069,3305.2800980730512,1.000000000000017,NA,HeckmanEM,NA,raw_AIC_BIC_implied_logLik,finite_logLik_no_explicit_code,3,2.7211674629103775,-0.2788325370896225,0.4,0.2981910089216563,-0.10180899107834374,NA,NA,NA,NA,NA,NA,NA,NA,NA,NA,NA,NA,NA,NA,-0.7,-0.7311990574882263,-0.03119905748822637,0.15,0.1413431211342843,-0.0086568788657157,1,1.1199833152948535,0.11998331529485352,5,5.035213402970062,0.03521340297006237,1.5,1.4683351375003248,-0.03166486249967515,0.8,0.9700176581654107,0.1700176581654107,39.26204223185732,39.262042231857095,2.2737367544323206e-13,NA,NA,NA,NA,NA,NA,NA,NA,NA,NA,NA,NA,NA,NA,NA,NA,NA,NA,NA,NA,NA,NA,NA,NA,NA,NA,NA,NA,NA,NA,NA,NA,NA,NA,NA,NA,NA,NA,NA,NA,NA,NA,NA,NA,NA,NA,NA,NA,NA,NA,NA,NA,NA,NA,NA,NA,NA,NA,NA,NA,NA,NA,NA,NA,NA,NA,NA,NA,NA,NA,NA,NA,NA,NA,NA,NA,NA,NA,NA,NA,NA,NA,NA,NA,NA,NA,NA,NA,NA,NA,NA,NA,NA,NA,NA,NA,NA,NA,NA,NA,NA,NA,true,TRUE,TRUE,3314.372342794069,3353.6343850259263,3314.5176505639984,39.26204223185732,39.26204223185732,8.000000000000046,FALSE,73.04599999999999,NA,NA,NA
nearly_gaussian,nearly Gaussian,NH,CN,48,1000,450,0.45,NA,TRUE,TRUE,TRUE,0,NA,-1649.1994139577914,3318.398827915583,3367.476380705404,3318.62127483166,10,511.63699999999994,NA,3300.398827915583,3305.306583194565,1.000000000000017,NA,HeckmanEM,NA,raw_AIC_BIC_implied_logLik,finite_logLik_no_explicit_code,3,2.7219428584991254,-0.27805714150087457,0.4,0.29774038754094734,-0.10225961245905268,NA,NA,NA,NA,NA,NA,NA,NA,NA,NA,NA,NA,NA,NA,-0.7,-0.7331882748513638,-0.03318827485136388,0.15,0.1416614053185399,-0.00833859468146008,1,1.123201789054012,0.12320178905401202,5,5.034515810929097,0.03451581092909706,1.5,1.4664448878642784,-0.0335551121357216,0.8,0.9705075824284944,0.1705075824284943,49.07755278982131,49.07755278982137,-5.684341886080802e-14,NA,NA,NA,NA,NA,NA,NA,NA,NA,NA,NA,NA,NA,NA,NA,NA,NA,NA,NA,NA,NA,NA,NA,NA,NA,NA,NA,NA,NA,NA,NA,NA,NA,NA,NA,NA,NA,NA,NA,NA,NA,NA,NA,NA,NA,NA,NA,NA,NA,NA,NA,NA,NA,NA,NA,NA,NA,NA,NA,NA,NA,NA,NA,NA,NA,NA,NA,NA,NA,NA,NA,NA,NA,NA,NA,NA,NA,NA,NA,NA,NA,NA,NA,NA,NA,NA,NA,NA,NA,NA,NA,NA,NA,NA,NA,NA,NA,NA,NA,NA,NA,NA,true,TRUE,TRUE,3318.398827915583,3367.476380705404,3318.62127483166,49.07755278982131,49.07755278982131,9.999999999999988,FALSE,511.63699999999994,NA,NA,NA
nearly_gaussian,nearly Gaussian,NH,ESN,48,1000,450,0.45,NA,TRUE,TRUE,TRUE,0,CONVERGENCE: REL_REDUCTION_OF_F <= FACTR*EPSMCH,-1648.4509831028615,3318.901966205723,3372.8872742745266,3319.169172683456,11,10749.365,NA,NA,NA,NA,8,stage2,1649.20325389975;1649.2040481481;1649.20435414712;1649.20430783218;1648.76724058575;1649.20457130699;1649.20436505378;1648.46614244154;1648.86687672817;1649.0649566953;1648.45727193199;1649.20190823911;1649.2059474893;1649.20441597447,proposed_likelihood,stage2,3,2.784442507414045,-0.2155574925859551,0.4,0.34113843747199346,-0.05886156252800656,NA,1.4925821305300957,NA,NA,0.06367798164538993,NA,NA,1.007346974940866,NA,NA,1.007346974940866,NA,NA,NA,-0.7,-0.969894784530854,-0.26989478453085414,0.15,0.11618040302862584,-0.03381959697137417,1,0.918182814691066,-0.08181718530893389,5,4.678506131029968,-0.3214938689700322,1.5,1.465306481335982,-0.03469351866401804,0.8,0.9700378419421004,0.17003784194210023,53.98530806880353,53.985308068803505,2.842170943040401e-14,NA,NA,NA,NA,NA,NA,NA,NA,NA,NA,NA,NA,NA,NA,NA,NA,NA,NA,NA,NA,NA,NA,NA,NA,NA,NA,NA,NA,NA,NA,NA,NA,NA,NA,NA,NA,NA,NA,NA,NA,NA,NA,NA,NA,NA,NA,NA,NA,NA,NA,NA,NA,NA,NA,NA,NA,NA,NA,NA,NA,NA,NA,NA,NA,NA,NA,NA,NA,NA,NA,NA,NA,NA,NA,NA,NA,NA,NA,NA,NA,NA,NA,NA,NA,NA,NA,NA,NA,NA,NA,NA,NA,NA,NA,NA,NA,NA,NA,NA,NA,NA,NA,true,TRUE,TRUE,3318.901966205723,3372.8872742745266,3319.169172683456,53.98530806880353,53.98530806880353,11.000000000000005,FALSE,10749.365,TRUE,FALSE,FALSE
nearly_gaussian,nearly Gaussian,NH,EST,48,1000,450,0.45,NA,TRUE,TRUE,TRUE,0,CONVERGENCE: REL_REDUCTION_OF_F <= FACTR*EPSMCH,-1657.536809551641,3339.073619103282,3397.966682451068,3339.3897285257744,12,19013.860999999997,NA,NA,NA,NA,13,stage2,1657.53685638864;1e+12;1e+12;1657.53689674328;1e+12;1e+12;1657.53863205144;1e+12;1e+12;1657.53683136203;1e+12;1e+12;1657.53680994651;1e+12;1e+12;1657.5395452811;1e+12;1e+12;1657.53684605922;1e+12;1e+12;1657.54969672691;1e+12;1e+12;1657.53981833134;1e+12;1e+12;1657.5368264399;1e+12;1e+12;1657.5430694213;1e+12;1e+12;1657.53914524657;1e+12;1e+12;1657.68740341357;1e+12;1e+12;1657.53681495925;1e+12;1e+12,proposed_likelihood,stage2,3,2.914557443584659,-0.08544255641534093,0.4,0.5625018977144924,0.16250189771449242,NA,-1.0199627228536745,NA,NA,-0.5814625227340945,NA,NA,1.4925821305300957,NA,NA,1.4925821305300957,NA,4,NA,-0.7,-0.4677507424746325,0.23224925752536751,0.15,0.13539100300064233,-0.01460899699935766,1,1.070778697367883,0.070778697367883,5,5.392122101089252,0.39212210108925216,1.5,1.4855395427786284,-0.01446045722137157,0.8,0.9686342030293716,0.1686342030293715,58.893063347785755,58.89306334778564,1.1368683772161603e-13,NA,NA,NA,NA,NA,NA,NA,NA,NA,NA,NA,NA,NA,NA,NA,NA,NA,NA,NA,NA,NA,NA,NA,NA,NA,NA,NA,NA,NA,NA,NA,NA,NA,NA,NA,NA,NA,NA,NA,NA,NA,NA,NA,NA,NA,NA,NA,NA,NA,NA,NA,NA,NA,NA,NA,NA,NA,NA,NA,NA,NA,NA,NA,NA,NA,NA,NA,NA,NA,NA,NA,NA,NA,NA,NA,NA,NA,NA,NA,NA,NA,NA,NA,NA,NA,NA,NA,NA,NA,NA,NA,NA,NA,NA,NA,NA,NA,NA,NA,NA,NA,NA,true,TRUE,TRUE,3339.073619103282,3397.9666824510678,3339.3897285257744,58.89306334778621,58.893063347785755,12.000000000000115,FALSE,19013.860999999997,FALSE,FALSE,TRUE
nearly_gaussian,nearly Gaussian,NH,NH,49,1000,431,0.431,NA,TRUE,TRUE,TRUE,0,NA,-1617.3615921979704,3250.7231843959407,3289.9852266277976,3250.86849216587,8,67.628,NA,3236.7231843959407,3241.630939674923,1.000000000000017,NA,HeckmanEM,NA,raw_AIC_BIC_implied_logLik,finite_logLik_no_explicit_code,3,2.8309468884269475,-0.16905311157305247,0.4,0.4020954077604999,0.00209540776049987,NA,NA,NA,NA,NA,NA,NA,NA,NA,NA,NA,NA,NA,NA,-0.7,-0.7057351084616874,-0.00573510846168745,0.15,0.14089947964937383,-0.00910052035062614,1,0.9733137384423628,-0.02668626155763709,5,5.5039996153487305,0.5039996153487305,1.5,1.4607917625519882,-0.03920823744801183,0.8,0.7308227923588649,-0.06917720764113511,39.26204223185687,39.262042231857095,-2.2737367544323206e-13,NA,NA,NA,NA,NA,NA,NA,NA,NA,NA,NA,NA,NA,NA,NA,NA,NA,NA,NA,NA,NA,NA,NA,NA,NA,NA,NA,NA,NA,NA,NA,NA,NA,NA,NA,NA,NA,NA,NA,NA,NA,NA,NA,NA,NA,NA,NA,NA,NA,NA,NA,NA,NA,NA,NA,NA,NA,NA,NA,NA,NA,NA,NA,NA,NA,NA,NA,NA,NA,NA,NA,NA,NA,NA,NA,NA,NA,NA,NA,NA,NA,NA,NA,NA,NA,NA,NA,NA,NA,NA,NA,NA,NA,NA,NA,NA,NA,NA,NA,NA,NA,NA,true,TRUE,TRUE,3250.7231843959407,3289.9852266277976,3250.86849216587,39.26204223185687,39.26204223185687,7.999999999999954,FALSE,67.628,NA,NA,NA
nearly_gaussian,nearly Gaussian,NH,HT,49,1000,431,0.431,NA,TRUE,TRUE,TRUE,0,NA,-1617.4721877060715,3250.944375412143,3290.206417644,3251.0896831820723,8,102.366,NA,3236.944375412143,3241.8521306911252,1.000000000000017,NA,HeckmanEM,NA,raw_AIC_BIC_implied_logLik,finite_logLik_no_explicit_code,3,2.810600960122869,-0.1893990398771308,0.4,0.3997313258259057,-2.686741740943188e-4,NA,NA,NA,NA,NA,NA,NA,NA,NA,NA,NA,NA,NA,NA,-0.7,-0.7080337575617666,-0.0080337575617666,0.15,0.14147942301526256,-0.00852057698473743,1,0.9764687205702358,-0.02353127942976418,5,5.509529604659776,0.5095296046597761,1.5,1.463874285387654,-0.03612571461234615,0.8,0.7314295770497264,-0.0685704229502736,39.26204223185687,39.262042231857095,-2.2737367544323206e-13,NA,NA,NA,NA,NA,NA,NA,NA,NA,NA,NA,NA,NA,NA,NA,NA,NA,NA,NA,NA,NA,NA,NA,NA,NA,NA,NA,NA,NA,NA,NA,NA,NA,NA,NA,NA,NA,NA,NA,NA,NA,NA,NA,NA,NA,NA,NA,NA,NA,NA,NA,NA,NA,NA,NA,NA,NA,NA,NA,NA,NA,NA,NA,NA,NA,NA,NA,NA,NA,NA,NA,NA,NA,NA,NA,NA,NA,NA,NA,NA,NA,NA,NA,NA,NA,NA,NA,NA,NA,NA,NA,NA,NA,NA,NA,NA,NA,NA,NA,NA,NA,NA,true,TRUE,TRUE,3250.944375412143,3290.206417644,3251.0896831820723,39.26204223185687,39.26204223185687,7.999999999999954,FALSE,102.366,NA,NA,NA
nearly_gaussian,nearly Gaussian,NH,CN,49,1000,431,0.431,NA,TRUE,TRUE,TRUE,0,NA,-1617.361595298354,3254.723190596708,3303.800743386529,3254.9456375127847,10,439.472,NA,3236.723190596708,3241.63094587569,1.000000000000017,NA,HeckmanEM,NA,raw_AIC_BIC_implied_logLik,finite_logLik_no_explicit_code,3,2.830907553968786,-0.16909244603121465,0.4,0.4023669362447791,0.00236693624477912,NA,NA,NA,NA,NA,NA,NA,NA,NA,NA,NA,NA,NA,NA,-0.7,-0.7057707736153336,-0.00577077361533362,0.15,0.14090343873932668,-0.00909656126067332,1,0.9733696091823092,-0.02663039081769069,5,5.503303881928353,0.5033038819283533,1.5,1.4608073751271695,-0.03919262487283048,0.8,0.7308223299498401,-0.06917767005015996,49.07755278982131,49.07755278982137,-5.684341886080802e-14,NA,NA,NA,NA,NA,NA,NA,NA,NA,NA,NA,NA,NA,NA,NA,NA,NA,NA,NA,NA,NA,NA,NA,NA,NA,NA,NA,NA,NA,NA,NA,NA,NA,NA,NA,NA,NA,NA,NA,NA,NA,NA,NA,NA,NA,NA,NA,NA,NA,NA,NA,NA,NA,NA,NA,NA,NA,NA,NA,NA,NA,NA,NA,NA,NA,NA,NA,NA,NA,NA,NA,NA,NA,NA,NA,NA,NA,NA,NA,NA,NA,NA,NA,NA,NA,NA,NA,NA,NA,NA,NA,NA,NA,NA,NA,NA,NA,NA,NA,NA,NA,NA,true,TRUE,TRUE,3254.723190596708,3303.800743386529,3254.9456375127847,49.07755278982131,49.07755278982131,9.999999999999988,FALSE,439.472,NA,NA,NA
nearly_gaussian,nearly Gaussian,NH,ESN,49,1000,431,0.431,NA,TRUE,TRUE,TRUE,0,CONVERGENCE: REL_REDUCTION_OF_F <= FACTR*EPSMCH,-1617.1143897964066,3256.228779592813,3310.2140876616168,3256.495986070546,11,13291.717,NA,NA,NA,NA,11,stage2,1617.28465724217;1617.28575988832;1617.28268410141;1617.28837066812;1617.36149697088;1617.29050025853;1617.35870814093;1617.36125298247;1617.36148214027;1617.13986602998;1617.12253745128;1617.28746800207;1617.3555779089;1617.36159178634,proposed_likelihood,stage2,3,2.924481861436141,-0.0755181385638588,0.4,0.4620776527384829,0.06207765273848281,NA,1.473932384285489,NA,NA,-0.02732326322874554,NA,NA,0.12179876981816996,NA,NA,0.12179876981816996,NA,NA,NA,-0.7,-1.1395203068771529,-0.43952030687715293,0.15,0.10726413056855384,-0.04273586943144615,1,0.7476097871896856,-0.2523902128103144,5,4.755917138674459,-0.24408286132554124,1.5,1.4601372977473788,-0.03986270225262123,0.8,0.7304164387768955,-0.0695835612231045,53.98530806880353,53.985308068803505,2.842170943040401e-14,NA,NA,NA,NA,NA,NA,NA,NA,NA,NA,NA,NA,NA,NA,NA,NA,NA,NA,NA,NA,NA,NA,NA,NA,NA,NA,NA,NA,NA,NA,NA,NA,NA,NA,NA,NA,NA,NA,NA,NA,NA,NA,NA,NA,NA,NA,NA,NA,NA,NA,NA,NA,NA,NA,NA,NA,NA,NA,NA,NA,NA,NA,NA,NA,NA,NA,NA,NA,NA,NA,NA,NA,NA,NA,NA,NA,NA,NA,NA,NA,NA,NA,NA,NA,NA,NA,NA,NA,NA,NA,NA,NA,NA,NA,NA,NA,NA,NA,NA,NA,NA,NA,true,TRUE,TRUE,3256.228779592813,3310.2140876616168,3256.495986070546,53.98530806880353,53.98530806880353,11.000000000000005,FALSE,13291.717,TRUE,FALSE,FALSE
nearly_gaussian,nearly Gaussian,NH,EST,49,1000,431,0.431,NA,TRUE,TRUE,TRUE,0,CONVERGENCE: REL_REDUCTION_OF_F <= FACTR*EPSMCH,-1627.500913710037,3279.001827420074,3337.8948907678596,3279.3179368425663,12,15276.69,NA,NA,NA,NA,19,stage2,1627.50163637477;1e+12;1e+12;1627.50120010662;1e+12;1e+12;1627.50175722627;1e+12;1e+12;1627.50113553441;1e+12;1e+12;1627.50120249916;1e+12;1e+12;1627.50096004194;1e+12;1e+12;1627.50091510796;1e+12;1e+12;1627.50178476811;1e+12;1e+12;1627.50110354583;1e+12;1e+12;1627.50104701662;1e+12;1e+12;1627.50104017717;1e+12;1e+12;1627.5017029144;1e+12;1e+12;1627.50177042415;1e+12;1e+12;1627.50094845902;1e+12;1e+12,proposed_likelihood,stage2,3,3.515843078495541,0.515843078495541,0.4,0.7030647265489449,0.3030647265489449,NA,-1.461647366320624,NA,NA,-0.7118175285472441,NA,NA,1.4925821305300957,NA,NA,1.4925821305300957,NA,4,NA,-0.7,-0.3218002025605659,0.3781997974394341,0.15,0.12775813382620493,-0.02224186617379506,1,0.8760908440209428,-0.12390915597905716,5,6.166813158218906,1.166813158218906,1.5,1.522460180270838,0.02246018027083796,0.8,0.7351056767239087,-0.06489432327609135,58.893063347785755,58.89306334778564,1.1368683772161603e-13,NA,NA,NA,NA,NA,NA,NA,NA,NA,NA,NA,NA,NA,NA,NA,NA,NA,NA,NA,NA,NA,NA,NA,NA,NA,NA,NA,NA,NA,NA,NA,NA,NA,NA,NA,NA,NA,NA,NA,NA,NA,NA,NA,NA,NA,NA,NA,NA,NA,NA,NA,NA,NA,NA,NA,NA,NA,NA,NA,NA,NA,NA,NA,NA,NA,NA,NA,NA,NA,NA,NA,NA,NA,NA,NA,NA,NA,NA,NA,NA,NA,NA,NA,NA,NA,NA,NA,NA,NA,NA,NA,NA,NA,NA,NA,NA,NA,NA,NA,NA,NA,NA,true,TRUE,TRUE,3279.001827420074,3337.8948907678596,3279.3179368425663,58.893063347785755,58.893063347785755,12.000000000000023,FALSE,15276.69,TRUE,FALSE,TRUE
nearly_gaussian,nearly Gaussian,NH,NH,50,1000,433,0.433,NA,TRUE,TRUE,TRUE,0,NA,-1667.694936632997,3351.389873265994,3390.6519154978514,3351.5351810359234,8,60.017,NA,3337.389873265994,3342.2976285449763,1.000000000000017,NA,HeckmanEM,NA,raw_AIC_BIC_implied_logLik,finite_logLik_no_explicit_code,3,3.0151406110897456,0.01514061108974562,0.4,0.3864169366667664,-0.01358306333323361,NA,NA,NA,NA,NA,NA,NA,NA,NA,NA,NA,NA,NA,NA,-0.7,-0.559257024752771,0.140742975247229,0.15,0.1503629259996378,3.6292599963780314e-4,1,0.7718385174825299,-0.22816148251747015,5,4.849115986040854,-0.1508840139591463,1.5,1.4742754483490907,-0.02572455165090925,0.8,0.8330964091283605,0.03309640912836043,39.26204223185732,39.262042231857095,2.2737367544323206e-13,NA,NA,NA,NA,NA,NA,NA,NA,NA,NA,NA,NA,NA,NA,NA,NA,NA,NA,NA,NA,NA,NA,NA,NA,NA,NA,NA,NA,NA,NA,NA,NA,NA,NA,NA,NA,NA,NA,NA,NA,NA,NA,NA,NA,NA,NA,NA,NA,NA,NA,NA,NA,NA,NA,NA,NA,NA,NA,NA,NA,NA,NA,NA,NA,NA,NA,NA,NA,NA,NA,NA,NA,NA,NA,NA,NA,NA,NA,NA,NA,NA,NA,NA,NA,NA,NA,NA,NA,NA,NA,NA,NA,NA,NA,NA,NA,NA,NA,NA,NA,NA,NA,true,TRUE,TRUE,3351.389873265994,3390.6519154978514,3351.5351810359234,39.26204223185732,39.26204223185732,8.000000000000046,FALSE,60.017,NA,NA,NA
nearly_gaussian,nearly Gaussian,NH,HT,50,1000,433,0.433,NA,TRUE,TRUE,TRUE,0,NA,-1667.7822402658646,3351.5644805317293,3390.8265227635866,3351.7097883016586,8,91.80400000000002,NA,3337.5644805317293,3342.4722358107115,1.000000000000017,NA,HeckmanEM,NA,raw_AIC_BIC_implied_logLik,finite_logLik_no_explicit_code,3,2.993950780217404,-0.00604921978259609,0.4,0.3856582675316547,-0.0143417324683453,NA,NA,NA,NA,NA,NA,NA,NA,NA,NA,NA,NA,NA,NA,-0.7,-0.5603918747906956,0.13960812520930432,0.15,0.1509092540251398,9.092540251398052e-4,1,0.7733546517481398,-0.22664534825186025,5,4.852916712060586,-0.14708328793941394,1.5,1.471119506822525,-0.02888049317747532,0.8,0.8334968970034677,0.03349689700346769,39.26204223185732,39.262042231857095,2.2737367544323206e-13,NA,NA,NA,NA,NA,NA,NA,NA,NA,NA,NA,NA,NA,NA,NA,NA,NA,NA,NA,NA,NA,NA,NA,NA,NA,NA,NA,NA,NA,NA,NA,NA,NA,NA,NA,NA,NA,NA,NA,NA,NA,NA,NA,NA,NA,NA,NA,NA,NA,NA,NA,NA,NA,NA,NA,NA,NA,NA,NA,NA,NA,NA,NA,NA,NA,NA,NA,NA,NA,NA,NA,NA,NA,NA,NA,NA,NA,NA,NA,NA,NA,NA,NA,NA,NA,NA,NA,NA,NA,NA,NA,NA,NA,NA,NA,NA,NA,NA,NA,NA,NA,NA,true,TRUE,TRUE,3351.5644805317293,3390.8265227635866,3351.7097883016586,39.26204223185732,39.26204223185732,8.000000000000046,FALSE,91.80400000000002,NA,NA,NA
nearly_gaussian,nearly Gaussian,NH,CN,50,1000,433,0.433,NA,TRUE,TRUE,TRUE,0,NA,-1667.6949413692269,3355.3898827384537,3404.467435528275,3355.61232965453,10,499.685,NA,3337.3898827384537,3342.297638017436,1.000000000000017,NA,HeckmanEM,NA,raw_AIC_BIC_implied_logLik,finite_logLik_no_explicit_code,3,3.01504250835704,0.01504250835704024,0.4,0.3867345102462877,-0.01326548975371233,NA,NA,NA,NA,NA,NA,NA,NA,NA,NA,NA,NA,NA,NA,-0.7,-0.5593043094175564,0.14069569058244358,0.15,0.15037023625815696,3.70236258156964e-4,1,0.7719094685180463,-0.22809053148195368,5,4.84821491001272,-0.15178508998728013,1.5,1.4742717782084651,-0.02572822179153489,0.8,0.8331077152189899,0.03310771521898981,49.07755278982131,49.07755278982137,-5.684341886080802e-14,NA,NA,NA,NA,NA,NA,NA,NA,NA,NA,NA,NA,NA,NA,NA,NA,NA,NA,NA,NA,NA,NA,NA,NA,NA,NA,NA,NA,NA,NA,NA,NA,NA,NA,NA,NA,NA,NA,NA,NA,NA,NA,NA,NA,NA,NA,NA,NA,NA,NA,NA,NA,NA,NA,NA,NA,NA,NA,NA,NA,NA,NA,NA,NA,NA,NA,NA,NA,NA,NA,NA,NA,NA,NA,NA,NA,NA,NA,NA,NA,NA,NA,NA,NA,NA,NA,NA,NA,NA,NA,NA,NA,NA,NA,NA,NA,NA,NA,NA,NA,NA,NA,true,TRUE,TRUE,3355.3898827384537,3404.467435528275,3355.6123296545306,49.07755278982131,49.07755278982131,9.999999999999988,FALSE,499.685,NA,NA,NA
nearly_gaussian,nearly Gaussian,NH,ESN,50,1000,433,0.433,NA,TRUE,TRUE,TRUE,0,CONVERGENCE: REL_REDUCTION_OF_F <= FACTR*EPSMCH,-1666.8589801458334,3355.7179602916667,3409.7032683604702,3355.9851667693997,11,17953.627,NA,NA,NA,NA,10,stage2,1666.88253730701;1666.87147319384;1666.91792012931;1666.86563294966;1666.9857075439;1666.86686256343;1666.86115683807;1666.88945284286;1667.5812781115;1666.85932295132;1666.93298485364;1666.86973437583;1666.94280585198;1667.69493620166,proposed_likelihood,stage2,3,3.709668108882754,0.7096681088827541,0.4,0.598889444063475,0.19888944406347497,NA,-1.4925821305300957,NA,NA,-0.5827157844999179,NA,NA,1.3467722487181222,NA,NA,1.3467722487181222,NA,NA,NA,-0.7,-0.1744317485015968,0.5255682514984031,0.15,0.12601436404416155,-0.02398563595583844,1,0.6481560767894727,-0.35184392321052727,5,5.724442285439948,0.7244422854399479,1.5,1.4745775744470586,-0.02542242555294138,0.8,0.8262528972533719,0.02625289725337187,53.98530806880353,53.985308068803505,2.842170943040401e-14,NA,NA,NA,NA,NA,NA,NA,NA,NA,NA,NA,NA,NA,NA,NA,NA,NA,NA,NA,NA,NA,NA,NA,NA,NA,NA,NA,NA,NA,NA,NA,NA,NA,NA,NA,NA,NA,NA,NA,NA,NA,NA,NA,NA,NA,NA,NA,NA,NA,NA,NA,NA,NA,NA,NA,NA,NA,NA,NA,NA,NA,NA,NA,NA,NA,NA,NA,NA,NA,NA,NA,NA,NA,NA,NA,NA,NA,NA,NA,NA,NA,NA,NA,NA,NA,NA,NA,NA,NA,NA,NA,NA,NA,NA,NA,NA,NA,NA,NA,NA,NA,NA,true,TRUE,TRUE,3355.7179602916667,3409.7032683604702,3355.9851667693997,53.98530806880353,53.98530806880353,11.000000000000005,FALSE,17953.627,TRUE,FALSE,FALSE
nearly_gaussian,nearly Gaussian,NH,EST,50,1000,433,0.433,NA,TRUE,TRUE,TRUE,0,CONVERGENCE: REL_REDUCTION_OF_F <= FACTR*EPSMCH,-1675.2648553815163,3374.5297107630327,3433.4227741108184,3374.845820185525,12,15874.861,NA,NA,NA,NA,37,stage2,1675.27530523864;1e+12;1e+12;1675.26849943875;1e+12;1e+12;1675.27606197393;1e+12;1e+12;1675.26640599984;1e+12;1e+12;1675.26618770216;1e+12;1e+12;1675.26760028433;1e+12;1e+12;1675.26490557524;1e+12;1e+12;1675.26629497935;1e+12;1e+12;1675.26487666356;1e+12;1e+12;1675.26811608236;1e+12;1e+12;1675.26573673863;1e+12;1e+12;1675.26499080852;1e+12;1e+12;1675.26485650632;1e+12;1e+12;1675.26926200352;1e+12;1e+12,proposed_likelihood,stage2,3,3.706781297339166,0.7067812973391661,0.4,0.6911266566640754,0.29112665666407533,NA,-1.4925821305300957,NA,NA,-0.6874717381102647,NA,NA,1.4925821305300957,NA,NA,1.4925821305300957,NA,4,NA,-0.7,-0.1824197674761444,0.5175802325238555,0.15,0.13596121892204366,-0.01403878107795633,1,0.6916006977048655,-0.30839930229513446,5,5.604854154950328,0.6048541549503277,1.5,1.43729531139401,-0.06270468860598988,0.8,0.8167632335233223,0.0167632335233222,58.893063347785755,58.89306334778564,1.1368683772161603e-13,NA,NA,NA,NA,NA,NA,NA,NA,NA,NA,NA,NA,NA,NA,NA,NA,NA,NA,NA,NA,NA,NA,NA,NA,NA,NA,NA,NA,NA,NA,NA,NA,NA,NA,NA,NA,NA,NA,NA,NA,NA,NA,NA,NA,NA,NA,NA,NA,NA,NA,NA,NA,NA,NA,NA,NA,NA,NA,NA,NA,NA,NA,NA,NA,NA,NA,NA,NA,NA,NA,NA,NA,NA,NA,NA,NA,NA,NA,NA,NA,NA,NA,NA,NA,NA,NA,NA,NA,NA,NA,NA,NA,NA,NA,NA,NA,NA,NA,NA,NA,NA,NA,true,TRUE,TRUE,3374.5297107630327,3433.4227741108184,3374.845820185525,58.893063347785755,58.893063347785755,12.000000000000023,FALSE,15874.861,TRUE,FALSE,TRUE
