scenario,experiment,family,rep,n,selection_level,n_selected,selection_rate,hidden_acceptance_rate,PE_theoretical,acceptance_gap,logLik,AIC,BIC,k_params,finite_fit,regular_convergence,convergence,start_id,seconds,sigmaS_true_raw,sigmaY_true,rho_true,etaS_raw_true,etaY_raw_true,etaS_true,etaY_true,tau_bar_true,alpha_legacy_true,nu_true,sigmaY_hat,rho_hat,etaS_hat,etaY_hat,tau_bar_hat,alpha_legacy_hat,nu_hat,betaSel_1_true,betaSel_1_hat,betaSel_1_bias,betaSel_2_true,betaSel_2_hat,betaSel_2_bias,betaSel_3_true,betaSel_3_hat,betaSel_3_bias,betaOut_1_true,betaOut_1_hat,betaOut_1_bias,betaOut_2_true,betaOut_2_hat,betaOut_2_bias,betaOut_3_true,betaOut_3_hat,betaOut_3_bias,sigmaY_bias,rho_bias,etaS_bias,etaY_bias,tau_bar_bias,alpha_legacy_bias,nu_bias,error,message,start_values
grid_n1500_est_r000_etaSrawm06_etaYrawp06_tau04_selCOMMON_nu6,grid_n1500,EST,1,1500,COMMON,261,0.174,0.6139991813344249,0.6146642753348286,-6.650940004037098e-4,-1368.4879473351168,2760.9758946702336,2824.7345393153173,12,TRUE,TRUE,0,16,41247.626,4,3,0,-0.6,0.6,-0.6,0.6,0.4,0.4,6,2.772107349508596,0.39510173100127177,-0.812554402040798,-0.07736522741015697,1.4925821305300957,1.4925821305300957,4,-0.75,-0.9289579299688212,-0.1789579299688212,0.0375,0.04906230856963769,0.01156230856963769,0.25,0.30828745038933897,0.05828745038933897,5,4.7631001936076665,-0.23689980639233357,1.5,1.6397404841305463,0.13974048413054652,0.8,1.028969327342712,0.22896932734271205,-0.2278926504914041,0.39510173100127177,-0.212554402040798,-0.6773652274101569,1.0925821305300958,1.0925821305300958,-2,ok,CONVERGENCE: REL_REDUCTION_OF_F <= FACTR*EPSMCH,1368.493595;1e+12;1e+12;1368.492802;1e+12;1e+12;1368.488946;1e+12;1e+12;1368.488227;1e+12;1e+12;1368.510183;1e+12;1e+12;1368.487947;1e+12;1e+12;1368.500699;1e+12;1e+12;1368.51323;1e+12;1e+12;1368.585698;1e+12;1e+12;1368.497399;1e+12;1e+12;1368.517483;1e+12;1e+12;1368.492689;1e+12;1e+12;1368.507512;1e+12;1e+12
grid_n1500_est_r000_etaSrawm06_etaYrawp06_tau04_selCOMMON_nu6,grid_n1500,EST,2,1500,COMMON,253,0.16866666666666666,0.6109979633401222,0.6146642753348286,-0.00366631199470635,-1328.485989725991,2680.971979451982,2744.7306240970656,12,TRUE,TRUE,0,34,41698.96200000001,4,3,0,-0.6,0.6,-0.6,0.6,0.4,0.4,6,2.0980620481778547,0.3787438460174003,1.485524188749714,0.7550341969049517,1.4925821305300957,1.4925821305300957,4,-0.75,-1.4176240486913207,-0.6676240486913207,0.0375,0.04682518214062934,0.00932518214062934,0.25,0.18020146417851188,-0.06979853582148812,5,4.753015322521772,-0.2469846774782276,1.5,1.7832836555278335,0.28328365552783374,0.8,0.7116191592597272,-0.08838084074027286,-0.9019379518221452,0.3787438460174003,2.085524188749714,0.15503419690495168,1.0925821305300958,1.0925821305300958,-2,ok,CONVERGENCE: REL_REDUCTION_OF_F <= FACTR*EPSMCH,1328.486023;1e+12;1e+12;1328.490969;1e+12;1e+12;1328.492433;1e+12;1e+12;1328.48852;1e+12;1e+12;1328.486403;1e+12;1e+12;1328.52365;1e+12;1e+12;1328.486583;1e+12;1e+12;1328.48619;1e+12;1e+12;1328.487864;1e+12;1e+12;1328.522784;1e+12;1e+12;1328.497877;1e+12;1e+12;1328.48599;1e+12;1e+12;1328.492772;1e+12;1e+12
grid_n1500_est_r000_etaSrawm06_etaYrawp06_tau04_selCOMMON_nu6,grid_n1500,EST,3,1500,COMMON,238,0.15866666666666668,0.6211180124223602,0.6146642753348286,0.0064537370875316,-1292.8315817654377,2609.663163530875,2673.421808175958,12,TRUE,TRUE,0,10,42937.833,4,3,0,-0.6,0.6,-0.6,0.6,0.4,0.4,6,5.02715734268981,-0.7298765685841583,-1.4925821305300957,1.2089470996256786,1.4925821305300957,1.4925821305300957,4,-0.75,-0.6984136264487268,0.05158637355127316,0.0375,0.0493308702550207,0.0118308702550207,0.25,0.14490791365703115,-0.10509208634296884,5,7.963426935476328,2.9634269354763285,1.5,1.63351082830834,0.1335108283083399,0.8,0.6781152567956671,-0.12188474320433296,2.0271573426898097,-0.7298765685841583,-0.8925821305300957,0.6089470996256786,1.0925821305300958,1.0925821305300958,-2,ok,CONVERGENCE: REL_REDUCTION_OF_F <= FACTR*EPSMCH,1292.924619;1e+12;1e+12;1292.925735;1e+12;1e+12;1292.922048;1e+12;1e+12;1292.831582;1e+12;1e+12;1292.924148;1e+12;1e+12;1292.831725;1e+12;1e+12;1292.834881;1e+12;1e+12;1292.926518;1e+12;1e+12;1292.921928;1e+12;1e+12;1292.930074;1e+12;1e+12;1292.928408;1e+12;1e+12;1292.922066;1e+12;1e+12;1292.930901;1e+12;1e+12
grid_n1500_est_r000_etaSrawm06_etaYrawp06_tau04_selCOMMON_nu6,grid_n1500,EST,4,1500,COMMON,234,0.156,0.609508329947176,0.6146642753348286,-0.00515594538765262,-1247.4639074831705,2518.927814966341,2582.6864596114247,12,TRUE,TRUE,0,4,41242.607,4,3,0,-0.6,0.6,-0.6,0.6,0.4,0.4,6,2.9233019827051323,-0.10964776367212369,-1.4900832068985392,0.8480983704082752,1.4925821305300957,1.4925821305300957,4,-0.75,-0.730455652662035,0.01954434733796495,0.0375,0.04261976907727712,0.00511976907727711,0.25,0.25480512729232324,0.00480512729232324,5,4.877200156671471,-0.12279984332852932,1.5,1.6517595971179293,0.1517595971179293,0.8,0.946148072416034,0.146148072416034,-0.07669801729486769,-0.10964776367212369,-0.8900832068985393,0.2480983704082752,1.0925821305300958,1.0925821305300958,-2,ok,CONVERGENCE: REL_REDUCTION_OF_F <= FACTR*EPSMCH,1247.766017;1e+12;1e+12;1247.463907;1e+12;1e+12;1247.771347;1e+12;1e+12;1247.468625;1e+12;1e+12;1247.774952;1e+12;1e+12;1247.471746;1e+12;1e+12;1247.464975;1e+12;1e+12;1247.777699;1e+12;1e+12;1247.771963;1e+12;1e+12;1247.46892;1e+12;1e+12;1247.804105;1e+12;1e+12;1247.769827;1e+12;1e+12;1247.473566;1e+12;1e+12
grid_n1500_est_r000_etaSrawm06_etaYrawp06_tau04_selCOMMON_nu6,grid_n1500,EST,5,1500,COMMON,262,0.17466666666666666,0.6252605252188412,0.6146642753348286,0.01059624988401264,-1390.3532274283818,2804.7064548567637,2868.4650995018474,12,TRUE,TRUE,0,22,40672.003,4,3,0,-0.6,0.6,-0.6,0.6,0.4,0.4,6,2.946833065212156,0.17551814924620765,-1.4925821305300957,0.01142960422232833,1.4925821305300957,1.4925821305300957,4,-0.75,-0.5878529352190671,0.16214706478093288,0.0375,0.04064023532372614,0.00314023532372614,0.25,0.1655077667308994,-0.0844922332691006,5,5.924489008201941,0.9244890082019408,1.5,1.4095903361269504,-0.0904096638730496,0.8,0.952268387105614,0.15226838710561386,-0.05316693478784407,0.17551814924620765,-0.8925821305300957,-0.5885703957776717,1.0925821305300958,1.0925821305300958,-2,ok,CONVERGENCE: REL_REDUCTION_OF_F <= FACTR*EPSMCH,1390.355833;1e+12;1e+12;1390.354642;1e+12;1e+12;1390.353506;1e+12;1e+12;1390.353329;1e+12;1e+12;1390.355735;1e+12;1e+12;1390.359497;1e+12;1e+12;1390.356367;1e+12;1e+12;1390.353227;1e+12;1e+12;1390.354631;1e+12;1e+12;1390.357263;1e+12;1e+12;1390.353689;1e+12;1e+12;1390.357827;1e+12;1e+12;1390.355125;1e+12;1e+12
grid_n1500_est_r000_etaSrawm06_etaYrawp06_tau04_selCOMMON_nu6,grid_n1500,EST,6,1500,COMMON,274,0.18266666666666667,0.6170300287947347,0.6146642753348286,0.00236575345990608,-1443.8177353485837,2911.6354706971674,2975.394115342251,12,TRUE,TRUE,0,4,39863.458000000006,4,3,0,-0.6,0.6,-0.6,0.6,0.4,0.4,6,5.675284597563098,0.9037682716422656,-1.4832917060072195,-0.06957452788636576,1.4925821305300957,1.4925821305300957,4,-0.75,-0.5108989777016778,0.2391010222983222,0.0375,0.03428871895172442,-0.00321128104827558,0.25,0.06284262657532337,-0.18715737342467664,5,2.5151640032874365,-2.4848359967125635,1.5,1.3866983920695948,-0.11330160793040522,0.8,0.7641684480491007,-0.03583155195089937,2.675284597563098,0.9037682716422656,-0.8832917060072195,-0.6695745278863657,1.0925821305300958,1.0925821305300958,-2,ok,CONVERGENCE: REL_REDUCTION_OF_F <= FACTR*EPSMCH,1443.971339;1e+12;1e+12;1443.817735;1e+12;1e+12;1443.820357;1e+12;1e+12;1443.823147;1e+12;1e+12;1444.014222;1e+12;1e+12;1443.840796;1e+12;1e+12;1443.822564;1e+12;1e+12;1444.018074;1e+12;1e+12;1443.822585;1e+12;1e+12;1443.823252;1e+12;1e+12;1444.020322;1e+12;1e+12;1443.971477;1e+12;1e+12;1443.822267;1e+12;1e+12
grid_n1500_est_r000_etaSrawm06_etaYrawp06_tau04_selCOMMON_nu6,grid_n1500,EST,7,1500,COMMON,271,0.18066666666666667,0.6310475389145982,0.6146642753348286,0.0163832635797696,-1458.1999087078516,2940.399817415703,3004.158462060787,12,TRUE,TRUE,0,16,41139.967,4,3,0,-0.6,0.6,-0.6,0.6,0.4,0.4,6,5.458046434983909,-0.7003217759147486,-1.4925821305300957,1.4925821305300957,1.0494737040243178,1.0494737040243178,4,-0.75,-0.5449570321845801,0.20504296781541984,0.0375,0.02436649737001543,-0.01313350262998456,0.25,0.12000400919162613,-0.12999599080837387,5,7.15709423944222,2.1570942394422197,1.5,1.4806893336157427,-0.01931066638425727,0.8,0.8260506521295937,0.02605065212959367,2.458046434983909,-0.7003217759147486,-0.8925821305300957,0.8925821305300957,0.6494737040243178,0.6494737040243178,-2,ok,CONVERGENCE: REL_REDUCTION_OF_F <= FACTR*EPSMCH,1458.201642;1e+12;1e+12;1458.200033;1e+12;1e+12;1458.212785;1e+12;1e+12;1458.217482;1e+12;1e+12;1458.199922;1e+12;1e+12;1458.199909;1e+12;1e+12;1458.205884;1e+12;1e+12;1458.20098;1e+12;1e+12;1458.199929;1e+12;1e+12;1458.203478;1e+12;1e+12;1459.311721;1e+12;1e+12;1458.203255;1e+12;1e+12;1458.203723;1e+12;1e+12
grid_n1500_est_r000_etaSrawm06_etaYrawp06_tau04_selCOMMON_nu6,grid_n1500,EST,8,1500,COMMON,259,0.17266666666666666,0.6284038542103059,0.6146642753348286,0.01373957887547727,-1346.264239807302,2716.528479614604,2780.2871242596875,12,TRUE,TRUE,0,13,38548.967,4,3,0,-0.6,0.6,-0.6,0.6,0.4,0.4,6,2.177074021749178,0.31578522553805816,1.4914362130979266,1.4846105798515774,1.4925821305300957,1.4925821305300957,4,-0.75,-1.410519441242843,-0.660519441242843,0.0375,0.04285947725301661,0.00535947725301661,0.25,0.2067082946521083,-0.0432917053478917,5,5.283244210905882,0.2832442109058819,1.5,1.4580243191058688,-0.04197568089413117,0.8,0.7619555500118598,-0.03804444998814027,-0.8229259782508214,0.31578522553805816,2.0914362130979267,0.8846105798515774,1.0925821305300958,1.0925821305300958,-2,ok,CONVERGENCE: REL_REDUCTION_OF_F <= FACTR*EPSMCH,1346.456329;1e+12;1e+12;1346.454902;1e+12;1e+12;1346.264423;1e+12;1e+12;1346.463783;1e+12;1e+12;1346.26424;1e+12;1e+12;1346.462417;1e+12;1e+12;1346.456525;1e+12;1e+12;1346.27155;1e+12;1e+12;1346.276006;1e+12;1e+12;1346.469085;1e+12;1e+12;1346.268046;1e+12;1e+12;1346.26545;1e+12;1e+12;1346.456386;1e+12;1e+12
grid_n1500_est_r000_etaSrawm06_etaYrawp06_tau04_selCOMMON_nu6,grid_n1500,EST,9,1500,COMMON,245,0.16333333333333333,0.6218905472636815,0.6146642753348286,0.00722627192885294,-1316.0754060589072,2656.1508121178144,2719.909456762898,12,TRUE,TRUE,0,7,38736.946,4,3,0,-0.6,0.6,-0.6,0.6,0.4,0.4,6,4.190881692398501,0.7821065051277314,-1.4925821305300957,-0.16401040219972207,1.4925821305300957,1.4925821305300957,4,-0.75,-0.5925632594366744,0.15743674056332557,0.0375,0.01694996483847587,-0.02055003516152413,0.25,0.10869216922192898,-0.14130783077807102,5,3.379958793953099,-1.620041206046901,1.5,1.0499953047484467,-0.4500046952515533,0.8,1.0223639743703214,0.2223639743703214,1.1908816923985013,0.7821065051277314,-0.8925821305300957,-0.764010402199722,1.0925821305300958,1.0925821305300958,-2,ok,CONVERGENCE: REL_REDUCTION_OF_F <= FACTR*EPSMCH,1316.095237;1e+12;1e+12;1316.082368;1e+12;1e+12;1316.075406;1e+12;1e+12;1316.075452;1e+12;1e+12;1316.344885;1e+12;1e+12;1316.07553;1e+12;1e+12;1316.077639;1e+12;1e+12;1316.348475;1e+12;1e+12;1316.351479;1e+12;1e+12;1316.077802;1e+12;1e+12;1316.346679;1e+12;1e+12;1316.110687;1e+12;1e+12;1316.075431;1e+12;1e+12
grid_n1500_est_r000_etaSrawm06_etaYrawp06_tau04_selCOMMON_nu6,grid_n1500,EST,10,1500,COMMON,273,0.182,0.609508329947176,0.6146642753348286,-0.00515594538765262,-1443.0431771843969,2910.0863543687938,2973.8449990138774,12,TRUE,TRUE,0,1,49523.545999999995,4,3,0,-0.6,0.6,-0.6,0.6,0.4,0.4,6,4.650088561938922,0.7979852201868837,-1.4925821305300957,-0.11672217132628948,1.4907278671626152,1.4907278671626152,4,-0.75,-0.5848650946826638,0.1651349053173362,0.0375,0.03805516855557528,5.551685555752819e-4,0.25,0.20176117987418485,-0.04823882012581515,5,4.528649335750383,-0.4713506642496173,1.5,1.29531803462366,-0.20468196537633987,0.8,0.5414601093800939,-0.2585398906199061,1.6500885619389225,0.7979852201868837,-0.8925821305300957,-0.7167221713262895,1.0907278671626153,1.0907278671626153,-2,ok,CONVERGENCE: REL_REDUCTION_OF_F <= FACTR*EPSMCH,1443.043177;1e+12;1e+12;1443.043896;1e+12;1e+12;1443.04831;1e+12;1e+12;1443.057546;1e+12;1e+12;1443.051966;1e+12;1e+12;1443.043576;1e+12;1e+12;1443.045939;1e+12;1e+12;1443.045845;1e+12;1e+12;1443.050072;1e+12;1e+12;1443.058316;1e+12;1e+12;Inf;1e+12;1e+12;1443.065128;1e+12;1e+12;1443.044839;1e+12;1e+12
grid_n1500_est_r000_etaSrawm06_etaYrawp06_tau04_selCOMMON_nu6,grid_n1500,EST,11,1500,COMMON,259,0.17266666666666666,0.6255212677231026,0.6146642753348286,0.01085699238827397,-1372.802521289558,2769.605042579116,2833.3636872241996,12,TRUE,TRUE,0,34,53156.415,4,3,0,-0.6,0.6,-0.6,0.6,0.4,0.4,6,4.758361570383354,-0.7833555242477763,-1.4925821305300957,0.694960036098473,1.4925821305300957,1.4925821305300957,4,-0.75,-0.5892998781465983,0.16070012185340166,0.0375,0.03865803750285425,0.00115803750285425,0.25,0.1191152945660704,-0.1308847054339296,5,8.778525268036812,3.778525268036813,1.5,1.4459225420420798,-0.05407745795792018,0.8,0.8312905937298684,0.03129059372986831,1.7583615703833535,-0.7833555242477763,-0.8925821305300957,0.09496003609847305,1.0925821305300958,1.0925821305300958,-2,ok,CONVERGENCE: REL_REDUCTION_OF_F <= FACTR*EPSMCH,1372.805395;1e+12;1e+12;1372.804646;1e+12;1e+12;1372.803067;1e+12;1e+12;1372.817752;1e+12;1e+12;1372.991591;1e+12;1e+12;1372.808822;1e+12;1e+12;1372.804097;1e+12;1e+12;1372.962971;1e+12;1e+12;1372.984601;1e+12;1e+12;1372.807725;1e+12;1e+12;1372.963023;1e+12;1e+12;1372.802521;1e+12;1e+12;1372.82623;1e+12;1e+12
grid_n1500_est_r000_etaSrawm06_etaYrawp06_tau04_selCOMMON_nu6,grid_n1500,EST,12,1500,COMMON,241,0.16066666666666668,0.5950019833399445,0.6146642753348286,-0.01966229199488411,-1286.101533604522,2596.203067209044,2659.961711854128,12,TRUE,TRUE,0,22,33516.243,4,3,0,-0.6,0.6,-0.6,0.6,0.4,0.4,6,2.254522272904126,0.1468054688226907,1.490381858773699,1.4056459393682008,1.4925821305300957,1.4925821305300957,4,-0.75,-1.515895579163748,-0.7658955791637481,0.0375,0.05550222934413958,0.01800222934413958,0.25,0.2677887775299046,0.01778877752990459,5,6.143722759123566,1.143722759123566,1.5,1.2931267137911824,-0.2068732862088176,0.8,0.6450930371386665,-0.15490696286133354,-0.7454777270958739,0.1468054688226907,2.090381858773699,0.8056459393682008,1.0925821305300958,1.0925821305300958,-2,ok,CONVERGENCE: REL_REDUCTION_OF_F <= FACTR*EPSMCH,1286.313332;1e+12;1e+12;1286.311643;1e+12;1e+12;1286.112896;1e+12;1e+12;1286.317786;1e+12;1e+12;1286.101954;1e+12;1e+12;1286.313981;1e+12;1e+12;1286.318145;1e+12;1e+12;1286.101534;1e+12;1e+12;1286.103208;1e+12;1e+12;1286.329059;1e+12;1e+12;1286.11855;1e+12;1e+12;1286.310054;1e+12;1e+12;1286.316317;1e+12;1e+12
grid_n1500_est_r000_etaSrawm06_etaYrawp06_tau04_selCOMMON_nu6,grid_n1500,EST,13,1500,COMMON,244,0.16266666666666665,0.6100040666937779,0.6146642753348286,-0.00466020864105065,-1292.9105796117622,2609.8211592235243,2673.579803868608,12,TRUE,TRUE,0,1,40352.014,4,3,0,-0.6,0.6,-0.6,0.6,0.4,0.4,6,4.734032523147891,0.8771029691976777,-1.4925821305300957,-0.15469352720403268,1.4925821305300957,1.4925821305300957,4,-0.75,-0.586297586369542,0.163702413630458,0.0375,0.02389763020960758,-0.01360236979039241,0.25,0.09800526966881463,-0.15199473033118538,5,2.796483859424103,-2.203516140575897,1.5,1.5258049620036436,0.02580496200364357,0.8,0.9843235907111668,0.18432359071116677,1.7340325231478912,0.8771029691976777,-0.8925821305300957,-0.7546935272040327,1.0925821305300958,1.0925821305300958,-2,ok,CONVERGENCE: REL_REDUCTION_OF_F <= FACTR*EPSMCH,1292.91058;1e+12;1e+12;1292.910727;1e+12;1e+12;1292.940573;1e+12;1e+12;1292.911639;1e+12;1e+12;1292.936793;1e+12;1e+12;1292.91381;1e+12;1e+12;1292.911996;1e+12;1e+12;1292.95079;1e+12;1e+12;1292.939085;1e+12;1e+12;1292.919771;1e+12;1e+12;1292.935972;1e+12;1e+12;1292.953096;1e+12;1e+12;1292.916069;1e+12;1e+12
grid_n1500_est_r000_etaSrawm06_etaYrawp06_tau04_selCOMMON_nu6,grid_n1500,EST,14,1500,COMMON,284,0.18933333333333333,0.6142506142506142,0.6146642753348286,-4.136610842143673e-4,-1489.520046519569,3003.040093039138,3066.7987376842216,12,TRUE,TRUE,0,16,42027.577000000005,4,3,0,-0.6,0.6,-0.6,0.6,0.4,0.4,6,3.086792681829652,-0.41587816923053905,0.2349891913541408,1.4925821305300957,1.4888828360296258,1.4888828360296258,4,-0.75,-1.0800441483665264,-0.3300441483665264,0.0375,0.0402371847827457,0.00273718478274569,0.25,0.12749853318689156,-0.12250146681310844,5,7.312171560041545,2.312171560041545,1.5,1.5639764501103794,0.06397645011037945,0.8,0.9985804367632944,0.1985804367632944,0.08679268182965183,-0.41587816923053905,0.8349891913541407,0.8925821305300957,1.088882836029626,1.088882836029626,-2,ok,CONVERGENCE: REL_REDUCTION_OF_F <= FACTR*EPSMCH,1489.524009;1e+12;1e+12;1489.527675;1e+12;1e+12;1489.529046;1e+12;1e+12;1489.522007;1e+12;1e+12;1489.521743;1e+12;1e+12;1489.520047;1e+12;1e+12;1489.527255;1e+12;1e+12;1489.521332;1e+12;1e+12;1489.521479;1e+12;1e+12;1489.523178;1e+12;1e+12;1489.528429;1e+12;1e+12;1489.529821;1e+12;1e+12;1489.528611;1e+12;1e+12
grid_n1500_est_r000_etaSrawm06_etaYrawp06_tau04_selCOMMON_nu6,grid_n1500,EST,15,1500,COMMON,276,0.184,0.6224066390041494,0.6146642753348286,0.00774236366932079,-1446.3081810340698,2916.6163620681396,2980.3750067132232,12,TRUE,TRUE,0,7,52080.53,4,3,0,-0.6,0.6,-0.6,0.6,0.4,0.4,6,2.483692716212907,0.30146391235237324,-1.4925821305300957,-0.12597167887997868,-1.3332242263692138,-1.3332242263692138,4,-0.75,0.36988958771797337,1.119889587717973,0.0375,0.02496781654483743,-0.01253218345516256,0.25,0.19149813303162433,-0.05850186696837567,5,7.4939976638601316,2.4939976638601316,1.5,1.8625267095350788,0.3625267095350788,0.8,0.7702259224252702,-0.02977407757472983,-0.5163072837870928,0.30146391235237324,-0.8925821305300957,-0.7259716788799786,-1.733224226369214,-1.733224226369214,-2,ok,CONVERGENCE: REL_REDUCTION_OF_F <= FACTR*EPSMCH,1446.309823;1e+12;1e+12;1446.309305;1e+12;1e+12;1446.308181;1e+12;1e+12;1446.313524;1e+12;1e+12;1446.312558;1e+12;1e+12;1446.308763;1e+12;1e+12;1446.309417;1e+12;1e+12;1446.31548;1e+12;1e+12;1446.308452;1e+12;1e+12;1446.349864;1e+12;1e+12;1446.524098;1e+12;1e+12;1446.308416;1e+12;1e+12;1446.308628;1e+12;1e+12
grid_n1500_est_r000_etaSrawm06_etaYrawp06_tau04_selCOMMON_nu6,grid_n1500,EST,16,1500,COMMON,265,0.17666666666666667,0.6318449873631002,0.6146642753348286,0.01718071202827165,-1389.470464728338,2802.940929456676,2866.6995741017595,12,TRUE,TRUE,0,16,43200.619,4,3,0,-0.6,0.6,-0.6,0.6,0.4,0.4,6,2.820262110178293,0.24570753926889724,-1.4925821305300957,0.4587707621242249,1.489954313864919,1.489954313864919,4,-0.75,-0.6297737271107069,0.1202262728892931,0.0375,0.00863009799517239,-0.0288699020048276,0.25,0.24008574580606984,-0.00991425419393016,5,5.557222633146386,0.5572226331463863,1.5,1.8481286466498257,0.34812864664982546,0.8,0.6975269962329966,-0.1024730037670034,-0.1797378898217068,0.24570753926889724,-0.8925821305300957,-0.14122923787577513,1.089954313864919,1.089954313864919,-2,ok,CONVERGENCE: REL_REDUCTION_OF_F <= FACTR*EPSMCH,1389.525969;1e+12;1e+12;1389.475067;1e+12;1e+12;1389.520849;1e+12;1e+12;1389.476812;1e+12;1e+12;1389.52815;1e+12;1e+12;1389.470465;1e+12;1e+12;1389.474054;1e+12;1e+12;1389.531155;1e+12;1e+12;1389.52816;1e+12;1e+12;1389.470658;1e+12;1e+12;1389.527004;1e+12;1e+12;1389.472766;1e+12;1e+12;Inf;1e+12;1e+12
grid_n1500_est_r000_etaSrawm06_etaYrawp06_tau04_selCOMMON_nu6,grid_n1500,EST,17,1500,COMMON,250,0.16666666666666666,0.6145022531749283,0.6146642753348286,-1.620221599002436e-4,-1324.4266820156554,2672.853364031311,2736.6120086763945,12,TRUE,TRUE,0,19,44924.405000000006,4,3,0,-0.6,0.6,-0.6,0.6,0.4,0.4,6,5.49786308089797,0.8818534529625214,-1.4892753564990011,-0.6488233635200338,1.4925821305300957,1.4925821305300957,4,-0.75,-0.6101035086649227,0.1398964913350773,0.0375,0.04015653933526732,0.00265653933526732,0.25,0.11591094510759424,-0.13408905489240577,5,2.631626350088921,-2.368373649911079,1.5,1.2919346746600844,-0.2080653253399156,0.8,0.873550608207873,0.07355060820787296,2.49786308089797,0.8818534529625214,-0.8892753564990011,-1.248823363520034,1.0925821305300958,1.0925821305300958,-2,ok,CONVERGENCE: REL_REDUCTION_OF_F <= FACTR*EPSMCH,1324.431942;1e+12;1e+12;1324.433218;1e+12;1e+12;1324.438088;1e+12;1e+12;1324.429046;1e+12;1e+12;1324.714707;1e+12;1e+12;1324.428891;1e+12;1e+12;1324.426682;1e+12;1e+12;1324.720837;1e+12;1e+12;1324.714688;1e+12;1e+12;1324.430451;1e+12;1e+12;1324.714077;1e+12;1e+12;1324.43531;1e+12;1e+12;1324.426863;1e+12;1e+12
grid_n1500_est_r000_etaSrawm06_etaYrawp06_tau04_selCOMMON_nu6,grid_n1500,EST,18,1500,COMMON,246,0.164,0.6268282490597576,0.6146642753348286,0.01216397372492905,-1330.771751760498,2685.543503520996,2749.30214816608,12,TRUE,TRUE,0,25,41737.194,4,3,0,-0.6,0.6,-0.6,0.6,0.4,0.4,6,2.2581097584124095,0.24789215262113184,1.4836612494646482,0.5831909836586084,1.4925821305300957,1.4925821305300957,4,-0.75,-1.4981738208811606,-0.7481738208811606,0.0375,0.00857394030102707,-0.02892605969897292,0.25,0.31157592444042187,0.06157592444042187,5,4.781638825829375,-0.21836117417062528,1.5,1.609578468412452,0.10957846841245213,0.8,0.8284576770510946,0.02845767705109458,-0.7418902415875905,0.24789215262113184,2.0836612494646483,-0.01680901634139153,1.0925821305300958,1.0925821305300958,-2,ok,CONVERGENCE: REL_REDUCTION_OF_F <= FACTR*EPSMCH,1330.795872;1e+12;1e+12;1330.791932;1e+12;1e+12;1330.798577;1e+12;1e+12;1330.791881;1e+12;1e+12;1330.802863;1e+12;1e+12;1330.790904;1e+12;1e+12;1330.772296;1e+12;1e+12;1330.777408;1e+12;1e+12;1330.771752;1e+12;1e+12;1330.793504;1e+12;1e+12;1330.795561;1e+12;1e+12;1330.796249;1e+12;1e+12;1330.783944;1e+12;1e+12
grid_n1500_est_r000_etaSrawm06_etaYrawp06_tau04_selCOMMON_nu6,grid_n1500,EST,19,1500,COMMON,276,0.184,0.6218905472636815,0.6146642753348286,0.00722627192885294,-1449.4194391073406,2922.8388782146812,2986.597522859765,12,TRUE,TRUE,0,25,46362.932,4,3,0,-0.6,0.6,-0.6,0.6,0.4,0.4,6,3.23483474807195,0.4883127232219336,-1.4902530251775867,0.16874831229852763,1.4925821305300957,1.4925821305300957,4,-0.75,-0.5974335334682167,0.1525664665317833,0.0375,0.02245419061673217,-0.01504580938326782,0.25,0.2437161327952552,-0.0062838672047448,5,4.796440313410755,-0.20355968658924528,1.5,1.4227199296445574,-0.0772800703554426,0.8,0.8411377991175862,0.041137799117586193,0.23483474807194993,0.4883127232219336,-0.8902530251775868,-0.4312516877014724,1.0925821305300958,1.0925821305300958,-2,ok,CONVERGENCE: REL_REDUCTION_OF_F <= FACTR*EPSMCH,1449.422882;1e+12;1e+12;1449.421302;1e+12;1e+12;1449.435515;1e+12;1e+12;1449.431578;1e+12;1e+12;1449.591857;1e+12;1e+12;1449.422401;1e+12;1e+12;1449.420985;1e+12;1e+12;1449.594778;1e+12;1e+12;1449.419439;1e+12;1e+12;1449.440768;1e+12;1e+12;1449.594662;1e+12;1e+12;Inf;1e+12;1e+12;1449.422015;1e+12;1e+12
grid_n1500_est_r000_etaSrawm06_etaYrawp06_tau04_selCOMMON_nu6,grid_n1500,EST,20,1500,COMMON,251,0.1673333333333333,0.6092607636068237,0.6146642753348286,-0.0054035117280049,-1321.092520394472,2666.185040788944,2729.943685434027,12,TRUE,TRUE,0,34,38353.579000000005,4,3,0,-0.6,0.6,-0.6,0.6,0.4,0.4,6,2.2111671759660223,0.2510312940220136,1.4899920671913052,1.4925821305300957,1.4925821305300957,1.4925821305300957,4,-0.75,-1.4822398802819785,-0.7322398802819783,0.0375,0.03959447800817627,0.00209447800817627,0.25,0.2935076408587929,0.04350764085879288,5,5.354016260253638,0.35401626025363786,1.5,1.3800227925068764,-0.11997720749312356,0.8,0.8660062294812579,0.0660062294812579,-0.7888328240339777,0.2510312940220136,2.089992067191305,0.8925821305300957,1.0925821305300958,1.0925821305300958,-2,ok,CONVERGENCE: REL_REDUCTION_OF_F <= FACTR*EPSMCH,1321.105339;1e+12;1e+12;1321.098483;1e+12;1e+12;1321.09704;1e+12;1e+12;1321.100152;1e+12;1e+12;1321.096693;1e+12;1e+12;1321.104388;1e+12;1e+12;1321.093354;1e+12;1e+12;1321.10375;1e+12;1e+12;1321.094212;1e+12;1e+12;1321.0926;1e+12;1e+12;1321.094311;1e+12;1e+12;1321.09252;1e+12;1e+12;1321.093169;1e+12;1e+12
grid_n1500_est_r000_etaSrawm06_etaYrawp06_tau04_selCOMMON_nu6,grid_n1500,EST,21,1500,COMMON,272,0.18133333333333335,0.6082725060827251,0.6146642753348286,-0.00639176925210349,-1455.5172570089271,2935.0345140178547,2998.7931586629384,12,TRUE,TRUE,0,31,43151.767,4,3,0,-0.6,0.6,-0.6,0.6,0.4,0.4,6,4.363011454721193,-0.6487653229300131,-1.4925821305300957,0.7038249583902898,1.4925821305300957,1.4925821305300957,4,-0.75,-0.5684394097331793,0.1815605902668207,0.0375,0.00980015496290777,-0.02769984503709222,0.25,0.1449486705216949,-0.10505132947830507,5,7.497594006579777,2.497594006579777,1.5,1.0724296018251562,-0.42757039817484377,0.8,0.829656768807954,0.02965676880795398,1.3630114547211931,-0.6487653229300131,-0.8925821305300957,0.10382495839028982,1.0925821305300958,1.0925821305300958,-2,ok,CONVERGENCE: REL_REDUCTION_OF_F <= FACTR*EPSMCH,1455.520427;1e+12;1e+12;1455.517677;1e+12;1e+12;1455.51851;1e+12;1e+12;1455.519562;1e+12;1e+12;1455.519338;1e+12;1e+12;1455.520269;1e+12;1e+12;1455.519538;1e+12;1e+12;1455.518915;1e+12;1e+12;1455.522513;1e+12;1e+12;1455.53318;1e+12;1e+12;1455.517257;1e+12;1e+12;1455.52075;1e+12;1e+12;1455.518758;1e+12;1e+12
grid_n1500_est_r000_etaSrawm06_etaYrawp06_tau04_selCOMMON_nu6,grid_n1500,EST,22,1500,COMMON,280,0.18666666666666668,0.6278777731268314,0.6146642753348286,0.01321349779200276,-1443.433119043381,2910.866238086762,2974.624882731846,12,TRUE,TRUE,0,19,49066.843,4,3,0,-0.6,0.6,-0.6,0.6,0.4,0.4,6,2.962544507559508,0.3558383205726539,-1.492287627234164,-0.05311377660284309,1.4925821305300957,1.4925821305300957,4,-0.75,-0.654502523581558,0.09549747641844196,0.0375,0.031447083472695,-0.00605291652730499,0.25,0.3394020673037216,0.08940206730372158,5,5.394953733858149,0.3949537338581486,1.5,1.7834867151870315,0.2834867151870317,0.8,0.8880257644729883,0.08802576447298827,-0.03745549244049195,0.3558383205726539,-0.8922876272341639,-0.6531137766028431,1.0925821305300958,1.0925821305300958,-2,ok,CONVERGENCE: REL_REDUCTION_OF_F <= FACTR*EPSMCH,1443.435324;1e+12;1e+12;1443.439092;1e+12;1e+12;1443.434347;1e+12;1e+12;1443.43476;1e+12;1e+12;1443.442654;1e+12;1e+12;1443.4358;1e+12;1e+12;1443.433119;1e+12;1e+12;1443.433666;1e+12;1e+12;1443.433129;1e+12;1e+12;1443.433927;1e+12;1e+12;Inf;1e+12;1e+12;1443.433201;1e+12;1e+12;1443.436697;1e+12;1e+12
grid_n1500_est_r000_etaSrawm06_etaYrawp06_tau04_selCOMMON_nu6,grid_n1500,EST,23,1500,COMMON,270,0.18,0.6157635467980296,0.6146642753348286,0.00109927146320099,-1415.7762051933034,2855.552410386607,2919.3110550316906,12,TRUE,TRUE,0,34,31973.331,4,3,0,-0.6,0.6,-0.6,0.6,0.4,0.4,6,2.316349708798682,-0.02309805000173463,1.4608888135811633,1.4925821305300957,1.4925821305300957,1.4925821305300957,4,-0.75,-1.3894421885998978,-0.6394421885998978,0.0375,0.03850257433347032,0.00100257433347032,0.25,0.23206429419299784,-0.01793570580700218,5,6.112432899112102,1.1124328991121022,1.5,1.3763106942265824,-0.12368930577341763,0.8,0.8769065040760126,0.07690650407601252,-0.6836502912013178,-0.02309805000173463,2.060888813581163,0.8925821305300957,1.0925821305300958,1.0925821305300958,-2,ok,CONVERGENCE: REL_REDUCTION_OF_F <= FACTR*EPSMCH,1415.778208;1e+12;1e+12;1416.387915;1e+12;1e+12;1415.777228;1e+12;1e+12;1416.369273;1e+12;1e+12;1415.781839;1e+12;1e+12;1416.375903;1e+12;1e+12;1416.374837;1e+12;1e+12;1415.777905;1e+12;1e+12;1415.782965;1e+12;1e+12;1416.365283;1e+12;1e+12;1415.776255;1e+12;1e+12;1415.776205;1e+12;1e+12;1415.777962;1e+12;1e+12
grid_n1500_est_r000_etaSrawm06_etaYrawp06_tau04_selCOMMON_nu6,grid_n1500,EST,24,1500,COMMON,260,0.17333333333333334,0.6188118811881188,0.6146642753348286,0.00414760585329021,-1388.1664034951943,2800.3328069903887,2864.0914516354724,12,TRUE,TRUE,0,16,41156.816000000006,4,3,0,-0.6,0.6,-0.6,0.6,0.4,0.4,6,2.4933333078482316,0.35797149181151827,1.4925821305300957,1.2524193497180898,1.4925821305300957,1.4925821305300957,4,-0.75,-1.464304458913537,-0.714304458913537,0.0375,0.04389222680131308,0.00639222680131308,0.25,0.29468535002356755,0.04468535002356755,5,3.9688133662703216,-1.0311866337296784,1.5,1.4953606369664127,-0.00463936303358725,0.8,0.9441486898972604,0.14414868989726026,-0.5066666921517684,0.35797149181151827,2.092582130530096,0.6524193497180898,1.0925821305300958,1.0925821305300958,-2,ok,CONVERGENCE: REL_REDUCTION_OF_F <= FACTR*EPSMCH,1388.171799;1e+12;1e+12;1388.167791;1e+12;1e+12;1388.171315;1e+12;1e+12;1388.172843;1e+12;1e+12;1388.170418;1e+12;1e+12;1388.166403;1e+12;1e+12;1388.172208;1e+12;1e+12;1388.167642;1e+12;1e+12;1388.171772;1e+12;1e+12;1388.169317;1e+12;1e+12;1388.172423;1e+12;1e+12;1388.167425;1e+12;1e+12;1388.166477;1e+12;1e+12
grid_n1500_est_r000_etaSrawm06_etaYrawp06_tau04_selCOMMON_nu6,grid_n1500,EST,25,1500,COMMON,277,0.18466666666666667,0.6107491856677525,0.6146642753348286,-0.00391508966707609,-1464.332353970123,2952.664707940246,3016.4233525853297,12,TRUE,TRUE,0,10,51077.995,4,3,0,-0.6,0.6,-0.6,0.6,0.4,0.4,6,3.4147247872833457,0.5246531324812287,-1.4892590913118258,0.6108001244544591,1.4925821305300957,1.4925821305300957,4,-0.75,-0.6045762626670256,0.14542373733297442,0.0375,0.02693262676666027,-0.01056737323333972,0.25,0.23488602707097395,-0.015113972929026021,5,3.9703888254608857,-1.0296111745391143,1.5,1.6220136665751643,0.12201366657516456,0.8,0.8925810022654442,0.0925810022654442,0.4147247872833457,0.5246531324812287,-0.8892590913118258,0.0108001244544591,1.0925821305300958,1.0925821305300958,-2,ok,CONVERGENCE: REL_REDUCTION_OF_F <= FACTR*EPSMCH,1464.338664;1e+12;1e+12;1464.333111;1e+12;1e+12;1464.342983;1e+12;1e+12;1464.332354;1e+12;1e+12;1464.639225;1e+12;1e+12;1464.332607;1e+12;1e+12;1464.333995;1e+12;1e+12;1464.639839;1e+12;1e+12;1464.333732;1e+12;1e+12;1464.337536;1e+12;1e+12;1464.639044;1e+12;1e+12;1464.334112;1e+12;1e+12;1464.334053;1e+12;1e+12
grid_n1500_est_r000_etaSrawm06_etaYrawp06_tau04_selCOMMON_nu6,grid_n1500,EST,26,1500,COMMON,276,0.184,0.6147540983606558,0.6146642753348286,8.982302582716262e-5,-1436.5112806842476,2897.022561368495,2960.781206013579,12,TRUE,TRUE,0,10,43805.626,4,3,0,-0.6,0.6,-0.6,0.6,0.4,0.4,6,3.1951082699795865,-0.3865032374586753,-0.3816355615440956,1.4925821305300957,1.4283620585940002,1.4283620585940002,4,-0.75,-1.0413410982339883,-0.29134109823398835,0.0375,0.02439955098377452,-0.01310044901622547,0.25,0.31133277245862745,0.06133277245862745,5,6.836112028185768,1.8361120281857684,1.5,1.6809140767522686,0.18091407675226856,0.8,0.7555796131063649,-0.04442038689363514,0.19510826997958652,-0.3865032374586753,0.21836443845590436,0.8925821305300957,1.0283620585940003,1.0283620585940003,-2,ok,CONVERGENCE: REL_REDUCTION_OF_F <= FACTR*EPSMCH,1436.516403;1e+12;1e+12;1436.512292;1e+12;1e+12;1436.512399;1e+12;1e+12;1436.511281;1e+12;1e+12;1436.512189;1e+12;1e+12;1436.515677;1e+12;1e+12;1436.511985;1e+12;1e+12;1436.512104;1e+12;1e+12;1436.512907;1e+12;1e+12;1436.513016;1e+12;1e+12;1436.512812;1e+12;1e+12;1436.514795;1e+12;1e+12;1436.520504;1e+12;1e+12
grid_n1500_est_r000_etaSrawm06_etaYrawp06_tau04_selCOMMON_nu6,grid_n1500,EST,27,1500,COMMON,259,0.17266666666666666,0.6446067898581865,0.6146642753348286,0.02994251452335794,-1361.6237160143576,2747.247432028715,2811.006076673799,12,TRUE,TRUE,0,34,49125.487,4,3,0,-0.6,0.6,-0.6,0.6,0.4,0.4,6,2.485262130385426,0.5340525052840212,1.4877455961266453,-0.967835959643356,1.4925821305300957,1.4925821305300957,4,-0.75,-1.6002532820168311,-0.8502532820168311,0.0375,0.05724669282121903,0.01974669282121903,0.25,0.5356666457457376,0.28566664574573764,5,3.722878947317675,-1.2771210526823245,1.5,1.4819627421167612,-0.01803725788323884,0.8,0.8817539640543932,0.08175396405439317,-0.5147378696145739,0.5340525052840212,2.0877455961266453,-1.567835959643356,1.0925821305300958,1.0925821305300958,-2,ok,CONVERGENCE: REL_REDUCTION_OF_F <= FACTR*EPSMCH,1361.633276;1e+12;1e+12;1361.627219;1e+12;1e+12;1361.629199;1e+12;1e+12;1361.62759;1e+12;1e+12;1361.628051;1e+12;1e+12;1361.62418;1e+12;1e+12;1361.917485;1e+12;1e+12;1361.627492;1e+12;1e+12;1361.919174;1e+12;1e+12;1361.624332;1e+12;1e+12;1361.628121;1e+12;1e+12;1361.623716;1e+12;1e+12;1361.916607;1e+12;1e+12
grid_n1500_est_r000_etaSrawm06_etaYrawp06_tau04_selCOMMON_nu6,grid_n1500,EST,28,1500,COMMON,276,0.184,0.6087662337662337,0.6146642753348286,-0.00589804156859485,-1430.0606136026995,2884.1212272053995,2947.879871850483,12,TRUE,TRUE,0,34,44018.792,4,3,0,-0.6,0.6,-0.6,0.6,0.4,0.4,6,2.945414259232846,-0.253857711408699,-1.4925821305300957,0.43547358483087906,1.4925821305300957,1.4925821305300957,4,-0.75,-0.5819278324717118,0.16807216752828824,0.0375,0.04610035551879187,0.00860035551879187,0.25,0.17663682360116473,-0.07336317639883527,5,6.5256741662518705,1.5256741662518705,1.5,1.0958110398430458,-0.40418896015695416,0.8,0.7147414897370206,-0.08525851026297948,-0.05458574076715417,-0.253857711408699,-0.8925821305300957,-0.16452641516912092,1.0925821305300958,1.0925821305300958,-2,ok,CONVERGENCE: REL_REDUCTION_OF_F <= FACTR*EPSMCH,1430.061508;1e+12;1e+12;1430.068553;1e+12;1e+12;1430.063357;1e+12;1e+12;1430.077222;1e+12;1e+12;1430.493352;1e+12;1e+12;1430.063063;1e+12;1e+12;1430.064366;1e+12;1e+12;1430.493642;1e+12;1e+12;1430.490873;1e+12;1e+12;1430.063776;1e+12;1e+12;1430.500484;1e+12;1e+12;1430.060614;1e+12;1e+12;1430.068782;1e+12;1e+12
grid_n1500_est_r000_etaSrawm06_etaYrawp06_tau04_selCOMMON_nu6,grid_n1500,EST,29,1500,COMMON,284,0.18933333333333333,0.6157635467980296,0.6146642753348286,0.00109927146320099,-1482.784199673465,2989.56839934693,3053.327043992014,12,TRUE,TRUE,0,25,27362.275,4,3,0,-0.6,0.6,-0.6,0.6,0.4,0.4,6,2.805981425157886,0.2913771961359438,0.7531074166987484,1.4925821305300957,0.946996237171442,0.946996237171442,4,-0.75,-1.342093449771976,-0.5920934497719759,0.0375,0.04719695525498346,0.00969695525498345,0.25,0.30721011294785755,0.05721011294785755,5,4.4961947271469365,-0.5038052728530635,1.5,1.0826884730706356,-0.4173115269293643,0.8,0.6263502516295986,-0.17364974837040148,-0.19401857484211416,0.2913771961359438,1.3531074166987485,0.8925821305300957,0.5469962371714419,0.5469962371714419,-2,ok,CONVERGENCE: REL_REDUCTION_OF_F <= FACTR*EPSMCH,1482.791791;1e+12;1e+12;1482.801482;1e+12;1e+12;1482.7863;1e+12;1e+12;1482.810875;1e+12;1e+12;1482.784216;1e+12;1e+12;1482.80969;1e+12;1e+12;1482.811404;1e+12;1e+12;1482.785153;1e+12;1e+12;1482.7842;1e+12;1e+12;1482.81087;1e+12;1e+12;1482.86149;1e+12;1e+12;1482.802254;1e+12;1e+12;1482.784279;1e+12;1e+12
grid_n1500_est_r000_etaSrawm06_etaYrawp06_tau04_selCOMMON_nu6,grid_n1500,EST,30,1500,COMMON,249,0.166,0.6041079339508659,0.6146642753348286,-0.01055634138396266,-1336.6234695974645,2697.246939194929,2761.0055838400126,12,TRUE,TRUE,0,19,47081.204,4,3,0,-0.6,0.6,-0.6,0.6,0.4,0.4,6,3.9044251271253527,0.6764511732232908,-1.471355155979571,-0.27143597775212813,1.4925821305300957,1.4925821305300957,4,-0.75,-0.6400746069182239,0.10992539308177608,0.0375,0.03897372556480809,0.00147372556480809,0.25,0.19644076529809823,-0.05355923470190177,5,5.1547982538173915,0.15479825381739154,1.5,1.288164491165524,-0.2118355088344761,0.8,0.736198332330955,-0.06380166766904505,0.9044251271253528,0.6764511732232908,-0.871355155979571,-0.8714359777521281,1.0925821305300958,1.0925821305300958,-2,ok,CONVERGENCE: REL_REDUCTION_OF_F <= FACTR*EPSMCH,1336.63279;1e+12;1e+12;1336.626782;1e+12;1e+12;1336.632065;1e+12;1e+12;1336.624866;1e+12;1e+12;1336.759511;1e+12;1e+12;1336.638563;1e+12;1e+12;1336.62347;1e+12;1e+12;1336.753432;1e+12;1e+12;1336.752965;1e+12;1e+12;1336.631089;1e+12;1e+12;1336.751332;1e+12;1e+12;Inf;1e+12;1e+12;1336.636911;1e+12;1e+12
grid_n1500_est_r000_etaSrawm06_etaYrawp06_tau04_selCOMMON_nu6,grid_n1500,EST,31,1500,COMMON,278,0.18533333333333332,0.6139991813344249,0.6146642753348286,-6.650940004037098e-4,-1449.687039362933,2923.374078725866,2987.13272337095,12,TRUE,TRUE,0,34,43200.652,4,3,0,-0.6,0.6,-0.6,0.6,0.4,0.4,6,3.1416132852225185,0.43583946384195754,-1.4893552852306355,0.1932136453334711,1.4925821305300957,1.4925821305300957,4,-0.75,-0.5838023079900205,0.16619769200997947,0.0375,0.03643557834166162,-0.00106442165833837,0.25,0.21971218660798653,-0.03028781339201347,5,5.0966169996091475,0.09661699960914748,1.5,1.6009738550412165,0.10097385504121624,0.8,0.8565799255175779,0.05657992551757784,0.14161328522251848,0.43583946384195754,-0.8893552852306356,-0.4067863546665289,1.0925821305300958,1.0925821305300958,-2,ok,CONVERGENCE: REL_REDUCTION_OF_F <= FACTR*EPSMCH,1449.687541;1e+12;1e+12;1449.690374;1e+12;1e+12;1449.697607;1e+12;1e+12;1449.691695;1e+12;1e+12;1449.688435;1e+12;1e+12;1449.693658;1e+12;1e+12;1449.698292;1e+12;1e+12;1449.695943;1e+12;1e+12;1449.688778;1e+12;1e+12;1449.695593;1e+12;1e+12;1450.63436;1e+12;1e+12;1449.687039;1e+12;1e+12;Inf;1e+12;1e+12
grid_n1500_est_r000_etaSrawm06_etaYrawp06_tau04_selCOMMON_nu6,grid_n1500,EST,32,1500,COMMON,266,0.17733333333333334,0.6175380815150268,0.6146642753348286,0.00287380618019816,-1384.7386647375688,2793.4773294751376,2857.2359741202213,12,TRUE,TRUE,0,34,42892.26,4,3,0,-0.6,0.6,-0.6,0.6,0.4,0.4,6,3.3441390552767816,0.6434927963942562,-1.4608676391885191,-0.01186771926237026,1.4925821305300957,1.4925821305300957,4,-0.75,-0.6120571506348041,0.13794284936519585,0.0375,0.03928805946078998,0.00178805946078998,0.25,0.2030806714269759,-0.04691932857302411,5,3.763050369449852,-1.2369496305501475,1.5,1.3195850439656789,-0.18041495603432137,0.8,1.0258932151756666,0.22589321517566652,0.34413905527678157,0.6434927963942562,-0.8608676391885192,-0.6118677192623703,1.0925821305300958,1.0925821305300958,-2,ok,CONVERGENCE: REL_REDUCTION_OF_F <= FACTR*EPSMCH,1384.740519;1e+12;1e+12;1384.743423;1e+12;1e+12;1384.739456;1e+12;1e+12;1384.73995;1e+12;1e+12;1384.89502;1e+12;1e+12;1384.753017;1e+12;1e+12;1384.738973;1e+12;1e+12;1384.894729;1e+12;1e+12;1384.746308;1e+12;1e+12;1384.740792;1e+12;1e+12;1384.89809;1e+12;1e+12;1384.738665;1e+12;1e+12;1384.741177;1e+12;1e+12
grid_n1500_est_r000_etaSrawm06_etaYrawp06_tau04_selCOMMON_nu6,grid_n1500,EST,33,1500,COMMON,275,0.18333333333333332,0.6167763157894737,0.6146642753348286,0.00211204045464508,-1441.9152233541877,2907.8304467083753,2971.589091353459,12,TRUE,TRUE,0,34,45386.87,4,3,0,-0.6,0.6,-0.6,0.6,0.4,0.4,6,4.440355319289787,0.7969149913478581,-1.4925821305300957,-0.13702745847595615,1.4925821305300957,1.4925821305300957,4,-0.75,-0.5371618700661258,0.2128381299338742,0.0375,0.03458905401173141,-0.00291094598826858,0.25,0.12805045528107142,-0.12194954471892858,5,3.845225685942205,-1.1547743140577955,1.5,1.6005049592243898,0.10050495922438984,0.8,0.8483713980002646,0.04837139800026457,1.4403553192897869,0.7969149913478581,-0.8925821305300957,-0.7370274584759562,1.0925821305300958,1.0925821305300958,-2,ok,CONVERGENCE: REL_REDUCTION_OF_F <= FACTR*EPSMCH,1441.91793;1e+12;1e+12;1441.921719;1e+12;1e+12;1441.924605;1e+12;1e+12;1441.932421;1e+12;1e+12;1442.060333;1e+12;1e+12;1441.915232;1e+12;1e+12;1441.921561;1e+12;1e+12;1442.049294;1e+12;1e+12;1441.91528;1e+12;1e+12;1441.919923;1e+12;1e+12;1442.051735;1e+12;1e+12;1441.915223;1e+12;1e+12;1441.9192;1e+12;1e+12
grid_n1500_est_r000_etaSrawm06_etaYrawp06_tau04_selCOMMON_nu6,grid_n1500,EST,34,1500,COMMON,253,0.16866666666666666,0.6172839506172839,0.6146642753348286,0.00261967528245532,-1332.0602859160108,2688.1205718320216,2751.8792164771053,12,TRUE,TRUE,0,25,43200.655999999995,4,3,0,-0.6,0.6,-0.6,0.6,0.4,0.4,6,2.3331262568956324,0.47652305452966737,1.483255294024532,-1.4925821305300957,1.4925821305300957,1.4925821305300957,4,-0.75,-1.4748343999536178,-0.7248343999536178,0.0375,0.05002874637776507,0.01252874637776507,0.25,0.2729595136438533,0.02295951364385329,5,4.466436197048826,-0.533563802951174,1.5,1.3079360591207487,-0.19206394087925127,0.8,0.9563300762544236,0.15633007625442352,-0.6668737431043676,0.47652305452966737,2.083255294024532,-2.092582130530096,1.0925821305300958,1.0925821305300958,-2,ok,CONVERGENCE: REL_REDUCTION_OF_F <= FACTR*EPSMCH,1332.156693;1e+12;1e+12;1332.153951;1e+12;1e+12;1332.161772;1e+12;1e+12;1332.150007;1e+12;1e+12;1332.065027;1e+12;1e+12;1332.150845;1e+12;1e+12;1332.155855;1e+12;1e+12;1332.061047;1e+12;1e+12;1332.060286;1e+12;1e+12;1332.15211;1e+12;1e+12;1332.062764;1e+12;1e+12;1332.155561;1e+12;1e+12;Inf;1e+12;1e+12
grid_n1500_est_r000_etaSrawm06_etaYrawp06_tau04_selCOMMON_nu6,grid_n1500,EST,35,1500,COMMON,255,0.17,0.6041079339508659,0.6146642753348286,-0.01055634138396266,-1367.7300176292856,2759.460035258571,2823.218679903655,12,TRUE,TRUE,0,31,37061.962,4,3,0,-0.6,0.6,-0.6,0.6,0.4,0.4,6,2.4683689107738034,0.11804320480814484,1.4793293480911849,1.4798567086607568,1.4925821305300957,1.4925821305300957,4,-0.75,-1.442256994022299,-0.6922569940222989,0.0375,0.04792307748230892,0.01042307748230892,0.25,0.21800333580572176,-0.03199666419427824,5,5.689969195547225,0.6899691955472251,1.5,1.3966675470824916,-0.10333245291750837,0.8,0.8028915606942819,0.00289156069428186,-0.5316310892261966,0.11804320480814484,2.0793293480911847,0.8798567086607568,1.0925821305300958,1.0925821305300958,-2,ok,CONVERGENCE: REL_REDUCTION_OF_F <= FACTR*EPSMCH,1367.740176;1e+12;1e+12;1367.732956;1e+12;1e+12;1367.736801;1e+12;1e+12;1367.883357;1e+12;1e+12;1367.730579;1e+12;1e+12;1367.882311;1e+12;1e+12;1367.885724;1e+12;1e+12;1367.732343;1e+12;1e+12;1367.731918;1e+12;1e+12;1367.889111;1e+12;1e+12;1367.730018;1e+12;1e+12;1367.735342;1e+12;1e+12;1367.887182;1e+12;1e+12
grid_n1500_est_r000_etaSrawm06_etaYrawp06_tau04_selCOMMON_nu6,grid_n1500,EST,36,1500,COMMON,261,0.174,0.6048387096774194,0.6146642753348286,-0.00982556565740921,-1365.8511723246695,2755.702344649339,2819.4609892944227,12,TRUE,TRUE,0,16,41382.212,4,3,0,-0.6,0.6,-0.6,0.6,0.4,0.4,6,2.9899727080967144,0.20137331803342912,-1.4925821305300957,0.8789172732077456,1.4925821305300957,1.4925821305300957,4,-0.75,-0.6973887160496878,0.05261128395031222,0.0375,0.03510093379386618,-0.00239906620613381,0.25,0.29277661781572967,0.04277661781572967,5,4.60423806942847,-0.3957619305715303,1.5,1.5675824933420286,0.0675824933420286,0.8,0.7568820920434731,-0.04311790795652692,-0.01002729190328555,0.20137331803342912,-0.8925821305300957,0.2789172732077456,1.0925821305300958,1.0925821305300958,-2,ok,CONVERGENCE: REL_REDUCTION_OF_F <= FACTR*EPSMCH,1365.851197;1e+12;1e+12;1365.85421;1e+12;1e+12;1365.864155;1e+12;1e+12;1365.858855;1e+12;1e+12;1365.923355;1e+12;1e+12;1365.851172;1e+12;1e+12;1365.852199;1e+12;1e+12;1365.923311;1e+12;1e+12;1365.9237;1e+12;1e+12;1365.851232;1e+12;1e+12;1365.923484;1e+12;1e+12;1365.851298;1e+12;1e+12;1365.852986;1e+12;1e+12
grid_n1500_est_r000_etaSrawm06_etaYrawp06_tau04_selCOMMON_nu6,grid_n1500,EST,37,1500,COMMON,285,0.19,0.6211180124223602,0.6146642753348286,0.0064537370875316,-1490.693388842175,3005.38677768435,3069.1454223294336,12,TRUE,TRUE,0,10,45582.411,4,3,0,-0.6,0.6,-0.6,0.6,0.4,0.4,6,2.465608217134898,0.0764550998772229,1.4261222377187086,1.4925821305300957,0.7735462062328544,0.7735462062328544,4,-0.75,-1.5165563617836806,-0.7665563617836806,0.0375,0.03692224566096714,-5.777543390328571e-4,0.25,0.36101386896365906,0.11101386896365906,5,5.7250812848847765,0.7250812848847765,1.5,1.289790280843489,-0.21020971915651132,0.8,0.8039575588370851,0.00395755883708504,-0.5343917828651019,0.0764550998772229,2.0261222377187087,0.8925821305300957,0.3735462062328544,0.3735462062328544,-2,ok,CONVERGENCE: REL_REDUCTION_OF_F <= FACTR*EPSMCH,1490.801872;1e+12;1e+12;1490.754245;1e+12;1e+12;1490.694585;1e+12;1e+12;1490.693389;1e+12;1e+12;1490.694491;1e+12;1e+12;1490.792138;1e+12;1e+12;1490.748848;1e+12;1e+12;1490.696298;1e+12;1e+12;1490.694539;1e+12;1e+12;1490.754073;1e+12;1e+12;1490.699209;1e+12;1e+12;1490.741409;1e+12;1e+12;1490.755024;1e+12;1e+12
grid_n1500_est_r000_etaSrawm06_etaYrawp06_tau04_selCOMMON_nu6,grid_n1500,EST,38,1500,COMMON,265,0.17666666666666667,0.6175380815150268,0.6146642753348286,0.00287380618019816,-1409.3838003897006,2842.767600779401,2906.526245424485,12,TRUE,TRUE,0,7,43200.64,4,3,0,-0.6,0.6,-0.6,0.6,0.4,0.4,6,5.3362611256501005,0.861270301894784,-1.4925821305300957,-0.31963371463647006,1.4925821305300957,1.4925821305300957,4,-0.75,-0.5754733648941949,0.17452663510580513,0.0375,0.01736344416584061,-0.02013655583415938,0.25,0.16581889779257275,-0.08418110220742725,5,3.0864059355478655,-1.9135940644521343,1.5,1.4317888654389452,-0.06821113456105476,0.8,0.9557603839305088,0.15576038393050884,2.3362611256501005,0.861270301894784,-0.8925821305300957,-0.91963371463647,1.0925821305300958,1.0925821305300958,-2,ok,CONVERGENCE: REL_REDUCTION_OF_F <= FACTR*EPSMCH,1409.384469;1e+12;1e+12;1409.383835;1e+12;1e+12;1409.3838;1e+12;1e+12;1409.391516;1e+12;1e+12;1409.383877;1e+12;1e+12;1409.384277;1e+12;1e+12;1409.384018;1e+12;1e+12;1409.384062;1e+12;1e+12;1409.384735;1e+12;1e+12;1409.393681;1e+12;1e+12;1410.390065;1e+12;1e+12;1409.384399;1e+12;1e+12;Inf;1e+12;1e+12
grid_n1500_est_r000_etaSrawm06_etaYrawp06_tau04_selCOMMON_nu6,grid_n1500,EST,39,1500,COMMON,258,0.172,0.613747954173486,0.6146642753348286,-9.163211613425482e-4,-1357.9323621780666,2739.864724356133,2803.623369001217,12,TRUE,TRUE,0,22,42480.266,4,3,0,-0.6,0.6,-0.6,0.6,0.4,0.4,6,2.2680207449212584,0.21662228011208223,1.4925821305300957,1.1636256498641084,1.4925821305300957,1.4925821305300957,4,-0.75,-1.432130427750819,-0.6821304277508189,0.0375,0.07384994581593245,0.03634994581593245,0.25,0.20836741090748323,-0.04163258909251677,5,5.800251031984431,0.8002510319844314,1.5,1.05987176690628,-0.44012823309372,0.8,0.8184567780295762,0.01845677802957612,-0.7319792550787416,0.21662228011208223,2.092582130530096,0.5636256498641085,1.0925821305300958,1.0925821305300958,-2,ok,CONVERGENCE: REL_REDUCTION_OF_F <= FACTR*EPSMCH,1358.246328;1e+12;1e+12;1358.308508;1e+12;1e+12;1357.932956;1e+12;1e+12;1358.316593;1e+12;1e+12;1357.9332;1e+12;1e+12;1358.31789;1e+12;1e+12;1358.312161;1e+12;1e+12;1357.932362;1e+12;1e+12;1357.933615;1e+12;1e+12;1358.3182;1e+12;1e+12;1357.942585;1e+12;1e+12;1357.933934;1e+12;1e+12;1358.308571;1e+12;1e+12
grid_n1500_est_r000_etaSrawm06_etaYrawp06_tau04_selCOMMON_nu6,grid_n1500,EST,40,1500,COMMON,261,0.174,0.6134969325153374,0.6146642753348286,-0.00116734281949115,-1382.0781041745922,2788.1562083491845,2851.914852994268,12,TRUE,TRUE,0,19,45367.522,4,3,0,-0.6,0.6,-0.6,0.6,0.4,0.4,6,5.312203664617885,0.837249077900349,-1.4925821305300957,-0.7333626892511664,1.4925821305300957,1.4925821305300957,4,-0.75,-0.6587546083813304,0.09124539161866962,0.0375,0.01216958537603874,-0.02533041462396125,0.25,0.2629305718438455,0.01293057184384549,5,4.397079639657929,-0.602920360342071,1.5,1.6313456476565462,0.13134564765654622,0.8,0.49777639886925235,-0.3022236011307477,2.3122036646178854,0.837249077900349,-0.8925821305300957,-1.3333626892511663,1.0925821305300958,1.0925821305300958,-2,ok,CONVERGENCE: REL_REDUCTION_OF_F <= FACTR*EPSMCH,1382.081901;1e+12;1e+12;1382.080383;1e+12;1e+12;1382.085567;1e+12;1e+12;1382.078218;1e+12;1e+12;1382.08545;1e+12;1e+12;1382.078242;1e+12;1e+12;1382.078104;1e+12;1e+12;1382.079829;1e+12;1e+12;1382.078208;1e+12;1e+12;1382.078836;1e+12;1e+12;1382.081156;1e+12;1e+12;1382.07887;1e+12;1e+12;1382.08084;1e+12;1e+12
grid_n1500_est_r000_etaSrawm06_etaYrawp06_tau04_selCOMMON_nu6,grid_n1500,EST,41,1500,COMMON,266,0.17733333333333334,0.6058158319870759,0.6146642753348286,-0.0088484433477527,-1402.7618920816074,2829.5237841632147,2893.2824288082984,12,TRUE,TRUE,0,34,57526.35,4,3,0,-0.6,0.6,-0.6,0.6,0.4,0.4,6,6.741543402709549,0.9458828984121987,-1.4925821305300957,-0.4073976807139593,1.4924891100266775,1.4924891100266775,4,-0.75,-0.5963900985280344,0.15360990147196563,0.0375,0.02036505393724844,-0.01713494606275155,0.25,0.18652469142805952,-0.06347530857194048,5,1.652314562193146,-3.347685437806854,1.5,1.6584044643471032,0.1584044643471032,0.8,0.790856243061298,-0.00914375693870206,3.7415434027095498,0.9458828984121987,-0.8925821305300957,-1.0073976807139593,1.0924891100266776,1.0924891100266776,-2,ok,CONVERGENCE: REL_REDUCTION_OF_F <= FACTR*EPSMCH,1402.763484;1e+12;1e+12;1402.763684;1e+12;1e+12;1402.762641;1e+12;1e+12;1402.76507;1e+12;1e+12;1404.241537;1e+12;1e+12;1402.761943;1e+12;1e+12;1402.762081;1e+12;1e+12;1404.241535;1e+12;1e+12;1402.762131;1e+12;1e+12;Inf;1e+12;1e+12;1404.241526;1e+12;1e+12;1402.761892;1e+12;1e+12;1402.773356;1e+12;1e+12
grid_n1500_est_r000_etaSrawm06_etaYrawp06_tau04_selCOMMON_nu6,grid_n1500,EST,42,1500,COMMON,266,0.17733333333333334,0.6183017312448474,0.6146642753348286,0.00363745591001884,-1396.6165119811783,2817.2330239623566,2880.9916686074403,12,TRUE,TRUE,0,25,35516.583,4,3,0,-0.6,0.6,-0.6,0.6,0.4,0.4,6,2.275495934260765,0.09410361172564656,1.4874238118561989,1.383656643873849,1.4925821305300957,1.4925821305300957,4,-0.75,-1.4039263769581318,-0.6539263769581318,0.0375,0.02144480194167124,-0.01605519805832875,0.25,0.23988166146702203,-0.01011833853297797,5,6.452820652989202,1.4528206529892025,1.5,1.421008534970248,-0.07899146502975207,0.8,0.7191676826233949,-0.08083231737660512,-0.724504065739235,0.09410361172564656,2.0874238118561985,0.7836566438738487,1.0925821305300958,1.0925821305300958,-2,ok,CONVERGENCE: REL_REDUCTION_OF_F <= FACTR*EPSMCH,1396.715276;1e+12;1e+12;1396.71631;1e+12;1e+12;1396.627898;1e+12;1e+12;1396.715506;1e+12;1e+12;1396.617547;1e+12;1e+12;1396.743496;1e+12;1e+12;1396.7146;1e+12;1e+12;1396.617017;1e+12;1e+12;1396.616512;1e+12;1e+12;1396.72647;1e+12;1e+12;1396.618992;1e+12;1e+12;1396.71001;1e+12;1e+12;1396.715349;1e+12;1e+12
grid_n1500_est_r000_etaSrawm06_etaYrawp06_tau04_selCOMMON_nu6,grid_n1500,EST,43,1500,COMMON,270,0.18,0.6070416835289356,0.6146642753348286,-0.00762259180589297,-1415.9484673484733,2855.8969346969466,2919.6555793420303,12,TRUE,TRUE,0,31,37018.14,4,3,0,-0.6,0.6,-0.6,0.6,0.4,0.4,6,2.324821660991296,0.1341311153121431,1.4729802787157449,1.223418477077867,1.4925821305300957,1.4925821305300957,4,-0.75,-1.4614196857265973,-0.7114196857265973,0.0375,0.03830427389215554,8.042738921555381e-4,0.25,0.3500222460857043,0.10002224608570431,5,6.033597531386882,1.0335975313868824,1.5,1.32690152803232,-0.17309847196768002,0.8,0.8360887391311019,0.03608873913110189,-0.675178339008704,0.1341311153121431,2.072980278715745,0.6234184770778674,1.0925821305300958,1.0925821305300958,-2,ok,CONVERGENCE: REL_REDUCTION_OF_F <= FACTR*EPSMCH,1415.985605;1e+12;1e+12;1415.994809;1e+12;1e+12;1416.001867;1e+12;1e+12;1415.993468;1e+12;1e+12;1415.95144;1e+12;1e+12;1415.997794;1e+12;1e+12;1415.994298;1e+12;1e+12;1415.949551;1e+12;1e+12;1415.950789;1e+12;1e+12;1415.989074;1e+12;1e+12;1415.948467;1e+12;1e+12;1415.99687;1e+12;1e+12;1415.99224;1e+12;1e+12
grid_n1500_est_r000_etaSrawm06_etaYrawp06_tau04_selCOMMON_nu6,grid_n1500,EST,44,1500,COMMON,258,0.172,0.6090133982947625,0.6146642753348286,-0.00565087704006606,-1343.68602767909,2711.37205535818,2775.130700003263,12,TRUE,TRUE,0,28,43200.643,4,3,0,-0.6,0.6,-0.6,0.6,0.4,0.4,6,2.6540056669248315,-0.24843359138604704,-1.4920934226853129,-0.02011344611465967,1.4925821305300957,1.4925821305300957,4,-0.75,-0.6609019778515032,0.08909802214849682,0.0375,0.02816962608637865,-0.00933037391362134,0.25,0.2747535314785294,0.02475353147852937,5,7.4757759850970995,2.4757759850970995,1.5,1.5871015015446517,0.08710150154465168,0.8,0.8263130074940669,0.02631300749406684,-0.34599433307516847,-0.24843359138604704,-0.8920934226853129,-0.6201134461146597,1.0925821305300958,1.0925821305300958,-2,ok,CONVERGENCE: REL_REDUCTION_OF_F <= FACTR*EPSMCH,1343.686099;1e+12;1e+12;1343.706146;1e+12;1e+12;1343.689888;1e+12;1e+12;1343.686462;1e+12;1e+12;1343.68951;1e+12;1e+12;1343.686498;1e+12;1e+12;1343.689119;1e+12;1e+12;1343.688772;1e+12;1e+12;1343.688609;1e+12;1e+12;1343.686028;1e+12;1e+12;1344.26321;1e+12;1e+12;1343.698154;1e+12;1e+12;Inf;1e+12;1e+12
grid_n1500_est_r000_etaSrawm06_etaYrawp06_tau04_selCOMMON_nu6,grid_n1500,EST,45,1500,COMMON,252,0.168,0.6080259424402108,0.6146642753348286,-0.00663833289461779,-1306.0563591677276,2636.112718335455,2699.871362980539,12,TRUE,TRUE,0,10,38430.179,4,3,0,-0.6,0.6,-0.6,0.6,0.4,0.4,6,2.96922265085742,-0.43118265142920126,-1.4925821305300957,0.552264990076906,1.4925821305300957,1.4925821305300957,4,-0.75,-0.6892874779430039,0.06071252205699606,0.0375,0.0252945051336404,-0.0122054948663596,0.25,0.28730209962647846,0.03730209962647846,5,7.091188014345571,2.0911880143455708,1.5,1.173912561640503,-0.32608743835949694,0.8,0.686756784211347,-0.11324321578865304,-0.03077734914257979,-0.43118265142920126,-0.8925821305300957,-0.04773500992309398,1.0925821305300958,1.0925821305300958,-2,ok,CONVERGENCE: REL_REDUCTION_OF_F <= FACTR*EPSMCH,1306.058335;1e+12;1e+12;1306.061103;1e+12;1e+12;1306.056441;1e+12;1e+12;1306.056359;1e+12;1e+12;1306.426421;1e+12;1e+12;1306.068663;1e+12;1e+12;1306.066117;1e+12;1e+12;1306.426684;1e+12;1e+12;1306.427014;1e+12;1e+12;1306.06078;1e+12;1e+12;1306.427361;1e+12;1e+12;1306.063446;1e+12;1e+12;1306.061054;1e+12;1e+12
grid_n1500_est_r000_etaSrawm06_etaYrawp06_tau04_selCOMMON_nu6,grid_n1500,EST,46,1500,COMMON,258,0.172,0.6097560975609756,0.6146642753348286,-0.00490817777385299,-1350.5485091063858,2725.0970182127717,2788.8556628578554,12,TRUE,TRUE,0,28,28550.831,4,3,0,-0.6,0.6,-0.6,0.6,0.4,0.4,6,2.350570340077496,-0.05303535773000736,1.3105808463420223,1.4925821305300957,1.4154200068127198,1.4154200068127198,4,-0.75,-1.5679735989663537,-0.8179735989663537,0.0375,0.06872847746646522,0.03122847746646522,0.25,0.4649278736732487,0.21492787367324873,5,6.418006064657701,1.4180060646577006,1.5,1.451702627060958,-0.0482973729390419,0.8,0.9269347067365724,0.12693470673657226,-0.6494296599225042,-0.05303535773000736,1.9105808463420224,0.8925821305300957,1.01542000681272,1.01542000681272,-2,ok,CONVERGENCE: REL_REDUCTION_OF_F <= FACTR*EPSMCH,1350.572517;1e+12;1e+12;1350.574026;1e+12;1e+12;1350.575124;1e+12;1e+12;1350.574477;1e+12;1e+12;1350.551491;1e+12;1e+12;1350.568256;1e+12;1e+12;1350.551031;1e+12;1e+12;1350.55093;1e+12;1e+12;1350.551276;1e+12;1e+12;1350.548509;1e+12;1e+12;1350.552;1e+12;1e+12;1350.574313;1e+12;1e+12;1350.576122;1e+12;1e+12
grid_n1500_est_r000_etaSrawm06_etaYrawp06_tau04_selCOMMON_nu6,grid_n1500,EST,47,1500,COMMON,276,0.184,0.5921831819976313,0.6146642753348286,-0.02248109333719727,-1443.537960088121,2911.075920176242,2974.834564821326,12,TRUE,TRUE,0,13,43223.599,4,3,0,-0.6,0.6,-0.6,0.6,0.4,0.4,6,2.6718421173811473,0.7327802225266798,1.4922548343395428,-1.4905726853492804,-0.7239122977121589,-0.7239122977121589,4,-0.75,-1.8128979246221264,-1.0628979246221262,0.0375,0.04729971954477815,0.00979971954477815,0.25,0.2299538893340372,-0.02004611066596279,5,2.018879844659141,-2.981120155340859,1.5,1.61803788331298,0.11803788331298004,0.8,0.7670025844597751,-0.03299741554022495,-0.3281578826188527,0.7327802225266798,2.092254834339543,-2.0905726853492803,-1.123912297712159,-1.123912297712159,-2,ok,CONVERGENCE: REL_REDUCTION_OF_F <= FACTR*EPSMCH,1443.549249;1e+12;1e+12;1443.678814;1e+12;1e+12;1443.539142;1e+12;1e+12;1443.65286;1e+12;1e+12;1443.53796;1e+12;1e+12;1443.539749;1e+12;1e+12;1443.680561;1e+12;1e+12;1443.539891;1e+12;1e+12;1443.703701;1e+12;1e+12;1443.684524;1e+12;1e+12;1443.55222;1e+12;1e+12;1443.549863;1e+12;1e+12;1443.691719;1e+12;1e+12
grid_n1500_est_r000_etaSrawm06_etaYrawp06_tau04_selCOMMON_nu6,grid_n1500,EST,48,1500,COMMON,285,0.19,0.613747954173486,0.6146642753348286,-9.163211613425482e-4,-1469.6318279062273,2963.2636558124545,3027.022300457538,12,TRUE,TRUE,0,7,38929.86,4,3,0,-0.6,0.6,-0.6,0.6,0.4,0.4,6,2.2968847895886326,-0.1280142007478999,1.4443184071917323,1.4925821305300957,1.4925821305300957,1.4925821305300957,4,-0.75,-1.2923828970808882,-0.5423828970808882,0.0375,0.04292888160817411,0.00542888160817411,0.25,0.13538995118564862,-0.11461004881435138,5,7.268672855677842,2.268672855677842,1.5,1.4913767134818752,-0.00862328651812482,0.8,0.7687782030443245,-0.0312217969556755,-0.7031152104113674,-0.1280142007478999,2.0443184071917324,0.8925821305300957,1.0925821305300958,1.0925821305300958,-2,ok,CONVERGENCE: REL_REDUCTION_OF_F <= FACTR*EPSMCH,1469.771511;1e+12;1e+12;1469.909875;1e+12;1e+12;1469.631828;1e+12;1e+12;1469.916314;1e+12;1e+12;1469.771206;1e+12;1e+12;1469.91218;1e+12;1e+12;1469.913631;1e+12;1e+12;1469.773426;1e+12;1e+12;1469.76991;1e+12;1e+12;1469.917966;1e+12;1e+12;1469.776408;1e+12;1e+12;1469.772108;1e+12;1e+12;1469.76965;1e+12;1e+12
grid_n1500_est_r000_etaSrawm06_etaYrawp06_tau04_selCOMMON_nu6,grid_n1500,EST,49,1500,COMMON,287,0.19133333333333333,0.6127450980392157,0.6146642753348286,-0.00191917729561286,-1466.7192455887275,2957.438491177455,3021.1971358225387,12,TRUE,TRUE,0,4,43117.126,4,3,0,-0.6,0.6,-0.6,0.6,0.4,0.4,6,2.341396592338128,0.30417432007496387,1.4925821305300957,-1.2277290075623086,1.4925821305300957,1.4925821305300957,4,-0.75,-1.4083714137257402,-0.6583714137257402,0.0375,0.08028238539165358,0.04278238539165358,0.25,0.3277625869201073,0.07776258692010729,5,5.376537814241818,0.3765378142418178,1.5,1.500307916144419,3.0791614441905146e-4,0.8,0.6982474472197654,-0.10175255278023464,-0.6586034076618721,0.30417432007496387,2.092582130530096,-1.8277290075623087,1.0925821305300958,1.0925821305300958,-2,ok,CONVERGENCE: REL_REDUCTION_OF_F <= FACTR*EPSMCH,1466.724429;1e+12;1e+12;1466.719246;1e+12;1e+12;1466.723581;1e+12;1e+12;1466.724481;1e+12;1e+12;1466.728086;1e+12;1e+12;1466.724202;1e+12;1e+12;1466.719366;1e+12;1e+12;1467.336997;1e+12;1e+12;1466.722142;1e+12;1e+12;1466.725557;1e+12;1e+12;1466.721556;1e+12;1e+12;1466.724787;1e+12;1e+12;1466.720748;1e+12;1e+12
grid_n1500_est_r000_etaSrawm06_etaYrawp06_tau04_selCOMMON_nu6,grid_n1500,EST,50,1500,COMMON,277,0.18466666666666667,0.609508329947176,0.6146642753348286,-0.00515594538765262,-1442.2897582012258,2908.5795164024516,2972.3381610475353,12,TRUE,TRUE,0,4,54049.374,4,3,0,-0.6,0.6,-0.6,0.6,0.4,0.4,6,2.8371660811526187,0.5033584084963882,-0.4917532548934346,-0.2444543934392985,1.4925821305300957,1.4925821305300957,4,-0.75,-1.000548955823162,-0.25054895582316195,0.0375,0.03107975756188905,-0.00642024243811094,0.25,0.31513621694419386,0.06513621694419386,5,4.774852805700332,-0.22514719429966767,1.5,1.323214521052316,-0.17678547894768415,0.8,0.9076074118360802,0.10760741183608014,-0.1628339188473813,0.5033584084963882,0.1082467451065654,-0.8444543934392985,1.0925821305300958,1.0925821305300958,-2,ok,CONVERGENCE: REL_REDUCTION_OF_F <= FACTR*EPSMCH,1442.290557;1e+12;1e+12;1442.289758;1e+12;1e+12;1442.298081;1e+12;1e+12;1442.297563;1e+12;1e+12;1442.290381;1e+12;1e+12;1442.296304;1e+12;1e+12;1442.290224;1e+12;1e+12;1442.388896;1e+12;1e+12;1442.290574;1e+12;1e+12;1442.29638;1e+12;1e+12;1442.381667;1e+12;1e+12;1442.29752;1e+12;1e+12;1442.293342;1e+12;1e+12
grid_n1500_est_r000_etaSrawm06_etaYrawp06_tau04_selCOMMON_nu6,grid_n1500,EST,51,1500,COMMON,259,0.17266666666666666,0.6014434643143545,0.6146642753348286,-0.01322081102047412,-1354.4971343901557,2732.9942687803114,2796.752913425395,12,TRUE,TRUE,0,7,40642.31,4,3,0,-0.6,0.6,-0.6,0.6,0.4,0.4,6,2.6372071911173087,0.1069720107581069,-1.4925821305300957,0.22389585811409785,1.4925821305300957,1.4925821305300957,4,-0.75,-0.5693810146464804,0.1806189853535196,0.0375,0.0432359783994751,0.0057359783994751,0.25,0.1090419814006084,-0.1409580185993916,5,6.067241088080749,1.067241088080749,1.5,1.2458755704274806,-0.25412442957251935,0.8,0.7589584101681625,-0.04104158983183759,-0.3627928088826913,0.1069720107581069,-0.8925821305300957,-0.37610414188590213,1.0925821305300958,1.0925821305300958,-2,ok,CONVERGENCE: REL_REDUCTION_OF_F <= FACTR*EPSMCH,1354.515371;1e+12;1e+12;1354.505622;1e+12;1e+12;1354.497134;1e+12;1e+12;1354.497401;1e+12;1e+12;1354.573253;1e+12;1e+12;1354.499039;1e+12;1e+12;1354.501935;1e+12;1e+12;1354.571499;1e+12;1e+12;1354.86137;1e+12;1e+12;1354.499132;1e+12;1e+12;1354.571951;1e+12;1e+12;1354.518134;1e+12;1e+12;1354.497181;1e+12;1e+12
grid_n1500_est_r000_etaSrawm06_etaYrawp06_tau04_selCOMMON_nu6,grid_n1500,EST,52,1500,COMMON,273,0.182,0.6190672719768882,0.6146642753348286,0.00440299664205956,-1449.3196152226117,2922.6392304452233,2986.397875090307,12,TRUE,TRUE,0,7,33063.97,4,3,0,-0.6,0.6,-0.6,0.6,0.4,0.4,6,2.60786083189235,0.35856977126336814,1.4925821305300957,1.4925821305300957,1.4925821305300957,1.4925821305300957,4,-0.75,-1.3903527502320976,-0.6403527502320976,0.0375,0.02110992961640803,-0.01639007038359197,0.25,0.24786673259945277,-0.00213326740054722,5,4.013187122043838,-0.9868128779561616,1.5,1.7684157854391238,0.2684157854391238,0.8,1.0105763650354576,0.2105763650354575,-0.3921391681076498,0.35856977126336814,2.092582130530096,0.8925821305300957,1.0925821305300958,1.0925821305300958,-2,ok,CONVERGENCE: REL_REDUCTION_OF_F <= FACTR*EPSMCH,1449.327692;1e+12;1e+12;1449.32283;1e+12;1e+12;1449.319615;1e+12;1e+12;1449.320637;1e+12;1e+12;1449.320968;1e+12;1e+12;1449.319693;1e+12;1e+12;1449.322996;1e+12;1e+12;1449.32592;1e+12;1e+12;1449.322692;1e+12;1e+12;1449.320791;1e+12;1e+12;1449.32108;1e+12;1e+12;1449.31978;1e+12;1e+12;1449.32502;1e+12;1e+12
grid_n1500_est_r000_etaSrawm06_etaYrawp06_tau04_selCOMMON_nu6,grid_n1500,EST,53,1500,COMMON,257,0.17133333333333334,0.6007208650380457,0.6146642753348286,-0.01394341029678292,-1365.141781667685,2754.2835633353707,2818.0422079804544,12,TRUE,TRUE,0,10,42916.751,4,3,0,-0.6,0.6,-0.6,0.6,0.4,0.4,6,3.0105833565796525,0.1433865542989992,-1.491605490019532,0.8860057353387636,1.4925821305300957,1.4925821305300957,4,-0.75,-0.6576696436931064,0.09233035630689355,0.0375,0.01911138626437335,-0.01838861373562664,0.25,0.22568690997514076,-0.024313090024859228,5,4.724933548375947,-0.27506645162405263,1.5,1.924175450674675,0.4241754506746751,0.8,0.6985340786405083,-0.10146592135949171,0.01058335657965248,0.1433865542989992,-0.8916054900195322,0.2860057353387636,1.0925821305300958,1.0925821305300958,-2,ok,CONVERGENCE: REL_REDUCTION_OF_F <= FACTR*EPSMCH,1365.717593;1e+12;1e+12;1365.149698;1e+12;1e+12;1365.143901;1e+12;1e+12;1365.141782;1e+12;1e+12;1365.719979;1e+12;1e+12;1365.142356;1e+12;1e+12;1365.144279;1e+12;1e+12;1365.72022;1e+12;1e+12;1365.720254;1e+12;1e+12;1365.148281;1e+12;1e+12;1365.72232;1e+12;1e+12;1365.147946;1e+12;1e+12;1365.142127;1e+12;1e+12
grid_n1500_est_r000_etaSrawm06_etaYrawp06_tau04_selCOMMON_nu6,grid_n1500,EST,54,1500,COMMON,271,0.18066666666666667,0.6252605252188412,0.6146642753348286,0.01059624988401264,-1414.698509177292,2853.397018354584,2917.1556629996676,12,TRUE,TRUE,0,13,41556.586,4,3,0,-0.6,0.6,-0.6,0.6,0.4,0.4,6,2.5679559648615222,0.07398250009472657,0.685124897928858,1.4925821305300957,1.4925821305300957,1.4925821305300957,4,-0.75,-1.3228846668882115,-0.5728846668882115,0.0375,0.04318065523207154,0.00568065523207154,0.25,0.31007463317431344,0.06007463317431344,5,6.032999836714376,1.0329998367143762,1.5,1.3276156365755418,-0.17238436342445818,0.8,0.6964451957772946,-0.10355480422270548,-0.4320440351384778,0.07398250009472657,1.285124897928858,0.8925821305300957,1.0925821305300958,1.0925821305300958,-2,ok,CONVERGENCE: REL_REDUCTION_OF_F <= FACTR*EPSMCH,1414.705582;1e+12;1e+12;1414.700079;1e+12;1e+12;1414.698564;1e+12;1e+12;1414.700764;1e+12;1e+12;1414.698509;1e+12;1e+12;1414.701177;1e+12;1e+12;1414.699083;1e+12;1e+12;1414.700193;1e+12;1e+12;1414.704146;1e+12;1e+12;1414.698538;1e+12;1e+12;1414.698735;1e+12;1e+12;1414.717472;1e+12;1e+12;1414.705845;1e+12;1e+12
grid_n1500_est_r000_etaSrawm06_etaYrawp06_tau04_selCOMMON_nu6,grid_n1500,EST,55,1500,COMMON,252,0.168,0.6134969325153374,0.6146642753348286,-0.00116734281949115,-1331.560966946598,2687.121933893196,2750.8805785382797,12,TRUE,TRUE,0,34,43200.651,4,3,0,-0.6,0.6,-0.6,0.6,0.4,0.4,6,2.3425805375285553,0.04301871456304116,0.2872018910205416,0.7319119827765745,1.4730696220870327,1.4730696220870327,4,-0.75,-1.2229367651137524,-0.4729367651137524,0.0375,0.07278318241547727,0.03528318241547727,0.25,0.1557055977572065,-0.09429440224279352,5,6.43179936852037,1.4317993685203696,1.5,1.670648123531746,0.17064812353174583,0.8,0.5487912915569887,-0.25120870844301135,-0.6574194624714447,0.04301871456304116,0.8872018910205416,0.13191198277657457,1.0730696220870328,1.0730696220870328,-2,ok,CONVERGENCE: REL_REDUCTION_OF_F <= FACTR*EPSMCH,1331.567962;1e+12;1e+12;1331.568233;1e+12;1e+12;1331.563863;1e+12;1e+12;1331.56544;1e+12;1e+12;1331.564273;1e+12;1e+12;1331.573529;1e+12;1e+12;1331.561076;1e+12;1e+12;1331.568802;1e+12;1e+12;1331.566936;1e+12;1e+12;1331.569261;1e+12;1e+12;1331.564346;1e+12;1e+12;1331.560967;1e+12;1e+12;Inf;1e+12;1e+12
grid_n1500_est_r000_etaSrawm06_etaYrawp06_tau04_selCOMMON_nu6,grid_n1500,EST,56,1500,COMMON,285,0.19,0.6252605252188412,0.6146642753348286,0.01059624988401264,-1454.596218961014,2933.192437922028,2996.951082567112,12,TRUE,TRUE,0,31,43200.677,4,3,0,-0.6,0.6,-0.6,0.6,0.4,0.4,6,2.606636038767586,0.6162124233414752,1.0568698675571304,-1.4925821305300957,1.4925821305300957,1.4925821305300957,4,-0.75,-1.3230953703160664,-0.5730953703160664,0.0375,0.04971242386075481,0.01221242386075481,0.25,0.2821266375066433,0.03212663750664329,5,4.010878385135767,-0.9891216148642332,1.5,1.4169136046153277,-0.08308639538467233,0.8,0.8310894103137987,0.03108941031379863,-0.393363961232414,0.6162124233414752,1.6568698675571305,-2.092582130530096,1.0925821305300958,1.0925821305300958,-2,ok,CONVERGENCE: REL_REDUCTION_OF_F <= FACTR*EPSMCH,1454.683437;1e+12;1e+12;1454.682873;1e+12;1e+12;1454.695609;1e+12;1e+12;1454.690367;1e+12;1e+12;1454.603915;1e+12;1e+12;1454.683964;1e+12;1e+12;1454.691795;1e+12;1e+12;1454.597507;1e+12;1e+12;1454.695567;1e+12;1e+12;1454.691877;1e+12;1e+12;1454.596219;1e+12;1e+12;1454.682241;1e+12;1e+12;Inf;1e+12;1e+12
grid_n1500_est_r000_etaSrawm06_etaYrawp06_tau04_selCOMMON_nu6,grid_n1500,EST,57,1500,COMMON,261,0.174,0.6048387096774194,0.6146642753348286,-0.00982556565740921,-1354.17053728929,2732.34107457858,2796.0997192236637,12,TRUE,TRUE,0,7,36705.46000000001,4,3,0,-0.6,0.6,-0.6,0.6,0.4,0.4,6,2.1138670501364776,-0.12892041967965057,1.4925821305300957,1.492101035916885,1.4925821305300957,1.4925821305300957,4,-0.75,-1.5044837948612233,-0.7544837948612233,0.0375,0.03138415382517915,-0.00611584617482084,0.25,0.38074015208789874,0.13074015208789874,5,7.237075188862061,2.237075188862061,1.5,1.3234556876198522,-0.17654431238014778,0.8,0.7038956497784259,-0.09610435022157417,-0.8861329498635224,-0.12892041967965057,2.092582130530096,0.8921010359168849,1.0925821305300958,1.0925821305300958,-2,ok,CONVERGENCE: REL_REDUCTION_OF_F <= FACTR*EPSMCH,1354.172717;1e+12;1e+12;1354.174063;1e+12;1e+12;1354.170537;1e+12;1e+12;1354.170992;1e+12;1e+12;1354.174107;1e+12;1e+12;1354.170802;1e+12;1e+12;1354.170571;1e+12;1e+12;1354.171477;1e+12;1e+12;1354.171418;1e+12;1e+12;1354.1714;1e+12;1e+12;1354.17326;1e+12;1e+12;1354.170607;1e+12;1e+12;1354.17166;1e+12;1e+12
grid_n1500_est_r000_etaSrawm06_etaYrawp06_tau04_selCOMMON_nu6,grid_n1500,EST,58,1500,COMMON,283,0.18866666666666668,0.6193228736581338,0.6146642753348286,0.00465859832330517,-1480.724909705866,2985.4498194117323,3049.208464056816,12,TRUE,TRUE,0,19,46544.6,4,3,0,-0.6,0.6,-0.6,0.6,0.4,0.4,6,3.221563720783038,-0.4450095517593955,-1.4925821305300957,0.1651521874170188,1.4908738614340904,1.4908738614340904,4,-0.75,-0.5145306513885349,0.23546934861146507,0.0375,0.02948672095024794,-0.00801327904975205,0.25,0.11616806611384307,-0.1338319338861569,5,6.8515980337774165,1.8515980337774165,1.5,1.3782380027015704,-0.12176199729842964,0.8,0.92237420020273,0.12237420020272992,0.22156372078303788,-0.4450095517593955,-0.8925821305300957,-0.4348478125829812,1.0908738614340905,1.0908738614340905,-2,ok,CONVERGENCE: REL_REDUCTION_OF_F <= FACTR*EPSMCH,1480.727895;1e+12;1e+12;1480.733098;1e+12;1e+12;1480.726175;1e+12;1e+12;1480.724912;1e+12;1e+12;1480.774387;1e+12;1e+12;1480.727965;1e+12;1e+12;1480.72491;1e+12;1e+12;1480.77316;1e+12;1e+12;1480.772896;1e+12;1e+12;1480.739209;1e+12;1e+12;1480.776023;1e+12;1e+12;1480.733196;1e+12;1e+12;1480.735215;1e+12;1e+12
grid_n1500_est_r000_etaSrawm06_etaYrawp06_tau04_selCOMMON_nu6,grid_n1500,EST,59,1500,COMMON,304,0.20266666666666663,0.6024096385542169,0.6146642753348286,-0.01225463678061167,-1542.8085432281575,3109.617086456315,3173.3757311013987,12,TRUE,TRUE,0,37,56597.702000000005,4,3,0,-0.6,0.6,-0.6,0.6,0.4,0.4,6,4.466446094999066,-0.7587309264957227,-1.4925821305300957,0.7410911993057657,1.4925821305300957,1.4925821305300957,4,-0.75,-0.5323161024828728,0.21768389751712725,0.0375,0.03267109541784753,-0.00482890458215246,0.25,0.19704927323663665,-0.05295072676336335,5,8.454240132089264,3.4542401320892644,1.5,1.2120274245929898,-0.28797257540701016,0.8,0.8139410359468594,0.01394103594685936,1.466446094999066,-0.7587309264957227,-0.8925821305300957,0.14109119930576575,1.0925821305300958,1.0925821305300958,-2,ok,CONVERGENCE: REL_REDUCTION_OF_F <= FACTR*EPSMCH,1542.812838;1e+12;1e+12;1542.810379;1e+12;1e+12;1542.808619;1e+12;1e+12;1542.830784;1e+12;1e+12;1542.811859;1e+12;1e+12;1542.810445;1e+12;1e+12;1542.822093;1e+12;1e+12;1542.824512;1e+12;1e+12;Inf;1e+12;1e+12;1542.809924;1e+12;1e+12;1543.350955;1e+12;1e+12;1542.8093;1e+12;1e+12;1542.808543;1e+12;1e+12
grid_n1500_est_r000_etaSrawm06_etaYrawp06_tau04_selCOMMON_nu6,grid_n1500,EST,60,1500,COMMON,251,0.1673333333333333,0.6100040666937779,0.6146642753348286,-0.00466020864105065,-1343.1695248192152,2710.3390496384304,2774.097694283514,12,TRUE,TRUE,0,37,43822.06800000001,4,3,0,-0.6,0.6,-0.6,0.6,0.4,0.4,6,5.347188151703295,-0.7809473480237734,-1.4925821305300957,1.490410476029475,1.4925821305300957,1.4925821305300957,4,-0.75,-0.7254563693854954,0.02454363061450459,0.0375,0.0325895925480941,-0.00491040745190589,0.25,0.2200456947139975,-0.02995430528600251,5,8.981967778229128,3.981967778229128,1.5,1.2011108726442516,-0.29888912735574835,0.8,0.5369369686377361,-0.26306303136226394,2.3471881517032953,-0.7809473480237734,-0.8925821305300957,0.890410476029475,1.0925821305300958,1.0925821305300958,-2,ok,CONVERGENCE: REL_REDUCTION_OF_F <= FACTR*EPSMCH,1343.169562;1e+12;1e+12;1343.178689;1e+12;1e+12;1343.174977;1e+12;1e+12;1343.178999;1e+12;1e+12;1343.170463;1e+12;1e+12;1343.170284;1e+12;1e+12;1343.174331;1e+12;1e+12;1343.171894;1e+12;1e+12;1343.174256;1e+12;1e+12;1343.175685;1e+12;1e+12;1343.169655;1e+12;1e+12;1343.185774;1e+12;1e+12;1343.169525;1e+12;1e+12
grid_n1500_est_r000_etaSrawm06_etaYrawp06_tau04_selCOMMON_nu6,grid_n1500,EST,61,1500,COMMON,255,0.17,0.6190672719768882,0.6146642753348286,0.00440299664205956,-1353.2527511100095,2730.5055022200195,2794.264146865103,12,TRUE,TRUE,0,16,35033.401,4,3,0,-0.6,0.6,-0.6,0.6,0.4,0.4,6,4.843492013160304,0.8495441721351888,-1.4103693680828342,-0.393762970473127,1.4925821305300957,1.4925821305300957,4,-0.75,-0.5630203098629838,0.1869796901370162,0.0375,0.02666110532156131,-0.01083889467843868,0.25,0.03280008351557071,-0.2171999164844293,5,2.766799222605699,-2.233200777394301,1.5,1.5417133396095828,0.04171333960958279,0.8,0.9329669735790858,0.1329669735790857,1.8434920131603043,0.8495441721351888,-0.8103693680828342,-0.993762970473127,1.0925821305300958,1.0925821305300958,-2,ok,CONVERGENCE: REL_REDUCTION_OF_F <= FACTR*EPSMCH,1353.278015;1e+12;1e+12;1353.264298;1e+12;1e+12;1353.289009;1e+12;1e+12;1353.257758;1e+12;1e+12;1353.852966;1e+12;1e+12;1353.252751;1e+12;1e+12;1353.271546;1e+12;1e+12;1353.853745;1e+12;1e+12;1353.85717;1e+12;1e+12;1353.264065;1e+12;1e+12;1353.853437;1e+12;1e+12;1353.253976;1e+12;1e+12;1353.266759;1e+12;1e+12
grid_n1500_est_r000_etaSrawm06_etaYrawp06_tau04_selCOMMON_nu6,grid_n1500,EST,62,1500,COMMON,250,0.16666666666666666,0.604351329572925,0.6146642753348286,-0.01031294576190355,-1317.7616391963386,2659.523278392677,2723.281923037761,12,TRUE,TRUE,0,31,46948.172,4,3,0,-0.6,0.6,-0.6,0.6,0.4,0.4,6,3.7600761770896023,0.7141637401398216,-1.4925821305300957,-0.20666194567656124,1.4925821305300957,1.4925821305300957,4,-0.75,-0.6853529478905135,0.06464705210948651,0.0375,0.03748173804843675,-1.826195156324345e-5,0.25,0.2913496163054321,0.0413496163054321,5,4.836206638246107,-0.1637933617538927,1.5,1.366328491660627,-0.1336715083393729,0.8,0.719666496803022,-0.08033350319697807,0.7600761770896023,0.7141637401398216,-0.8925821305300957,-0.8066619456765612,1.0925821305300958,1.0925821305300958,-2,ok,CONVERGENCE: REL_REDUCTION_OF_F <= FACTR*EPSMCH,1317.770184;1e+12;1e+12;1317.77116;1e+12;1e+12;1317.765377;1e+12;1e+12;1317.762071;1e+12;1e+12;1317.767303;1e+12;1e+12;1317.769794;1e+12;1e+12;1317.782636;1e+12;1e+12;1317.765586;1e+12;1e+12;1317.769703;1e+12;1e+12;1317.771669;1e+12;1e+12;1317.761639;1e+12;1e+12;Inf;1e+12;1e+12;1317.761723;1e+12;1e+12
grid_n1500_est_r000_etaSrawm06_etaYrawp06_tau04_selCOMMON_nu6,grid_n1500,EST,63,1500,COMMON,297,0.198,0.5992808629644427,0.6146642753348286,-0.01538341237038587,-1533.784162812481,3091.5683256249627,3155.3269702700463,12,TRUE,TRUE,0,13,43200.702000000005,4,3,0,-0.6,0.6,-0.6,0.6,0.4,0.4,6,2.4054546926419302,0.06303121035884876,1.4925821305300957,1.3393382206346136,1.484232206611881,1.484232206611881,4,-0.75,-1.3876488323288017,-0.6376488323288017,0.0375,0.03157270146801189,-0.0059272985319881,0.25,0.36375531272578193,0.11375531272578192,5,5.952532584944679,0.9525325849446792,1.5,1.6520287521786576,0.15202875217865763,0.8,0.8700183043843023,0.07001830438430223,-0.5945453073580698,0.06303121035884876,2.092582130530096,0.7393382206346136,1.084232206611881,1.084232206611881,-2,ok,CONVERGENCE: REL_REDUCTION_OF_F <= FACTR*EPSMCH,1533.795097;1e+12;1e+12;1533.784472;1e+12;1e+12;1533.788765;1e+12;1e+12;1533.784782;1e+12;1e+12;1533.784163;1e+12;1e+12;1533.788141;1e+12;1e+12;1533.78469;1e+12;1e+12;1533.791398;1e+12;1e+12;1533.784435;1e+12;1e+12;1533.788599;1e+12;1e+12;1533.794483;1e+12;1e+12;1533.786107;1e+12;1e+12;Inf;1e+12;1e+12
grid_n1500_est_r000_etaSrawm06_etaYrawp06_tau04_selCOMMON_nu6,grid_n1500,EST,64,1500,COMMON,247,0.16466666666666666,0.5924170616113744,0.6146642753348286,-0.02224721372345417,-1313.3143710307672,2650.6287420615345,2714.387386706618,12,TRUE,TRUE,0,22,48025.693,4,3,0,-0.6,0.6,-0.6,0.6,0.4,0.4,6,5.61427878004996,0.9121500458987382,-1.4925821305300957,-0.2833629312977442,1.4925821305300957,1.4925821305300957,4,-0.75,-0.6204211007563208,0.12957889924367916,0.0375,0.03489169335775032,-0.00260830664224968,0.25,0.17236251959588422,-0.07763748040411578,5,2.665738716559974,-2.334261283440026,1.5,1.6962833944887996,0.1962833944887996,0.8,0.6672767136971182,-0.13272328630288188,2.6142787800499603,0.9121500458987382,-0.8925821305300957,-0.8833629312977442,1.0925821305300958,1.0925821305300958,-2,ok,CONVERGENCE: REL_REDUCTION_OF_F <= FACTR*EPSMCH,1313.316082;1e+12;1e+12;1313.330155;1e+12;1e+12;1313.316656;1e+12;1e+12;1313.326805;1e+12;1e+12;1313.317801;1e+12;1e+12;1313.323128;1e+12;1e+12;1313.318862;1e+12;1e+12;1313.314371;1e+12;1e+12;1313.32143;1e+12;1e+12;1313.323784;1e+12;1e+12;1314.67096;1e+12;1e+12;1313.32709;1e+12;1e+12;1313.324277;1e+12;1e+12
grid_n1500_est_r000_etaSrawm06_etaYrawp06_tau04_selCOMMON_nu6,grid_n1500,EST,65,1500,COMMON,265,0.17666666666666667,0.5976095617529881,0.6146642753348286,-0.01705471358184052,-1418.456438719707,2860.912877439414,2924.6715220844976,12,TRUE,TRUE,0,16,40447.336,4,3,0,-0.6,0.6,-0.6,0.6,0.4,0.4,6,3.8168346543156866,-0.38943801623706703,-1.4925821305300957,1.108549174212846,1.492533676261345,1.492533676261345,4,-0.75,-0.599317461836639,0.15068253816336097,0.0375,0.0390638725687228,0.0015638725687228,0.25,0.11124065067529748,-0.13875934932470252,5,5.994361027517694,0.9943610275176944,1.5,1.7314699189457468,0.23146991894574676,0.8,0.5871264748048765,-0.2128735251951236,0.8168346543156866,-0.38943801623706703,-0.8925821305300957,0.508549174212846,1.0925336762613451,1.0925336762613451,-2,ok,CONVERGENCE: REL_REDUCTION_OF_F <= FACTR*EPSMCH,1418.46152;1e+12;1e+12;1418.459377;1e+12;1e+12;1418.8064;1e+12;1e+12;1418.468459;1e+12;1e+12;1418.74213;1e+12;1e+12;1418.456439;1e+12;1e+12;1418.456624;1e+12;1e+12;1418.740006;1e+12;1e+12;1418.738002;1e+12;1e+12;1418.484276;1e+12;1e+12;1418.738901;1e+12;1e+12;1418.470873;1e+12;1e+12;1418.461077;1e+12;1e+12
grid_n1500_est_r000_etaSrawm06_etaYrawp06_tau04_selCOMMON_nu6,grid_n1500,EST,66,1500,COMMON,265,0.17666666666666667,0.6377551020408163,0.6146642753348286,0.02309082670598772,-1374.598698052271,2773.197396104542,2836.9560407496256,12,TRUE,TRUE,0,25,40250.006,4,3,0,-0.6,0.6,-0.6,0.6,0.4,0.4,6,4.21287832034016,-0.6331375352434895,-1.4925821305300957,1.2975890925151974,1.4925821305300957,1.4925821305300957,4,-0.75,-0.7617729800681856,-0.01177298006818561,0.0375,0.03885696971110404,0.00135696971110404,0.25,0.371760183403705,0.12176018340370498,5,7.3046098927845184,2.3046098927845184,1.5,1.4851666402121402,-0.01483335978785982,0.8,0.5550470119424956,-0.24495298805750443,1.2128783203401596,-0.6331375352434895,-0.8925821305300957,0.6975890925151974,1.0925821305300958,1.0925821305300958,-2,ok,CONVERGENCE: REL_REDUCTION_OF_F <= FACTR*EPSMCH,1374.600892;1e+12;1e+12;1374.647908;1e+12;1e+12;1374.601466;1e+12;1e+12;1374.599139;1e+12;1e+12;1374.601315;1e+12;1e+12;1374.606709;1e+12;1e+12;1374.665357;1e+12;1e+12;1374.599829;1e+12;1e+12;1374.598698;1e+12;1e+12;1374.671858;1e+12;1e+12;1374.662545;1e+12;1e+12;1374.661503;1e+12;1e+12;1374.600107;1e+12;1e+12
grid_n1500_est_r000_etaSrawm06_etaYrawp06_tau04_selCOMMON_nu6,grid_n1500,EST,67,1500,COMMON,268,0.17866666666666667,0.6208609271523179,0.6146642753348286,0.00619665181748929,-1423.2489545345416,2870.497909069083,2934.256553714167,12,TRUE,TRUE,0,7,41147,4,3,0,-0.6,0.6,-0.6,0.6,0.4,0.4,6,4.126731864463903,-0.619617960259914,-1.4925821305300957,0.8200552359501194,1.4925821305300957,1.4925821305300957,4,-0.75,-0.5636585109012534,0.1863414890987466,0.0375,0.01963420990142918,-0.01786579009857081,0.25,0.10207375309790404,-0.14792624690209596,5,7.857988798283679,2.857988798283679,1.5,1.3126085822293538,-0.18739141777064616,0.8,0.5254289606440756,-0.2745710393559244,1.1267318644639026,-0.619617960259914,-0.8925821305300957,0.22005523595011944,1.0925821305300958,1.0925821305300958,-2,ok,CONVERGENCE: REL_REDUCTION_OF_F <= FACTR*EPSMCH,1423.257912;1e+12;1e+12;1423.254063;1e+12;1e+12;1423.248955;1e+12;1e+12;1423.255947;1e+12;1e+12;1423.597018;1e+12;1e+12;1423.255488;1e+12;1e+12;1423.254196;1e+12;1e+12;1423.249685;1e+12;1e+12;1423.607132;1e+12;1e+12;1423.255308;1e+12;1e+12;1423.607105;1e+12;1e+12;1423.253756;1e+12;1e+12;1423.256157;1e+12;1e+12
grid_n1500_est_r000_etaSrawm06_etaYrawp06_tau04_selCOMMON_nu6,grid_n1500,EST,68,1500,COMMON,238,0.15866666666666668,0.6188118811881188,0.6146642753348286,0.00414760585329021,-1267.6704348436965,2559.340869687393,2623.099514332476,12,TRUE,TRUE,0,37,56710.27,4,3,0,-0.6,0.6,-0.6,0.6,0.4,0.4,6,5.716073590316125,0.8945634181694675,-1.4925821305300957,-0.9626531758051284,1.4925821305300957,1.4925821305300957,4,-0.75,-0.7440566259522332,0.00594337404776679,0.0375,0.02161926029793354,-0.01588073970206645,0.25,0.27315078349734256,0.02315078349734256,5,3.585560406559668,-1.4144395934403322,1.5,1.5252082448567423,0.02520824485674233,0.8,0.4406824631433006,-0.3593175368566994,2.7160735903161246,0.8945634181694675,-0.8925821305300957,-1.5626531758051283,1.0925821305300958,1.0925821305300958,-2,ok,CONVERGENCE: REL_REDUCTION_OF_F <= FACTR*EPSMCH,1267.679317;1e+12;1e+12;1267.679865;1e+12;1e+12;1267.670468;1e+12;1e+12;1267.67225;1e+12;1e+12;1267.779523;1e+12;1e+12;1267.671036;1e+12;1e+12;1267.678636;1e+12;1e+12;1267.672065;1e+12;1e+12;Inf;1e+12;1e+12;1267.673565;1e+12;1e+12;1267.783397;1e+12;1e+12;1267.79023;1e+12;1e+12;1267.670435;1e+12;1e+12
grid_n1500_est_r000_etaSrawm06_etaYrawp06_tau04_selCOMMON_nu6,grid_n1500,EST,69,1500,COMMON,267,0.178,0.6026516673362796,0.6146642753348286,-0.01201260799854897,-1380.48795055875,2784.9759011175,2848.734545762584,12,TRUE,TRUE,0,1,43200.636,4,3,0,-0.6,0.6,-0.6,0.6,0.4,0.4,6,2.9819728177240763,0.4295703842206693,-1.4917295774845385,-0.09463614478267623,1.4925821305300957,1.4925821305300957,4,-0.75,-0.6561273461075975,0.09387265389240251,0.0375,0.05201415253652956,0.01451415253652956,0.25,0.29881717619160736,0.04881717619160736,5,5.167348395425428,0.167348395425428,1.5,1.292266486369718,-0.20773351363028203,0.8,0.8472683599916068,0.04726835999160672,-0.0180271822759237,0.4295703842206693,-0.8917295774845385,-0.6946361447826762,1.0925821305300958,1.0925821305300958,-2,ok,CONVERGENCE: REL_REDUCTION_OF_F <= FACTR*EPSMCH,1380.487951;1e+12;1e+12;1380.491333;1e+12;1e+12;1380.489009;1e+12;1e+12;1380.49181;1e+12;1e+12;1380.49067;1e+12;1e+12;1380.488841;1e+12;1e+12;1380.490997;1e+12;1e+12;1380.488992;1e+12;1e+12;1380.489993;1e+12;1e+12;1380.488012;1e+12;1e+12;1380.487957;1e+12;1e+12;1380.489273;1e+12;1e+12;Inf;1e+12;1e+12
grid_n1500_est_r000_etaSrawm06_etaYrawp06_tau04_selCOMMON_nu6,grid_n1500,EST,70,1500,COMMON,281,0.18733333333333332,0.6160164271047228,0.6146642753348286,0.00135215176989422,-1454.0326198943562,2932.0652397887125,2995.823884433796,12,TRUE,TRUE,0,10,36759.33,4,3,0,-0.6,0.6,-0.6,0.6,0.4,0.4,6,4.685612702675563,-0.8037257986676463,-1.4925821305300957,0.5559973800000542,1.4925821305300957,1.4925821305300957,4,-0.75,-0.48982921792165474,0.26017078207834526,0.0375,0.0341964134730757,-0.00330358652692429,0.25,0.04641145077687654,-0.20358854922312347,5,9.320735587452278,4.320735587452278,1.5,1.6706143149251504,0.17061431492515045,0.8,0.6366052181245194,-0.16339478187548062,1.685612702675563,-0.8037257986676463,-0.8925821305300957,-0.04400261999994581,1.0925821305300958,1.0925821305300958,-2,ok,CONVERGENCE: REL_REDUCTION_OF_F <= FACTR*EPSMCH,1454.042998;1e+12;1e+12;1454.050873;1e+12;1e+12;1454.041601;1e+12;1e+12;1454.03262;1e+12;1e+12;1454.788077;1e+12;1e+12;1454.033262;1e+12;1e+12;1454.032634;1e+12;1e+12;1454.781999;1e+12;1e+12;1454.784299;1e+12;1e+12;1454.032866;1e+12;1e+12;1454.032696;1e+12;1e+12;1454.051875;1e+12;1e+12;1454.032663;1e+12;1e+12
grid_n1500_est_r000_etaSrawm06_etaYrawp06_tau04_selCOMMON_nu6,grid_n1500,EST,71,1500,COMMON,253,0.16866666666666666,0.6024096385542169,0.6146642753348286,-0.01225463678061167,-1320.936015572175,2665.87203114435,2729.6306757894336,12,TRUE,TRUE,0,7,51822.251,4,3,0,-0.6,0.6,-0.6,0.6,0.4,0.4,6,3.716094052639487,0.7252182675318215,-1.4925821305300957,-0.2754594317857926,1.4925821305300957,1.4925821305300957,4,-0.75,-0.6549545864686742,0.09504541353132578,0.0375,0.0399686490289305,0.0024686490289305,0.25,0.244490890163032,-0.005509109836968,5,4.753966184974874,-0.24603381502512625,1.5,1.502412196597085,0.00241219659708491,0.8,0.8305863923874188,0.03058639238741878,0.716094052639487,0.7252182675318215,-0.8925821305300957,-0.8754594317857926,1.0925821305300958,1.0925821305300958,-2,ok,CONVERGENCE: REL_REDUCTION_OF_F <= FACTR*EPSMCH,1320.937506;1e+12;1e+12;1320.936982;1e+12;1e+12;1320.936016;1e+12;1e+12;1320.936915;1e+12;1e+12;1320.938736;1e+12;1e+12;1320.936096;1e+12;1e+12;1320.939719;1e+12;1e+12;1320.94008;1e+12;1e+12;1320.943635;1e+12;1e+12;1320.93905;1e+12;1e+12;1320.936017;1e+12;1e+12;1320.9368;1e+12;1e+12;1320.937456;1e+12;1e+12
grid_n1500_est_r000_etaSrawm06_etaYrawp06_tau04_selCOMMON_nu6,grid_n1500,EST,72,1500,COMMON,308,0.20533333333333337,0.6102522375915378,0.6146642753348286,-0.00441203774329079,-1552.2334683179674,3128.466936635935,3192.2255812810185,12,TRUE,TRUE,0,37,48737.55300000001,4,3,0,-0.6,0.6,-0.6,0.6,0.4,0.4,6,5.153708720263319,0.8332886594179134,-1.4925821305300957,-0.9252661597573256,1.4925821305300957,1.4925821305300957,4,-0.75,-0.5207176622301108,0.22928233776988916,0.0375,0.02167334300021516,-0.01582665699978484,0.25,0.16930131973074414,-0.08069868026925586,5,4.8602510974531405,-0.13974890254685943,1.5,1.578251442570381,0.07825144257038108,0.8,0.6471629309808792,-0.15283706901912086,2.153708720263319,0.8332886594179134,-0.8925821305300957,-1.5252661597573254,1.0925821305300958,1.0925821305300958,-2,ok,CONVERGENCE: REL_REDUCTION_OF_F <= FACTR*EPSMCH,1552.235938;1e+12;1e+12;1552.239182;1e+12;1e+12;1552.737836;1e+12;1e+12;1552.241201;1e+12;1e+12;1552.741153;1e+12;1e+12;1552.237051;1e+12;1e+12;1552.233934;1e+12;1e+12;1552.233489;1e+12;1e+12;1552.741296;1e+12;1e+12;1552.240532;1e+12;1e+12;Inf;1e+12;1e+12;1552.233674;1e+12;1e+12;1552.233468;1e+12;1e+12
grid_n1500_est_r000_etaSrawm06_etaYrawp06_tau04_selCOMMON_nu6,grid_n1500,EST,73,1500,COMMON,258,0.172,0.6090133982947625,0.6146642753348286,-0.00565087704006606,-1359.2762941093447,2742.5525882186894,2806.311232863773,12,TRUE,TRUE,0,25,40684.55500000001,4,3,0,-0.6,0.6,-0.6,0.6,0.4,0.4,6,2.5251540266621215,-0.15663667490634212,0.7315469106668382,1.4925821305300957,1.4925821305300957,1.4925821305300957,4,-0.75,-1.3486924840843797,-0.5986924840843797,0.0375,0.06331381782161132,0.02581381782161131,0.25,0.251591349082536,0.00159134908253599,5,6.773452723182553,1.7734527231825528,1.5,1.5075152446876592,0.00751524468765918,0.8,0.9066648342636632,0.10666483426366324,-0.4748459733378785,-0.15663667490634212,1.3315469106668385,0.8925821305300957,1.0925821305300958,1.0925821305300958,-2,ok,CONVERGENCE: REL_REDUCTION_OF_F <= FACTR*EPSMCH,1359.285885;1e+12;1e+12;1359.278612;1e+12;1e+12;1359.276332;1e+12;1e+12;1359.282238;1e+12;1e+12;1359.277389;1e+12;1e+12;1359.281314;1e+12;1e+12;1359.279584;1e+12;1e+12;1359.277173;1e+12;1e+12;1359.276294;1e+12;1e+12;1359.282127;1e+12;1e+12;1359.279172;1e+12;1e+12;1359.277192;1e+12;1e+12;1359.278982;1e+12;1e+12
grid_n1500_est_r000_etaSrawm06_etaYrawp06_tau04_selCOMMON_nu6,grid_n1500,EST,74,1500,COMMON,277,0.18466666666666667,0.6273525721455459,0.6146642753348286,0.01268829681071725,-1451.3497936661886,2926.699587332377,2990.458231977461,12,TRUE,TRUE,0,7,50618.819,4,3,0,-0.6,0.6,-0.6,0.6,0.4,0.4,6,3.5297129789793824,0.6041713416493468,-1.249382268573893,-0.2671756701275642,1.4925821305300957,1.4925821305300957,4,-0.75,-0.6962366977676032,0.05376330223239678,0.0375,0.02112099558449944,-0.01637900441550056,0.25,0.2792778503898346,0.0292778503898346,5,5.362940870643139,0.36294087064313896,1.5,1.544923703736606,0.04492370373660592,0.8,0.7183847733558376,-0.08161522664416243,0.5297129789793824,0.6041713416493468,-0.6493822685738927,-0.8671756701275641,1.0925821305300958,1.0925821305300958,-2,ok,CONVERGENCE: REL_REDUCTION_OF_F <= FACTR*EPSMCH,1451.350744;1e+12;1e+12;1451.3509;1e+12;1e+12;1451.349794;1e+12;1e+12;1451.355809;1e+12;1e+12;1451.354099;1e+12;1e+12;1451.350437;1e+12;1e+12;1451.351767;1e+12;1e+12;1451.356084;1e+12;1e+12;1451.35444;1e+12;1e+12;1451.350577;1e+12;1e+12;1451.353482;1e+12;1e+12;1451.352504;1e+12;1e+12;1451.354283;1e+12;1e+12
grid_n1500_est_r000_etaSrawm06_etaYrawp06_tau04_selCOMMON_nu6,grid_n1500,EST,75,1500,COMMON,294,0.196,0.6085192697768763,0.6146642753348286,-0.00614500555795227,-1516.0843920895352,3056.1687841790704,3119.927428824154,12,TRUE,TRUE,0,4,42560.741,4,3,0,-0.6,0.6,-0.6,0.6,0.4,0.4,6,4.429050518166919,-0.6098900604810151,-1.4925821305300957,1.370638080138709,1.4925821305300957,1.4925821305300957,4,-0.75,-0.6133531104005407,0.13664688959945925,0.0375,0.0252607423471548,-0.01223925765284519,0.25,0.2296113609507144,-0.02038863904928561,5,7.127051306174373,2.1270513061743728,1.5,1.441324780407006,-0.05867521959299404,0.8,0.7048471988109944,-0.0951528011890056,1.4290505181669193,-0.6098900604810151,-0.8925821305300957,0.770638080138709,1.0925821305300958,1.0925821305300958,-2,ok,CONVERGENCE: REL_REDUCTION_OF_F <= FACTR*EPSMCH,1516.108528;1e+12;1e+12;1516.084392;1e+12;1e+12;1516.13353;1e+12;1e+12;1516.090993;1e+12;1e+12;1516.121683;1e+12;1e+12;1516.087474;1e+12;1e+12;1516.122243;1e+12;1e+12;1516.150392;1e+12;1e+12;1516.111892;1e+12;1e+12;1516.091034;1e+12;1e+12;1516.08949;1e+12;1e+12;1516.084482;1e+12;1e+12;1516.085816;1e+12;1e+12
grid_n1500_est_r000_etaSrawm06_etaYrawp06_tau04_selCOMMON_nu6,grid_n1500,EST,76,1500,COMMON,303,0.202,0.6082725060827251,0.6146642753348286,-0.00639176925210349,-1583.442239714068,3190.884479428136,3254.6431240732195,12,TRUE,TRUE,0,10,40258.011,4,3,0,-0.6,0.6,-0.6,0.6,0.4,0.4,6,3.917544181205298,-0.4504172127211854,-1.4925821305300957,0.935912737856977,1.4873924563634828,1.4873924563634828,4,-0.75,-0.4990279094675517,0.2509720905324483,0.0375,0.02815427216615565,-0.00934572783384435,0.25,0.10837534834682928,-0.14162465165317073,5,6.230689070907027,1.2306890709070268,1.5,1.569929629446549,0.06992962944654901,0.8,0.9001188581098954,0.1001188581098954,0.9175441812052972,-0.4504172127211854,-0.8925821305300957,0.33591273785697706,1.087392456363483,1.087392456363483,-2,ok,CONVERGENCE: REL_REDUCTION_OF_F <= FACTR*EPSMCH,1583.446213;1e+12;1e+12;1583.444675;1e+12;1e+12;1583.444514;1e+12;1e+12;1583.44224;1e+12;1e+12;1583.978288;1e+12;1e+12;1583.450702;1e+12;1e+12;1583.444023;1e+12;1e+12;1583.979702;1e+12;1e+12;1583.44572;1e+12;1e+12;1583.442893;1e+12;1e+12;1583.972943;1e+12;1e+12;1583.443536;1e+12;1e+12;1583.444079;1e+12;1e+12
grid_n1500_est_r000_etaSrawm06_etaYrawp06_tau04_selCOMMON_nu6,grid_n1500,EST,77,1500,COMMON,274,0.18266666666666667,0.5938242280285035,0.6146642753348286,-0.02084004730632505,-1434.8983860613,2893.7967721226,2957.5554167676837,12,TRUE,TRUE,0,4,40654.074,4,3,0,-0.6,0.6,-0.6,0.6,0.4,0.4,6,4.533902854907374,-0.75526336980789055,-1.4925821305300957,0.6318134570587434,1.4925821305300957,1.4925821305300957,4,-0.75,-0.5615657002863382,0.18843429971366177,0.0375,0.03004663252730867,-0.00745336747269132,0.25,0.13095848332789062,-0.11904151667210938,5,8.230163299480004,3.2301632994800045,1.5,1.5120388532206153,0.01203885322061526,0.8,0.8910479597032721,0.09104795970327206,1.5339028549073737,-0.75526336980789055,-0.8925821305300957,0.03181345705874339,1.0925821305300958,1.0925821305300958,-2,ok,CONVERGENCE: REL_REDUCTION_OF_F <= FACTR*EPSMCH,1434.929169;1e+12;1e+12;1434.898386;1e+12;1e+12;1434.928418;1e+12;1e+12;1434.91506;1e+12;1e+12;1434.92424;1e+12;1e+12;1434.90581;1e+12;1e+12;1434.902802;1e+12;1e+12;1434.93214;1e+12;1e+12;1434.923394;1e+12;1e+12;1434.901672;1e+12;1e+12;1436.170288;1e+12;1e+12;1434.922253;1e+12;1e+12;1434.898387;1e+12;1e+12
grid_n1500_est_r000_etaSrawm06_etaYrawp06_tau04_selCOMMON_nu6,grid_n1500,EST,78,1500,COMMON,276,0.184,0.6255212677231026,0.6146642753348286,0.01085699238827397,-1474.51182394785,2973.0236478957,3036.7822925407836,12,TRUE,TRUE,0,25,49298.458000000006,4,3,0,-0.6,0.6,-0.6,0.6,0.4,0.4,6,3.450317071756164,0.42753357327226177,-1.4922259213320108,0.6703775595914503,1.4925821305300957,1.4925821305300957,4,-0.75,-0.5791675927445409,0.17083240725545912,0.0375,0.02390503076935844,-0.01359496923064155,0.25,0.1855584740053905,-0.0644415259946095,5,3.7883445777399816,-1.2116554222600184,1.5,1.495109059534923,-0.00489094046507698,0.8,0.6993128120419061,-0.10068718795809396,0.45031707175616376,0.42753357327226177,-0.8922259213320108,0.07037755959145031,1.0925821305300958,1.0925821305300958,-2,ok,CONVERGENCE: REL_REDUCTION_OF_F <= FACTR*EPSMCH,1474.515391;1e+12;1e+12;1474.518226;1e+12;1e+12;1474.512238;1e+12;1e+12;1474.519404;1e+12;1e+12;1474.512063;1e+12;1e+12;1474.518133;1e+12;1e+12;1474.512637;1e+12;1e+12;1474.515345;1e+12;1e+12;1474.511824;1e+12;1e+12;1474.519265;1e+12;1e+12;Inf;1e+12;1e+12;1474.519327;1e+12;1e+12;1474.514293;1e+12;1e+12
grid_n1500_est_r000_etaSrawm06_etaYrawp06_tau04_selCOMMON_nu6,grid_n1500,EST,79,1500,COMMON,258,0.172,0.6019261637239165,0.6146642753348286,-0.01273811161091209,-1364.488588199693,2752.977176399386,2816.7358210444695,12,TRUE,TRUE,0,19,33979.667,4,3,0,-0.6,0.6,-0.6,0.6,0.4,0.4,6,4.85549385975424,-0.8228629043214953,-1.4925821305300957,0.658841385722174,1.4925821305300957,1.4925821305300957,4,-0.75,-0.5764459941276376,0.17355400587236236,0.0375,0.00701457583149507,-0.03048542416850492,0.25,0.10906487228711004,-0.14093512771288996,5,9.120717521520875,4.120717521520875,1.5,1.5181872001485923,0.01818720014859232,0.8,0.8639901555423599,0.06399015554235987,1.8554938597542403,-0.8228629043214953,-0.8925821305300957,0.05884138572217401,1.0925821305300958,1.0925821305300958,-2,ok,CONVERGENCE: REL_REDUCTION_OF_F <= FACTR*EPSMCH,1364.493134;1e+12;1e+12;1364.494985;1e+12;1e+12;1364.498466;1e+12;1e+12;1364.489804;1e+12;1e+12;1364.721526;1e+12;1e+12;1364.492266;1e+12;1e+12;1364.488588;1e+12;1e+12;1364.760435;1e+12;1e+12;1364.724428;1e+12;1e+12;1364.489938;1e+12;1e+12;1364.723183;1e+12;1e+12;1364.49763;1e+12;1e+12;1364.494965;1e+12;1e+12
grid_n1500_est_r000_etaSrawm06_etaYrawp06_tau04_selCOMMON_nu6,grid_n1500,EST,80,1500,COMMON,259,0.17266666666666666,0.6170300287947347,0.6146642753348286,0.00236575345990608,-1365.3731482273738,2754.7462964547476,2818.5049410998313,12,TRUE,TRUE,0,7,33968.191000000006,4,3,0,-0.6,0.6,-0.6,0.6,0.4,0.4,6,2.2899218006015243,0.05583369447952414,1.3419129069619715,1.4925821305300957,1.4925821305300957,1.4925821305300957,4,-0.75,-1.3397240530109236,-0.5897240530109236,0.0375,0.05464899310357105,0.01714899310357105,0.25,0.085969694705674,-0.164030305294326,5,6.814999414344032,1.814999414344032,1.5,1.307830652161044,-0.19216934783895612,0.8,0.4879293869696968,-0.31207061303030326,-0.7100781993984757,0.05583369447952414,1.9419129069619716,0.8925821305300957,1.0925821305300958,1.0925821305300958,-2,ok,CONVERGENCE: REL_REDUCTION_OF_F <= FACTR*EPSMCH,1365.380131;1e+12;1e+12;1365.373842;1e+12;1e+12;1365.373148;1e+12;1e+12;1365.375034;1e+12;1e+12;1365.392396;1e+12;1e+12;1365.375036;1e+12;1e+12;1365.37356;1e+12;1e+12;1365.386592;1e+12;1e+12;1365.386234;1e+12;1e+12;1365.38703;1e+12;1e+12;1365.386428;1e+12;1e+12;1365.376194;1e+12;1e+12;1365.375493;1e+12;1e+12
grid_n1500_est_r000_etaSrawm06_etaYrawp06_tau04_selCOMMON_nu6,grid_n1500,EST,81,1500,COMMON,272,0.18133333333333335,0.6213753106876554,0.6146642753348286,0.0067110353528268,-1424.6964092280166,2873.392818456033,2937.151463101117,12,TRUE,TRUE,0,19,43200.709,4,3,0,-0.6,0.6,-0.6,0.6,0.4,0.4,6,5.455156893390552,0.9067472265016072,-1.4925821305300957,-0.0148826829160086,1.4925821305300957,1.4925821305300957,4,-0.75,-0.5720242812695076,0.17797571873049245,0.0375,0.0194465616896816,-0.01805343831031839,0.25,0.1829252641333179,-0.06707473586668211,5,2.539986019810816,-2.460013980189184,1.5,1.2402518625207852,-0.25974813747921477,0.8,0.8665296128970101,0.066529612897010093,2.4551568933905523,0.9067472265016072,-0.8925821305300957,-0.6148826829160086,1.0925821305300958,1.0925821305300958,-2,ok,CONVERGENCE: REL_REDUCTION_OF_F <= FACTR*EPSMCH,1424.703772;1e+12;1e+12;1424.708602;1e+12;1e+12;1424.705368;1e+12;1e+12;1424.700874;1e+12;1e+12;1425.282276;1e+12;1e+12;1424.705585;1e+12;1e+12;1424.696409;1e+12;1e+12;1425.280416;1e+12;1e+12;1424.703198;1e+12;1e+12;1424.709802;1e+12;1e+12;1425.290967;1e+12;1e+12;1424.696419;1e+12;1e+12;Inf;1e+12;1e+12
grid_n1500_est_r000_etaSrawm06_etaYrawp06_tau04_selCOMMON_nu6,grid_n1500,EST,82,1500,COMMON,258,0.172,0.5990415335463258,0.6146642753348286,-0.01562274178850275,-1370.03513766495,2764.0702753299,2827.828919974984,12,TRUE,TRUE,0,25,48795.382,4,3,0,-0.6,0.6,-0.6,0.6,0.4,0.4,6,1.8286744534461072,0.4045973874161685,1.4575426749448188,0.4542119033495415,-1.2482703448050676,-1.2482703448050676,4,-0.75,-2.2304969403159838,-1.4804969403159842,0.0375,0.05009335587338246,0.01259335587338246,0.25,0.15246347342677366,-0.09753652657322634,5,5.103325861987166,0.10332586198716598,1.5,1.8779238238950455,0.37792382389504553,0.8,0.4230923483357935,-0.37690765166420653,-1.1713255465538928,0.4045973874161685,2.057542674944819,-0.1457880966504585,-1.6482703448050675,-1.6482703448050675,-2,ok,CONVERGENCE: REL_REDUCTION_OF_F <= FACTR*EPSMCH,1370.046057;1e+12;1e+12;1370.066616;1e+12;1e+12;1370.066656;1e+12;1e+12;1370.064173;1e+12;1e+12;1370.057792;1e+12;1e+12;1370.046943;1e+12;1e+12;1370.066638;1e+12;1e+12;1370.061812;1e+12;1e+12;1370.035138;1e+12;1e+12;1370.046638;1e+12;1e+12;1370.051666;1e+12;1e+12;1370.050965;1e+12;1e+12;1370.061214;1e+12;1e+12
grid_n1500_est_r000_etaSrawm06_etaYrawp06_tau04_selCOMMON_nu6,grid_n1500,EST,83,1500,COMMON,291,0.194,0.6242197253433208,0.6146642753348286,0.00955545000849222,-1493.0271745242394,3010.054349048479,3073.8129936935625,12,TRUE,TRUE,0,10,43867.229,4,3,0,-0.6,0.6,-0.6,0.6,0.4,0.4,6,3.230117918900265,-0.19450783928834803,-1.491735289612317,1.1939864336694552,1.3842590340078167,1.3842590340078167,4,-0.75,-0.6422587504944103,0.10774124950558972,0.0375,0.01887730030443255,-0.01862269969556744,0.25,0.33608241458731514,0.08608241458731514,5,4.518886745658061,-0.4811132543419392,1.5,1.3743436191911618,-0.12565638080883823,0.8,1.0461961853661972,0.2461961853661971,0.23011791890026512,-0.19450783928834803,-0.8917352896123171,0.5939864336694552,0.9842590340078168,0.9842590340078168,-2,ok,CONVERGENCE: REL_REDUCTION_OF_F <= FACTR*EPSMCH,1493.027278;1e+12;1e+12;1493.03468;1e+12;1e+12;1493.217774;1e+12;1e+12;1493.027175;1e+12;1e+12;1493.029239;1e+12;1e+12;1493.027553;1e+12;1e+12;1493.0272;1e+12;1e+12;1493.029224;1e+12;1e+12;1493.030444;1e+12;1e+12;1493.028323;1e+12;1e+12;1494.047664;1e+12;1e+12;1493.204119;1e+12;1e+12;1493.027935;1e+12;1e+12
grid_n1500_est_r000_etaSrawm06_etaYrawp06_tau04_selCOMMON_nu6,grid_n1500,EST,84,1500,COMMON,260,0.17333333333333334,0.6188118811881188,0.6146642753348286,0.00414760585329021,-1357.478355082301,2738.956710164602,2802.715354809686,12,TRUE,TRUE,0,31,43200.619,4,3,0,-0.6,0.6,-0.6,0.6,0.4,0.4,6,3.0972128222916058,-0.4173204613130787,-1.4925821305300957,0.5060619580039405,1.4925821305300957,1.4925821305300957,4,-0.75,-0.6699564347042352,0.08004356529576484,0.0375,0.03806594086542912,5.659408654291181e-4,0.25,0.28136022330833094,0.03136022330833094,5,7.07151109227334,2.07151109227334,1.5,1.4427177629314911,-0.05728223706850866,0.8,0.6494469917871432,-0.1505530082128569,0.09721282229160576,-0.4173204613130787,-0.8925821305300957,-0.09393804199605948,1.0925821305300958,1.0925821305300958,-2,ok,CONVERGENCE: REL_REDUCTION_OF_F <= FACTR*EPSMCH,1357.486569;1e+12;1e+12;1357.488155;1e+12;1e+12;1357.487229;1e+12;1e+12;1357.481914;1e+12;1e+12;1357.481083;1e+12;1e+12;1357.483627;1e+12;1e+12;1357.496687;1e+12;1e+12;1357.483123;1e+12;1e+12;1357.480958;1e+12;1e+12;1357.487374;1e+12;1e+12;1357.478355;1e+12;1e+12;1357.492162;1e+12;1e+12;Inf;1e+12;1e+12
grid_n1500_est_r000_etaSrawm06_etaYrawp06_tau04_selCOMMON_nu6,grid_n1500,EST,85,1500,COMMON,256,0.17066666666666666,0.6160164271047228,0.6146642753348286,0.00135215176989422,-1360.1816186723956,2744.3632373447913,2808.121881989875,12,TRUE,TRUE,0,22,41587.508,4,3,0,-0.6,0.6,-0.6,0.6,0.4,0.4,6,4.198487765330441,-0.7376825960896778,-1.4925821305300957,0.3184831837505764,1.4925821305300957,1.4925821305300957,4,-0.75,-0.6286746491284337,0.12132535087156626,0.0375,0.03200741310839976,-0.00549258689160023,0.25,0.21983353192419533,-0.03016646807580467,5,9.285770936410248,4.2857709364102465,1.5,1.8312336157372195,0.33123361573721954,0.8,0.6270675518237097,-0.1729324481762904,1.1984877653304409,-0.7376825960896778,-0.8925821305300957,-0.2815168162494236,1.0925821305300958,1.0925821305300958,-2,ok,CONVERGENCE: REL_REDUCTION_OF_F <= FACTR*EPSMCH,1360.185636;1e+12;1e+12;1360.181748;1e+12;1e+12;1360.191565;1e+12;1e+12;1360.188028;1e+12;1e+12;1360.886698;1e+12;1e+12;1360.185175;1e+12;1e+12;1360.198682;1e+12;1e+12;1360.181619;1e+12;1e+12;1360.868735;1e+12;1e+12;1360.190636;1e+12;1e+12;1361.415118;1e+12;1e+12;1360.184565;1e+12;1e+12;1360.184965;1e+12;1e+12
grid_n1500_est_r000_etaSrawm06_etaYrawp06_tau04_selCOMMON_nu6,grid_n1500,EST,86,1500,COMMON,270,0.18,0.6224066390041494,0.6146642753348286,0.00774236366932079,-1407.2010437388894,2838.402087477779,2902.1607321228626,12,TRUE,TRUE,0,13,42912.466,4,3,0,-0.6,0.6,-0.6,0.6,0.4,0.4,6,2.543570551228115,0.6128972682254314,1.476509933429469,-1.063552747704283,1.4842408762639343,1.4842408762639343,4,-0.75,-1.5101336002490398,-0.7601336002490398,0.0375,0.05583485683329661,0.01833485683329661,0.25,0.4052471656629584,0.15524716566295838,5,3.4770455138101446,-1.5229544861898554,1.5,1.4520061460001654,-0.04799385399983458,0.8,0.8348998021691035,0.03489980216910349,-0.45642944877188496,0.6128972682254314,2.0765099334294685,-1.663552747704283,1.0842408762639346,1.0842408762639346,-2,ok,CONVERGENCE: REL_REDUCTION_OF_F <= FACTR*EPSMCH,1407.272467;1e+12;1e+12;1407.20159;1e+12;1e+12;1407.26767;1e+12;1e+12;1407.209825;1e+12;1e+12;1407.201044;1e+12;1e+12;1407.212635;1e+12;1e+12;1407.271348;1e+12;1e+12;1407.217705;1e+12;1e+12;1407.261787;1e+12;1e+12;1407.201511;1e+12;1e+12;1407.201746;1e+12;1e+12;1407.266467;1e+12;1e+12;1407.265992;1e+12;1e+12
grid_n1500_est_r000_etaSrawm06_etaYrawp06_tau04_selCOMMON_nu6,grid_n1500,EST,87,1500,COMMON,262,0.17466666666666666,0.5945303210463734,0.6146642753348286,-0.02013395428845521,-1358.9591834551595,2741.9183669103195,2805.677011555403,12,TRUE,TRUE,0,34,35596.873,4,3,0,-0.6,0.6,-0.6,0.6,0.4,0.4,6,2.741918656094359,-0.5967610866207987,-0.08110511626251887,1.4925821305300957,-1.4925821305300957,-1.4925821305300957,4,-0.75,-1.33907763504134,-0.58907763504134,0.0375,0.08048194108395938,0.04298194108395938,0.25,0.33202392571108913,0.08202392571108913,5,5.978816248414361,0.9788162484143612,1.5,1.2455415965103225,-0.25445840348967774,0.8,0.9844403588211024,0.18444035882110243,-0.2580813439056411,-0.5967610866207987,0.5188948837374812,0.8925821305300957,-1.8925821305300956,-1.8925821305300956,-2,ok,CONVERGENCE: REL_REDUCTION_OF_F <= FACTR*EPSMCH,1358.966093;1e+12;1e+12;1358.959233;1e+12;1e+12;1358.968179;1e+12;1e+12;1358.977776;1e+12;1e+12;1358.959642;1e+12;1e+12;1358.959865;1e+12;1e+12;1358.969615;1e+12;1e+12;1358.96114;1e+12;1e+12;1358.964766;1e+12;1e+12;1358.967207;1e+12;1e+12;1358.964799;1e+12;1e+12;1358.959183;1e+12;1e+12;1358.970969;1e+12;1e+12
grid_n1500_est_r000_etaSrawm06_etaYrawp06_tau04_selCOMMON_nu6,grid_n1500,EST,88,1500,COMMON,273,0.182,0.5933544303797469,0.6146642753348286,-0.0213098449550817,-1413.1143479738628,2850.2286959477256,2913.9873405928092,12,TRUE,TRUE,0,16,47260.454000000005,4,3,0,-0.6,0.6,-0.6,0.6,0.4,0.4,6,5.8185581856215425,0.9269252650266288,-1.4925821305300957,-0.29410797907139263,1.4925821305300957,1.4925821305300957,4,-0.75,-0.5654612019169811,0.18453879808301887,0.0375,0.03186194840890522,-0.00563805159109477,0.25,0.15070601978565934,-0.09929398021434066,5,2.312318064280906,-2.687681935719094,1.5,1.170307387069114,-0.3296926129308859,0.8,0.752387138623706,-0.04761286137629406,2.8185581856215425,0.9269252650266288,-0.8925821305300957,-0.8941079790713926,1.0925821305300958,1.0925821305300958,-2,ok,CONVERGENCE: REL_REDUCTION_OF_F <= FACTR*EPSMCH,1413.115256;1e+12;1e+12;1413.114585;1e+12;1e+12;1413.115508;1e+12;1e+12;1413.114434;1e+12;1e+12;1414.436311;1e+12;1e+12;1413.114348;1e+12;1e+12;1413.114388;1e+12;1e+12;1414.435991;1e+12;1e+12;1413.114709;1e+12;1e+12;1413.137892;1e+12;1e+12;1414.291921;1e+12;1e+12;Inf;1e+12;1e+12;1413.120912;1e+12;1e+12
grid_n1500_est_r000_etaSrawm06_etaYrawp06_tau04_selCOMMON_nu6,grid_n1500,EST,89,1500,COMMON,278,0.18533333333333332,0.6117455138662317,0.6146642753348286,-0.00291876146859693,-1450.5446191831124,2925.089238366225,2988.847883011309,12,TRUE,TRUE,0,1,47448.981,4,3,0,-0.6,0.6,-0.6,0.6,0.4,0.4,6,2.5351643126110184,0.4289125026763345,1.3433299236268823,-1.4925821305300957,1.4925821305300957,1.4925821305300957,4,-0.75,-1.4025726428000116,-0.6525726428000116,0.0375,0.00593412072099257,-0.03156587927900742,0.25,0.3263839307278702,0.0763839307278702,5,5.953504215498905,0.9535042154989046,1.5,1.8416588344156049,0.34165883441560463,0.8,0.3882641508318781,-0.411735849168122,-0.4648356873889816,0.4289125026763345,1.9433299236268824,-2.092582130530096,1.0925821305300958,1.0925821305300958,-2,ok,CONVERGENCE: REL_REDUCTION_OF_F <= FACTR*EPSMCH,1450.544619;1e+12;1e+12;1450.605692;1e+12;1e+12;1450.547542;1e+12;1e+12;1450.604004;1e+12;1e+12;1450.54684;1e+12;1e+12;1450.604425;1e+12;1e+12;1450.599268;1e+12;1e+12;1450.546181;1e+12;1e+12;1450.550235;1e+12;1e+12;1450.606348;1e+12;1e+12;1450.546558;1e+12;1e+12;Inf;1e+12;1e+12;1450.605883;1e+12;1e+12
grid_n1500_est_r000_etaSrawm06_etaYrawp06_tau04_selCOMMON_nu6,grid_n1500,EST,90,1500,COMMON,262,0.17466666666666666,0.6206040546131568,0.6146642753348286,0.00593977927832822,-1392.448682362472,2808.897364724944,2872.6560093700277,12,TRUE,TRUE,0,16,33027.044,4,3,0,-0.6,0.6,-0.6,0.6,0.4,0.4,6,2.5017210358935453,0.0966942579365766,1.3083315144383254,1.4925821305300957,1.4925821305300957,1.4925821305300957,4,-0.75,-1.493070848772875,-0.743070848772875,0.0375,0.04633264768430711,0.00883264768430711,0.25,0.3830126594968614,0.13301265949686142,5,6.192502928696904,1.1925029286969044,1.5,1.2557250687452424,-0.24427493125475763,0.8,0.6526323826318903,-0.14736761736810977,-0.4982789641064546,0.0966942579365766,1.9083315144383253,0.8925821305300957,1.0925821305300958,1.0925821305300958,-2,ok,CONVERGENCE: REL_REDUCTION_OF_F <= FACTR*EPSMCH,1392.455002;1e+12;1e+12;1392.44954;1e+12;1e+12;1392.455297;1e+12;1e+12;1392.449561;1e+12;1e+12;1392.459989;1e+12;1e+12;1392.448682;1e+12;1e+12;1392.449036;1e+12;1e+12;1392.451823;1e+12;1e+12;1392.456063;1e+12;1e+12;1392.451038;1e+12;1e+12;1392.452178;1e+12;1e+12;1392.452688;1e+12;1e+12;1392.455851;1e+12;1e+12
grid_n1500_est_r000_etaSrawm06_etaYrawp06_tau04_selCOMMON_nu6,grid_n1500,EST,91,1500,COMMON,295,0.19666666666666663,0.6183017312448474,0.6146642753348286,0.00363745591001884,-1520.8930940353362,3065.7861880706723,3129.544832715756,12,TRUE,TRUE,0,34,42489.093,4,3,0,-0.6,0.6,-0.6,0.6,0.4,0.4,6,3.104236174938329,-0.1078975158323514,-1.4925821305300957,0.705418890332169,1.4917158006654485,1.4917158006654485,4,-0.75,-0.6020734762534986,0.1479265237465014,0.0375,0.01860137522467487,-0.01889862477532512,0.25,0.28719329945357375,0.03719329945357375,5,5.596672630410035,0.5966726304100352,1.5,1.780806848694673,0.2808068486946731,0.8,0.9024867820608596,0.1024867820608597,0.10423617493832892,-0.1078975158323514,-0.8925821305300957,0.105418890332169,1.0917158006654484,1.0917158006654484,-2,ok,CONVERGENCE: REL_REDUCTION_OF_F <= FACTR*EPSMCH,1520.900349;1e+12;1e+12;1520.906072;1e+12;1e+12;1520.899564;1e+12;1e+12;1520.901107;1e+12;1e+12;1521.398545;1e+12;1e+12;1520.893735;1e+12;1e+12;1520.901354;1e+12;1e+12;1521.392102;1e+12;1e+12;1521.383426;1e+12;1e+12;1520.902606;1e+12;1e+12;1521.388428;1e+12;1e+12;1520.893094;1e+12;1e+12;1520.894533;1e+12;1e+12
grid_n1500_est_r000_etaSrawm06_etaYrawp06_tau04_selCOMMON_nu6,grid_n1500,EST,92,1500,COMMON,299,0.1993333333333333,0.6289308176100629,0.6146642753348286,0.01426654227523427,-1545.0902586601198,3114.1805173202397,3177.9391619653234,12,TRUE,TRUE,0,31,47944.905999999995,4,3,0,-0.6,0.6,-0.6,0.6,0.4,0.4,6,2.4478463491678033,0.37919952766443943,1.4925821305300957,0.884710624268667,1.4909338383855677,1.4909338383855677,4,-0.75,-1.3702063930212391,-0.6202063930212391,0.0375,0.02648596742949627,-0.01101403257050372,0.25,0.353689514573847,0.103689514573847,5,4.600398467360318,-0.39960153263968223,1.5,1.4751024399553767,-0.02489756004462329,0.8,0.8465575814161224,0.04655758141612232,-0.5521536508321967,0.37919952766443943,2.092582130530096,0.284710624268667,1.0909338383855678,1.0909338383855678,-2,ok,CONVERGENCE: REL_REDUCTION_OF_F <= FACTR*EPSMCH,1545.094077;1e+12;1e+12;1545.094822;1e+12;1e+12;1545.097555;1e+12;1e+12;1545.09153;1e+12;1e+12;1545.090796;1e+12;1e+12;1545.097389;1e+12;1e+12;1545.094133;1e+12;1e+12;1545.091495;1e+12;1e+12;1545.094256;1e+12;1e+12;1545.091433;1e+12;1e+12;1545.090259;1e+12;1e+12;1545.091366;1e+12;1e+12;1545.101103;1e+12;1e+12
grid_n1500_est_r000_etaSrawm06_etaYrawp06_tau04_selCOMMON_nu6,grid_n1500,EST,93,1500,COMMON,285,0.19,0.6172839506172839,0.6146642753348286,0.00261967528245532,-1480.5345548070393,2985.0691096140786,3048.8277542591622,12,TRUE,TRUE,0,1,43200.670999999995,4,3,0,-0.6,0.6,-0.6,0.6,0.4,0.4,6,3.4467553365396397,-0.28714039483889714,-1.4925821305300957,0.983669502968894,1.4925821305300957,1.4925821305300957,4,-0.75,-0.6318315543324603,0.1181684456675397,0.0375,0.03133902995756543,-0.00616097004243456,0.25,0.2721895771916316,0.02218957719163161,5,5.886056234322981,0.8860562343229814,1.5,1.7841004505124614,0.28410045051246136,0.8,0.45997549556825407,-0.340024504431746,0.4467553365396397,-0.28714039483889714,-0.8925821305300957,0.383669502968894,1.0925821305300958,1.0925821305300958,-2,ok,CONVERGENCE: REL_REDUCTION_OF_F <= FACTR*EPSMCH,1480.534555;1e+12;1e+12;1480.555609;1e+12;1e+12;1480.544448;1e+12;1e+12;1480.537119;1e+12;1e+12;1481.164789;1e+12;1e+12;1480.537324;1e+12;1e+12;1480.538125;1e+12;1e+12;1481.164595;1e+12;1e+12;1481.166162;1e+12;1e+12;1480.534966;1e+12;1e+12;1481.164783;1e+12;1e+12;1480.535914;1e+12;1e+12;Inf;1e+12;1e+12
grid_n1500_est_r000_etaSrawm06_etaYrawp06_tau04_selCOMMON_nu6,grid_n1500,EST,94,1500,COMMON,251,0.1673333333333333,0.6167763157894737,0.6146642753348286,0.00211204045464508,-1322.3057784047703,2668.611556809541,2732.3702014546247,12,TRUE,TRUE,0,4,32854.364,4,3,0,-0.6,0.6,-0.6,0.6,0.4,0.4,6,2.759415972627871,-0.3669645179739269,-0.9002373232750593,0.41270000293567144,1.4925821305300957,1.4925821305300957,4,-0.75,-0.8835647425977108,-0.13356474259771078,0.0375,0.04160712520495708,0.00410712520495708,0.25,0.24189423114432265,-0.00810576885567734,5,7.094977447901941,2.0949774479019414,1.5,0.9554485837470964,-0.5445514162529035,0.8,0.9031614307966552,0.10316143079665507,-0.2405840273721291,-0.3669645179739269,-0.30023732327505936,-0.18729999706432857,1.0925821305300958,1.0925821305300958,-2,ok,CONVERGENCE: REL_REDUCTION_OF_F <= FACTR*EPSMCH,1322.306957;1e+12;1e+12;1322.305778;1e+12;1e+12;1322.317878;1e+12;1e+12;1322.307264;1e+12;1e+12;1322.323625;1e+12;1e+12;1322.308479;1e+12;1e+12;1322.31551;1e+12;1e+12;1322.319702;1e+12;1e+12;1322.320023;1e+12;1e+12;1322.309822;1e+12;1e+12;1322.32038;1e+12;1e+12;1322.313227;1e+12;1e+12;1322.306075;1e+12;1e+12
grid_n1500_est_r000_etaSrawm06_etaYrawp06_tau04_selCOMMON_nu6,grid_n1500,EST,95,1500,COMMON,233,0.15533333333333332,0.6172839506172839,0.6146642753348286,0.00261967528245532,-1268.657556964795,2561.31511392959,2625.073758574674,12,TRUE,TRUE,0,16,26359.642,4,3,0,-0.6,0.6,-0.6,0.6,0.4,0.4,6,3.0239718675652187,-0.35563457972361473,-0.588518561963759,0.7788660295911292,0.956908796641742,0.956908796641742,4,-0.75,-0.9539294708360724,-0.2039294708360725,0.0375,0.03201935714296156,-0.00548064285703843,0.25,0.1938844879640099,-0.0561155120359901,5,6.8956222739028865,1.8956222739028863,1.5,1.5143454605851991,0.01434546058519914,0.8,0.6332097164687673,-0.1667902835312327,0.02397186756521874,-0.35563457972361473,0.01148143803624102,0.17886602959112918,0.556908796641742,0.556908796641742,-2,ok,CONVERGENCE: REL_REDUCTION_OF_F <= FACTR*EPSMCH,1268.659889;1e+12;1e+12;1268.658388;1e+12;1e+12;1268.661754;1e+12;1e+12;1268.657678;1e+12;1e+12;1268.657623;1e+12;1e+12;1268.657557;1e+12;1e+12;1268.660963;1e+12;1e+12;1268.668048;1e+12;1e+12;1268.675976;1e+12;1e+12;1268.658714;1e+12;1e+12;1268.687095;1e+12;1e+12;1268.659862;1e+12;1e+12;1268.660901;1e+12;1e+12
grid_n1500_est_r000_etaSrawm06_etaYrawp06_tau04_selCOMMON_nu6,grid_n1500,EST,96,1500,COMMON,256,0.17066666666666666,0.6244796003330558,0.6146642753348286,0.00981532499822723,-1350.6472845652568,2725.2945691305135,2789.053213775597,12,TRUE,TRUE,0,13,37544.641,4,3,0,-0.6,0.6,-0.6,0.6,0.4,0.4,6,2.2224847988837046,0.20956544235904212,1.4896324161328014,1.2517617570988475,0.726655503794486,0.726655503794486,4,-0.75,-1.6816741248261038,-0.9316741248261038,0.0375,0.04109581723095628,0.00359581723095628,0.25,0.43344685227294494,0.18344685227294497,5,5.3159550696654305,0.3159550696654305,1.5,1.2611450803424924,-0.2388549196575076,0.8,0.7942415716989716,-0.00575842830102846,-0.7775152011162954,0.20956544235904212,2.0896324161328015,0.6517617570988478,0.32665550379448594,0.32665550379448594,-2,ok,CONVERGENCE: REL_REDUCTION_OF_F <= FACTR*EPSMCH,1350.658136;1e+12;1e+12;1350.677744;1e+12;1e+12;1350.680723;1e+12;1e+12;1350.681428;1e+12;1e+12;1350.647285;1e+12;1e+12;1350.677772;1e+12;1e+12;1350.650916;1e+12;1e+12;1350.647531;1e+12;1e+12;1350.654876;1e+12;1e+12;1350.658939;1e+12;1e+12;1350.654239;1e+12;1e+12;1350.681224;1e+12;1e+12;1350.68024;1e+12;1e+12
grid_n1500_est_r000_etaSrawm06_etaYrawp06_tau04_selCOMMON_nu6,grid_n1500,EST,97,1500,COMMON,258,0.172,0.6162695152013147,0.6146642753348286,0.00160523986648608,-1360.4684716032818,2744.9369432065637,2808.6955878516474,12,TRUE,TRUE,0,13,39387.068,4,3,0,-0.6,0.6,-0.6,0.6,0.4,0.4,6,2.8139636189904205,0.29322401394721975,-1.4925821305300957,0.13221514506328383,1.4925821305300957,1.4925821305300957,4,-0.75,-0.6210842224823241,0.1289157775176759,0.0375,0.01687758145989549,-0.02062241854010451,0.25,0.21850844223392424,-0.03149155776607576,5,6.232712018588503,1.2327120185885034,1.5,1.3119301903973402,-0.18806980960265984,0.8,0.6317375924940308,-0.1682624075059692,-0.18603638100957953,0.29322401394721975,-0.8925821305300957,-0.4677848549367162,1.0925821305300958,1.0925821305300958,-2,ok,CONVERGENCE: REL_REDUCTION_OF_F <= FACTR*EPSMCH,1360.471172;1e+12;1e+12;1360.471416;1e+12;1e+12;1360.468617;1e+12;1e+12;1360.476543;1e+12;1e+12;1360.468472;1e+12;1e+12;1360.479887;1e+12;1e+12;1360.470555;1e+12;1e+12;1360.468643;1e+12;1e+12;1360.47821;1e+12;1e+12;1360.471409;1e+12;1e+12;1361.240866;1e+12;1e+12;1360.477008;1e+12;1e+12;1360.468688;1e+12;1e+12
grid_n1500_est_r000_etaSrawm06_etaYrawp06_tau04_selCOMMON_nu6,grid_n1500,EST,98,1500,COMMON,232,0.15466666666666667,0.6075334143377886,0.6146642753348286,-0.00713086099703996,-1234.3364426771957,2492.672885354391,2556.4315299994746,12,TRUE,TRUE,0,1,34274.883,4,3,0,-0.6,0.6,-0.6,0.6,0.4,0.4,6,2.2508871588261017,-0.2688034087781237,0.8782949894585558,1.488429833986152,1.4925821305300957,1.4925821305300957,4,-0.75,-1.401605567155625,-0.6516055671556247,0.0375,0.04556759960216122,0.00806759960216122,0.25,0.1650235431961647,-0.08497645680383531,5,7.185314667356479,2.1853146673564794,1.5,1.650040308817003,0.15004030881700303,0.8,0.8885532568044162,0.08855325680441617,-0.7491128411738983,-0.2688034087781237,1.4782949894585558,0.8884298339861519,1.0925821305300958,1.0925821305300958,-2,ok,CONVERGENCE: REL_REDUCTION_OF_F <= FACTR*EPSMCH,1234.336443;1e+12;1e+12;1234.407445;1e+12;1e+12;1234.342882;1e+12;1e+12;1234.392404;1e+12;1e+12;1234.424529;1e+12;1e+12;1234.395525;1e+12;1e+12;1234.38483;1e+12;1e+12;1234.337032;1e+12;1e+12;1234.431317;1e+12;1e+12;1234.386677;1e+12;1e+12;1234.34307;1e+12;1e+12;1234.339653;1e+12;1e+12;1234.338577;1e+12;1e+12
grid_n1500_est_r000_etaSrawm06_etaYrawp06_tau04_selCOMMON_nu6,grid_n1500,EST,99,1500,COMMON,252,0.168,0.6200909466721786,0.6146642753348286,0.00542667133734997,-1337.405338195865,2698.81067639173,2762.5693210368136,12,TRUE,TRUE,0,25,52052.356,4,3,0,-0.6,0.6,-0.6,0.6,0.4,0.4,6,2.495215949642746,0.5219898588743166,1.4925821305300957,-1.4712398424068516,1.4925780492428982,1.4925780492428982,4,-0.75,-1.5524078422044154,-0.8024078422044154,0.0375,0.05420846272626219,0.01670846272626219,0.25,0.381915507609506,0.131915507609506,5,3.937281219640143,-1.0627187803598566,1.5,1.4330383362800354,-0.06696166371996459,0.8,0.8751719062194517,0.07517190621945169,-0.5047840503572538,0.5219898588743166,2.092582130530096,-2.0712398424068517,1.0925780492428985,1.0925780492428985,-2,ok,CONVERGENCE: REL_REDUCTION_OF_F <= FACTR*EPSMCH,1337.416515;1e+12;1e+12;1337.406161;1e+12;1e+12;1337.421805;1e+12;1e+12;1337.40812;1e+12;1e+12;1337.408143;1e+12;1e+12;1337.407226;1e+12;1e+12;1337.484377;1e+12;1e+12;1337.408041;1e+12;1e+12;1337.405338;1e+12;1e+12;Inf;1e+12;1e+12;1337.418868;1e+12;1e+12;1337.406096;1e+12;1e+12;1337.405499;1e+12;1e+12
grid_n1500_est_r000_etaSrawm06_etaYrawp06_tau04_selCOMMON_nu6,grid_n1500,EST,100,1500,COMMON,306,0.204,0.6218905472636815,0.6146642753348286,0.00722627192885294,-1571.717873734127,3167.435747468254,3231.1943921133375,12,TRUE,TRUE,0,19,43200.677,4,3,0,-0.6,0.6,-0.6,0.6,0.4,0.4,6,6.584773622956382,0.9350683632310748,-1.4925821305300957,-0.43557941435716113,1.4925821305300957,1.4925821305300957,4,-0.75,-0.5040810019626188,0.24591899803738115,0.0375,0.02288679551705776,-0.01461320448294223,0.25,0.1646288428482308,-0.08537115715176921,5,2.654046359051817,-2.345953640948183,1.5,1.9775181970664464,0.4775181970664466,0.8,0.4104996507652159,-0.38950034923478416,3.584773622956382,0.9350683632310748,-0.8925821305300957,-1.035579414357161,1.0925821305300958,1.0925821305300958,-2,ok,CONVERGENCE: REL_REDUCTION_OF_F <= FACTR*EPSMCH,1571.741249;1e+12;1e+12;1571.719437;1e+12;1e+12;1571.717958;1e+12;1e+12;1571.739106;1e+12;1e+12;1573.311321;1e+12;1e+12;1571.730359;1e+12;1e+12;1571.717874;1e+12;1e+12;1573.3144;1e+12;1e+12;1571.736894;1e+12;1e+12;1571.730876;1e+12;1e+12;1573.313714;1e+12;1e+12;1571.732843;1e+12;1e+12;Inf;1e+12;1e+12
