scenario,experiment,family,rep,n,selection_level,n_selected,selection_rate,hidden_acceptance_rate,PE_theoretical,acceptance_gap,logLik,AIC,BIC,k_params,finite_fit,regular_convergence,convergence,start_id,seconds,sigmaS_true_raw,sigmaY_true,rho_true,etaS_raw_true,etaY_raw_true,etaS_true,etaY_true,tau_bar_true,alpha_legacy_true,nu_true,sigmaY_hat,rho_hat,etaS_hat,etaY_hat,tau_bar_hat,alpha_legacy_hat,nu_hat,betaSel_1_true,betaSel_1_hat,betaSel_1_bias,betaSel_2_true,betaSel_2_hat,betaSel_2_bias,betaSel_3_true,betaSel_3_hat,betaSel_3_bias,betaOut_1_true,betaOut_1_hat,betaOut_1_bias,betaOut_2_true,betaOut_2_hat,betaOut_2_bias,betaOut_3_true,betaOut_3_hat,betaOut_3_bias,sigmaY_bias,rho_bias,etaS_bias,etaY_bias,tau_bar_bias,alpha_legacy_bias,nu_bias,error,message,start_values
grid_n1500_esn_r000_etaSrawm03_etaYrawp03_tau04_selCOMMON,grid_n1500,ESN,1,1500,COMMON,315,0.21,0.6361323155216285,0.6436490716709108,-0.00751675614928226,-1523.197189113548,3068.394378227096,3126.8398024850894,11,TRUE,TRUE,0,9,29022.139,4,3,0,-0.3,0.3,-0.3,0.3,0.4,0.4,NA,3.3937614466224044,-0.6411277323960235,1.413363000164955,0.9201638733892544,0.3357397771858696,0.3357397771858696,NA,-0.75,-1.275354608669251,-0.5253546086692513,0.0375,0.02848134570793199,-0.009018654292068,0.25,0.22254174662607168,-0.02745825337392832,5,9.139082731084766,4.139082731084766,1.5,1.6839645767062947,0.1839645767062947,0.8,0.6967457213570123,-0.10325427864298777,0.3937614466224044,-0.6411277323960235,1.7133630001649551,0.6201638733892545,-0.06426022281413041,-0.06426022281413041,NA,ok,CONVERGENCE: REL_REDUCTION_OF_F <= FACTR*EPSMCH,1523.214059;1523.212195;1523.214552;1523.211113;1523.211855;1523.215646;1523.215789;1523.251183;1523.197189;1523.211018;1523.213008;1523.212267;1523.212609
grid_n1500_esn_r000_etaSrawm03_etaYrawp03_tau04_selCOMMON,grid_n1500,ESN,2,1500,COMMON,320,0.21333333333333335,0.6421232876712328,0.6436490716709108,-0.00152578399967795,-1560.6056011297828,3143.2112022595657,3201.656626517559,11,TRUE,TRUE,0,4,52201.634000000005,4,3,0,-0.3,0.3,-0.3,0.3,0.4,0.4,NA,3.542653114301001,0.1799470464206507,1.4925821305300957,1.4925821305300957,-1.4882466321273418,-1.4882466321273418,NA,-0.75,-1.6093560806866156,-0.8593560806866156,0.0375,0.015447761577070271,-0.02205223842292972,0.25,0.28784127118414565,0.03784127118414565,5,3.677266844804935,-1.3227331551950652,1.5,1.4510646492598362,-0.04893535074016375,0.8,0.5977730486590446,-0.20222695134095547,0.5426531143010012,0.1799470464206507,1.7925821305300955,1.1925821305300957,-1.8882466321273417,-1.8882466321273417,NA,ok,CONVERGENCE: REL_REDUCTION_OF_F <= FACTR*EPSMCH,1560.609459;1560.606575;1560.611203;1560.605601;1560.608776;1560.612083;1560.606666;1560.607426;1560.617872;1560.607121;1560.635525;1560.609267;1560.607113
grid_n1500_esn_r000_etaSrawm03_etaYrawp03_tau04_selCOMMON,grid_n1500,ESN,3,1500,COMMON,361,0.24066666666666667,0.6404782237403929,0.6436490716709108,-0.00317084793051791,-1721.2612002367102,3464.5224004734205,3522.9678247314137,11,TRUE,TRUE,0,5,23916.672,4,3,0,-0.3,0.3,-0.3,0.3,0.4,0.4,NA,3.133043170197376,-0.11781031517554044,1.4433086500908248,-1.453559796294314,1.474271569536615,1.474271569536615,NA,-0.75,-1.0270366293667763,-0.27703662936677653,0.0375,0.03706167993863585,-4.3832006136414886e-4,0.25,0.23068894920107796,-0.01931105079892203,5,6.366450681585163,1.366450681585163,1.5,1.681000829883988,0.181000829883988,0.8,0.7795931931884087,-0.02040680681159135,0.133043170197376,-0.11781031517554044,1.7433086500908248,-1.753559796294314,1.0742715695366152,1.0742715695366152,NA,ok,CONVERGENCE: REL_REDUCTION_OF_F <= FACTR*EPSMCH,1721.806078;1721.805465;1721.80781;1721.696668;1721.2612;1721.695575;1721.799931;1721.267035;1721.26739;1721.703312;1721.289522;1721.80608;1721.806096
grid_n1500_esn_r000_etaSrawm03_etaYrawp03_tau04_selCOMMON,grid_n1500,ESN,4,1500,COMMON,313,0.20866666666666667,0.6564551422319475,0.6436490716709108,0.01280607056103666,-1542.792072344051,3107.5841446881013,3166.0295689460945,11,TRUE,TRUE,0,8,42532.775,4,3,0,-0.3,0.3,-0.3,0.3,0.4,0.4,NA,4.182532712463236,0.5526256556048058,0.7148422249909927,-1.4925821305300957,-1.486939981708403,-1.486939981708403,NA,-0.75,-1.3147626002621813,-0.5647626002621813,0.0375,0.02985821244684784,-0.00764178755315216,0.25,0.09779399125671091,-0.1522060087432891,5,4.348477898062555,-0.6515221019374451,1.5,1.4347050901350198,-0.06529490986498021,0.8,0.6579592609660209,-0.14204073903397918,1.182532712463236,0.5526256556048058,1.0148422249909927,-1.7925821305300955,-1.886939981708403,-1.886939981708403,NA,ok,CONVERGENCE: REL_REDUCTION_OF_F <= FACTR*EPSMCH,1542.792415;1542.821875;1542.792147;1543.097634;1542.792544;1543.188675;1542.847568;1542.792072;1542.832029;1543.177573;1542.811265;1542.793429;1542.800058
grid_n1500_esn_r000_etaSrawm03_etaYrawp03_tau04_selCOMMON,grid_n1500,ESN,5,1500,COMMON,349,0.23266666666666663,0.6273525721455459,0.6436490716709108,-0.01629649952536493,-1676.4896040773683,3374.979208154737,3433.4246324127303,11,TRUE,TRUE,0,9,21414.194,4,3,0,-0.3,0.3,-0.3,0.3,0.4,0.4,NA,3.294357407782102,-0.363859298946827,1.492468121362444,-1.4925821305300957,1.369770095305636,1.369770095305636,NA,-0.75,-1.0720570771719204,-0.32205707717192045,0.0375,0.03401374885549434,-0.00348625114450566,0.25,0.2314260930552845,-0.0185739069447155,5,8.276062122448899,3.2760621224488986,1.5,1.5476866379412553,0.04768663794125527,0.8,0.46708030443211496,-0.3329196955678851,0.29435740778210207,-0.363859298946827,1.792468121362444,-1.7925821305300955,0.969770095305636,0.969770095305636,NA,ok,CONVERGENCE: REL_REDUCTION_OF_F <= FACTR*EPSMCH,1677.785043;1677.785331;1677.784779;1677.786179;1676.499912;1677.785669;1677.786149;1676.495132;1676.489604;1677.79009;1676.493833;1677.785558;1677.78549
grid_n1500_esn_r000_etaSrawm03_etaYrawp03_tau04_selCOMMON,grid_n1500,ESN,6,1500,COMMON,363,0.242,0.6366723259762309,0.6436490716709108,-0.00697674569467987,-1746.230114538082,3514.460229076164,3572.9056533341573,11,TRUE,TRUE,0,12,41693.665,4,3,0,-0.3,0.3,-0.3,0.3,0.4,0.4,NA,3.3818059961439286,-0.28262168352897815,1.4925821305300957,1.4917260932063043,1.4925821305300957,1.4925821305300957,NA,-0.75,-1.042423629560728,-0.2924236295607281,0.0375,0.04407916335532258,0.00657916335532258,0.25,0.25448171262272845,0.00448171262272845,5,6.6224601589195125,1.6224601589195125,1.5,1.4973246200778174,-0.00267537992218258,0.8,0.883319571813876,0.08331957181387595,0.3818059961439286,-0.28262168352897815,1.7925821305300955,1.1917260932063043,1.0925821305300958,1.0925821305300958,NA,ok,CONVERGENCE: REL_REDUCTION_OF_F <= FACTR*EPSMCH,1746.234239;1746.231797;1746.232678;1746.974464;1746.232834;1746.233141;1746.610175;1746.251165;1746.230422;1746.234248;1746.23286;1746.230115;1746.248109
grid_n1500_esn_r000_etaSrawm03_etaYrawp03_tau04_selCOMMON,grid_n1500,ESN,7,1500,COMMON,330,0.22,0.6459948320413437,0.6436490716709108,0.00234576037043288,-1614.7358773416556,3251.4717546833112,3309.9171789413044,11,TRUE,TRUE,0,9,48425.191,4,3,0,-0.3,0.3,-0.3,0.3,0.4,0.4,NA,5.075265208240491,-0.6232139369807852,-1.4925821305300957,1.1118634429610577,-0.4780545255104546,-0.4780545255104546,NA,-0.75,-0.10217076791122572,0.6478292320887743,0.0375,0.00825228953543903,-0.02924771046456096,0.25,0.26060880846740325,0.01060880846740325,5,2.8151721075308465,-2.1848278924691535,1.5,1.2915732555281167,-0.20842674447188325,0.8,0.8461378635431793,0.04613786354317928,2.075265208240491,-0.6232139369807852,-1.1925821305300957,0.8118634429610576,-0.8780545255104546,-0.8780545255104546,NA,ok,CONVERGENCE: REL_REDUCTION_OF_F <= FACTR*EPSMCH,1614.763183;1614.751771;1614.750036;1614.758543;1614.748318;1614.770056;1614.769591;1614.7521;1614.735877;1614.760615;1614.739798;Inf;1614.74683
grid_n1500_esn_r000_etaSrawm03_etaYrawp03_tau04_selCOMMON,grid_n1500,ESN,8,1500,COMMON,322,0.21466666666666667,0.6440532417346501,0.6436490716709108,4.041700637392731e-4,-1564.078985394127,3150.157970788254,3208.603395046247,11,TRUE,TRUE,0,11,19380.974,4,3,0,-0.3,0.3,-0.3,0.3,0.4,0.4,NA,2.9867799618916355,-0.29619478044859043,1.076872091884142,0.03435125394467264,0.8352730795532725,0.8352730795532725,NA,-0.75,-1.1550938718958796,-0.4050938718958797,0.0375,0.03623646649150403,-0.00126353350849596,0.25,0.26042223218748245,0.01042223218748245,5,7.189712486918485,2.189712486918485,1.5,1.569726476371438,0.06972647637143803,0.8,0.7971196009792627,-0.00288039902073733,-0.01322003810836447,-0.29619478044859043,1.376872091884142,-0.26564874605532734,0.4352730795532725,0.4352730795532725,NA,ok,CONVERGENCE: REL_REDUCTION_OF_F <= FACTR*EPSMCH,1564.092071;1564.091271;1564.093484;1564.088771;1564.090336;1564.085263;1564.089465;1564.09087;1564.090939;1564.079524;1564.078985;1564.092776;1564.092303
grid_n1500_esn_r000_etaSrawm03_etaYrawp03_tau04_selCOMMON,grid_n1500,ESN,9,1500,COMMON,313,0.20866666666666667,0.6418485237483954,0.6436490716709108,-0.00180054792251538,-1535.2073084134768,3092.4146168269535,3150.8600410849467,11,TRUE,TRUE,0,7,57879.311,4,3,0,-0.3,0.3,-0.3,0.3,0.4,0.4,NA,4.419075456872839,0.7340633690553721,-0.16677299517780225,-1.4925821305300957,1.4925821305300957,1.4925821305300957,NA,-0.75,-0.8384701368930212,-0.08847013689302119,0.0375,0.05443175438877468,0.01693175438877468,0.25,0.09913110704639357,-0.15086889295360645,5,2.3772322026083192,-2.6227677973916808,1.5,1.4711155533583626,-0.02888444664163736,0.8,0.7600536110988617,-0.03994638890113833,1.4190754568728394,0.7340633690553721,0.13322700482219774,-1.7925821305300955,1.0925821305300958,1.0925821305300958,NA,ok,CONVERGENCE: REL_REDUCTION_OF_F <= FACTR*EPSMCH,1535.2081;1535.208058;1535.207821;1535.207582;1535.208;1535.208878;1535.207308;1535.20733;Inf;1535.207979;1535.211602;1535.219328;1535.214071
grid_n1500_esn_r000_etaSrawm03_etaYrawp03_tau04_selCOMMON,grid_n1500,ESN,10,1500,COMMON,350,0.23333333333333336,0.646551724137931,0.6436490716709108,0.00290265246702026,-1653.1771033661098,3328.3542067322196,3386.799630990213,11,TRUE,TRUE,0,11,31855.291,4,3,0,-0.3,0.3,-0.3,0.3,0.4,0.4,NA,4.111107605435275,0.0166177472428005,-0.30588547037348646,1.486383603930649,-1.3334724987627218,-1.3334724987627218,NA,-0.75,-0.6703804170925605,0.07961958290743953,0.0375,0.04887357409203485,0.01137357409203485,0.25,0.2790036822176745,0.02900368221767452,5,0.4630574540682985,-4.536942545931701,1.5,1.473766836792264,-0.02623316320773594,0.8,0.8962873252762255,0.0962873252762254,1.1111076054352749,0.0166177472428005,-0.00588547037348646,1.186383603930649,-1.7334724987627217,-1.7334724987627217,NA,ok,CONVERGENCE: REL_REDUCTION_OF_F <= FACTR*EPSMCH,1654.40849;1654.407541;1654.40888;1653.209751;1654.409148;1653.256379;1653.236462;1654.408905;1654.408713;1653.224071;1653.177103;1654.408664;1654.410504
grid_n1500_esn_r000_etaSrawm03_etaYrawp03_tau04_selCOMMON,grid_n1500,ESN,11,1500,COMMON,305,0.20333333333333337,0.6437768240343348,0.6436490716709108,1.277523634239941e-4,-1522.669679138014,3067.3393582760277,3125.784782534021,11,TRUE,TRUE,0,10,23345.208,4,3,0,-0.3,0.3,-0.3,0.3,0.4,0.4,NA,4.356078892063015,0.7105363665910139,-1.241840135408669,-0.3740960867176803,1.1267890481592409,1.1267890481592409,NA,-0.75,-0.5054477476093423,0.2445522523906577,0.0375,0.02510937410668328,-0.01239062589331671,0.25,0.19787147640360273,-0.05212852359639727,5,3.285444840865422,-1.7145551591345778,1.5,1.3741805996389065,-0.12581940036109374,0.8,0.9778937791503196,0.17789377915031956,1.356078892063015,0.7105363665910139,-0.941840135408669,-0.6740960867176803,0.7267890481592408,0.7267890481592408,NA,ok,CONVERGENCE: REL_REDUCTION_OF_F <= FACTR*EPSMCH,1522.690626;1522.688841;1522.691281;1522.682572;1522.692027;1522.673544;1522.683728;1522.692351;1522.692354;1522.669679;1522.675699;1522.688316;1522.691354
grid_n1500_esn_r000_etaSrawm03_etaYrawp03_tau04_selCOMMON,grid_n1500,ESN,12,1500,COMMON,322,0.21466666666666667,0.6415739948674081,0.6436490716709108,-0.00207507680350271,-1565.0295565402068,3152.0591130804137,3210.504537338407,11,TRUE,TRUE,0,6,23735.179,4,3,0,-0.3,0.3,-0.3,0.3,0.4,0.4,NA,4.441823152637948,0.7340179008797282,-1.489674894796972,-0.6336127426854784,1.2537073871670033,1.2537073871670033,NA,-0.75,-0.4052823102821559,0.3447176897178441,0.0375,0.03080537859653405,-0.00669462140346594,0.25,0.11185426240480507,-0.1381457375951949,5,4.173889626157912,-0.8261103738420879,1.5,1.440221582183109,-0.05977841781689097,0.8,0.7893120513290276,-0.01068794867097244,1.441823152637948,0.7340179008797282,-1.189674894796972,-0.9336127426854784,0.8537073871670032,0.8537073871670032,NA,ok,CONVERGENCE: REL_REDUCTION_OF_F <= FACTR*EPSMCH,1565.110614;1565.107582;1565.111127;1565.034713;1565.111721;1565.029557;1565.0984;1565.112723;1565.111036;1565.059363;1565.120793;1565.110593;1565.110373
grid_n1500_esn_r000_etaSrawm03_etaYrawp03_tau04_selCOMMON,grid_n1500,ESN,13,1500,COMMON,307,0.20466666666666664,0.651890482398957,0.6436490716709108,0.00824141072804618,-1489.7461559836306,3001.4923119672612,3059.9377362252544,11,TRUE,TRUE,0,3,32894.201,4,3,0,-0.3,0.3,-0.3,0.3,0.4,0.4,NA,3.2147582444407914,-0.5072425394032112,1.4924545390630444,-1.4925821305300957,0.8187518003897897,0.8187518003897897,NA,-0.75,-1.1378921019969253,-0.38789210199692525,0.0375,0.04129013325601816,0.00379013325601815,0.25,0.06684914369447918,-0.1831508563055208,5,8.380780025593197,3.380780025593197,1.5,1.579109495533192,0.07910949553319191,0.8,0.7579140098474385,-0.04208599015256153,0.2147582444407914,-0.5072425394032112,1.7924545390630444,-1.7925821305300955,0.41875180038978965,0.41875180038978965,NA,ok,CONVERGENCE: REL_REDUCTION_OF_F <= FACTR*EPSMCH,1491.873601;1491.874765;1489.746156;1491.877239;1489.940474;1491.877475;1491.876395;1489.75791;1489.746232;1491.875302;1489.759058;1489.746962;1491.874355
grid_n1500_esn_r000_etaSrawm03_etaYrawp03_tau04_selCOMMON,grid_n1500,ESN,14,1500,COMMON,329,0.21933333333333332,0.6289308176100629,0.6436490716709108,-0.01471825406084792,-1600.120080356552,3222.240160713104,3280.6855849710973,11,TRUE,TRUE,0,10,38998.845,4,3,0,-0.3,0.3,-0.3,0.3,0.4,0.4,NA,4.616325775869491,-0.3221109725269285,-1.4925821305300957,1.4658122958595483,-1.4649779731004164,-1.4649779731004164,NA,-0.75,0.03947573196214971,0.7894757319621497,0.0375,0.03309574353126938,-0.00440425646873061,0.25,0.20470768341289516,-0.04529231658710483,5,0.5564349444535586,-4.443565055546442,1.5,1.4250849149388995,-0.07491508506110045,0.8,0.7215622890308829,-0.07843771096911711,1.616325775869491,-0.3221109725269285,-1.1925821305300957,1.1658122958595485,-1.8649779731004164,-1.8649779731004164,NA,ok,CONVERGENCE: REL_REDUCTION_OF_F <= FACTR*EPSMCH,1601.432277;1601.429515;1601.434131;1600.125977;1601.429056;1600.1266;1601.131277;1601.427947;1601.43251;1600.12008;1601.321449;1601.433525;1601.169792
grid_n1500_esn_r000_etaSrawm03_etaYrawp03_tau04_selCOMMON,grid_n1500,ESN,15,1500,COMMON,334,0.22266666666666668,0.6377551020408163,0.6436490716709108,-0.00589396963009447,-1607.6375716586456,3237.275143317291,3295.7205675752843,11,TRUE,TRUE,0,9,45746.287,4,3,0,-0.3,0.3,-0.3,0.3,0.4,0.4,NA,5.749962837558458,0.7999344339314327,-1.4925821305300957,-0.9653611981884228,-0.4099494482930462,-0.4099494482930462,NA,-0.75,-0.07247871116612231,0.6775212888338777,0.0375,0.03399348104571727,-0.00350651895428272,0.25,0.2590543039994031,0.0090543039994031,5,7.205608432508827,2.2056084325088268,1.5,1.30293364538239,-0.1970663546176099,0.8,0.7258598422558551,-0.07414015774414495,2.749962837558458,0.7999344339314327,-1.1925821305300957,-1.2653611981884227,-0.8099494482930463,-0.8099494482930463,NA,ok,CONVERGENCE: REL_REDUCTION_OF_F <= FACTR*EPSMCH,1607.656505;1607.654637;1607.645223;1607.684426;1607.641861;1607.682856;1607.662659;1607.66889;1607.637572;1607.680914;1607.646955;1607.660158;1607.670646
grid_n1500_esn_r000_etaSrawm03_etaYrawp03_tau04_selCOMMON,grid_n1500,ESN,16,1500,COMMON,317,0.21133333333333337,0.6510416666666666,0.6436490716709108,0.00739259499575584,-1553.2880559741504,3128.576111948301,3187.021536206294,11,TRUE,TRUE,0,5,23011.988,4,3,0,-0.3,0.3,-0.3,0.3,0.4,0.4,NA,3.1200425185013057,-0.15611246207693,1.4925821305300957,-1.214289175955242,1.39159354881961,1.39159354881961,NA,-0.75,-1.1727803178340648,-0.4227803178340648,0.0375,0.05270903617978373,0.01520903617978373,0.25,0.27897947751023616,0.02897947751023616,5,6.569308436335177,1.5693084363351772,1.5,1.7754527786681955,0.27545277866819573,0.8,0.682574319631132,-0.11742568036886802,0.12004251850130564,-0.15611246207693,1.7925821305300955,-1.514289175955242,0.99159354881961,0.99159354881961,NA,ok,CONVERGENCE: REL_REDUCTION_OF_F <= FACTR*EPSMCH,1553.601746;1553.603647;1553.602872;1553.616307;1553.288056;1553.601709;1553.606027;1553.293415;1553.28962;1553.592406;1553.293;1553.601524;1553.601804
grid_n1500_esn_r000_etaSrawm03_etaYrawp03_tau04_selCOMMON,grid_n1500,ESN,17,1500,COMMON,327,0.218,0.6388415672913118,0.6436490716709108,-0.00480750437959898,-1570.2743792093956,3162.5487584187913,3220.9941826767845,11,TRUE,TRUE,0,1,38947.126,4,3,0,-0.3,0.3,-0.3,0.3,0.4,0.4,NA,3.4392435162335,-0.5316943569751467,1.491306848806588,1.1761076849535674,-1.4925821305300957,-1.4925821305300957,NA,-0.75,-1.6387991055878952,-0.8887991055878952,0.0375,0.02319227070628621,-0.01430772929371378,0.25,0.25291703003213917,0.00291703003213916,5,8.456813882166443,3.4568138821664434,1.5,1.798543301221353,0.298543301221353,0.8,0.9112961635100972,0.1112961635100972,0.4392435162334998,-0.5316943569751467,1.791306848806588,0.8761076849535674,-1.8925821305300956,-1.8925821305300956,NA,ok,CONVERGENCE: REL_REDUCTION_OF_F <= FACTR*EPSMCH,1570.274379;1570.284062;1570.280892;1570.286628;1570.648232;1570.281212;1570.329279;1570.612548;1570.624675;1570.798738;1570.658476;1570.274589;1570.279075
grid_n1500_esn_r000_etaSrawm03_etaYrawp03_tau04_selCOMMON,grid_n1500,ESN,18,1500,COMMON,332,0.22133333333333333,0.6538796861377506,0.6436490716709108,0.01023061446683981,-1606.9396464515148,3235.8792929030296,3294.324717161023,11,TRUE,TRUE,0,3,27383.965,4,3,0,-0.3,0.3,-0.3,0.3,0.4,0.4,NA,3.4546647804844506,0.4075506290955877,0.7111767301129486,-0.7116792861467063,-1.4862386625669393,-1.4862386625669393,NA,-0.75,-1.5848430487236738,-0.8348430487236738,0.0375,0.04721075340050412,0.00971075340050411,0.25,0.213236472037508,-0.03676352796249199,5,4.611397854412463,-0.3886021455875373,1.5,1.364923511918965,-0.1350764880810349,0.8,0.683986949500824,-0.1160130504991761,0.4546647804844506,0.4075506290955877,1.0111767301129486,-1.0116792861467063,-1.8862386625669392,-1.8862386625669392,NA,ok,CONVERGENCE: REL_REDUCTION_OF_F <= FACTR*EPSMCH,1606.990521;1606.992081;1606.939646;1606.999053;1606.981408;1606.949085;1606.988976;1606.987217;1606.973563;1606.979091;1606.970644;1606.993381;1606.989129
grid_n1500_esn_r000_etaSrawm03_etaYrawp03_tau04_selCOMMON,grid_n1500,ESN,19,1500,COMMON,351,0.234,0.6435006435006435,0.6436490716709108,-1.484281702672785e-4,-1660.1340950084546,3342.268190016909,3400.7136142749023,11,TRUE,TRUE,0,10,37639.843,4,3,0,-0.3,0.3,-0.3,0.3,0.4,0.4,NA,3.0181898451877,0.03752999810765842,1.4925821305300957,-1.4925821305300957,0.8416149908997079,0.8416149908997079,NA,-0.75,-1.105473598512868,-0.3554735985128681,0.0375,0.06018070775048592,0.02268070775048592,0.25,0.1637264659382499,-0.08627353406175009,5,5.982011542632261,0.9820115426322608,1.5,1.825963983995315,0.325963983995315,0.8,0.743776765179316,-0.05622323482068403,0.01818984518769983,0.03752999810765842,1.7925821305300955,-1.7925821305300955,0.4416149908997079,0.4416149908997079,NA,ok,CONVERGENCE: REL_REDUCTION_OF_F <= FACTR*EPSMCH,1660.151677;1660.139361;1660.148334;1661.628416;1660.134327;1660.140599;1661.634679;1660.150842;1660.135968;1660.134095;1660.146636;1660.138881;1660.140495
grid_n1500_esn_r000_etaSrawm03_etaYrawp03_tau04_selCOMMON,grid_n1500,ESN,20,1500,COMMON,307,0.20466666666666664,0.6429489927132448,0.6436490716709108,-7.000789576659949e-4,-1505.922651942209,3033.845303884418,3092.2907281424114,11,TRUE,TRUE,0,8,37715.513,4,3,0,-0.3,0.3,-0.3,0.3,0.4,0.4,NA,3.074949345951034,-0.33876625715403585,1.4822360222336384,1.4765051535933025,1.4774531844153842,1.4774531844153842,NA,-0.75,-1.1733229433100545,-0.42332294331005427,0.0375,0.01448227145986777,-0.02301772854013222,0.25,0.2876112873783141,0.03761128737831409,5,6.866539997453005,1.866539997453005,1.5,1.390008269884199,-0.10999173011580132,0.8,0.8826315958176112,0.08263159581761115,0.07494934595103464,-0.33876625715403585,1.7822360222336384,1.1765051535933022,1.077453184415384,1.077453184415384,NA,ok,CONVERGENCE: REL_REDUCTION_OF_F <= FACTR*EPSMCH,1506.003383;1506.003828;1506.008325;1506.004615;1505.922818;1506.007973;1506.004111;1505.922652;1506.017718;1506.003192;1505.931884;1506.012876;1506.003063
grid_n1500_esn_r000_etaSrawm03_etaYrawp03_tau04_selCOMMON,grid_n1500,ESN,21,1500,COMMON,323,0.21533333333333332,0.6421232876712328,0.6436490716709108,-0.00152578399967795,-1589.3272320872552,3200.6544641745104,3259.0998884325036,11,TRUE,TRUE,0,9,42180.701,4,3,0,-0.3,0.3,-0.3,0.3,0.4,0.4,NA,3.3324536083349687,-0.16342528943771775,0.7891333872059949,1.4925821305300957,1.4925821305300957,1.4925821305300957,NA,-0.75,-1.0298982134315688,-0.27989821343156884,0.0375,0.02582347303589728,-0.01167652696410271,0.25,0.2194319204724641,-0.0305680795275359,5,5.752568628581345,0.7525686285813453,1.5,1.4834309974514426,-0.01656900254855742,0.8,0.8892608831248576,0.08926088312485758,0.33245360833496873,-0.16342528943771775,1.089133387205995,1.1925821305300957,1.0925821305300958,1.0925821305300958,NA,ok,CONVERGENCE: REL_REDUCTION_OF_F <= FACTR*EPSMCH,1589.329967;1589.331898;1589.330287;1589.333901;1589.332805;1589.339785;1589.334744;1589.329075;1589.327232;1589.338092;1589.328896;1589.327343;1589.328281
grid_n1500_esn_r000_etaSrawm03_etaYrawp03_tau04_selCOMMON,grid_n1500,ESN,22,1500,COMMON,322,0.21466666666666667,0.672645739910314,0.6436490716709108,0.02899666823940316,-1558.739618397282,3139.4792367945643,3197.9246610525574,11,TRUE,TRUE,0,8,37965.711,4,3,0,-0.3,0.3,-0.3,0.3,0.4,0.4,NA,3.420125247174322,0.421892919475104,1.4925821305300957,-1.4925821305300957,-1.3301481917169762,-1.3301481917169762,NA,-0.75,-1.517704530150347,-0.7677045301503469,0.0375,0.01828528679095354,-0.01921471320904646,0.25,0.1905526626229726,-0.0594473373770274,5,3.646930660514845,-1.3530693394851552,1.5,1.4392115110902746,-0.06078848890972543,0.8,0.8309246303470045,0.03092463034700443,0.420125247174322,0.421892919475104,1.7925821305300955,-1.7925821305300955,-1.7301481917169763,-1.7301481917169763,NA,ok,CONVERGENCE: REL_REDUCTION_OF_F <= FACTR*EPSMCH,1558.74964;1558.743721;1558.740815;1558.74123;1558.750476;1558.754424;1558.747847;1558.739618;1558.739743;1558.757163;1558.762067;1558.748505;1558.745969
grid_n1500_esn_r000_etaSrawm03_etaYrawp03_tau04_selCOMMON,grid_n1500,ESN,23,1500,COMMON,335,0.22333333333333333,0.6501950585175552,0.6436490716709108,0.00654598684664442,-1631.399230885914,3284.798461771828,3343.243886029821,11,TRUE,TRUE,0,9,12197.402,4,3,0,-0.3,0.3,-0.3,0.3,0.4,0.4,NA,3.0514341942235625,-0.05840948411896971,1.1515326438614888,-0.49541622598619417,-0.05599939039357894,-0.05599939039357894,NA,-0.75,-1.2853506723238295,-0.5353506723238297,0.0375,0.02952023763919395,-0.00797976236080605,0.25,0.1562108552673744,-0.0937891447326256,5,5.986120916942814,0.9861209169428138,1.5,1.4159101036484036,-0.08408989635159636,0.8,0.808691982407649,0.0086919824076489,0.05143419422356254,-0.05840948411896971,1.4515326438614888,-0.7954162259861941,-0.45599939039357895,-0.45599939039357895,NA,ok,CONVERGENCE: REL_REDUCTION_OF_F <= FACTR*EPSMCH,1631.445002;1631.44482;1631.444264;1631.443242;1631.404159;1631.444705;1631.44388;1631.409476;1631.399231;1631.435903;1631.409949;1631.445121;1631.445007
grid_n1500_esn_r000_etaSrawm03_etaYrawp03_tau04_selCOMMON,grid_n1500,ESN,24,1500,COMMON,326,0.21733333333333332,0.6429489927132448,0.6436490716709108,-7.000789576659949e-4,-1595.3435642010595,3212.687128402119,3271.132552660112,11,TRUE,TRUE,0,12,14851.094,4,3,0,-0.3,0.3,-0.3,0.3,0.4,0.4,NA,3.702770165357536,0.4110098307909252,-1.435024632458186,-0.7036044153429882,1.0324506882359572,1.0324506882359572,NA,-0.75,-0.4121258900495173,0.3378741099504827,0.0375,0.02763497718322733,-0.00986502281677266,0.25,0.2109330463111905,-0.0390669536888095,5,6.426689764782345,1.4266897647823449,1.5,1.6046562837959455,0.10465628379594571,0.8,0.6801484165435608,-0.1198515834564392,0.7027701653575362,0.4110098307909252,-1.135024632458186,-1.0036044153429882,0.6324506882359572,0.6324506882359572,NA,ok,CONVERGENCE: REL_REDUCTION_OF_F <= FACTR*EPSMCH,1595.468831;1595.469158;1595.470839;1595.472526;1595.473937;1595.449133;1595.471606;1595.458147;1595.472562;1595.435294;1595.44655;1595.343564;1595.469623
grid_n1500_esn_r000_etaSrawm03_etaYrawp03_tau04_selCOMMON,grid_n1500,ESN,25,1500,COMMON,343,0.22866666666666663,0.6418485237483954,0.6436490716709108,-0.00180054792251538,-1637.534958513996,3297.069917027992,3355.5153412859854,11,TRUE,TRUE,0,12,48322.695,4,3,0,-0.3,0.3,-0.3,0.3,0.4,0.4,NA,3.950123355797488,-0.22231112414870688,0.37591344803623433,1.4925821305300957,-1.3815423493990893,-1.3815423493990893,NA,-0.75,-1.1327016055926131,-0.3827016055926131,0.0375,0.02295204799007169,-0.0145479520099283,0.25,0.2517770842418706,0.00177708424187061,5,3.4816427995427226,-1.5183572004572774,1.5,1.451122896840173,-0.04887710315982696,0.8,0.7993198374922426,-6.801625077574869e-4,0.9501233557974884,-0.22231112414870688,0.6759134480362343,1.1925821305300957,-1.7815423493990892,-1.7815423493990892,NA,ok,CONVERGENCE: REL_REDUCTION_OF_F <= FACTR*EPSMCH,1637.545426;1637.539622;1637.546545;1637.54139;1637.540914;1637.535865;1637.541683;1637.581918;1637.540851;1637.536814;1637.535903;1637.534959;1637.544369
grid_n1500_esn_r000_etaSrawm03_etaYrawp03_tau04_selCOMMON,grid_n1500,ESN,26,1500,COMMON,308,0.20533333333333337,0.6476683937823834,0.6436490716709108,0.0040193221114726,-1498.1939179329884,3018.3878358659767,3076.83326012397,11,TRUE,TRUE,0,10,35398.784,4,3,0,-0.3,0.3,-0.3,0.3,0.4,0.4,NA,3.606091410189866,0.3372383773761312,0.8361432932328661,-1.4925821305300957,-1.402959140929723,-1.402959140929723,NA,-0.75,-1.3789391125372157,-0.6289391125372155,0.0375,0.03888524909655944,0.00138524909655944,0.25,0.1224854557549175,-0.12751454424508252,5,6.026501904083998,1.0265019040839984,1.5,1.5161225237619234,0.01612252376192335,0.8,0.659381611144064,-0.14061838885593603,0.6060914101898658,0.3372383773761312,1.136143293232866,-1.7925821305300955,-1.802959140929723,-1.802959140929723,NA,ok,CONVERGENCE: REL_REDUCTION_OF_F <= FACTR*EPSMCH,1498.199549;1498.214373;1498.207383;1498.203324;1498.218505;1498.218006;1498.20723;1498.206337;1498.200793;1498.193918;1498.198735;1498.217866;1498.207533
grid_n1500_esn_r000_etaSrawm03_etaYrawp03_tau04_selCOMMON,grid_n1500,ESN,27,1500,COMMON,307,0.20466666666666664,0.6377551020408163,0.6436490716709108,-0.00589396963009447,-1498.971236058733,3019.942472117466,3078.387896375459,11,TRUE,TRUE,0,6,15695.281,4,3,0,-0.3,0.3,-0.3,0.3,0.4,0.4,NA,3.746652175714282,-0.38345716611850306,-1.4240476369486832,0.9644361275298854,0.5212233080567499,0.5212233080567499,NA,-0.75,-0.36977734995099976,0.38022265004900024,0.0375,0.04481449969096444,0.00731449969096444,0.25,0.2178266762349423,-0.03217332376505766,5,3.769249662842719,-1.2307503371572812,1.5,1.5593066563327405,0.05930665633274046,0.8,0.913468849288706,0.11346884928870604,0.7466521757142819,-0.38345716611850306,-1.1240476369486831,0.6644361275298853,0.12122330805674986,0.12122330805674986,NA,ok,CONVERGENCE: REL_REDUCTION_OF_F <= FACTR*EPSMCH,1499.29955;1499.297134;1499.302167;1499.295447;1499.296531;1498.971236;1499.29551;1499.296977;1499.300059;1498.974078;1499.301335;1499.296816;1499.297815
grid_n1500_esn_r000_etaSrawm03_etaYrawp03_tau04_selCOMMON,grid_n1500,ESN,28,1500,COMMON,355,0.23666666666666664,0.6358626536668079,0.6436490716709108,-0.00778641800410284,-1693.169715495677,3408.339430991354,3466.7848552493474,11,TRUE,TRUE,0,3,32149.705,4,3,0,-0.3,0.3,-0.3,0.3,0.4,0.4,NA,4.900045927649013,-0.739246492096714,0.0979844578957059,1.4925821305300957,-1.4925821305300957,-1.4925821305300957,NA,-0.75,-0.8646287119780963,-0.11462871197809632,0.0375,0.04046035991725205,0.00296035991725205,0.25,0.1411928266283357,-0.10880717337166428,5,6.57558725211592,1.5755872521159198,1.5,1.377402589424762,-0.12259741057523788,0.8,0.8839035904024368,0.08390359040243678,1.9000459276490131,-0.739246492096714,0.3979844578957059,1.1925821305300957,-1.8925821305300956,-1.8925821305300956,NA,ok,CONVERGENCE: REL_REDUCTION_OF_F <= FACTR*EPSMCH,1693.188876;1693.179207;1693.169715;1693.18334;1693.478729;1693.172767;1693.190909;1693.489379;1693.474507;1693.536726;1693.189691;1693.534371;1693.182172
grid_n1500_esn_r000_etaSrawm03_etaYrawp03_tau04_selCOMMON,grid_n1500,ESN,29,1500,COMMON,338,0.22533333333333333,0.6473888649115235,0.6436490716709108,0.00373979324061268,-1619.7668007878783,3261.533601575757,3319.9790258337503,11,TRUE,TRUE,0,5,38525.908,4,3,0,-0.3,0.3,-0.3,0.3,0.4,0.4,NA,3.3580516960701994,0.4405705485865458,1.4925821305300957,-0.8779659615118861,-1.4751695711396822,-1.4751695711396822,NA,-0.75,-1.6998276365120597,-0.9498276365120596,0.0375,0.03608539258914414,-0.00141460741085585,0.25,0.28822568147561145,0.03822568147561145,5,2.992085856903466,-2.007914143096534,1.5,1.275480679318845,-0.22451932068115532,0.8,0.8805934282439309,0.0805934282439309,0.3580516960701994,0.4405705485865458,1.7925821305300955,-1.177965961511886,-1.8751695711396823,-1.8751695711396823,NA,ok,CONVERGENCE: REL_REDUCTION_OF_F <= FACTR*EPSMCH,1620.05344;1620.054694;1620.05343;1620.058854;1619.766801;1620.05355;1620.056051;1619.778084;1619.771111;1619.784906;1619.773804;1620.053416;1620.053548
grid_n1500_esn_r000_etaSrawm03_etaYrawp03_tau04_selCOMMON,grid_n1500,ESN,30,1500,COMMON,301,0.20066666666666663,0.6374840628984275,0.6436490716709108,-0.00616500877248327,-1481.5878531230326,2985.175706246065,3043.6211305040583,11,TRUE,TRUE,0,6,16731.264,4,3,0,-0.3,0.3,-0.3,0.3,0.4,0.4,NA,2.9391449583144102,0.08780944389720163,1.4925821285599337,1.4235334795596304,1.1845091893098505,1.1845091893098505,NA,-0.75,-1.1731880025481265,-0.4231880025481265,0.0375,0.03078193172316867,-0.00671806827683132,0.25,0.200244386301968,-0.049755613698032,5,4.786237931491494,-0.21376206850850643,1.5,1.4154701207790474,-0.08452987922095256,0.8,0.8872492437222974,0.08724924372229736,-0.06085504168558975,0.08780944389720163,1.7925821285599337,1.1235334795596303,0.7845091893098503,0.7845091893098503,NA,ok,CONVERGENCE: REL_REDUCTION_OF_F <= FACTR*EPSMCH,1482.153342;1482.153893;1482.152899;1482.159908;1482.022752;1481.587853;1482.156621;1482.027519;1482.140862;1482.154395;1482.022949;1482.152806;1482.15346
grid_n1500_esn_r000_etaSrawm03_etaYrawp03_tau04_selCOMMON,grid_n1500,ESN,31,1500,COMMON,328,0.21866666666666668,0.6421232876712328,0.6436490716709108,-0.00152578399967795,-1569.4016403007124,3160.803280601425,3219.248704859418,11,TRUE,TRUE,0,6,15473.975,4,3,0,-0.3,0.3,-0.3,0.3,0.4,0.4,NA,2.878425636703622,0.11495387849062788,1.4925821305300957,0.8143264288390115,-0.8044237817935567,-0.8044237817935567,NA,-0.75,-1.530103841382815,-0.780103841382815,0.0375,0.02136433634023647,-0.01613566365976352,0.25,0.25197151184259653,0.00197151184259652,5,5.226779407183881,0.2267794071838809,1.5,1.642550948158991,0.14255094815899105,0.8,0.5789736306063732,-0.22102636939362685,-0.12157436329637816,0.11495387849062788,1.7925821305300955,0.5143264288390115,-1.2044237817935568,-1.2044237817935568,NA,ok,CONVERGENCE: REL_REDUCTION_OF_F <= FACTR*EPSMCH,1569.728134;1569.728521;1569.7281;1569.732305;1569.698775;1569.40164;1569.729323;1569.70559;1569.692374;1569.728409;1569.701446;1569.728126;1569.728138
grid_n1500_esn_r000_etaSrawm03_etaYrawp03_tau04_selCOMMON,grid_n1500,ESN,32,1500,COMMON,317,0.21133333333333337,0.6339814032121724,0.6436490716709108,-0.00966766845873834,-1531.543141203788,3085.0862824075757,3143.531706665569,11,TRUE,TRUE,0,11,36885.859,4,3,0,-0.3,0.3,-0.3,0.3,0.4,0.4,NA,4.064713216040387,-0.2742034193957329,-1.4261939419846557,1.3798775068588347,-1.4309942055794174,-1.4309942055794174,NA,-0.75,0.02871661914894274,0.7787166191489427,0.0375,0.01981732706400671,-0.01768267293599328,0.25,0.20035034031190527,-0.04964965968809473,5,0.9584114761092404,-4.041588523890759,1.5,1.4235181041867864,-0.07648189581321363,0.8,0.8533586581194614,0.05335865811946139,1.0647132160403867,-0.2742034193957329,-1.1261939419846556,1.0798775068588349,-1.8309942055794175,-1.8309942055794175,NA,ok,CONVERGENCE: REL_REDUCTION_OF_F <= FACTR*EPSMCH,1532.002006;1532.002751;1532.001239;1531.599628;1532.003852;1531.586152;1532.004322;1532.003136;1532.002439;1531.590912;1531.543141;1531.561388;1532.003183
grid_n1500_esn_r000_etaSrawm03_etaYrawp03_tau04_selCOMMON,grid_n1500,ESN,33,1500,COMMON,321,0.214,0.6628369421122404,0.6436490716709108,0.01918787044132963,-1562.1800740496255,3146.360148099251,3204.8055723572443,11,TRUE,TRUE,0,10,36229.022999999994,4,3,0,-0.3,0.3,-0.3,0.3,0.4,0.4,NA,7.15185955227253,-0.9203273669319868,-1.4925784220347444,0.952867755208156,-0.0769159773038565,-0.0769159773038565,NA,-0.75,-0.1648235616276559,0.5851764383723441,0.0375,0.02281980347328824,-0.01468019652671175,0.25,0.23294453102921817,-0.01705546897078186,5,6.007374586500894,1.0073745865008936,1.5,1.6993578395133135,0.1993578395133135,0.8,0.9760301210389758,0.17603012103897575,4.15185955227253,-0.9203273669319868,-1.1925784220347444,0.6528677552081561,-0.47691597730385654,-0.47691597730385654,NA,ok,CONVERGENCE: REL_REDUCTION_OF_F <= FACTR*EPSMCH,1562.185773;1562.183051;1562.267769;1562.186185;1562.641589;1562.180683;1562.195011;1562.640024;1562.37923;1562.180074;1562.633314;1562.180192;1562.193244
grid_n1500_esn_r000_etaSrawm03_etaYrawp03_tau04_selCOMMON,grid_n1500,ESN,34,1500,COMMON,320,0.21333333333333335,0.6374840628984275,0.6436490716709108,-0.00616500877248327,-1553.8633271502947,3129.7266543005894,3188.1720785585826,11,TRUE,TRUE,0,8,31356.533,4,3,0,-0.3,0.3,-0.3,0.3,0.4,0.4,NA,3.324391016580013,-0.19167225470047092,1.0928204959087768,-0.92255829912497,-1.3858865244791354,-1.3858865244791354,NA,-0.75,-1.6509112347828316,-0.9009112347828316,0.0375,0.04156469028693859,0.00406469028693859,0.25,0.23616064445251392,-0.01383935554748608,5,8.025801664276804,3.0258016642768037,1.5,1.656684845052946,0.1566848450529459,0.8,0.8695411982822147,0.06954119828221461,0.3243910165800128,-0.19167225470047092,1.3928204959087769,-1.22255829912497,-1.785886524479135,-1.785886524479135,NA,ok,CONVERGENCE: REL_REDUCTION_OF_F <= FACTR*EPSMCH,1554.287356;1554.287784;1553.903305;1554.290248;1553.875132;1554.291355;1554.289041;1553.863327;1553.872838;1554.303156;1553.888795;1553.874481;1554.287812
grid_n1500_esn_r000_etaSrawm03_etaYrawp03_tau04_selCOMMON,grid_n1500,ESN,35,1500,COMMON,320,0.21333333333333335,0.6353240152477764,0.6436490716709108,-0.00832505642313441,-1558.196696106329,3138.393392212658,3196.838816470651,11,TRUE,TRUE,0,10,37196.829000000005,4,3,0,-0.3,0.3,-0.3,0.3,0.4,0.4,NA,3.998240645680859,-0.6207702731050208,-1.4925821305300957,0.6059029346376054,0.9783445201968336,0.9783445201968336,NA,-0.75,-0.3872296022050316,0.3627703977949684,0.0375,0.03055118173750758,-0.00694881826249241,0.25,0.20604261485390016,-0.04395738514609984,5,6.016185275976391,1.0161852759763912,1.5,1.7038047584766092,0.20380475847660917,0.8,0.7536468264024803,-0.04635317359751978,0.9982406456808596,-0.6207702731050208,-1.1925821305300957,0.3059029346376054,0.5783445201968335,0.5783445201968335,NA,ok,CONVERGENCE: REL_REDUCTION_OF_F <= FACTR*EPSMCH,1558.200338;1558.213513;1558.388956;1558.198131;1558.397114;1558.198498;1558.213477;1558.39776;1558.39738;1558.196696;1558.411078;1558.20288;1558.21421
grid_n1500_esn_r000_etaSrawm03_etaYrawp03_tau04_selCOMMON,grid_n1500,ESN,36,1500,COMMON,330,0.22,0.6404782237403929,0.6436490716709108,-0.00317084793051791,-1603.3834382897862,3228.7668765795725,3287.2123008375656,11,TRUE,TRUE,0,9,26585.081,4,3,0,-0.3,0.3,-0.3,0.3,0.4,0.4,NA,3.1641918345667417,0.20090358611570464,1.4925821305300957,1.4655214918970645,1.4925821305300957,1.4925821305300957,NA,-0.75,-1.1340473023771045,-0.3840473023771042,0.0375,0.03600843848131535,-0.00149156151868464,0.25,0.30220927861904223,0.05220927861904223,5,4.042552996343237,-0.957447003656763,1.5,1.586501137671004,0.08650113767100409,0.8,1.0216513249101684,0.22165132491016837,0.1641918345667417,0.20090358611570464,1.7925821305300955,1.1655214918970644,1.0925821305300958,1.0925821305300958,NA,ok,CONVERGENCE: REL_REDUCTION_OF_F <= FACTR*EPSMCH,1603.951136;1603.950844;1603.953634;1603.949508;1603.384102;1603.383619;1603.957226;1603.391813;1603.383438;1603.395638;1603.390227;1603.953033;1603.950354
grid_n1500_esn_r000_etaSrawm03_etaYrawp03_tau04_selCOMMON,grid_n1500,ESN,37,1500,COMMON,324,0.216,0.6507592190889371,0.6436490716709108,0.00711014741802629,-1550.981899550465,3123.96379910093,3182.409223358923,11,TRUE,TRUE,0,13,40703.677,4,3,0,-0.3,0.3,-0.3,0.3,0.4,0.4,NA,3.1765302206482575,0.06363422109829278,1.4925821305300957,-1.4925821305300957,-1.4647478866504164,-1.4647478866504164,NA,-0.75,-1.5605266137986518,-0.8105266137986518,0.0375,0.02510104193423598,-0.01239895806576401,0.25,0.23860791528149627,-0.01139208471850372,5,6.293672897793294,1.293672897793294,1.5,1.8037931529110272,0.3037931529110274,0.8,0.7563207293914477,-0.04367927060855237,0.17653022064825752,0.06363422109829278,1.7925821305300955,-1.7925821305300955,-1.8647478866504168,-1.8647478866504168,NA,ok,CONVERGENCE: REL_REDUCTION_OF_F <= FACTR*EPSMCH,1550.984761;1551.001608;1550.983291;1550.983011;1550.993204;1550.985602;1552.704899;1550.988581;1550.990559;1550.991164;1550.984977;1550.984329;1550.9819
grid_n1500_esn_r000_etaSrawm03_etaYrawp03_tau04_selCOMMON,grid_n1500,ESN,38,1500,COMMON,329,0.21933333333333332,0.6342494714587738,0.6436490716709108,-0.00939960021213703,-1579.0434584481372,3180.0869168962745,3238.5323411542677,11,TRUE,TRUE,0,8,43200.595,4,3,0,-0.3,0.3,-0.3,0.3,0.4,0.4,NA,4.452150121953782,0.8298695351378532,-0.04724973929366933,-1.4925821305300957,1.4925821305300957,1.4925821305300957,NA,-0.75,-0.8916217158538392,-0.1416217158538392,0.0375,0.00905727498282278,-0.02844272501717721,0.25,0.24563064507512392,-0.00436935492487608,5,1.471250779125246,-3.528749220874754,1.5,1.5103517471348415,0.01035174713484154,0.8,0.7847267763220727,-0.01527322367792738,1.4521501219537818,0.8298695351378532,0.25275026070633066,-1.7925821305300955,1.0925821305300958,1.0925821305300958,NA,ok,CONVERGENCE: REL_REDUCTION_OF_F <= FACTR*EPSMCH,1579.441461;1579.157898;1579.455963;1579.151535;1579.460388;1579.044373;1579.154159;1579.043458;1579.468333;1579.04376;1579.043917;1579.149981;Inf
grid_n1500_esn_r000_etaSrawm03_etaYrawp03_tau04_selCOMMON,grid_n1500,ESN,39,1500,COMMON,324,0.216,0.6564551422319475,0.6436490716709108,0.01280607056103666,-1589.380575751546,3200.761151503092,3259.2065757610853,11,TRUE,TRUE,0,11,29087.699,4,3,0,-0.3,0.3,-0.3,0.3,0.4,0.4,NA,3.2169534933025368,0.2482362751613403,1.457890642854696,1.3844964787171985,1.4663913470095902,1.4663913470095902,NA,-0.75,-1.0917538993635374,-0.3417538993635374,0.0375,0.03887651591267166,0.00137651591267166,0.25,0.21872087325424197,-0.03127912674575803,5,4.763598707025612,-0.23640129297438772,1.5,1.287402126344608,-0.21259787365539196,0.8,0.5756632710655011,-0.22433672893449896,0.21695349330253677,0.2482362751613403,1.757890642854696,1.0844964787171982,1.0663913470095905,1.0663913470095905,NA,ok,CONVERGENCE: REL_REDUCTION_OF_F <= FACTR*EPSMCH,1589.821857;1589.828399;1589.821454;1589.827471;1589.7809;1589.82971;1589.823872;1589.798188;1589.390578;1589.769521;1589.380576;1589.821621;1589.826229
grid_n1500_esn_r000_etaSrawm03_etaYrawp03_tau04_selCOMMON,grid_n1500,ESN,40,1500,COMMON,320,0.21333333333333335,0.6479481641468683,0.6436490716709108,0.0042990924759575,-1574.4756296349235,3170.9512592698475,3229.3966835278407,11,TRUE,TRUE,0,4,34236.823000000004,4,3,0,-0.3,0.3,-0.3,0.3,0.4,0.4,NA,3.250499140864384,-0.12352675371841462,1.4737068211821711,1.4925821305300957,0.9598013292895926,0.9598013292895926,NA,-0.75,-1.1672205299129657,-0.41722052991296565,0.0375,0.04638824179523208,0.00888824179523208,0.25,0.22461617874511836,-0.02538382125488164,5,6.1660462546248,1.1660462546248,1.5,1.429769455187708,-0.07023054481229196,0.8,0.7834910246229867,-0.01650897537701334,0.2504991408643842,-0.12352675371841462,1.7737068211821712,1.1925821305300957,0.5598013292895926,0.5598013292895926,NA,ok,CONVERGENCE: REL_REDUCTION_OF_F <= FACTR*EPSMCH,1574.482765;1574.477642;1574.554603;1574.47563;1574.479065;1574.476625;1574.479823;1574.476487;1574.477376;1574.476755;1574.542555;1574.47721;1575.585384
grid_n1500_esn_r000_etaSrawm03_etaYrawp03_tau04_selCOMMON,grid_n1500,ESN,41,1500,COMMON,308,0.20533333333333337,0.6350550381033023,0.6436490716709108,-0.00859403356760846,-1497.9103307494124,3017.820661498825,3076.266085756818,11,TRUE,TRUE,0,9,32434.682,4,3,0,-0.3,0.3,-0.3,0.3,0.4,0.4,NA,2.9601185404823807,-0.31140124426114446,1.4880942452351622,0.9538258025094812,-0.43412745253016105,-0.43412745253016105,NA,-0.75,-1.4702855005206168,-0.7202855005206168,0.0375,0.00333273337104267,-0.03416726662895732,0.25,0.25219762796511075,0.00219762796511074,5,6.702792636042708,1.702792636042708,1.5,1.5401951344936264,0.04019513449362644,0.8,0.8469510564777137,0.04695105647771369,-0.03988145951761934,-0.31140124426114446,1.7880942452351622,0.6538258025094812,-0.8341274525301611,-0.8341274525301611,NA,ok,CONVERGENCE: REL_REDUCTION_OF_F <= FACTR*EPSMCH,1497.924764;1497.917221;1497.913528;1498.096458;1497.915771;1498.094754;1498.105341;1497.914128;1497.910331;1498.097023;1497.917572;1497.924003;1498.090092
grid_n1500_esn_r000_etaSrawm03_etaYrawp03_tau04_selCOMMON,grid_n1500,ESN,42,1500,COMMON,327,0.218,0.6388415672913118,0.6436490716709108,-0.00480750437959898,-1570.7306577247748,3163.4613154495496,3221.906739707543,11,TRUE,TRUE,0,11,37708.046,4,3,0,-0.3,0.3,-0.3,0.3,0.4,0.4,NA,3.2957464361489035,0.3320593735289721,1.4925821305300957,1.4563956235266566,-0.05665539961405322,-0.05665539961405322,NA,-0.75,-1.3366026940924722,-0.5866026940924722,0.0375,0.04661748406674058,0.00911748406674058,0.25,0.2740600684558293,0.02406006845582931,5,3.263071751078511,-1.736928248921489,1.5,1.2991223153874396,-0.2008776846125604,0.8,0.7546358048642771,-0.04536419513572298,0.2957464361489035,0.3320593735289721,1.7925821305300955,1.1563956235266566,-0.4566553996140532,-0.4566553996140532,NA,ok,CONVERGENCE: REL_REDUCTION_OF_F <= FACTR*EPSMCH,1572.589077;1572.587961;1572.588899;1571.885073;1572.588787;1570.73952;1571.885386;1570.88335;1572.588775;1570.901628;1570.730658;1572.588747;1572.588677
grid_n1500_esn_r000_etaSrawm03_etaYrawp03_tau04_selCOMMON,grid_n1500,ESN,43,1500,COMMON,363,0.242,0.6451612903225806,0.6436490716709108,0.00151221865166983,-1723.8891403058285,3469.778280611657,3528.22370486965,11,TRUE,TRUE,0,9,39239.175,4,3,0,-0.3,0.3,-0.3,0.3,0.4,0.4,NA,3.126826872312571,0.07361549208830977,1.026097064189602,-1.4925821305300957,1.4925821305300957,1.4925821305300957,NA,-0.75,-0.9556233008594572,-0.20562330085945735,0.0375,0.03182261977862139,-0.0056773802213786,0.25,0.1895435106462361,-0.06045648935376394,5,5.982814326335306,0.9828143263353056,1.5,1.330936435172862,-0.1690635648271379,0.8,0.7120602538470917,-0.08793974615290834,0.12682687231257095,0.07361549208830977,1.326097064189602,-1.7925821305300955,1.0925821305300958,1.0925821305300958,NA,ok,CONVERGENCE: REL_REDUCTION_OF_F <= FACTR*EPSMCH,1723.892131;1723.891434;1723.899327;1724.016834;1723.907454;1723.894924;1723.899636;1723.905428;1723.88914;1724.024701;1723.901229;1723.895032;1723.905859
grid_n1500_esn_r000_etaSrawm03_etaYrawp03_tau04_selCOMMON,grid_n1500,ESN,44,1500,COMMON,350,0.23333333333333336,0.6479481641468683,0.6436490716709108,0.0042990924759575,-1669.3266561219193,3360.6533122438386,3419.098736501832,11,TRUE,TRUE,0,8,21833.348,4,3,0,-0.3,0.3,-0.3,0.3,0.4,0.4,NA,4.013535864065602,-0.3452918341942488,-0.9688481892195604,1.1425373599236317,-0.1903384496844128,-0.1903384496844128,NA,-0.75,-0.2881130161310489,0.4618869838689511,0.0375,0.04094369114565303,0.00344369114565303,0.25,0.18687952106644937,-0.06312047893355066,5,3.2346312622970803,-1.7653687377029197,1.5,1.5156386369987012,0.01563863699870116,0.8,0.7265152462935229,-0.07348475370647711,1.0135358640656025,-0.3452918341942488,-0.6688481892195604,0.8425373599236317,-0.5903384496844128,-0.5903384496844128,NA,ok,CONVERGENCE: REL_REDUCTION_OF_F <= FACTR*EPSMCH,1669.993396;1669.993123;1669.993379;1669.341566;1669.327591;1669.345045;1669.992045;1669.326656;1669.99318;1669.363077;1669.328115;1669.993345;1669.993406
grid_n1500_esn_r000_etaSrawm03_etaYrawp03_tau04_selCOMMON,grid_n1500,ESN,45,1500,COMMON,323,0.21533333333333332,0.6323777403035413,0.6436490716709108,-0.01127133136736946,-1568.975438746187,3159.950877492374,3218.396301750367,11,TRUE,TRUE,0,6,39630.71400000001,4,3,0,-0.3,0.3,-0.3,0.3,0.4,0.4,NA,3.634033317113805,-0.5843761008587145,1.4874079596985448,0.9740791981474058,-1.4925821305300957,-1.4925821305300957,NA,-0.75,-1.6414365878555173,-0.8914365878555173,0.0375,0.04370992231305225,0.00620992231305225,0.25,0.14465362440118537,-0.10534637559881464,5,8.836717572612184,3.836717572612184,1.5,1.2327856992349069,-0.2672143007650931,0.8,0.9537506806907884,0.15375068069078843,0.6340333171138051,-0.5843761008587145,1.7874079596985448,0.6740791981474059,-1.8925821305300956,-1.8925821305300956,NA,ok,CONVERGENCE: REL_REDUCTION_OF_F <= FACTR*EPSMCH,1568.987672;1568.985751;1568.980583;1569.425391;1569.232426;1568.975439;1569.428627;1569.233565;1569.228843;1569.426347;1569.233055;1569.429498;1568.978637
grid_n1500_esn_r000_etaSrawm03_etaYrawp03_tau04_selCOMMON,grid_n1500,ESN,46,1500,COMMON,316,0.21066666666666667,0.6380263717566993,0.6436490716709108,-0.00562269991421149,-1544.5334418030427,3111.0668836060854,3169.5123078640786,11,TRUE,TRUE,0,9,46761.691,4,3,0,-0.3,0.3,-0.3,0.3,0.4,0.4,NA,4.593797177324127,-0.5459704170944568,-1.4040388053317618,1.2198029690712409,-0.2234978066524267,-0.2234978066524267,NA,-0.75,-0.17854341309951177,0.5714565869004882,0.0375,0.03308982247804346,-0.00441017752195653,0.25,0.13843983679291644,-0.11156016320708356,5,3.4335268000606627,-1.566473199939337,1.5,1.3161397260999514,-0.18386027390004855,0.8,0.855046261871859,0.0550462618718589,1.5937971773241273,-0.5459704170944568,-1.1040388053317618,0.9198029690712408,-0.6234978066524267,-0.6234978066524267,NA,ok,CONVERGENCE: REL_REDUCTION_OF_F <= FACTR*EPSMCH,1544.535167;1544.536664;1544.541479;1544.540483;1544.538069;1544.540729;1544.53874;1544.535767;1544.533442;1544.537953;1544.537679;Inf;1544.545328
grid_n1500_esn_r000_etaSrawm03_etaYrawp03_tau04_selCOMMON,grid_n1500,ESN,47,1500,COMMON,311,0.20733333333333337,0.6440532417346501,0.6436490716709108,4.041700637392731e-4,-1518.1165300731425,3058.2330601462845,3116.6784844042777,11,TRUE,TRUE,0,3,30080.04,4,3,0,-0.3,0.3,-0.3,0.3,0.4,0.4,NA,3.0270235267233225,-0.18897389534913547,1.4925804338868849,1.489890910512959,1.0334248122726568,1.0334248122726568,NA,-0.75,-1.1840962380821638,-0.4340962380821638,0.0375,0.04361903546608865,0.00611903546608864,0.25,0.22439125891499712,-0.02560874108500288,5,6.171758866902632,1.171758866902632,1.5,1.7121364473841258,0.21213644738412585,0.8,0.8555004962864765,0.05550049628647646,0.02702352672332253,-0.18897389534913547,1.792580433886885,1.189890910512959,0.6334248122726568,0.6334248122726568,NA,ok,CONVERGENCE: REL_REDUCTION_OF_F <= FACTR*EPSMCH,1518.119972;1518.125291;1518.11653;1518.122851;1518.136548;1518.129689;1518.569262;1518.127259;1518.120414;1518.129531;1518.124223;1518.122522;1518.567071
grid_n1500_esn_r000_etaSrawm03_etaYrawp03_tau04_selCOMMON,grid_n1500,ESN,48,1500,COMMON,322,0.21466666666666667,0.6347862886161659,0.6436490716709108,-0.00886278305474486,-1581.9148619234,3185.8297238468,3244.275148104793,11,TRUE,TRUE,0,5,40531.956,4,3,0,-0.3,0.3,-0.3,0.3,0.4,0.4,NA,3.192399630600474,0.1402221606891434,1.149396631132399,-1.4864319364039411,1.4925821305300957,1.4925821305300957,NA,-0.75,-1.0522585148569934,-0.3022585148569934,0.0375,0.03144830045861458,-0.00605169954138541,0.25,0.1746847025244135,-0.07531529747558649,5,5.430049990494749,0.4300499904947488,1.5,1.521826226181024,0.02182622618102403,0.8,0.7148994652105783,-0.0851005347894217,0.19239963060047405,0.1402221606891434,1.4493966311323991,-1.7864319364039412,1.0925821305300958,1.0925821305300958,NA,ok,CONVERGENCE: REL_REDUCTION_OF_F <= FACTR*EPSMCH,1581.918936;1582.106929;1581.924047;1582.115696;1581.914862;1582.091516;1582.096849;1581.915659;1581.915353;1582.093331;1581.926339;1581.925722;1581.918996
grid_n1500_esn_r000_etaSrawm03_etaYrawp03_tau04_selCOMMON,grid_n1500,ESN,49,1500,COMMON,315,0.21,0.6584723441615452,0.6436490716709108,0.01482327249063442,-1562.3537780973606,3146.7075561947213,3205.1529804527145,11,TRUE,TRUE,0,5,46654.36,4,3,0,-0.3,0.3,-0.3,0.3,0.4,0.4,NA,4.688668552331294,-0.708808111931689,-1.4925821305300957,0.6239437896202408,1.2479380407786205,1.2479380407786205,NA,-0.75,-0.431621501264039,0.318378498735961,0.0375,0.03794146412275183,4.4146412275183206e-4,0.25,0.1426799838325226,-0.1073200161674774,5,6.994843883918459,1.9948438839184588,1.5,1.713583303813659,0.21358330381365895,0.8,0.8848544063794197,0.08485440637941966,1.6886685523312943,-0.708808111931689,-1.1925821305300957,0.3239437896202408,0.8479380407786204,0.8479380407786204,NA,ok,CONVERGENCE: REL_REDUCTION_OF_F <= FACTR*EPSMCH,1562.37243;1562.377553;1562.379996;1562.397721;1562.353778;1562.369264;1562.381859;1562.357977;1562.370206;1562.367061;1562.597388;Inf;1562.386221
grid_n1500_esn_r000_etaSrawm03_etaYrawp03_tau04_selCOMMON,grid_n1500,ESN,50,1500,COMMON,311,0.20733333333333337,0.6410256410256411,0.6436490716709108,-0.0026234306452697,-1524.49846131528,3070.99692263056,3129.4423468885534,11,TRUE,TRUE,0,6,34314.373999999996,4,3,0,-0.3,0.3,-0.3,0.3,0.4,0.4,NA,3.1079446251665357,0.12699176408086796,1.2204598387462275,-1.4925821305300957,1.4654255118573514,1.4654255118573514,NA,-0.75,-1.1405915524631427,-0.3905915524631427,0.0375,0.05115771733597297,0.01365771733597297,0.25,0.2469630134698965,-0.0030369865301035,5,5.024014557707516,0.02401455770751592,1.5,1.774049778955095,0.2740497789550951,0.8,0.8604630567110817,0.06046305671108165,0.10794462516653568,0.12699176408086796,1.5204598387462276,-1.7925821305300955,1.0654255118573517,1.0654255118573517,NA,ok,CONVERGENCE: REL_REDUCTION_OF_F <= FACTR*EPSMCH,1524.515029;1524.506647;1524.529573;1524.51908;1524.511592;1524.498461;1524.539875;1524.522596;1524.511276;1525.114456;1524.507816;1524.503372;1524.510201
grid_n1500_esn_r000_etaSrawm03_etaYrawp03_tau04_selCOMMON,grid_n1500,ESN,51,1500,COMMON,299,0.1993333333333333,0.6402048655569782,0.6436490716709108,-0.00344420611393259,-1483.950837602289,2989.901675204578,3048.3470994625714,11,TRUE,TRUE,0,8,23959.226,4,3,0,-0.3,0.3,-0.3,0.3,0.4,0.4,NA,3.406617771325997,-0.5372189442828879,1.3485704092063884,-1.015298062112994,1.3371863653219027,1.3371863653219027,NA,-0.75,-1.1717413886345396,-0.4217413886345396,0.0375,0.02670475471276595,-0.01079524528723404,0.25,0.269769266242421,0.01976926624242098,5,8.573992667340429,3.5739926673404288,1.5,1.30318208961457,-0.19681791038542995,0.8,0.7758532870683518,-0.02414671293164827,0.4066177713259971,-0.5372189442828879,1.6485704092063884,-1.315298062112994,0.9371863653219028,0.9371863653219028,NA,ok,CONVERGENCE: REL_REDUCTION_OF_F <= FACTR*EPSMCH,1484.108799;1484.109369;1484.108831;1484.111217;1484.062173;1484.111736;1484.111737;1483.950838;1484.111042;1484.114078;1484.065392;1484.110849;1484.109086
grid_n1500_esn_r000_etaSrawm03_etaYrawp03_tau04_selCOMMON,grid_n1500,ESN,52,1500,COMMON,321,0.214,0.6380263717566993,0.6436490716709108,-0.00562269991421149,-1570.2793917535046,3162.558783507009,3221.0042077650023,11,TRUE,TRUE,0,12,38957.72,4,3,0,-0.3,0.3,-0.3,0.3,0.4,0.4,NA,3.8431200220611097,-0.4495279181737392,-1.4925821305300957,0.8606847324097775,1.441168284531645,1.441168284531645,NA,-0.75,-0.5075365803372732,0.2424634196627268,0.0375,0.03925468353133709,0.00175468353133709,0.25,0.2057914938292973,-0.04420850617070274,5,5.358436625501607,0.35843662550160715,1.5,1.542125629876839,0.0421256298768391,0.8,0.7941652267310779,-0.00583477326892212,0.8431200220611097,-0.4495279181737392,-1.1925821305300957,0.5606847324097775,1.0411682845316448,1.0411682845316448,NA,ok,CONVERGENCE: REL_REDUCTION_OF_F <= FACTR*EPSMCH,1570.287267;1570.290519;1570.283133;1570.281243;1570.779998;1570.281448;1570.287809;1570.28653;1570.790233;1570.282083;1570.785423;1570.279392;1570.778137
grid_n1500_esn_r000_etaSrawm03_etaYrawp03_tau04_selCOMMON,grid_n1500,ESN,53,1500,COMMON,311,0.20733333333333337,0.6331785563528916,0.6436490716709108,-0.01047051531801923,-1538.8576835921567,3099.7153671843134,3158.1607914423066,11,TRUE,TRUE,0,11,28812.464,4,3,0,-0.3,0.3,-0.3,0.3,0.4,0.4,NA,3.398039655980575,0.41152251422488206,1.356993364684484,1.264828100635753,0.5294677534110791,0.5294677534110791,NA,-0.75,-1.2138468019138446,-0.46384680191384464,0.0375,0.0092674741571801,-0.02823252584281989,0.25,0.17834015055467067,-0.07165984944532933,5,2.740525166677215,-2.259474833322785,1.5,1.2111576827273052,-0.2888423172726948,0.8,0.8600303866581237,0.06003038665812366,0.39803965598057545,0.41152251422488206,1.656993364684484,0.9648281006357526,0.12946775341107908,0.12946775341107908,NA,ok,CONVERGENCE: REL_REDUCTION_OF_F <= FACTR*EPSMCH,1539.591534;1539.591896;1539.589981;1539.594638;1539.589854;1538.889285;1539.591648;1539.591096;1539.590019;1538.889002;1538.857684;1539.589649;1539.590251
grid_n1500_esn_r000_etaSrawm03_etaYrawp03_tau04_selCOMMON,grid_n1500,ESN,54,1500,COMMON,324,0.216,0.6473888649115235,0.6436490716709108,0.00373979324061268,-1555.6549393571568,3133.3098787143135,3191.7553029723067,11,TRUE,TRUE,0,6,20156.769,4,3,0,-0.3,0.3,-0.3,0.3,0.4,0.4,NA,3.1795485311817693,0.2439090415904188,1.4925821305300957,1.4673310072686452,-0.6505984344208434,-0.6505984344208434,NA,-0.75,-1.4022970220564197,-0.6522970220564195,0.0375,0.02440088305362252,-0.01309911694637747,0.25,0.20715217224287985,-0.04284782775712018,5,3.75516625990833,-1.24483374009167,1.5,1.637899807088636,0.13789980708863614,0.8,0.7421301955034352,-0.05786980449656487,0.17954853118176928,0.2439090415904188,1.7925821305300955,1.1673310072686451,-1.0505984344208434,-1.0505984344208434,NA,ok,CONVERGENCE: REL_REDUCTION_OF_F <= FACTR*EPSMCH,1557.388927;1557.386944;1557.390147;1555.666393;1557.392068;1555.654939;1557.385182;1557.394478;1557.389681;1555.665425;1557.398253;1555.657128;1557.387689
grid_n1500_esn_r000_etaSrawm03_etaYrawp03_tau04_selCOMMON,grid_n1500,ESN,55,1500,COMMON,303,0.202,0.6198347107438017,0.6436490716709108,-0.02381436092710909,-1509.598458713502,3041.196917427004,3099.642341684997,11,TRUE,TRUE,0,3,32440.315,4,3,0,-0.3,0.3,-0.3,0.3,0.4,0.4,NA,4.222833635737676,0.2653017803195391,-0.659552317478155,-1.0950802009710552,-1.127065031609319,-1.127065031609319,NA,-0.75,-0.3830992544953488,0.3669007455046512,0.0375,0.04072870304550962,0.00322870304550962,0.25,0.23291699497412385,-0.01708300502587617,5,9.085867779657988,4.0858677796579865,1.5,1.3407606595810817,-0.15923934041891852,0.8,1.0980974760011368,0.2980974760011368,1.2228336357376763,0.2653017803195391,-0.359552317478155,-1.3950802009710552,-1.527065031609319,-1.527065031609319,NA,ok,CONVERGENCE: REL_REDUCTION_OF_F <= FACTR*EPSMCH,1509.995033;1509.995399;1509.598459;1510.001433;1509.658704;1510.004157;1509.997785;1509.641919;1509.650317;1509.995003;1509.603643;1509.995009;1509.995132
grid_n1500_esn_r000_etaSrawm03_etaYrawp03_tau04_selCOMMON,grid_n1500,ESN,56,1500,COMMON,323,0.21533333333333332,0.6547359231776517,0.6436490716709108,0.01108685150674093,-1567.6362235041051,3157.2724470082103,3215.7178712662035,11,TRUE,TRUE,0,10,20439.120000000003,4,3,0,-0.3,0.3,-0.3,0.3,0.4,0.4,NA,3.0337040229699546,0.3740365736032354,-1.2147400851862744,0.15462848533588092,1.005320802840571,1.005320802840571,NA,-0.75,-0.44148178118702935,0.30851821881297065,0.0375,0.0285361451972668,-0.0089638548027332,0.25,0.1911061783257675,-0.05889382167423249,5,4.724159701301706,-0.2758402986982942,1.5,1.1848321200993497,-0.31516787990065054,0.8,0.7903467352483932,-0.00965326475160688,0.03370402296995456,0.3740365736032354,-0.9147400851862744,-0.14537151466411907,0.6053208028405707,0.6053208028405707,NA,ok,CONVERGENCE: REL_REDUCTION_OF_F <= FACTR*EPSMCH,1567.653538;1567.652199;1567.653057;1567.65007;1567.652936;1567.647279;1567.656824;1567.653755;1567.653942;1567.636224;1567.638597;1567.652388;1567.662015
grid_n1500_esn_r000_etaSrawm03_etaYrawp03_tau04_selCOMMON,grid_n1500,ESN,57,1500,COMMON,322,0.21466666666666667,0.6471095772217429,0.6436490716709108,0.0034605055508321,-1564.7792332874392,3151.5584665748784,3210.0038908328715,11,TRUE,TRUE,0,13,20624.349,4,3,0,-0.3,0.3,-0.3,0.3,0.4,0.4,NA,3.52919194491363,0.3425608698034707,0.15271171703561087,-0.9683519517432866,-0.11386625074768685,-0.11386625074768685,NA,-0.75,-0.9659448907818584,-0.2159448907818583,0.0375,0.04483177473157389,0.00733177473157389,0.25,0.15321886851385125,-0.09678113148614877,5,5.60172428564091,0.60172428564091,1.5,1.4008828605396275,-0.09911713946037248,0.8,0.8619302549054884,0.06193025490548831,0.52919194491363,0.3425608698034707,0.45271171703561086,-1.2683519517432866,-0.5138662507476869,-0.5138662507476869,NA,ok,CONVERGENCE: REL_REDUCTION_OF_F <= FACTR*EPSMCH,1564.781375;1564.786091;1564.780049;1564.803287;1564.781743;1564.804657;1564.7955;1564.78313;1564.782716;1564.812252;1564.780317;1564.785118;1564.779233
grid_n1500_esn_r000_etaSrawm03_etaYrawp03_tau04_selCOMMON,grid_n1500,ESN,58,1500,COMMON,317,0.21133333333333337,0.6415739948674081,0.6436490716709108,-0.00207507680350271,-1539.2448113325622,3100.4896226651244,3158.9350469231176,11,TRUE,TRUE,0,8,31519.526,4,3,0,-0.3,0.3,-0.3,0.3,0.4,0.4,NA,3.1030719683795245,0.3880502422273089,1.4614977483721163,1.1210917279211183,0.29060338143117026,0.29060338143117026,NA,-0.75,-1.248376529033831,-0.4983765290338307,0.0375,0.01964350530761916,-0.01785649469238083,0.25,0.16737583388666655,-0.08262416611333345,5,3.1303993860804966,-1.8696006139195032,1.5,1.2416625645575383,-0.25833743544246146,0.8,0.9343521851355908,0.13435218513559077,0.10307196837952448,0.3880502422273089,1.7614977483721164,0.8210917279211183,-0.10939661856882976,-0.10939661856882976,NA,ok,CONVERGENCE: REL_REDUCTION_OF_F <= FACTR*EPSMCH,1539.732259;1539.732678;1539.730641;1539.731689;1539.730722;1539.728218;1539.729812;1539.244811;1539.730515;1539.721744;1539.246866;1539.730857;1539.732977
grid_n1500_esn_r000_etaSrawm03_etaYrawp03_tau04_selCOMMON,grid_n1500,ESN,59,1500,COMMON,328,0.21866666666666668,0.6510416666666666,0.6436490716709108,0.00739259499575584,-1583.2955430559175,3188.5910861118355,3247.0365103698286,11,TRUE,TRUE,0,8,30309.887,4,3,0,-0.3,0.3,-0.3,0.3,0.4,0.4,NA,3.0075040172477956,-0.06511255941965488,1.4925821305300957,-1.4925821305300957,0.6386455956954712,0.6386455956954712,NA,-0.75,-1.1434964350696502,-0.39349643506965015,0.0375,0.03415497579963111,-0.00334502420036889,0.25,0.11616808155733876,-0.13383191844266124,5,6.167474890610607,1.167474890610607,1.5,1.542996475906229,0.04299647590622868,0.8,0.8436778778039179,0.04367787780391785,0.00750401724779559,-0.06511255941965488,1.7925821305300955,-1.7925821305300955,0.23864559569547117,0.23864559569547117,NA,ok,CONVERGENCE: REL_REDUCTION_OF_F <= FACTR*EPSMCH,1583.311372;1584.5454;1583.299574;1584.4702;1583.304855;1583.369375;1584.540423;1583.295543;1583.302915;1584.404135;1583.301193;1583.36334;1584.545595
grid_n1500_esn_r000_etaSrawm03_etaYrawp03_tau04_selCOMMON,grid_n1500,ESN,60,1500,COMMON,324,0.216,0.6510416666666666,0.6436490716709108,0.00739259499575584,-1570.5615090813187,3163.1230181626374,3221.5684424206306,11,TRUE,TRUE,0,5,18188.182,4,3,0,-0.3,0.3,-0.3,0.3,0.4,0.4,NA,3.071581009216696,-0.09713035118317484,1.4645156309235976,-1.4925821305300957,0.8414628715774735,0.8414628715774735,NA,-0.75,-1.16016554740914,-0.4101655474091402,0.0375,0.04480148970184509,0.00730148970184509,0.25,0.1895923788852204,-0.06040762111477962,5,6.676337902459717,1.676337902459717,1.5,1.664359975871886,0.1643599758718859,0.8,0.7625983279525048,-0.03740167204749523,0.07158100921669597,-0.09713035118317484,1.7645156309235976,-1.7925821305300955,0.44146287157747344,0.44146287157747344,NA,ok,CONVERGENCE: REL_REDUCTION_OF_F <= FACTR*EPSMCH,1571.665806;1571.666345;1571.666008;1571.665047;1570.561509;1571.666842;1571.667244;1570.570705;1570.566413;1571.662573;1570.56609;1571.665855;1571.665769
grid_n1500_esn_r000_etaSrawm03_etaYrawp03_tau04_selCOMMON,grid_n1500,ESN,61,1500,COMMON,314,0.20933333333333337,0.648228176318064,0.6436490716709108,0.00457910464715316,-1548.0761785095551,3118.1523570191102,3176.5977812771034,11,TRUE,TRUE,0,12,48145.998,4,3,0,-0.3,0.3,-0.3,0.3,0.4,0.4,NA,4.315201169354975,-0.6036125407785485,-1.4925821305300957,0.8279029879908462,1.4861975419002615,1.4861975419002615,NA,-0.75,-0.5504914159925899,0.19950858400741012,0.0375,0.03160689076144785,-0.00589310923855215,0.25,0.253514906183381,0.00351490618338101,5,6.524867768553053,1.5248677685530527,1.5,1.3451524353556414,-0.15484756464435856,0.8,0.6366803747360776,-0.1633196252639224,1.3152011693549754,-0.6036125407785485,-1.1925821305300957,0.5279029879908461,1.0861975419002614,1.0861975419002614,NA,ok,CONVERGENCE: REL_REDUCTION_OF_F <= FACTR*EPSMCH,1548.088318;1548.083113;1548.085932;1548.079026;1548.077388;1548.078514;1548.085681;1548.081813;1548.089319;1548.080385;1548.558206;1548.076179;1548.081372
grid_n1500_esn_r000_etaSrawm03_etaYrawp03_tau04_selCOMMON,grid_n1500,ESN,62,1500,COMMON,332,0.22133333333333333,0.6429489927132448,0.6436490716709108,-7.000789576659949e-4,-1612.3267883301542,3246.6535766603083,3305.0990009183015,11,TRUE,TRUE,0,9,40348.6,4,3,0,-0.3,0.3,-0.3,0.3,0.4,0.4,NA,3.188309849266737,-0.12350485780873743,0.9422430252233058,1.4925821305300957,1.4824166296243644,1.4824166296243644,NA,-0.75,-1.0511251313434058,-0.3011251313434058,0.0375,0.02352021000683046,-0.01397978999316953,0.25,0.258437990740679,0.00843799074067902,5,6.118976513119901,1.1189765131199012,1.5,1.4850023428824786,-0.01499765711752143,0.8,0.7364363774015473,-0.06356362259845272,0.1883098492667372,-0.12350485780873743,1.242243025223306,1.1925821305300957,1.0824166296243645,1.0824166296243645,NA,ok,CONVERGENCE: REL_REDUCTION_OF_F <= FACTR*EPSMCH,1612.32866;1612.328042;1612.33314;1612.33511;1612.333591;1612.32954;1612.335889;1612.327425;1612.326788;1612.330626;1612.327208;1612.334768;1612.328436
grid_n1500_esn_r000_etaSrawm03_etaYrawp03_tau04_selCOMMON,grid_n1500,ESN,63,1500,COMMON,299,0.1993333333333333,0.6412997007268063,0.6436490716709108,-0.00234937094410447,-1480.780418006096,2983.560836012192,3042.006260270185,11,TRUE,TRUE,0,6,41736.163,4,3,0,-0.3,0.3,-0.3,0.3,0.4,0.4,NA,6.600392640505777,0.9124564382346276,-1.4925821305300957,-0.8694854766485351,1.2334756184598594,1.2334756184598594,NA,-0.75,-0.45382218925571866,0.29617781074428134,0.0375,0.03167296204745616,-0.00582703795254383,0.25,0.11084729989107596,-0.13915270010892403,5,2.4127671499784324,-2.5872328500215676,1.5,1.354273223829345,-0.14572677617065533,0.8,0.6627347477362467,-0.1372652522637533,3.6003926405057767,0.9124564382346276,-1.1925821305300957,-1.1694854766485352,0.8334756184598594,0.8334756184598594,NA,ok,CONVERGENCE: REL_REDUCTION_OF_F <= FACTR*EPSMCH,1480.828699;1480.809486;1480.823428;1480.804395;1481.037629;1480.780418;1480.819394;1480.804609;1481.040319;1480.789975;1481.05024;1480.817045;1480.818234
grid_n1500_esn_r000_etaSrawm03_etaYrawp03_tau04_selCOMMON,grid_n1500,ESN,64,1500,COMMON,320,0.21333333333333335,0.646551724137931,0.6436490716709108,0.00290265246702026,-1569.857964763615,3161.71592952723,3220.161353785223,11,TRUE,TRUE,0,7,40059.947,4,3,0,-0.3,0.3,-0.3,0.3,0.4,0.4,NA,3.3758350065778164,0.26709860076027137,1.4925821305300957,-1.4925821305300957,-0.06897514042156187,-0.06897514042156187,NA,-0.75,-1.327256441078197,-0.5772564410781971,0.0375,0.03678852013810192,-7.114798618980817e-4,0.25,0.22019101539601793,-0.02980898460398207,5,4.663932468122383,-0.3360675318776174,1.5,1.4826836124903422,-0.0173163875096578,0.8,0.9812445677673448,0.18124456776734488,0.3758350065778164,0.26709860076027137,1.7925821305300955,-1.7925821305300955,-0.4689751404215619,-0.4689751404215619,NA,ok,CONVERGENCE: REL_REDUCTION_OF_F <= FACTR*EPSMCH,1569.869184;1569.867673;1569.861809;1569.875508;1569.865187;1569.865347;1569.857965;1569.86576;1569.859339;1569.862738;1569.874228;1569.860595;1569.862636
grid_n1500_esn_r000_etaSrawm03_etaYrawp03_tau04_selCOMMON,grid_n1500,ESN,65,1500,COMMON,305,0.20333333333333337,0.6504770164787511,0.6436490716709108,0.00682794480784032,-1511.0201584220677,3044.0403168441353,3102.4857411021285,11,TRUE,TRUE,0,11,39711.157,4,3,0,-0.3,0.3,-0.3,0.3,0.4,0.4,NA,3.832757453114653,0.37007792802200834,1.2252654975023765,-1.4805363675346352,-1.4925821305300957,-1.4925821305300957,NA,-0.75,-1.5823089804603556,-0.8323089804603556,0.0375,0.04746514121659808,0.00996514121659808,0.25,0.25351355781408375,0.00351355781408374,5,4.254103314881264,-0.7458966851187361,1.5,1.4380083732137,-0.0619916267863001,0.8,0.8444589304005194,0.0444589304005194,0.8327574531146524,0.37007792802200834,1.5252654975023765,-1.7805363675346353,-1.8925821305300956,-1.8925821305300956,NA,ok,CONVERGENCE: REL_REDUCTION_OF_F <= FACTR*EPSMCH,1511.023226;1511.028474;1511.035921;1511.032429;1511.02093;1511.028441;1511.024433;1511.025895;1511.031017;1511.032532;1511.020158;1511.027768;1511.023629
grid_n1500_esn_r000_etaSrawm03_etaYrawp03_tau04_selCOMMON,grid_n1500,ESN,66,1500,COMMON,341,0.22733333333333333,0.657030223390276,0.6436490716709108,0.01338115171936515,-1617.780161374404,3257.5603227488077,3316.005747006801,11,TRUE,TRUE,0,11,31286.882,4,3,0,-0.3,0.3,-0.3,0.3,0.4,0.4,NA,3.1022777411210996,0.4478988529109519,1.4397771306856977,1.4925821305300957,1.4925821305300957,1.4925821305300957,NA,-0.75,-1.052393348854126,-0.30239334885412594,0.0375,0.03413994438554863,-0.00336005561445136,0.25,0.19582277731937925,-0.05417722268062075,5,3.6295214160455433,-1.3704785839544569,1.5,1.3794499984419677,-0.12055000155803253,0.8,0.749379145129867,-0.05062085487013301,0.10227774112109957,0.4478988529109519,1.7397771306856975,1.1925821305300957,1.0925821305300958,1.0925821305300958,NA,ok,CONVERGENCE: REL_REDUCTION_OF_F <= FACTR*EPSMCH,1618.83923;1618.839508;1618.83915;1618.841182;1618.838992;1618.841872;1618.840081;1617.791301;1618.839165;1617.78577;1617.780161;1618.651649;1618.839179
grid_n1500_esn_r000_etaSrawm03_etaYrawp03_tau04_selCOMMON,grid_n1500,ESN,67,1500,COMMON,332,0.22133333333333333,0.6297229219143576,0.6436490716709108,-0.01392614975655315,-1587.84636667003,3197.69273334006,3256.138157598053,11,TRUE,TRUE,0,6,25592.818,4,3,0,-0.3,0.3,-0.3,0.3,0.4,0.4,NA,3.694800512873514,0.5981822372340739,-0.8111576929099891,-0.6205784523601714,0.8903043634405072,0.8903043634405072,NA,-0.75,-0.5984491513067117,0.15155084869328828,0.0375,0.04227177331751145,0.00477177331751145,0.25,0.255474267483001,0.005474267483001,5,4.878150570090396,-0.121849429909604,1.5,1.2931368791274496,-0.20686312087255043,0.8,0.742106273631987,-0.05789372636801304,0.6948005128735146,0.5981822372340739,-0.511157692909989,-0.9205784523601714,0.4903043634405072,0.4903043634405072,NA,ok,CONVERGENCE: REL_REDUCTION_OF_F <= FACTR*EPSMCH,1587.852629;1587.862443;1587.87506;1587.849915;1587.853852;1587.846367;1587.85396;1587.876234;1587.859621;1587.851483;1587.894436;1587.849624;1587.856327
grid_n1500_esn_r000_etaSrawm03_etaYrawp03_tau04_selCOMMON,grid_n1500,ESN,68,1500,COMMON,313,0.20866666666666667,0.6524575902566333,0.6436490716709108,0.00880851858572251,-1515.2303764332028,3052.4607528664055,3110.9061771243987,11,TRUE,TRUE,0,11,22889.461000000003,4,3,0,-0.3,0.3,-0.3,0.3,0.4,0.4,NA,3.01527441563605,0.1268624214156325,1.4925821305300957,1.4870362779668624,1.4925821305300957,1.4925821305300957,NA,-0.75,-1.19093843165928,-0.44093843165927993,0.0375,0.06233300946270462,0.02483300946270462,0.25,0.3234794885534011,0.07347948855340108,5,4.2831794289298415,-0.7168205710701585,1.5,1.4668591658057248,-0.03314083419427516,0.8,1.0505750488519403,0.2505750488519405,0.01527441563604981,0.1268624214156325,1.7925821305300955,1.1870362779668624,1.0925821305300958,1.0925821305300958,NA,ok,CONVERGENCE: REL_REDUCTION_OF_F <= FACTR*EPSMCH,1515.559636;1515.560376;1515.314901;1515.559683;1515.31551;1515.559588;1515.568029;1515.315407;1515.32358;1515.55961;1515.230376;1515.559664;1515.559627
grid_n1500_esn_r000_etaSrawm03_etaYrawp03_tau04_selCOMMON,grid_n1500,ESN,69,1500,COMMON,320,0.21333333333333335,0.6501950585175552,0.6436490716709108,0.00654598684664442,-1526.4088161162429,3074.8176322324857,3133.263056490479,11,TRUE,TRUE,0,1,21534.04,4,3,0,-0.3,0.3,-0.3,0.3,0.4,0.4,NA,2.8532549406183056,-0.19717302567739584,0.8770173561325962,0.6724207326577519,-0.7501009790018985,-0.7501009790018985,NA,-0.75,-1.4991850964416698,-0.7491850964416698,0.0375,0.04120078839802234,0.00370078839802234,0.25,0.2350047324989007,-0.0149952675010993,5,5.7210070831378825,0.7210070831378825,1.5,1.385942425814534,-0.11405757418546592,0.8,0.8677378437364434,0.06773784373644332,-0.14674505938169435,-0.19717302567739584,1.1770173561325965,0.37242073265775194,-1.1501009790018986,-1.1501009790018986,NA,ok,CONVERGENCE: REL_REDUCTION_OF_F <= FACTR*EPSMCH,1526.408816;1526.447611;1526.413097;1526.453722;1526.417415;1526.454375;1526.45568;1526.428701;1526.410556;1526.442003;1526.434328;1526.418554;1526.427596
grid_n1500_esn_r000_etaSrawm03_etaYrawp03_tau04_selCOMMON,grid_n1500,ESN,70,1500,COMMON,311,0.20733333333333337,0.6268282490597576,0.6436490716709108,-0.01682082261115314,-1524.7153331703323,3071.4306663406646,3129.876090598658,11,TRUE,TRUE,0,4,33844.943,4,3,0,-0.3,0.3,-0.3,0.3,0.4,0.4,NA,3.8322452380943495,-0.26094087292356266,-1.4925801655308923,0.9155661663048472,-1.0032596246762755,-1.0032596246762755,NA,-0.75,0.0692429333064859,0.8192429333064859,0.0375,0.04728793897579143,0.00978793897579143,0.25,0.25209439141319545,0.00209439141319545,5,2.409736651942336,-2.590263348057664,1.5,1.2383737801680836,-0.26162621983191636,0.8,0.7744696127303088,-0.02553038726969125,0.8322452380943495,-0.26094087292356266,-1.1925801655308923,0.6155661663048473,-1.403259624676276,-1.403259624676276,NA,ok,CONVERGENCE: REL_REDUCTION_OF_F <= FACTR*EPSMCH,1524.837165;1524.836782;1524.836939;1524.715333;1524.837138;1524.762913;1524.759553;1524.837051;1524.837268;1524.772522;1524.838068;1524.837261;1524.848697
grid_n1500_esn_r000_etaSrawm03_etaYrawp03_tau04_selCOMMON,grid_n1500,ESN,71,1500,COMMON,333,0.222,0.6501950585175552,0.6436490716709108,0.00654598684664442,-1611.7970326199272,3245.5940652398544,3304.0394894978476,11,TRUE,TRUE,0,11,43200.573,4,3,0,-0.3,0.3,-0.3,0.3,0.4,0.4,NA,3.6974520522107306,0.6374922279138895,1.4925820082150163,1.4922517890735505,1.479289048868386,1.479289048868386,NA,-0.75,-1.1015349389863258,-0.3515349389863258,0.0375,0.02128705104704211,-0.01621294895295788,0.25,0.2573882989178769,0.0073882989178769,5,2.494836634953572,-2.505163365046428,1.5,1.5480677318826286,0.04806773188262858,0.8,0.6817084038613545,-0.1182915961386456,0.6974520522107306,0.6374922279138895,1.7925820082150163,1.1922517890735504,1.079289048868386,1.079289048868386,NA,ok,CONVERGENCE: REL_REDUCTION_OF_F <= FACTR*EPSMCH,1612.738803;1612.740317;1612.737849;1612.004494;1612.735688;1611.802365;1612.000288;1612.732569;1612.734869;1611.800146;1611.797033;1611.96884;Inf
grid_n1500_esn_r000_etaSrawm03_etaYrawp03_tau04_selCOMMON,grid_n1500,ESN,72,1500,COMMON,325,0.21666666666666667,0.6457167455876023,0.6436490716709108,0.00206767391669149,-1568.6625929598567,3159.3251859197135,3217.7706101777067,11,TRUE,TRUE,0,9,13434.262,4,3,0,-0.3,0.3,-0.3,0.3,0.4,0.4,NA,2.8706444152155894,0.06078833126135099,0.9034589353349498,-0.5864950632620722,-0.3905585917036543,-0.3905585917036543,NA,-0.75,-1.314186109082931,-0.564186109082931,0.0375,0.02636736611711359,-0.0111326338828864,0.25,0.08411835647407405,-0.16588164352592594,5,6.141545812223518,1.1415458122235176,1.5,1.2563303644645274,-0.2436696355354726,0.8,0.5971996649117775,-0.2028003350882226,-0.12935558478441056,0.06078833126135099,1.20345893533495,-0.8864950632620723,-0.7905585917036544,-0.7905585917036544,NA,ok,CONVERGENCE: REL_REDUCTION_OF_F <= FACTR*EPSMCH,1568.721243;1568.724977;1568.67473;1568.726572;1568.672235;1568.726783;1568.726044;1568.681178;1568.662593;1568.729596;1568.691382;1568.685008;1568.724629
grid_n1500_esn_r000_etaSrawm03_etaYrawp03_tau04_selCOMMON,grid_n1500,ESN,73,1500,COMMON,342,0.228,0.651890482398957,0.6436490716709108,0.00824141072804618,-1632.1537530766757,3286.3075061533514,3344.752930411345,11,TRUE,TRUE,0,10,38197.672000000006,4,3,0,-0.3,0.3,-0.3,0.3,0.4,0.4,NA,4.223447059058178,-0.22376607441121005,-1.492507561990678,1.4840984008997058,-1.4642279499238176,-1.4642279499238176,NA,-0.75,0.03858263735879133,0.7885826373587913,0.0375,0.01966802015683031,-0.01783197984316968,0.25,0.24705227782518271,-0.00294772217481728,5,0.09830976614524035,-4.90169023385476,1.5,1.482427997191601,-0.01757200280839899,0.8,0.8506324693459416,0.05063246934594156,1.223447059058178,-0.22376607441121005,-1.192507561990678,1.1840984008997055,-1.8642279499238177,-1.8642279499238177,NA,ok,CONVERGENCE: REL_REDUCTION_OF_F <= FACTR*EPSMCH,1632.741635;1632.743586;1632.743147;1632.738636;1632.742031;1632.16149;1632.74288;1632.744123;1632.741906;1632.153753;1632.246621;1632.743299;1632.742699
grid_n1500_esn_r000_etaSrawm03_etaYrawp03_tau04_selCOMMON,grid_n1500,ESN,74,1500,COMMON,324,0.216,0.6443298969072165,0.6436490716709108,6.808252363057488e-4,-1581.1126417517685,3184.2252835035365,3242.6707077615297,11,TRUE,TRUE,0,7,33159.073,4,3,0,-0.3,0.3,-0.3,0.3,0.4,0.4,NA,3.79821227743367,-0.02570837246493311,-1.4925821305300957,1.4925821305300957,1.4925821305300957,1.4925821305300957,NA,-0.75,-0.5566134683763073,0.19338653162369268,0.0375,0.03644847297069997,-0.00105152702930002,0.25,0.2372727244297884,-0.01272727557021161,5,3.146147940544575,-1.8538520594554249,1.5,1.6882051851106232,0.18820518511062323,0.8,0.7497058672824686,-0.05029413271753147,0.7982122774336702,-0.02570837246493311,-1.1925821305300957,1.1925821305300957,1.0925821305300958,1.0925821305300958,NA,ok,CONVERGENCE: REL_REDUCTION_OF_F <= FACTR*EPSMCH,1583.239663;1583.245109;1583.239877;1581.114713;1583.240213;1581.115662;1581.112642;1583.239283;1583.240977;1581.145725;1581.11475;1581.121417;1583.246454
grid_n1500_esn_r000_etaSrawm03_etaYrawp03_tau04_selCOMMON,grid_n1500,ESN,75,1500,COMMON,315,0.21,0.6578947368421053,0.6436490716709108,0.01424566517119452,-1534.5205030923878,3091.0410061847756,3149.486430442769,11,TRUE,TRUE,0,11,45919.294,4,3,0,-0.3,0.3,-0.3,0.3,0.4,0.4,NA,3.733938714510558,0.00185068660470736,0.4202209705538466,-1.1625227772792428,-1.4925821305300957,-1.4925821305300957,NA,-0.75,-1.2866806001250464,-0.5366806001250464,0.0375,0.05542872900950452,0.01792872900950452,0.25,0.18606949051467675,-0.06393050948532325,5,8.882443754906483,3.8824437549064825,1.5,1.2772219926129105,-0.22277800738708975,0.8,0.8652421570331967,0.06524215703319669,0.733938714510558,0.00185068660470736,0.7202209705538466,-1.4625227772792428,-1.8925821305300956,-1.8925821305300956,NA,ok,CONVERGENCE: REL_REDUCTION_OF_F <= FACTR*EPSMCH,1534.536824;1534.531148;1534.521673;1535.262246;1534.520517;1534.52132;1535.260321;1534.532162;1534.523592;1535.273123;1534.520503;1534.534453;1534.52829
grid_n1500_esn_r000_etaSrawm03_etaYrawp03_tau04_selCOMMON,grid_n1500,ESN,76,1500,COMMON,318,0.212,0.6513243595310465,0.6436490716709108,0.00767528786013571,-1548.9071220828816,3119.8142441657633,3178.2596684237565,11,TRUE,TRUE,0,10,16369.531,4,3,0,-0.3,0.3,-0.3,0.3,0.4,0.4,NA,3.186632036707772,-0.17611603623235556,-1.0836169103602176,0.5592461808417288,1.0502609717385405,1.0502609717385405,NA,-0.75,-0.5632064548181996,0.18679354518180036,0.0375,0.04130232063603754,0.00380232063603754,0.25,0.2620749119298514,0.01207491192985138,5,4.90659018665778,-0.09340981334221964,1.5,1.552615832931216,0.05261583293121585,0.8,0.8606423241452602,0.06064232414526016,0.18663203670777184,-0.17611603623235556,-0.7836169103602175,0.25924618084172885,0.6502609717385402,0.6502609717385402,NA,ok,CONVERGENCE: REL_REDUCTION_OF_F <= FACTR*EPSMCH,1548.957463;1548.956968;1548.959175;1548.953645;1548.957703;1548.949942;1548.955303;1548.95865;1548.966995;1548.907122;1548.921929;1548.957755;1548.957443
grid_n1500_esn_r000_etaSrawm03_etaYrawp03_tau04_selCOMMON,grid_n1500,ESN,77,1500,COMMON,337,0.22466666666666665,0.6479481641468683,0.6436490716709108,0.0042990924759575,-1635.630219393988,3293.260438787976,3351.705863045969,11,TRUE,TRUE,0,9,38995.594,4,3,0,-0.3,0.3,-0.3,0.3,0.4,0.4,NA,3.3544692389143353,-0.3273794861477651,1.4762770606406062,1.244671719082558,-0.24179341122335135,-0.24179341122335135,NA,-0.75,-1.3604611569425702,-0.6104611569425702,0.0375,0.00957804131752719,-0.0279219586824728,0.25,0.2726065949074256,0.02260659490742561,5,7.037113096993657,2.0371130969936573,1.5,1.419971164178763,-0.08002883582123732,0.8,0.8461827483558595,0.04618274835585945,0.35446923891433535,-0.3273794861477651,1.7762770606406062,0.944671719082558,-0.6417934112233514,-0.6417934112233514,NA,ok,CONVERGENCE: REL_REDUCTION_OF_F <= FACTR*EPSMCH,1635.631682;1635.638361;1635.631791;1635.644439;1635.64025;1635.633219;1635.642161;1635.640448;1635.630219;1635.791498;1635.656615;1635.635481;1635.63037
grid_n1500_esn_r000_etaSrawm03_etaYrawp03_tau04_selCOMMON,grid_n1500,ESN,78,1500,COMMON,323,0.21533333333333332,0.6437768240343348,0.6436490716709108,1.277523634239941e-4,-1568.59798725882,3159.19597451764,3217.641398775633,11,TRUE,TRUE,0,6,24825.405,4,3,0,-0.3,0.3,-0.3,0.3,0.4,0.4,NA,3.481944018439957,0.22758380391065328,1.4925821305300957,1.3484022967651212,-1.3411098602572198,-1.3411098602572198,NA,-0.75,-1.5867107227823605,-0.8367107227823605,0.0375,0.03997040219066541,0.00247040219066541,0.25,0.2465156216052968,-0.00348437839470322,5,3.4634334207135553,-1.5365665792864447,1.5,1.4365454710539178,-0.06345452894608217,0.8,0.6538332671670511,-0.1461667328329489,0.48194401843995704,0.22758380391065328,1.7925821305300955,1.0484022967651212,-1.74110986025722,-1.74110986025722,NA,ok,CONVERGENCE: REL_REDUCTION_OF_F <= FACTR*EPSMCH,1570.285071;1570.285289;1570.284429;1568.647898;1568.640936;1568.597987;1570.288391;1568.601394;1570.272962;1568.634905;1570.230564;1570.284744;1570.285172
grid_n1500_esn_r000_etaSrawm03_etaYrawp03_tau04_selCOMMON,grid_n1500,ESN,79,1500,COMMON,314,0.20933333333333337,0.6435006435006435,0.6436490716709108,-1.484281702672785e-4,-1528.9876643668022,3079.9753287336043,3138.4207529915975,11,TRUE,TRUE,0,12,25194.228000000003,4,3,0,-0.3,0.3,-0.3,0.3,0.4,0.4,NA,3.90508245914371,0.3617861363763126,-1.475582110557493,-1.4167099441182138,1.4821913488936906,1.4821913488936906,NA,-0.75,-0.5530724034362638,0.19692759656373615,0.0375,0.02519579465913672,-0.01230420534086327,0.25,0.19942523452134597,-0.05057476547865403,5,6.594632517500249,1.5946325175002487,1.5,1.7059891451468383,0.20598914514683853,0.8,0.9365371300751216,0.13653713007512158,0.90508245914371,0.3617861363763126,-1.175582110557493,-1.716709944118214,1.0821913488936907,1.0821913488936907,NA,ok,CONVERGENCE: REL_REDUCTION_OF_F <= FACTR*EPSMCH,1529.082263;1529.002364;1529.089503;1530.808148;1529.079877;1529.027548;1530.808281;1529.090241;1529.08222;1530.808254;1529.094119;1528.987664;1530.806804
grid_n1500_esn_r000_etaSrawm03_etaYrawp03_tau04_selCOMMON,grid_n1500,ESN,80,1500,COMMON,350,0.23333333333333336,0.6468305304010349,0.6436490716709108,0.00318145873012409,-1658.972951576766,3339.945903153532,3398.3913274115253,11,TRUE,TRUE,0,1,46756.533,4,3,0,-0.3,0.3,-0.3,0.3,0.4,0.4,NA,4.142423427547297,-0.5926014367562671,-1.4925821305300957,1.0309481183463085,1.4917755589063553,1.4917755589063553,NA,-0.75,-0.509650012424611,0.24034998757538897,0.0375,0.02793408232000785,-0.00956591767999215,0.25,0.2736433820126873,0.02364338201268728,5,6.0126000111431495,1.0126000111431497,1.5,1.4232091697306652,-0.07679083026933475,0.8,0.7923824880316865,-0.0076175119683135,1.142423427547297,-0.5926014367562671,-1.1925821305300957,0.7309481183463082,1.0917755589063551,1.0917755589063551,NA,ok,CONVERGENCE: REL_REDUCTION_OF_F <= FACTR*EPSMCH,1658.972952;1658.987239;1658.978677;1658.977207;1658.976523;1658.984261;1658.988133;1658.976855;1658.975935;1658.979369;1659.551302;1658.987126;1658.978523
grid_n1500_esn_r000_etaSrawm03_etaYrawp03_tau04_selCOMMON,grid_n1500,ESN,81,1500,COMMON,296,0.19733333333333333,0.6527415143603134,0.6436490716709108,0.00909244268940256,-1473.6426676285173,2969.2853352570346,3027.730759515028,11,TRUE,TRUE,0,9,34482.879,4,3,0,-0.3,0.3,-0.3,0.3,0.4,0.4,NA,3.144441852755139,-0.13918056222361402,1.4806428619192886,1.4925821305300957,0.6015813505446023,0.6015813505446023,NA,-0.75,-1.2132209597648744,-0.4632209597648744,0.0375,0.04106884023781133,0.00356884023781133,0.25,0.10575327620670916,-0.14424672379329084,5,6.375477789861371,1.375477789861371,1.5,1.5050457722327413,0.00504577223274127,0.8,0.6821969526179539,-0.11780304738204617,0.14444185275513943,-0.13918056222361402,1.7806428619192889,1.1925821305300957,0.20158135054460224,0.20158135054460224,NA,ok,CONVERGENCE: REL_REDUCTION_OF_F <= FACTR*EPSMCH,1473.650708;1473.680527;1473.662799;1473.663926;1473.651826;1473.666765;1473.722589;1473.658199;1473.642668;1473.643535;1473.649456;1473.661055;1473.664347
grid_n1500_esn_r000_etaSrawm03_etaYrawp03_tau04_selCOMMON,grid_n1500,ESN,82,1500,COMMON,334,0.22266666666666668,0.6584723441615452,0.6436490716709108,0.01482327249063442,-1611.9065138825863,3245.813027765173,3304.2584520231662,11,TRUE,TRUE,0,4,50111.876,4,3,0,-0.3,0.3,-0.3,0.3,0.4,0.4,NA,3.3347519928085196,-0.36334917952839607,1.2929287156748683,1.0868062657460842,-1.4833543589075615,-1.4833543589075615,NA,-0.75,-1.5378333030283486,-0.7878333030283486,0.0375,0.02477757003727198,-0.01272242996272801,0.25,0.08063629216940711,-0.1693637078305929,5,6.8741389443362815,1.8741389443362817,1.5,1.6442197719655252,0.14421977196552516,0.8,0.8399639551612367,0.03996395516123663,0.33475199280851964,-0.36334917952839607,1.5929287156748684,0.7868062657460841,-1.8833543589075616,-1.8833543589075616,NA,ok,CONVERGENCE: REL_REDUCTION_OF_F <= FACTR*EPSMCH,1611.907557;1611.914967;1611.907416;1611.906514;1611.910298;1611.912708;1611.922936;1611.916366;1611.946746;1611.907812;Inf;1611.919205;1611.908817
grid_n1500_esn_r000_etaSrawm03_etaYrawp03_tau04_selCOMMON,grid_n1500,ESN,83,1500,COMMON,319,0.21266666666666667,0.6358626536668079,0.6436490716709108,-0.00778641800410284,-1554.4912666845096,3130.982533369019,3189.4279576270123,11,TRUE,TRUE,0,1,36474.835,4,3,0,-0.3,0.3,-0.3,0.3,0.4,0.4,NA,3.1285276152147574,0.2693782320472862,1.4914719485943055,-1.4925821305300957,1.3321025872906025,1.3321025872906025,NA,-0.75,-1.1587859937106466,-0.4087859937106466,0.0375,0.04432658956804126,0.00682658956804126,0.25,0.2705173184643918,0.02051731846439181,5,4.358592733813938,-0.6414072661860617,1.5,1.8064693773290568,0.30646937732905677,0.8,0.8993033438666275,0.09930334386662742,0.12852761521475742,0.2693782320472862,1.7914719485943056,-1.7925821305300955,0.9321025872906022,0.9321025872906022,NA,ok,CONVERGENCE: REL_REDUCTION_OF_F <= FACTR*EPSMCH,1554.491267;1555.107391;1554.507545;1555.112214;1554.49344;1555.111503;1555.110039;1554.519115;1554.491632;1555.120984;1554.49136;1554.494522;1555.112848
grid_n1500_esn_r000_etaSrawm03_etaYrawp03_tau04_selCOMMON,grid_n1500,ESN,84,1500,COMMON,309,0.206,0.6385696040868455,0.6436490716709108,-0.0050794675840653,-1522.2892323164972,3066.5784646329944,3125.0238888909876,11,TRUE,TRUE,0,6,29768.738,4,3,0,-0.3,0.3,-0.3,0.3,0.4,0.4,NA,3.0228341596521675,0.15711169601782066,1.2660998381501196,-1.1790568979635363,1.033715254233269,1.033715254233269,NA,-0.75,-1.1201688964584702,-0.3701688964584702,0.0375,0.03195687047270793,-0.00554312952729207,0.25,0.13997906145914216,-0.11002093854085784,5,5.286214040403156,0.2862140404031557,1.5,1.378960369730995,-0.12103963026900531,0.8,0.7501373721947361,-0.04986262780526396,0.0228341596521675,0.15711169601782066,1.5660998381501197,-1.4790568979635366,0.633715254233269,0.633715254233269,NA,ok,CONVERGENCE: REL_REDUCTION_OF_F <= FACTR*EPSMCH,1522.29011;1522.291293;1522.297194;1522.492369;1522.292727;1522.289232;1522.497645;1522.290352;1522.294775;1522.477956;1522.289999;1522.290549;1522.493009
grid_n1500_esn_r000_etaSrawm03_etaYrawp03_tau04_selCOMMON,grid_n1500,ESN,85,1500,COMMON,282,0.188,0.646551724137931,0.6436490716709108,0.00290265246702026,-1453.5386792173815,2929.0773584347635,2987.5227826927567,11,TRUE,TRUE,0,8,43200.608,4,3,0,-0.3,0.3,-0.3,0.3,0.4,0.4,NA,6.443193890640877,-0.7828417959713319,-1.4925821305300957,1.489132447340446,1.4925821305300957,1.4925821305300957,NA,-0.75,-0.5707486574479791,0.1792513425520209,0.0375,0.02962220953473915,-0.00787779046526085,0.25,0.1063950314475816,-0.1436049685524184,5,7.694476388280482,2.6944763882804823,1.5,1.4570021966864697,-0.04299780331353031,0.8,0.7723406074550386,-0.02765939254496141,3.4431938906408774,-0.7828417959713319,-1.1925821305300957,1.189132447340446,1.0925821305300958,1.0925821305300958,NA,ok,CONVERGENCE: REL_REDUCTION_OF_F <= FACTR*EPSMCH,1453.548613;1453.560156;1453.539778;1453.548769;1453.540058;1453.542613;1453.545286;1453.538679;1453.539222;1453.554806;1453.540319;1453.54316;Inf
grid_n1500_esn_r000_etaSrawm03_etaYrawp03_tau04_selCOMMON,grid_n1500,ESN,86,1500,COMMON,326,0.21733333333333332,0.6521739130434783,0.6436490716709108,0.00852484137256748,-1572.0591493842412,3166.1182987684824,3224.5637230264756,11,TRUE,TRUE,0,9,30474.985,4,3,0,-0.3,0.3,-0.3,0.3,0.4,0.4,NA,2.9793040053681046,-0.15227910683766463,1.488833245394344,-0.6527232714431197,-1.477686866117285,-1.477686866117285,NA,-0.75,-1.7377750524500424,-0.9877750524500424,0.0375,0.02690660667941764,-0.01059339332058235,0.25,0.2288116271475378,-0.02118837285246219,5,7.011220540837854,2.0112205408378543,1.5,1.6744951654142386,0.1744951654142386,0.8,0.7936490040708016,-0.00635099592919841,-0.02069599463189542,-0.15227910683766463,1.788833245394344,-0.9527232714431196,-1.8776868661172852,-1.8776868661172852,NA,ok,CONVERGENCE: REL_REDUCTION_OF_F <= FACTR*EPSMCH,1572.2998;1572.300122;1572.067406;1572.299964;1572.062544;1572.064213;1572.303848;1572.062413;1572.059149;1572.077701;1572.066848;1572.299696;1572.299857
grid_n1500_esn_r000_etaSrawm03_etaYrawp03_tau04_selCOMMON,grid_n1500,ESN,87,1500,COMMON,316,0.21066666666666667,0.6496318752706799,0.6436490716709108,0.0059828035997691,-1524.554904137196,3071.109808274392,3129.555232532385,11,TRUE,TRUE,0,6,18292.48,4,3,0,-0.3,0.3,-0.3,0.3,0.4,0.4,NA,3.2214516887728797,0.2745701722106974,1.483784654098308,1.4925821305300957,-0.6029208479072239,-0.6029208479072239,NA,-0.75,-1.4330970428437508,-0.6830970428437508,0.0375,0.02393053774317701,-0.01356946225682298,0.25,0.26526890493422584,0.01526890493422583,5,3.4086384995166568,-1.5913615004833432,1.5,1.489555863252988,-0.01044413674701205,0.8,0.7063266478142961,-0.09367335218570394,0.22145168877287968,0.2745701722106974,1.783784654098308,1.1925821305300957,-1.002920847907224,-1.002920847907224,NA,ok,CONVERGENCE: REL_REDUCTION_OF_F <= FACTR*EPSMCH,1527.079281;1527.079155;1527.079487;1527.076782;1527.081239;1524.554904;1527.077787;1527.082758;1527.080322;1524.570882;1527.089813;1527.079599;1527.084927
grid_n1500_esn_r000_etaSrawm03_etaYrawp03_tau04_selCOMMON,grid_n1500,ESN,88,1500,COMMON,304,0.20266666666666663,0.6270903010033445,0.6436490716709108,-0.01655877066756628,-1480.9918707740778,2983.9837415481556,3042.429165806149,11,TRUE,TRUE,0,5,17008.87,4,3,0,-0.3,0.3,-0.3,0.3,0.4,0.4,NA,2.889884699751373,-0.01490252313526602,1.4925821305300957,1.2634993664398622,1.489899410919587,1.489899410919587,NA,-0.75,-1.2397950621332434,-0.4897950621332434,0.0375,0.0371474931458093,-3.5250685419069283e-4,0.25,0.38780782785423806,0.13780782785423806,5,5.492346395504149,0.49234639550414894,1.5,1.541875576201571,0.04187557620157101,0.8,0.7264831916998965,-0.07351680830010354,-0.1101153002486268,-0.01490252313526602,1.7925821305300955,0.963499366439862,1.0898994109195872,1.0898994109195872,NA,ok,CONVERGENCE: REL_REDUCTION_OF_F <= FACTR*EPSMCH,1481.197555;1481.198421;1481.196897;1481.205844;1480.991871;1481.197738;1481.200811;1480.992664;1481.185921;1481.199956;1481.125435;1481.197153;1481.19765
grid_n1500_esn_r000_etaSrawm03_etaYrawp03_tau04_selCOMMON,grid_n1500,ESN,89,1500,COMMON,328,0.21866666666666668,0.6213753106876554,0.6436490716709108,-0.02227376098325539,-1559.236322735398,3140.472645470796,3198.9180697287893,11,TRUE,TRUE,0,10,33626.048,4,3,0,-0.3,0.3,-0.3,0.3,0.4,0.4,NA,3.401930117954162,0.28181431723353506,-1.4925821305300957,-0.93255528536195,0.5074136587890675,0.5074136587890675,NA,-0.75,-0.34273124690094275,0.4072687530990573,0.0375,0.03778540725492679,2.8540725492679636e-4,0.25,0.30137616524164407,0.05137616524164407,5,7.005005571596569,2.005005571596569,1.5,1.4844106317435748,-0.0155893682564252,0.8,0.904905544564749,0.104905544564749,0.4019301179541621,0.28181431723353506,-1.1925821305300957,-1.23255528536195,0.1074136587890675,0.1074136587890675,NA,ok,CONVERGENCE: REL_REDUCTION_OF_F <= FACTR*EPSMCH,1559.603996;1559.605593;1559.604064;1559.242276;1559.241966;1559.398246;1559.244281;1559.604093;1559.604245;1559.236323;1559.248472;1559.259436;1559.603685
grid_n1500_esn_r000_etaSrawm03_etaYrawp03_tau04_selCOMMON,grid_n1500,ESN,90,1500,COMMON,308,0.20533333333333337,0.6377551020408163,0.6436490716709108,-0.00589396963009447,-1542.7407413782992,3107.4814827565983,3165.9269070145915,11,TRUE,TRUE,0,11,37152.517,4,3,0,-0.3,0.3,-0.3,0.3,0.4,0.4,NA,3.806425503156987,-0.1383292701206334,1.4165057327533228,1.4925821305300957,-1.4925120380515535,-1.4925120380515535,NA,-0.75,-1.5938882338780336,-0.8438882338780336,0.0375,0.03295057643729919,-0.0045494235627008,0.25,0.24201011180611248,-0.00798988819388751,5,5.706779378042575,0.7067793780425751,1.5,1.237794180740558,-0.26220581925944186,0.8,0.686244496448614,-0.11375550355138608,0.8064255031569876,-0.1383292701206334,1.7165057327533229,1.1925821305300957,-1.892512038051554,-1.892512038051554,NA,ok,CONVERGENCE: REL_REDUCTION_OF_F <= FACTR*EPSMCH,1542.743632;1542.761586;1542.750501;1542.742921;1542.740948;1542.749187;1542.747778;1542.75259;1542.759339;1542.749986;1542.740741;1542.7425;1542.749365
grid_n1500_esn_r000_etaSrawm03_etaYrawp03_tau04_selCOMMON,grid_n1500,ESN,91,1500,COMMON,309,0.206,0.6448839208942391,0.6436490716709108,0.00123484922332828,-1493.6008847795804,3009.2017695591608,3067.647193817154,11,TRUE,TRUE,0,11,32850.569,4,3,0,-0.3,0.3,-0.3,0.3,0.4,0.4,NA,2.892086571926542,-0.3264163093563821,1.4711818888095085,1.2901983264105632,1.4684165451425717,1.4684165451425717,NA,-0.75,-1.1887344785251803,-0.4387344785251803,0.0375,0.03125999903764037,-0.00624000096235962,0.25,0.3138676575397052,0.06386765753970519,5,7.013877449387879,2.013877449387879,1.5,1.329770077585945,-0.17022992241405532,0.8,0.7477426721361118,-0.05225732786388826,-0.10791342807345794,-0.3264163093563821,1.7711818888095083,0.9901983264105632,1.0684165451425716,1.0684165451425716,NA,ok,CONVERGENCE: REL_REDUCTION_OF_F <= FACTR*EPSMCH,1493.713107;1493.707281;1493.717339;1493.649024;1493.717159;1493.629239;1493.652778;1493.641623;1493.718892;1493.645813;1493.600885;1493.634722;1493.715463
grid_n1500_esn_r000_etaSrawm03_etaYrawp03_tau04_selCOMMON,grid_n1500,ESN,92,1500,COMMON,334,0.22266666666666668,0.6446067898581865,0.6436490716709108,9.577181872757468e-4,-1600.2146459877877,3222.4292919755753,3280.8747162335685,11,TRUE,TRUE,0,1,48498.209,4,3,0,-0.3,0.3,-0.3,0.3,0.4,0.4,NA,6.307591995165463,-0.9047184070545792,-1.4925821305300957,0.8637750452298668,0.5876224608230799,0.5876224608230799,NA,-0.75,-0.25156415388162284,0.4984358461183771,0.0375,0.01954191130649003,-0.01795808869350997,0.25,0.1545921610349311,-0.09540783896506892,5,7.077276554923657,2.0772765549236567,1.5,1.350403730244399,-0.14959626975560103,0.8,0.8850370708369653,0.08503707083696521,3.3075919951654633,-0.9047184070545792,-1.1925821305300957,0.5637750452298669,0.18762246082307987,0.18762246082307987,NA,ok,CONVERGENCE: REL_REDUCTION_OF_F <= FACTR*EPSMCH,1600.214646;1600.241288;1600.224347;1600.254169;1600.407927;1600.219655;1600.244487;1600.409857;1600.404507;1600.39234;1600.411353;Inf;1600.241757
grid_n1500_esn_r000_etaSrawm03_etaYrawp03_tau04_selCOMMON,grid_n1500,ESN,93,1500,COMMON,306,0.204,0.6564551422319475,0.6436490716709108,0.01280607056103666,-1504.2286162775729,3030.4572325551453,3088.9026568131385,11,TRUE,TRUE,0,6,59977.069,4,3,0,-0.3,0.3,-0.3,0.3,0.4,0.4,NA,3.5749682773017266,-0.05744962163396035,-1.4925821305300957,1.0326608434919806,1.178526208791334,1.178526208791334,NA,-0.75,-0.5802228902674567,0.16977710973254334,0.0375,0.04319180529044295,0.00569180529044295,0.25,0.35968470923355983,0.10968470923355984,5,3.6535039560259945,-1.3464960439740057,1.5,1.5415758662837171,0.04157586628371712,0.8,0.7747249563869849,-0.02527504361301513,0.5749682773017266,-0.05744962163396035,-1.1925821305300957,0.7326608434919806,0.7785262087913339,0.7785262087913339,NA,ok,CONVERGENCE: REL_REDUCTION_OF_F <= FACTR*EPSMCH,1504.321048;1504.307192;1504.319694;1504.239297;1504.317627;1504.228616;1504.240613;1504.303408;1504.319557;1504.241326;1505.00644;1504.289909;1504.319153
grid_n1500_esn_r000_etaSrawm03_etaYrawp03_tau04_selCOMMON,grid_n1500,ESN,94,1500,COMMON,316,0.21066666666666667,0.6347862886161659,0.6436490716709108,-0.00886278305474486,-1552.654677717977,3127.309355435954,3185.754779693947,11,TRUE,TRUE,0,8,15269.653,4,3,0,-0.3,0.3,-0.3,0.3,0.4,0.4,NA,3.136645351353738,-0.18176586359674368,1.4672526887687325,-1.4925821305300957,1.4925821305300957,1.4925821305300957,NA,-0.75,-1.1156405877820583,-0.36564058778205855,0.0375,0.04011147486223167,0.00261147486223167,0.25,0.20922198414882984,-0.04077801585117013,5,6.849692643570744,1.8496926435707444,1.5,1.658003280011639,0.15800328001163932,0.8,0.7823185936595852,-0.01768140634041481,0.1366453513537378,-0.18176586359674368,1.7672526887687323,-1.7925821305300955,1.0925821305300958,1.0925821305300958,NA,ok,CONVERGENCE: REL_REDUCTION_OF_F <= FACTR*EPSMCH,1553.171123;1553.170941;1553.171831;1553.16507;1553.171592;1553.161041;1553.168592;1552.654678;1553.182505;1553.145046;1552.660393;1553.171094;1553.17112
grid_n1500_esn_r000_etaSrawm03_etaYrawp03_tau04_selCOMMON,grid_n1500,ESN,95,1500,COMMON,337,0.22466666666666665,0.6345177664974619,0.6436490716709108,-0.00913130517344884,-1618.814830266065,3259.62966053213,3318.075084790123,11,TRUE,TRUE,0,9,27057.278,4,3,0,-0.3,0.3,-0.3,0.3,0.4,0.4,NA,2.974065745416527,-0.1803685283657784,1.4737672107473334,0.7618015364650779,0.4086977346197397,0.4086977346197397,NA,-0.75,-1.2512191381311497,-0.5012191381311495,0.0375,0.03704733264925423,-4.5266735074576264e-4,0.25,0.26293902449422085,0.01293902449422085,5,6.0668441142167975,1.0668441142167977,1.5,1.3889801841882432,-0.1110198158117568,0.8,0.8891571697250513,0.08915716972505128,-0.02593425458347287,-0.1803685283657784,1.7737672107473337,0.4618015364650779,0.00869773461973966,0.00869773461973966,NA,ok,CONVERGENCE: REL_REDUCTION_OF_F <= FACTR*EPSMCH,1618.993222;1618.992862;1618.829074;1618.99386;1618.8151;1618.994143;1618.99349;1618.830655;1618.81483;1619.004923;1618.845355;1618.992497;1618.997994
grid_n1500_esn_r000_etaSrawm03_etaYrawp03_tau04_selCOMMON,grid_n1500,ESN,96,1500,COMMON,331,0.22066666666666668,0.6152584085315833,0.6436490716709108,-0.02839066313932747,-1616.6016638590693,3255.2033277181386,3313.6487519761317,11,TRUE,TRUE,0,6,20279.897,4,3,0,-0.3,0.3,-0.3,0.3,0.4,0.4,NA,4.054335777328427,-0.34625696505704945,-1.4925818749179387,0.9686560965398396,-0.193965678512612,-0.193965678512612,NA,-0.75,-0.11425350610781684,0.6357464938921832,0.0375,0.03760207089380552,1.0207089380551844e-4,0.25,0.21004325068625893,-0.03995674931374107,5,3.0486564997652463,-1.9513435002347537,1.5,1.6589328167953306,0.15893281679533056,0.8,0.6727431797687634,-0.12725682023123663,1.0543357773284274,-0.34625696505704945,-1.1925818749179389,0.6686560965398396,-0.593965678512612,-0.593965678512612,NA,ok,CONVERGENCE: REL_REDUCTION_OF_F <= FACTR*EPSMCH,1616.90348;1616.902646;1616.903675;1616.899369;1616.90588;1616.601664;1616.901527;1616.903635;1616.90366;1616.668092;1616.911022;1616.903084;1616.910324
grid_n1500_esn_r000_etaSrawm03_etaYrawp03_tau04_selCOMMON,grid_n1500,ESN,97,1500,COMMON,320,0.21333333333333335,0.6407518154634771,0.6436490716709108,-0.00289725620743364,-1580.7892072328298,3183.5784144656595,3242.0238387236527,11,TRUE,TRUE,0,8,56349.32,4,3,0,-0.3,0.3,-0.3,0.3,0.4,0.4,NA,5.177968622200838,0.7630652494061855,-1.4881977936077837,-0.8202141275742221,1.4749534603893415,1.4749534603893415,NA,-0.75,-0.4814552263204831,0.2685447736795169,0.0375,0.03196095601353847,-0.00553904398646153,0.25,0.1509781076848465,-0.09902189231515349,5,3.8591791653725007,-1.1408208346274993,1.5,1.8592432816403208,0.3592432816403206,0.8,0.6569600002147836,-0.14303999978521642,2.1779686222008383,0.7630652494061855,-1.1881977936077834,-1.120214127574222,1.0749534603893416,1.0749534603893416,NA,ok,CONVERGENCE: REL_REDUCTION_OF_F <= FACTR*EPSMCH,1580.79639;1580.805117;1580.79841;1580.80298;1580.798015;1580.792789;1580.806178;1580.789207;1580.797504;Inf;1580.794147;1580.791905;1580.793055
grid_n1500_esn_r000_etaSrawm03_etaYrawp03_tau04_selCOMMON,grid_n1500,ESN,98,1500,COMMON,313,0.20866666666666667,0.6510416666666666,0.6436490716709108,0.00739259499575584,-1533.8181688856605,3089.636337771321,3148.081762029314,11,TRUE,TRUE,0,6,33687.060000000005,4,3,0,-0.3,0.3,-0.3,0.3,0.4,0.4,NA,3.3032066710785495,-0.4398282942789045,-1.3582331471773186,-0.4797189207168744,-1.465989267439467,-1.465989267439467,NA,-0.75,0.4123160440748817,1.1623160440748816,0.0375,0.02770966018872319,-0.0097903398112768,0.25,0.14293009768548748,-0.10706990231451252,5,7.071804670534933,2.0718046705349327,1.5,1.710792134230345,0.21079213423034493,0.8,1.0214676484239826,0.2214676484239826,0.3032066710785495,-0.4398282942789045,-1.0582331471773183,-0.7797189207168744,-1.865989267439467,-1.865989267439467,NA,ok,CONVERGENCE: REL_REDUCTION_OF_F <= FACTR*EPSMCH,1533.833858;1533.835877;1533.834192;1533.824944;1533.830505;1533.818169;1533.820152;1533.832952;1533.831887;1533.825093;1533.831359;1533.832386;1533.834873
grid_n1500_esn_r000_etaSrawm03_etaYrawp03_tau04_selCOMMON,grid_n1500,ESN,99,1500,COMMON,343,0.22866666666666663,0.6364022061943148,0.6436490716709108,-0.00724686547659603,-1648.721955144082,3319.443910288164,3377.889334546157,11,TRUE,TRUE,0,12,43200.582,4,3,0,-0.3,0.3,-0.3,0.3,0.4,0.4,NA,3.6724592368586406,0.03015758836691758,0.4478818051231327,-1.0656526890253546,-1.0942762339117449,-1.0942762339117449,NA,-0.75,-1.249020777130462,-0.499020777130462,0.0375,0.04407783934891596,0.00657783934891596,0.25,0.26392920581674945,0.01392920581674944,5,8.3738865063131,3.3738865063131005,1.5,1.5440520333794718,0.04405203337947183,0.8,0.6120555594087819,-0.18794444059121815,0.6724592368586406,0.03015758836691758,0.7478818051231326,-1.3656526890253546,-1.4942762339117448,-1.4942762339117448,NA,ok,CONVERGENCE: REL_REDUCTION_OF_F <= FACTR*EPSMCH,1648.723657;1648.740359;1648.729033;1648.745142;1648.750845;1648.750043;1649.282862;1648.730512;1648.723214;1648.749685;1648.789159;1648.721955;Inf
grid_n1500_esn_r000_etaSrawm03_etaYrawp03_tau04_selCOMMON,grid_n1500,ESN,100,1500,COMMON,312,0.208,0.635593220338983,0.6436490716709108,-0.00805585133192776,-1551.156190009983,3124.312380019966,3182.757804277959,11,TRUE,TRUE,0,8,46500.829000000005,4,3,0,-0.3,0.3,-0.3,0.3,0.4,0.4,NA,5.304341748629434,0.7262611264099645,-1.358478804192837,-1.2020014577756593,1.4925821305300957,1.4925821305300957,NA,-0.75,-0.576567185367335,0.17343281463266502,0.0375,0.0240668827182836,-0.01343311728171639,0.25,0.2001020288650929,-0.0498979711349071,5,3.974241784368131,-1.0257582156318683,1.5,1.6593475539464326,0.15934755394643263,0.8,0.90454930560693525,0.1045493056069351,2.304341748629434,0.7262611264099645,-1.058478804192837,-1.5020014577756593,1.0925821305300958,1.0925821305300958,NA,ok,CONVERGENCE: REL_REDUCTION_OF_F <= FACTR*EPSMCH,1551.165181;1551.165567;1551.208697;1551.157246;1551.222198;1551.172972;1551.167327;1551.15619;1551.211148;1551.156195;1551.164693;1551.214979;1551.158595
