scenario,experiment,family,rep,n,selection_level,n_selected,selection_rate,hidden_acceptance_rate,PE_theoretical,acceptance_gap,logLik,AIC,BIC,k_params,finite_fit,regular_convergence,convergence,start_id,seconds,sigmaS_true_raw,sigmaY_true,rho_true,etaS_raw_true,etaY_raw_true,etaS_true,etaY_true,tau_bar_true,alpha_legacy_true,nu_true,sigmaY_hat,rho_hat,etaS_hat,etaY_hat,tau_bar_hat,alpha_legacy_hat,nu_hat,betaSel_1_true,betaSel_1_hat,betaSel_1_bias,betaSel_2_true,betaSel_2_hat,betaSel_2_bias,betaSel_3_true,betaSel_3_hat,betaSel_3_bias,betaOut_1_true,betaOut_1_hat,betaOut_1_bias,betaOut_2_true,betaOut_2_hat,betaOut_2_bias,betaOut_3_true,betaOut_3_hat,betaOut_3_bias,sigmaY_bias,rho_bias,etaS_bias,etaY_bias,tau_bar_bias,alpha_legacy_bias,nu_bias,error,message,start_values
grid_n1500_est_r000_etaSrawm03_etaYrawp03_tau04_selMODERATE_nu6,grid_n1500,EST,1,1500,MODERATE,154,0.10266666666666668,0.6162695152013147,0.6373279667051683,-0.02105845150385366,-922.8463766914648,1869.6927533829296,1933.4513980280135,12,TRUE,TRUE,0,22,60100.045000000006,4,3,0,-0.3,0.3,-0.3,0.3,0.4,0.4,6,7.697826317588106,0.9370244470041408,-1.4925821305300957,-1.0027716228789796,1.4687658084419442,1.4687658084419442,4,-1.25,-0.9318757147088458,0.3181242852911542,0.0375,0.0512842690398785,0.01378426903987849,0.25,0.15411336067837922,-0.09588663932162078,5,-0.794854612688966,-5.794854612688966,1.5,1.281484780940899,-0.21851521905910132,0.8,0.6355312601960414,-0.1644687398039586,4.697826317588106,0.9370244470041408,-1.1925821305300957,-1.3027716228789796,1.068765808441944,1.068765808441944,-2,ok,CONVERGENCE: REL_REDUCTION_OF_F <= FACTR*EPSMCH,922.847552;1e+12;1e+12;922.855922;1e+12;1e+12;922.848894;1e+12;1e+12;922.848009;1e+12;1e+12;922.847222;1e+12;1e+12;922.850605;1e+12;1e+12;922.85221;1e+12;1e+12;922.846377;1e+12;1e+12;Inf;1e+12;1e+12;922.850771;1e+12;1e+12;922.887063;1e+12;1e+12;922.849628;1e+12;1e+12;922.882167;1e+12;1e+12
grid_n1500_est_r000_etaSrawm03_etaYrawp03_tau04_selMODERATE_nu6,grid_n1500,EST,2,1500,MODERATE,170,0.11333333333333331,0.6323777403035413,0.6373279667051683,-0.00495022640162701,-976.9388604169848,1977.8777208339695,2041.6363654790532,12,TRUE,TRUE,0,34,41405.235,4,3,0,-0.3,0.3,-0.3,0.3,0.4,0.4,6,3.0664325206062055,0.5426351597343488,0.1443892611375614,-1.4925821305300957,1.4925821305300957,1.4925821305300957,4,-1.25,-1.5233569305056214,-0.2733569305056214,0.0375,0.08190946551214108,0.04440946551214108,0.25,0.16370130269620722,-0.08629869730379278,5,3.607819903326056,-1.3921800966739442,1.5,1.7296559814563228,0.2296559814563228,0.8,0.6897879525190559,-0.11021204748094417,0.06643252060620553,0.5426351597343488,0.4443892611375614,-1.7925821305300955,1.0925821305300958,1.0925821305300958,-2,ok,CONVERGENCE: REL_REDUCTION_OF_F <= FACTR*EPSMCH,976.938973;1e+12;1e+12;976.938869;1e+12;1e+12;976.938976;1e+12;1e+12;976.940995;1e+12;1e+12;976.938944;1e+12;1e+12;976.938954;1e+12;1e+12;977.224988;1e+12;1e+12;976.942382;1e+12;1e+12;976.938874;1e+12;1e+12;977.221431;1e+12;1e+12;976.938872;1e+12;1e+12;976.93886;1e+12;1e+12;976.93953;1e+12;1e+12
grid_n1500_est_r000_etaSrawm03_etaYrawp03_tau04_selMODERATE_nu6,grid_n1500,EST,3,1500,MODERATE,188,0.12533333333333332,0.6421232876712328,0.6373279667051683,0.00479532096606449,-1081.5490534728806,2187.098106945761,2250.856751590845,12,TRUE,TRUE,0,19,41039.793000000005,4,3,0,-0.3,0.3,-0.3,0.3,0.4,0.4,6,4.518870860550603,-0.7324648654691277,-1.4925821305300957,0.39831470836603977,1.492500561119753,1.492500561119753,4,-1.25,-0.8431734130217629,0.4068265869782371,0.0375,0.02955095574834554,-0.00794904425165445,0.25,0.2938252426260449,0.04382524262604492,5,8.642350864520303,3.642350864520303,1.5,1.058314536880928,-0.44168546311907186,0.8,0.6153405280254066,-0.18465947197459345,1.518870860550603,-0.7324648654691277,-1.1925821305300957,0.09831470836603978,1.0925005611197531,1.0925005611197531,-2,ok,CONVERGENCE: REL_REDUCTION_OF_F <= FACTR*EPSMCH,1081.557217;1e+12;1e+12;1081.549496;1e+12;1e+12;1081.624087;1e+12;1e+12;1081.557951;1e+12;1e+12;1081.742887;1e+12;1e+12;1081.552061;1e+12;1e+12;1081.549053;1e+12;1e+12;1081.625889;1e+12;1e+12;1081.743688;1e+12;1e+12;1081.552233;1e+12;1e+12;1081.747824;1e+12;1e+12;1081.549651;1e+12;1e+12;1081.554826;1e+12;1e+12
grid_n1500_est_r000_etaSrawm03_etaYrawp03_tau04_selMODERATE_nu6,grid_n1500,EST,4,1500,MODERATE,166,0.11066666666666666,0.6361323155216285,0.6373279667051683,-0.00119565118353981,-981.2783992246872,1986.5567984493744,2050.3154430944583,12,TRUE,TRUE,0,34,35302.368,4,3,0,-0.3,0.3,-0.3,0.3,0.4,0.4,6,2.5437114936709864,0.2904007030837,1.2472468629820592,-1.4925821305300957,1.4925821305300957,1.4925821305300957,4,-1.25,-1.7875523345569286,-0.5375523345569286,0.0375,0.04598452026924717,0.00848452026924716,0.25,0.23947377441826903,-0.01052622558173094,5,4.2746962388842435,-0.7253037611157565,1.5,1.0456273970531875,-0.45437260294681225,0.8,0.8041940701820635,0.00419407018206341,-0.4562885063290136,0.2904007030837,1.5472468629820593,-1.7925821305300955,1.0925821305300958,1.0925821305300958,-2,ok,CONVERGENCE: REL_REDUCTION_OF_F <= FACTR*EPSMCH,981.279591;1e+12;1e+12;981.279638;1e+12;1e+12;981.27874;1e+12;1e+12;981.296114;1e+12;1e+12;981.294449;1e+12;1e+12;981.286074;1e+12;1e+12;981.293726;1e+12;1e+12;981.29764;1e+12;1e+12;981.29605;1e+12;1e+12;981.27873;1e+12;1e+12;981.292377;1e+12;1e+12;981.278399;1e+12;1e+12;981.278433;1e+12;1e+12
grid_n1500_est_r000_etaSrawm03_etaYrawp03_tau04_selMODERATE_nu6,grid_n1500,EST,5,1500,MODERATE,148,0.09866666666666668,0.6334459459459459,0.6373279667051683,-0.00388202075922239,-886.0810370944627,1796.162074188925,1859.920718834009,12,TRUE,TRUE,0,1,43490.069,4,3,0,-0.3,0.3,-0.3,0.3,0.4,0.4,6,4.550598881591647,0.807588653219369,-1.4925821305300957,-0.31917889932320864,1.4925821305300957,1.4925821305300957,4,-1.25,-0.8248954851183129,0.4251045148816871,0.0375,0.01683560258563929,-0.02066439741436071,0.25,0.06852084255910844,-0.18147915744089155,5,2.2957611105541145,-2.7042388894458855,1.5,0.8187496746444191,-0.6812503253555809,0.8,0.8922987613387816,0.09229876133878157,1.5505988815916467,0.807588653219369,-1.1925821305300957,-0.6191788993232086,1.0925821305300958,1.0925821305300958,-2,ok,CONVERGENCE: REL_REDUCTION_OF_F <= FACTR*EPSMCH,886.081037;1e+12;1e+12;886.085497;1e+12;1e+12;886.081747;1e+12;1e+12;886.083515;1e+12;1e+12;886.117956;1e+12;1e+12;886.084777;1e+12;1e+12;886.087869;1e+12;1e+12;886.118256;1e+12;1e+12;886.121032;1e+12;1e+12;886.083837;1e+12;1e+12;886.118428;1e+12;1e+12;886.083588;1e+12;1e+12;886.081278;1e+12;1e+12
grid_n1500_est_r000_etaSrawm03_etaYrawp03_tau04_selMODERATE_nu6,grid_n1500,EST,6,1500,MODERATE,170,0.11333333333333331,0.6404782237403929,0.6373279667051683,0.00315025703522453,-975.979037485506,1975.958074971012,2039.716719616096,12,TRUE,TRUE,0,28,44248.593,4,3,0,-0.3,0.3,-0.3,0.3,0.4,0.4,6,5.4665535451630225,0.8597323382390489,-1.4611425958026605,-1.249441187879715,-0.38616838284408783,-0.38616838284408783,4,-1.25,-0.5787353602270975,0.6712646397729025,0.0375,0.04536911566945087,0.00786911566945087,0.25,0.222721862952439,-0.02727813704756099,5,4.708949276063332,-0.2910507239366682,1.5,1.353890863569792,-0.14610913643020806,0.8,0.9696007700204572,0.16960077002045704,2.4665535451630225,0.8597323382390489,-1.1611425958026604,-1.549441187879715,-0.7861683828440879,-0.7861683828440879,-2,ok,CONVERGENCE: REL_REDUCTION_OF_F <= FACTR*EPSMCH,975.98054;1e+12;1e+12;975.993085;1e+12;1e+12;975.991295;1e+12;1e+12;975.985256;1e+12;1e+12;975.990642;1e+12;1e+12;975.990839;1e+12;1e+12;975.995722;1e+12;1e+12;975.993121;1e+12;1e+12;975.988429;1e+12;1e+12;975.979037;1e+12;1e+12;975.989252;1e+12;1e+12;975.991945;1e+12;1e+12;975.988321;1e+12;1e+12
grid_n1500_est_r000_etaSrawm03_etaYrawp03_tau04_selMODERATE_nu6,grid_n1500,EST,7,1500,MODERATE,178,0.11866666666666668,0.6443298969072165,0.6373279667051683,0.0070019302020482,-1044.027620800472,2112.055241600944,2175.813886246028,12,TRUE,TRUE,0,31,34677.454,4,3,0,-0.3,0.3,-0.3,0.3,0.4,0.4,6,2.6965377580523806,0.20429300591302,0.9312056926763612,1.4925821305300957,1.4925821305300957,1.4925821305300957,4,-1.25,-1.66122187643924,-0.4112218764392399,0.0375,0.02434248743112197,-0.01315751256887802,0.25,0.21717028095106788,-0.03282971904893211,5,3.666019696111313,-1.333980303888687,1.5,1.7388190443704823,0.23881904437048251,0.8,0.8414597351364846,0.0414597351364846,-0.3034622419476194,0.20429300591302,1.2312056926763613,1.1925821305300957,1.0925821305300958,1.0925821305300958,-2,ok,CONVERGENCE: REL_REDUCTION_OF_F <= FACTR*EPSMCH,1044.030647;1e+12;1e+12;1044.028831;1e+12;1e+12;1044.028288;1e+12;1e+12;1044.029316;1e+12;1e+12;1044.034651;1e+12;1e+12;1044.029059;1e+12;1e+12;1044.028939;1e+12;1e+12;1044.030047;1e+12;1e+12;1044.03021;1e+12;1e+12;1044.028612;1e+12;1e+12;1044.027621;1e+12;1e+12;1044.029776;1e+12;1e+12;1044.031959;1e+12;1e+12
grid_n1500_est_r000_etaSrawm03_etaYrawp03_tau04_selMODERATE_nu6,grid_n1500,EST,8,1500,MODERATE,158,0.10533333333333332,0.6457167455876023,0.6373279667051683,0.00838877888243394,-901.836588934744,1827.673177869488,1891.4318225145716,12,TRUE,TRUE,0,16,48354.619,4,3,0,-0.3,0.3,-0.3,0.3,0.4,0.4,6,2.4973233669342214,-0.1326126902247948,-1.4925821305300957,-0.48709658872837247,1.4925821305300957,1.4925821305300957,4,-1.25,-0.9463589142719372,0.3036410857280627,0.0375,0.02779218014073354,-0.00970781985926646,0.25,0.3007712521636969,0.05077125216369688,5,8.084022769761004,3.0840227697610043,1.5,1.5461774394522778,0.04617743945227781,0.8,0.6494197406521977,-0.1505802593478024,-0.5026766330657786,-0.1326126902247948,-1.1925821305300957,-0.7870965887283725,1.0925821305300958,1.0925821305300958,-2,ok,CONVERGENCE: REL_REDUCTION_OF_F <= FACTR*EPSMCH,901.841095;1e+12;1e+12;901.839379;1e+12;1e+12;901.837313;1e+12;1e+12;901.841978;1e+12;1e+12;901.83878;1e+12;1e+12;901.836589;1e+12;1e+12;901.839467;1e+12;1e+12;901.842708;1e+12;1e+12;901.842689;1e+12;1e+12;901.838647;1e+12;1e+12;901.839895;1e+12;1e+12;901.839537;1e+12;1e+12;901.838499;1e+12;1e+12
grid_n1500_est_r000_etaSrawm03_etaYrawp03_tau04_selMODERATE_nu6,grid_n1500,EST,9,1500,MODERATE,161,0.10733333333333334,0.6388415672913118,0.6373279667051683,0.00151360058614347,-949.5647509187507,1923.1295018375015,1986.8881464825856,12,TRUE,TRUE,0,19,39988.819,4,3,0,-0.3,0.3,-0.3,0.3,0.4,0.4,6,2.7542100163412253,0.10851561736496612,0.6582049342255794,1.4925821305300957,1.4925821305300957,1.4925821305300957,4,-1.25,-1.7089665479560403,-0.4589665479560403,0.0375,0.09381308901141844,0.05631308901141845,0.25,0.17068588489078018,-0.07931411510921982,5,4.424127682758433,-0.5758723172415667,1.5,1.370698034389416,-0.12930196561058405,0.8,0.810604252306371,0.01060425230637096,-0.2457899836587747,0.10851561736496612,0.9582049342255794,1.1925821305300957,1.0925821305300958,1.0925821305300958,-2,ok,CONVERGENCE: REL_REDUCTION_OF_F <= FACTR*EPSMCH,949.565236;1e+12;1e+12;949.564753;1e+12;1e+12;949.565943;1e+12;1e+12;949.567005;1e+12;1e+12;949.564848;1e+12;1e+12;949.568472;1e+12;1e+12;949.564751;1e+12;1e+12;949.564959;1e+12;1e+12;949.564826;1e+12;1e+12;949.564865;1e+12;1e+12;949.567543;1e+12;1e+12;949.56476;1e+12;1e+12;949.564824;1e+12;1e+12
grid_n1500_est_r000_etaSrawm03_etaYrawp03_tau04_selMODERATE_nu6,grid_n1500,EST,10,1500,MODERATE,170,0.11333333333333331,0.648508430609598,0.6373279667051683,0.01118046390442961,-1019.7483989506012,2063.4967979012026,2127.255442546286,12,TRUE,TRUE,0,4,47196.525,4,3,0,-0.3,0.3,-0.3,0.3,0.4,0.4,6,6.656560047538332,0.8828277796046312,-1.4925821305300957,-0.41876065561146014,1.4925821305300957,1.4925821305300957,4,-1.25,-0.7929165971890801,0.45708340281091986,0.0375,0.00904392755957203,-0.02845607244042796,0.25,0.1314880973512828,-0.1185119026487172,5,0.6147976882649222,-4.385202311735078,1.5,1.3994318014941765,-0.10056819850582356,0.8,0.7066732368294488,-0.09332676317055122,3.656560047538332,0.8828277796046312,-1.1925821305300957,-0.7187606556114601,1.0925821305300958,1.0925821305300958,-2,ok,CONVERGENCE: REL_REDUCTION_OF_F <= FACTR*EPSMCH,1019.748456;1e+12;1e+12;1019.748399;1e+12;1e+12;1019.968102;1e+12;1e+12;1019.748555;1e+12;1e+12;1019.971943;1e+12;1e+12;1019.748408;1e+12;1e+12;1019.748874;1e+12;1e+12;1019.969297;1e+12;1e+12;1019.968287;1e+12;1e+12;1019.967527;1e+12;1e+12;1019.969983;1e+12;1e+12;Inf;1e+12;1e+12;1019.748725;1e+12;1e+12
grid_n1500_est_r000_etaSrawm03_etaYrawp03_tau04_selMODERATE_nu6,grid_n1500,EST,11,1500,MODERATE,176,0.11733333333333332,0.6493506493506493,0.6373279667051683,0.012022682645481,-1018.2095197767768,2060.419039553554,2124.1776841986375,12,TRUE,TRUE,0,1,43027.211,4,3,0,-0.3,0.3,-0.3,0.3,0.4,0.4,6,2.342177333041345,-0.21519312951683356,1.3744896704905858,1.4925821305300957,1.4925821305300957,1.4925821305300957,4,-1.25,-1.7406355370784945,-0.4906355370784943,0.0375,0.06085647877335718,0.02335647877335718,0.25,0.20239131106220856,-0.04760868893779144,5,7.211892030724581,2.211892030724581,1.5,1.6255590591269946,0.1255590591269946,0.8,0.7837465231667925,-0.01625347683320754,-0.6578226669586549,-0.21519312951683356,1.6744896704905858,1.1925821305300957,1.0925821305300958,1.0925821305300958,-2,ok,CONVERGENCE: REL_REDUCTION_OF_F <= FACTR*EPSMCH,1018.20952;1e+12;1e+12;1018.214588;1e+12;1e+12;1018.221612;1e+12;1e+12;1018.209854;1e+12;1e+12;1018.212268;1e+12;1e+12;1018.210092;1e+12;1e+12;1018.211503;1e+12;1e+12;1018.215107;1e+12;1e+12;1018.214038;1e+12;1e+12;1018.354112;1e+12;1e+12;1018.213946;1e+12;1e+12;1018.210298;1e+12;1e+12;1018.209892;1e+12;1e+12
grid_n1500_est_r000_etaSrawm03_etaYrawp03_tau04_selMODERATE_nu6,grid_n1500,EST,12,1500,MODERATE,165,0.11,0.6496318752706799,0.6373279667051683,0.01230390856551155,-969.7816037674548,1963.5632075349097,2027.3218521799931,12,TRUE,TRUE,0,19,41023.945,4,3,0,-0.3,0.3,-0.3,0.3,0.4,0.4,6,2.078033041953731,0.16034177762061844,0.952498915238394,-0.7498253760803882,-0.2841001353289561,-0.2841001353289561,4,-1.25,-2.231772526824177,-0.981772526824177,0.0375,0.0467462376446489,0.0092462376446489,0.25,0.3122542628155308,0.06225426281553081,5,5.398393153208287,0.3983931532082874,1.5,1.85593619400378,0.3559361940037802,0.8,0.8857992010486033,0.08579920104860328,-0.9219669580462688,0.16034177762061844,1.252498915238394,-1.0498253760803882,-0.6841001353289562,-0.6841001353289562,-2,ok,CONVERGENCE: REL_REDUCTION_OF_F <= FACTR*EPSMCH,969.786675;1e+12;1e+12;969.786439;1e+12;1e+12;969.78485;1e+12;1e+12;969.79376;1e+12;1e+12;969.782586;1e+12;1e+12;969.783637;1e+12;1e+12;969.781604;1e+12;1e+12;969.785257;1e+12;1e+12;969.784214;1e+12;1e+12;969.798464;1e+12;1e+12;969.783139;1e+12;1e+12;969.786703;1e+12;1e+12;969.784593;1e+12;1e+12
grid_n1500_est_r000_etaSrawm03_etaYrawp03_tau04_selMODERATE_nu6,grid_n1500,EST,13,1500,MODERATE,171,0.114,0.6218905472636815,0.6373279667051683,-0.0154374194414868,-1010.3653985525584,2044.7307971051168,2108.4894417502,12,TRUE,TRUE,0,34,50350.871,4,3,0,-0.3,0.3,-0.3,0.3,0.4,0.4,6,5.715834829077996,-0.7532324674981247,-1.4925821305300957,1.2379927133922068,1.4925821305300957,1.4925821305300957,4,-1.25,-0.9744285159466848,0.2755714840533152,0.0375,0.03925143802165246,0.00175143802165246,0.25,0.2994007945940008,0.04940079459400082,5,7.219008094065128,2.219008094065128,1.5,1.7445276656942308,0.2445276656942308,0.8,1.261193983034673,0.46119398303467296,2.7158348290779957,-0.7532324674981247,-1.1925821305300957,0.9379927133922068,1.0925821305300958,1.0925821305300958,-2,ok,CONVERGENCE: REL_REDUCTION_OF_F <= FACTR*EPSMCH,1010.412972;1e+12;1e+12;1010.415114;1e+12;1e+12;1010.417459;1e+12;1e+12;1010.42784;1e+12;1e+12;1010.417073;1e+12;1e+12;1010.416261;1e+12;1e+12;1010.370089;1e+12;1e+12;1010.417845;1e+12;1e+12;1010.411931;1e+12;1e+12;1010.413836;1e+12;1e+12;Inf;1e+12;1e+12;1010.365399;1e+12;1e+12;1010.417857;1e+12;1e+12
grid_n1500_est_r000_etaSrawm03_etaYrawp03_tau04_selMODERATE_nu6,grid_n1500,EST,14,1500,MODERATE,173,0.11533333333333332,0.6260434056761269,0.6373279667051683,-0.0112845610290414,-1011.9296280238624,2047.859256047725,2111.6179006928087,12,TRUE,TRUE,0,37,47735.051,4,3,0,-0.3,0.3,-0.3,0.3,0.4,0.4,6,2.8303753218798287,0.37632948660507576,0.678619836096723,-1.4925821305300957,1.4925821305300957,1.4925821305300957,4,-1.25,-1.767357202576741,-0.517357202576741,0.0375,0.01812421643215013,-0.01937578356784986,0.25,0.4197606386399597,0.16976063863995972,5,4.513973734625236,-0.4860262653747638,1.5,1.145961694743397,-0.35403830525660296,0.8,0.7965149404860907,-0.00348505951390931,-0.16962467812017137,0.37632948660507576,0.9786198360967232,-1.7925821305300955,1.0925821305300958,1.0925821305300958,-2,ok,CONVERGENCE: REL_REDUCTION_OF_F <= FACTR*EPSMCH,1011.930605;1e+12;1e+12;1012.000232;1e+12;1e+12;1011.931351;1e+12;1e+12;1012.006941;1e+12;1e+12;1011.929652;1e+12;1e+12;1012.000124;1e+12;1e+12;1011.992569;1e+12;1e+12;1011.931416;1e+12;1e+12;1011.934864;1e+12;1e+12;1011.992737;1e+12;1e+12;1011.92985;1e+12;1e+12;Inf;1e+12;1e+12;1011.929628;1e+12;1e+12
grid_n1500_est_r000_etaSrawm03_etaYrawp03_tau04_selMODERATE_nu6,grid_n1500,EST,15,1500,MODERATE,190,0.12666666666666668,0.6265664160401002,0.6373279667051683,-0.01076155066506812,-1064.421654974723,2152.843309949446,2216.6019545945296,12,TRUE,TRUE,0,25,37944.96000000001,4,3,0,-0.3,0.3,-0.3,0.3,0.4,0.4,6,2.139175628841938,0.33276279761077715,1.4925821305300957,1.0628685380862888,1.237242639886103,1.237242639886103,4,-1.25,-1.7763798025977875,-0.5263798025977875,0.0375,0.07019050281156468,0.03269050281156468,0.25,0.26755633008177376,0.01755633008177376,5,3.7463467952162137,-1.2536532047837865,1.5,1.224897545233331,-0.27510245476666895,0.8,0.951754780420722,0.15175478042072188,-0.8608243711580621,0.33276279761077715,1.7925821305300955,0.7628685380862887,0.8372426398861029,0.8372426398861029,-2,ok,CONVERGENCE: REL_REDUCTION_OF_F <= FACTR*EPSMCH,1064.426844;1e+12;1e+12;1064.421961;1e+12;1e+12;1064.423199;1e+12;1e+12;1064.422349;1e+12;1e+12;1064.425174;1e+12;1e+12;1064.422335;1e+12;1e+12;1064.686961;1e+12;1e+12;1064.422557;1e+12;1e+12;1064.421655;1e+12;1e+12;1064.686;1e+12;1e+12;1064.429213;1e+12;1e+12;1064.423744;1e+12;1e+12;1064.422115;1e+12;1e+12
grid_n1500_est_r000_etaSrawm03_etaYrawp03_tau04_selMODERATE_nu6,grid_n1500,EST,16,1500,MODERATE,180,0.12,0.6347862886161659,0.6373279667051683,-0.0025416780890024,-1046.491109644547,2116.9822192890933,2180.740863934177,12,TRUE,TRUE,0,34,46152.594000000005,4,3,0,-0.3,0.3,-0.3,0.3,0.4,0.4,6,2.739334042939521,-0.311757453249704,0.8480115177987709,1.4925821305300957,1.4925821305300957,1.4925821305300957,4,-1.25,-1.685206424127782,-0.435206424127782,0.0375,-0.01364038419224052,-0.05114038419224052,0.25,0.31597784069823953,0.06597784069823953,5,7.115695879437387,2.1156958794373866,1.5,1.6968095309535791,0.19680953095357911,0.8,0.7685691798171029,-0.03143082018289711,-0.2606659570604788,-0.311757453249704,1.1480115177987709,1.1925821305300957,1.0925821305300958,1.0925821305300958,-2,ok,CONVERGENCE: REL_REDUCTION_OF_F <= FACTR*EPSMCH,1046.492463;1e+12;1e+12;1046.491285;1e+12;1e+12;1046.491544;1e+12;1e+12;1046.491147;1e+12;1e+12;1047.550306;1e+12;1e+12;1046.491325;1e+12;1e+12;1046.491193;1e+12;1e+12;1047.557732;1e+12;1e+12;1046.491114;1e+12;1e+12;1046.492956;1e+12;1e+12;1047.555522;1e+12;1e+12;1046.49111;1e+12;1e+12;1046.496818;1e+12;1e+12
grid_n1500_est_r000_etaSrawm03_etaYrawp03_tau04_selMODERATE_nu6,grid_n1500,EST,17,1500,MODERATE,182,0.12133333333333332,0.6435006435006435,0.6373279667051683,0.00617267679547517,-1054.2932459299916,2132.586491859983,2196.345136505067,12,TRUE,TRUE,0,1,45641.202999999994,4,3,0,-0.3,0.3,-0.3,0.3,0.4,0.4,6,2.4407972602302324,0.21706687979674813,1.4925821305300957,-1.3098273996930454,1.4925821305300957,1.4925821305300957,4,-1.25,-1.7519616703413412,-0.5019616703413412,0.0375,0.06279730059348686,0.02529730059348686,0.25,0.2323215528455634,-0.01767844715443659,5,4.688095383463072,-0.31190461653692836,1.5,1.057109389667156,-0.4428906103328441,0.8,1.0140648219270605,0.21406482192706044,-0.5592027397697676,0.21706687979674813,1.7925821305300955,-1.6098273996930454,1.0925821305300958,1.0925821305300958,-2,ok,CONVERGENCE: REL_REDUCTION_OF_F <= FACTR*EPSMCH,1054.293246;1e+12;1e+12;1054.295294;1e+12;1e+12;1054.419949;1e+12;1e+12;1054.298209;1e+12;1e+12;1054.294959;1e+12;1e+12;1054.294024;1e+12;1e+12;1054.29458;1e+12;1e+12;1054.29521;1e+12;1e+12;1054.427119;1e+12;1e+12;1054.293408;1e+12;1e+12;1054.29515;1e+12;1e+12;Inf;1e+12;1e+12;1054.293427;1e+12;1e+12
grid_n1500_est_r000_etaSrawm03_etaYrawp03_tau04_selMODERATE_nu6,grid_n1500,EST,18,1500,MODERATE,174,0.116,0.6473888649115235,0.6373279667051683,0.01006089820635514,-1019.6141118124572,2063.228223624915,2126.986868269998,12,TRUE,TRUE,0,1,43735.65,4,3,0,-0.3,0.3,-0.3,0.3,0.4,0.4,6,2.679727860541379,0.04024599250052509,0.8868792273013479,1.4925821305300957,1.4925821305300957,1.4925821305300957,4,-1.25,-1.791088706341592,-0.5410887063415921,0.0375,0.04784738806256816,0.01034738806256815,0.25,0.39250190224430087,0.14250190224430087,5,5.935132762378182,0.9351327623781822,1.5,1.0962340467032947,-0.4037659532967053,0.8,0.4015011770734997,-0.3984988229265004,-0.3202721394586212,0.04024599250052509,1.186879227301348,1.1925821305300957,1.0925821305300958,1.0925821305300958,-2,ok,CONVERGENCE: REL_REDUCTION_OF_F <= FACTR*EPSMCH,1019.614112;1e+12;1e+12;1019.614565;1e+12;1e+12;1019.615065;1e+12;1e+12;1019.614277;1e+12;1e+12;1019.614592;1e+12;1e+12;1019.614478;1e+12;1e+12;1019.615263;1e+12;1e+12;1019.614183;1e+12;1e+12;1019.614426;1e+12;1e+12;1019.61414;1e+12;1e+12;1019.621134;1e+12;1e+12;1019.614709;1e+12;1e+12;1019.616214;1e+12;1e+12
grid_n1500_est_r000_etaSrawm03_etaYrawp03_tau04_selMODERATE_nu6,grid_n1500,EST,19,1500,MODERATE,163,0.10866666666666666,0.6268282490597576,0.6373279667051683,-0.01049971764541068,-963.0699092488358,1950.1398184976715,2013.8984631427552,12,TRUE,TRUE,0,34,39918.939,4,3,0,-0.3,0.3,-0.3,0.3,0.4,0.4,6,5.01161579784391,0.8365130666403726,-1.4919605857890257,-0.06709128095973119,1.4925821305300957,1.4925821305300957,4,-1.25,-0.8427067306115988,0.4072932693884011,0.0375,0.02948029652296409,-0.00801970347703591,0.25,0.19055778136744303,-0.05944221863255697,5,-0.02232862373005251,-5.022328623730052,1.5,1.896521485212156,0.3965214852121559,0.8,1.365447955401771,0.5654479554017711,2.01161579784391,0.8365130666403726,-1.1919605857890254,-0.3670912809597312,1.0925821305300958,1.0925821305300958,-2,ok,CONVERGENCE: REL_REDUCTION_OF_F <= FACTR*EPSMCH,963.071837;1e+12;1e+12;963.073833;1e+12;1e+12;963.074095;1e+12;1e+12;963.075434;1e+12;1e+12;963.598354;1e+12;1e+12;963.076179;1e+12;1e+12;963.0733;1e+12;1e+12;963.586889;1e+12;1e+12;963.588302;1e+12;1e+12;963.076064;1e+12;1e+12;963.58525;1e+12;1e+12;963.069909;1e+12;1e+12;963.074099;1e+12;1e+12
grid_n1500_est_r000_etaSrawm03_etaYrawp03_tau04_selMODERATE_nu6,grid_n1500,EST,20,1500,MODERATE,165,0.11,0.6412997007268063,0.6373279667051683,0.00397173402163797,-962.5620880097418,1949.1241760194837,2012.8828206645671,12,TRUE,TRUE,0,4,41297.507000000005,4,3,0,-0.3,0.3,-0.3,0.3,0.4,0.4,6,2.3881782895661696,-0.01280047295590512,0.804496714390769,1.4925821305300957,1.49020928433694,1.49020928433694,4,-1.25,-1.697060156457444,-0.4470601564574439,0.0375,0.02910758395550646,-0.00839241604449353,0.25,0.205498707692962,-0.044501292307038,5,5.681077255492579,0.6810772554925792,1.5,1.3205964528723964,-0.17940354712760365,0.8,0.6036057983248202,-0.19639420167517985,-0.6118217104338304,-0.01280047295590512,1.104496714390769,1.1925821305300957,1.09020928433694,1.09020928433694,-2,ok,CONVERGENCE: REL_REDUCTION_OF_F <= FACTR*EPSMCH,962.570315;1e+12;1e+12;962.562088;1e+12;1e+12;962.565059;1e+12;1e+12;962.567688;1e+12;1e+12;962.563585;1e+12;1e+12;962.562521;1e+12;1e+12;962.563998;1e+12;1e+12;962.563033;1e+12;1e+12;962.56249;1e+12;1e+12;962.563869;1e+12;1e+12;962.56325;1e+12;1e+12;962.570537;1e+12;1e+12;962.565858;1e+12;1e+12
grid_n1500_est_r000_etaSrawm03_etaYrawp03_tau04_selMODERATE_nu6,grid_n1500,EST,21,1500,MODERATE,166,0.11066666666666666,0.6294586655476291,0.6373279667051683,-0.00786930115753925,-986.6489220823496,1997.2978441646992,2061.056488809783,12,TRUE,TRUE,0,7,39089.17800000001,4,3,0,-0.3,0.3,-0.3,0.3,0.4,0.4,6,2.5890792368013047,-0.10399621608370016,1.4925821305300957,1.4730089565024935,1.4925821305300957,1.4925821305300957,4,-1.25,-1.8843958606173932,-0.6343958606173932,0.0375,0.05135650157702269,0.01385650157702269,0.25,0.35304725294321865,0.10304725294321863,5,5.995651957058508,0.9956519570585076,1.5,1.888015292580669,0.388015292580669,0.8,0.8559768676368464,0.05597686763684639,-0.4109207631986953,-0.10399621608370016,1.7925821305300955,1.1730089565024937,1.0925821305300958,1.0925821305300958,-2,ok,CONVERGENCE: REL_REDUCTION_OF_F <= FACTR*EPSMCH,986.729332;1e+12;1e+12;986.735388;1e+12;1e+12;986.648922;1e+12;1e+12;986.730269;1e+12;1e+12;986.650601;1e+12;1e+12;986.730915;1e+12;1e+12;986.727017;1e+12;1e+12;986.649737;1e+12;1e+12;986.651034;1e+12;1e+12;986.728746;1e+12;1e+12;987.556829;1e+12;1e+12;986.731671;1e+12;1e+12;986.735521;1e+12;1e+12
grid_n1500_est_r000_etaSrawm03_etaYrawp03_tau04_selMODERATE_nu6,grid_n1500,EST,22,1500,MODERATE,173,0.11533333333333332,0.6369426751592356,0.6373279667051683,-3.8529154593269777e-4,-1010.4239054356566,2044.8478108713132,2108.6064555163966,12,TRUE,TRUE,0,28,67764.769,4,3,0,-0.3,0.3,-0.3,0.3,0.4,0.4,6,6.130868141379008,-0.86218306732258565,-1.4925821305300957,1.1806821557660672,1.4925821305300957,1.4925821305300957,4,-1.25,-0.8771147441917831,0.37288525580821685,0.0375,0.01299635743614505,-0.02450364256385494,0.25,0.1614956832133136,-0.08850431678668641,5,9.93630729271782,4.936307292717821,1.5,1.382820541554202,-0.11717945844579812,0.8,0.8280502922749036,0.02805029227490352,3.1308681413790076,-0.86218306732258565,-1.1925821305300957,0.8806821557660671,1.0925821305300958,1.0925821305300958,-2,ok,CONVERGENCE: REL_REDUCTION_OF_F <= FACTR*EPSMCH,1010.426212;1e+12;1e+12;1010.424024;1e+12;1e+12;1010.42741;1e+12;1e+12;1010.428812;1e+12;1e+12;1010.47018;1e+12;1e+12;1010.426768;1e+12;1e+12;1010.425789;1e+12;1e+12;1010.424334;1e+12;1e+12;1010.462802;1e+12;1e+12;1010.423905;1e+12;1e+12;1010.466869;1e+12;1e+12;1010.427457;1e+12;1e+12;1010.429081;1e+12;1e+12
grid_n1500_est_r000_etaSrawm03_etaYrawp03_tau04_selMODERATE_nu6,grid_n1500,EST,23,1500,MODERATE,177,0.118,0.6216328222130129,0.6373279667051683,-0.01569514449215547,-1048.8325049968912,2121.6650099937824,2185.423654638866,12,TRUE,TRUE,0,10,35244.496,4,3,0,-0.3,0.3,-0.3,0.3,0.4,0.4,6,2.837451610131134,0.12749804145957735,0.8986712465015557,1.4925821305300957,1.479585901611478,1.479585901611478,4,-1.25,-1.6276154648892882,-0.3776154648892882,0.0375,0.05481446027803919,0.01731446027803919,0.25,0.13372913797190503,-0.11627086202809496,5,5.318612699723223,0.31861269972322326,1.5,2.088715511924884,0.5887155119248839,0.8,0.5733471291696244,-0.2266528708303757,-0.16254838986886622,0.12749804145957735,1.1986712465015557,1.1925821305300957,1.0795859016114782,1.0795859016114782,-2,ok,CONVERGENCE: REL_REDUCTION_OF_F <= FACTR*EPSMCH,1048.835581;1e+12;1e+12;1048.833527;1e+12;1e+12;1048.836699;1e+12;1e+12;1048.832505;1e+12;1e+12;1048.835078;1e+12;1e+12;1048.832913;1e+12;1e+12;1048.834711;1e+12;1e+12;1048.833843;1e+12;1e+12;1048.833824;1e+12;1e+12;1048.834567;1e+12;1e+12;1048.86864;1e+12;1e+12;1048.83444;1e+12;1e+12;1048.841358;1e+12;1e+12
grid_n1500_est_r000_etaSrawm03_etaYrawp03_tau04_selMODERATE_nu6,grid_n1500,EST,24,1500,MODERATE,177,0.118,0.631578947368421,0.6373279667051683,-0.00574901933674731,-1020.3713804840492,2064.7427609680985,2128.501405613182,12,TRUE,TRUE,0,4,47825.653999999995,4,3,0,-0.3,0.3,-0.3,0.3,0.4,0.4,6,5.643908254938453,-0.8193073869412414,-1.4925821305300957,1.2799003391335362,1.4925821305300957,1.4925821305300957,4,-1.25,-0.890001893967565,0.359998106032435,0.0375,0.01766964691331549,-0.0198303530866845,0.25,0.1866428954931158,-0.0633571045068842,5,8.43719915229814,3.43719915229814,1.5,1.1935578311151835,-0.30644216888481646,0.8,0.8605270677652553,0.06052706776525529,2.643908254938453,-0.8193073869412414,-1.1925821305300957,0.979900339133536,1.0925821305300958,1.0925821305300958,-2,ok,CONVERGENCE: REL_REDUCTION_OF_F <= FACTR*EPSMCH,1020.404738;1e+12;1e+12;1020.37138;1e+12;1e+12;1020.401051;1e+12;1e+12;1020.372582;1e+12;1e+12;1020.405202;1e+12;1e+12;1020.404708;1e+12;1e+12;1020.374506;1e+12;1e+12;1020.404752;1e+12;1e+12;1020.404973;1e+12;1e+12;1020.371573;1e+12;1e+12;1021.226925;1e+12;1e+12;Inf;1e+12;1e+12;1020.404372;1e+12;1e+12
grid_n1500_est_r000_etaSrawm03_etaYrawp03_tau04_selMODERATE_nu6,grid_n1500,EST,25,1500,MODERATE,175,0.11666666666666668,0.6479481641468683,0.6373279667051683,0.01062019744169995,-1016.9250386475264,2057.850077295053,2121.6087219401365,12,TRUE,TRUE,0,28,45931.495,4,3,0,-0.3,0.3,-0.3,0.3,0.4,0.4,6,3.133659312381101,0.2061284978321885,-1.4615100301267634,-0.22734243296533985,1.4925821305300957,1.4925821305300957,4,-1.25,-0.8477484727687251,0.4022515272312749,0.0375,0.04249645456400943,0.00499645456400943,0.25,0.23393269990363835,-0.01606730009636164,5,6.515338426760163,1.515338426760163,1.5,2.189350462030839,0.689350462030839,0.8,0.454829556947053,-0.345170443052947,0.13365931238110118,0.2061284978321885,-1.1615100301267631,-0.5273424329653398,1.0925821305300958,1.0925821305300958,-2,ok,CONVERGENCE: REL_REDUCTION_OF_F <= FACTR*EPSMCH,1016.925707;1e+12;1e+12;1016.925042;1e+12;1e+12;1016.928855;1e+12;1e+12;1016.926968;1e+12;1e+12;1016.928855;1e+12;1e+12;1016.925703;1e+12;1e+12;1016.927464;1e+12;1e+12;1016.929178;1e+12;1e+12;1016.925081;1e+12;1e+12;1016.925039;1e+12;1e+12;1017.208119;1e+12;1e+12;Inf;1e+12;1e+12;1016.926578;1e+12;1e+12
grid_n1500_est_r000_etaSrawm03_etaYrawp03_tau04_selMODERATE_nu6,grid_n1500,EST,26,1500,MODERATE,172,0.11466666666666668,0.6490696668109044,0.6373279667051683,0.01174170010573605,-1000.7626965742198,2025.5253931484397,2089.284037793523,12,TRUE,TRUE,0,4,36769.669,4,3,0,-0.3,0.3,-0.3,0.3,0.4,0.4,6,2.8691896357272384,0.14712490517473165,-1.4925821305300957,0.21131242363888147,1.4925821305300957,1.4925821305300957,4,-1.25,-0.789582732135546,0.460417267864454,0.0375,0.02706794442996963,-0.01043205557003037,0.25,0.14415598472950353,-0.10584401527049649,5,4.15837517944013,-0.8416248205598702,1.5,1.0975528110949604,-0.4024471889050396,0.8,1.058566251784419,0.25856625178441894,-0.1308103642727616,0.14712490517473165,-1.1925821305300957,-0.08868757636111851,1.0925821305300958,1.0925821305300958,-2,ok,CONVERGENCE: REL_REDUCTION_OF_F <= FACTR*EPSMCH,1000.76372;1e+12;1e+12;1000.762697;1e+12;1e+12;1000.915236;1e+12;1e+12;1000.762768;1e+12;1e+12;1000.917918;1e+12;1e+12;1000.762961;1e+12;1e+12;1000.772563;1e+12;1e+12;1000.912068;1e+12;1e+12;1000.912195;1e+12;1e+12;1000.76663;1e+12;1e+12;1000.917248;1e+12;1e+12;1000.763098;1e+12;1e+12;1000.764321;1e+12;1e+12
grid_n1500_est_r000_etaSrawm03_etaYrawp03_tau04_selMODERATE_nu6,grid_n1500,EST,27,1500,MODERATE,165,0.11,0.6345177664974619,0.6373279667051683,-0.00281020020770639,-986.1225799556436,1996.245159911287,2060.0038045563706,12,TRUE,TRUE,0,16,42314.843,4,3,0,-0.3,0.3,-0.3,0.3,0.4,0.4,6,2.7967270642505655,-0.4727439768370282,1.2330385208372607,1.489754315875876,1.492563547272082,1.492563547272082,4,-1.25,-1.790927011355533,-0.5409270113555329,0.0375,0.03115611477214858,-0.00634388522785141,0.25,0.25762802577432775,0.00762802577432775,5,7.894541000480413,2.8945410004804133,1.5,1.3628654220758811,-0.13713457792411887,0.8,1.1572745821598318,0.35727458215983177,-0.2032729357494345,-0.4727439768370282,1.5330385208372608,1.189754315875876,1.092563547272082,1.092563547272082,-2,ok,CONVERGENCE: REL_REDUCTION_OF_F <= FACTR*EPSMCH,986.208334;1e+12;1e+12;986.205871;1e+12;1e+12;986.207259;1e+12;1e+12;986.149308;1e+12;1e+12;986.205638;1e+12;1e+12;986.12258;1e+12;1e+12;986.812526;1e+12;1e+12;986.205473;1e+12;1e+12;986.207512;1e+12;1e+12;986.152553;1e+12;1e+12;986.207007;1e+12;1e+12;986.208257;1e+12;1e+12;986.207652;1e+12;1e+12
grid_n1500_est_r000_etaSrawm03_etaYrawp03_tau04_selMODERATE_nu6,grid_n1500,EST,28,1500,MODERATE,161,0.10733333333333334,0.6237006237006237,0.6373279667051683,-0.0136273430045446,-951.4264098343624,1926.8528196687248,1990.6114643138085,12,TRUE,TRUE,0,1,60224.681,4,3,0,-0.3,0.3,-0.3,0.3,0.4,0.4,6,7.5969786669963,0.9337580185931218,-1.4925821305300957,-0.8180896759186637,1.4925821305300957,1.4925821305300957,4,-1.25,-0.953850163382582,0.296149836617418,0.0375,0.03631564388097819,-0.00118435611902181,0.25,0.2921329213135662,0.04213292131356622,5,-0.6477169721249108,-5.647716972124911,1.5,1.7108170642961895,0.21081706429618952,0.8,0.7390624349652207,-0.06093756503477932,4.5969786669963,0.9337580185931218,-1.1925821305300957,-1.1180896759186636,1.0925821305300958,1.0925821305300958,-2,ok,CONVERGENCE: REL_REDUCTION_OF_F <= FACTR*EPSMCH,951.42641;1e+12;1e+12;951.43733;1e+12;1e+12;951.426435;1e+12;1e+12;951.4276;1e+12;1e+12;951.656277;1e+12;1e+12;951.429111;1e+12;1e+12;951.426613;1e+12;1e+12;951.657575;1e+12;1e+12;Inf;1e+12;1e+12;951.437093;1e+12;1e+12;951.655064;1e+12;1e+12;951.65553;1e+12;1e+12;951.426428;1e+12;1e+12
grid_n1500_est_r000_etaSrawm03_etaYrawp03_tau04_selMODERATE_nu6,grid_n1500,EST,29,1500,MODERATE,158,0.10533333333333332,0.628140703517588,0.6373279667051683,-0.00918726318758034,-943.8281494839426,1911.6562989678853,1975.414943612969,12,TRUE,TRUE,0,19,48089.473,4,3,0,-0.3,0.3,-0.3,0.3,0.4,0.4,6,6.413096844863619,-0.8918936165403825,-1.4925821305300957,0.5820170582812898,1.4728745775867833,1.4728745775867833,4,-1.25,-0.8885429076167801,0.3614570923832199,0.0375,0.01990928575732558,-0.01759071424267441,0.25,0.21095818463936736,-0.03904181536063264,5,10.47730964565391,5.477309645653911,1.5,1.9469776107902428,0.4469776107902428,0.8,0.9980933619805652,0.19809336198056504,3.4130968448636194,-0.8918936165403825,-1.1925821305300957,0.2820170582812898,1.0728745775867834,1.0728745775867834,-2,ok,CONVERGENCE: REL_REDUCTION_OF_F <= FACTR*EPSMCH,943.834272;1e+12;1e+12;943.829076;1e+12;1e+12;944.000515;1e+12;1e+12;943.83413;1e+12;1e+12;943.998511;1e+12;1e+12;943.830028;1e+12;1e+12;943.828149;1e+12;1e+12;943.99505;1e+12;1e+12;944.019967;1e+12;1e+12;943.831113;1e+12;1e+12;944.014974;1e+12;1e+12;Inf;1e+12;1e+12;943.831573;1e+12;1e+12
grid_n1500_est_r000_etaSrawm03_etaYrawp03_tau04_selMODERATE_nu6,grid_n1500,EST,30,1500,MODERATE,145,0.09666666666666666,0.6473888649115235,0.6373279667051683,0.01006089820635514,-871.89937336947,1767.79874673894,1831.5573913840235,12,TRUE,TRUE,0,7,51825.006,4,3,0,-0.3,0.3,-0.3,0.3,0.4,0.4,6,1.7359869366084064,0.464964653410447,1.4788465668761757,-0.483399577391165,-1.489598543517767,-1.489598543517767,4,-1.25,-3.0983227573840866,-1.8483227573840864,0.0375,0.05713111104448082,0.01963111104448082,0.25,0.4653864399235356,0.21538643992353557,5,3.0234504304560867,-1.9765495695439133,1.5,1.7119982571242756,0.21199825712427556,0.8,0.7592199360044929,-0.04078006399550715,-1.2640130633915936,0.464964653410447,1.7788465668761757,-0.7833995773911651,-1.8895985435177671,-1.8895985435177671,-2,ok,CONVERGENCE: REL_REDUCTION_OF_F <= FACTR*EPSMCH,871.905779;1e+12;1e+12;871.900931;1e+12;1e+12;871.899373;1e+12;1e+12;871.902201;1e+12;1e+12;871.90027;1e+12;1e+12;871.90161;1e+12;1e+12;871.900011;1e+12;1e+12;871.90513;1e+12;1e+12;871.90162;1e+12;1e+12;Inf;1e+12;1e+12;871.903262;1e+12;1e+12;871.909697;1e+12;1e+12;871.899835;1e+12;1e+12
grid_n1500_est_r000_etaSrawm03_etaYrawp03_tau04_selMODERATE_nu6,grid_n1500,EST,31,1500,MODERATE,148,0.09866666666666668,0.6443298969072165,0.6373279667051683,0.0070019302020482,-863.1363214087914,1750.272642817583,1814.0312874626663,12,TRUE,TRUE,0,13,33594.654,4,3,0,-0.3,0.3,-0.3,0.3,0.4,0.4,6,2.205328134714362,-0.3964512046120031,0.17752946837773315,1.4925821305300957,-1.4925821305300957,-1.4925821305300957,4,-1.25,-2.0455167313271527,-0.7955167313271527,0.0375,0.0862801997909599,0.0487801997909599,0.25,0.1321921222248633,-0.11780787777513672,5,5.306021000734479,0.3060210007344786,1.5,1.3517364970545942,-0.1482635029454058,0.8,0.7914441918045176,-0.0085558081954824,-0.7946718652856379,-0.3964512046120031,0.47752946837773314,1.1925821305300957,-1.8925821305300956,-1.8925821305300956,-2,ok,CONVERGENCE: REL_REDUCTION_OF_F <= FACTR*EPSMCH,863.140101;1e+12;1e+12;863.137743;1e+12;1e+12;863.140628;1e+12;1e+12;863.138281;1e+12;1e+12;863.136321;1e+12;1e+12;863.139551;1e+12;1e+12;863.157117;1e+12;1e+12;863.142866;1e+12;1e+12;863.141186;1e+12;1e+12;863.136671;1e+12;1e+12;863.137519;1e+12;1e+12;863.137105;1e+12;1e+12;863.138991;1e+12;1e+12
grid_n1500_est_r000_etaSrawm03_etaYrawp03_tau04_selMODERATE_nu6,grid_n1500,EST,32,1500,MODERATE,141,0.094,0.6329113924050633,0.6373279667051683,-0.004416574300105,-854.782206205004,1733.564412410008,1797.3230570550916,12,TRUE,TRUE,0,28,49407.886,4,3,0,-0.3,0.3,-0.3,0.3,0.4,0.4,6,3.1787158655284564,0.6384810302298468,0.5013718466187033,-1.4925821305300957,1.416857448084923,1.416857448084923,4,-1.25,-1.9775140475662527,-0.7275140475662527,0.0375,0.0486945570214689,0.0111945570214689,0.25,0.5085886118773157,0.25858861187731574,5,2.2933501198560955,-2.7066498801439045,1.5,1.661769952176121,0.1617699521761209,0.8,0.7697348982138291,-0.03026510178617092,0.17871586552845642,0.6384810302298468,0.8013718466187032,-1.7925821305300955,1.0168574480849228,1.0168574480849228,-2,ok,CONVERGENCE: REL_REDUCTION_OF_F <= FACTR*EPSMCH,854.782306;1e+12;1e+12;854.782227;1e+12;1e+12;854.822939;1e+12;1e+12;854.782378;1e+12;1e+12;854.841044;1e+12;1e+12;854.782515;1e+12;1e+12;854.782427;1e+12;1e+12;854.822219;1e+12;1e+12;854.842748;1e+12;1e+12;854.782206;1e+12;1e+12;854.784157;1e+12;1e+12;854.784211;1e+12;1e+12;854.78243;1e+12;1e+12
grid_n1500_est_r000_etaSrawm03_etaYrawp03_tau04_selMODERATE_nu6,grid_n1500,EST,33,1500,MODERATE,177,0.118,0.6396588486140725,0.6373279667051683,0.00233088190890418,-1024.372830103002,2072.745660206004,2136.504304851088,12,TRUE,TRUE,0,19,49914.544,4,3,0,-0.3,0.3,-0.3,0.3,0.4,0.4,6,5.334058169428477,0.822351387286683,-1.4925821305300957,-0.5748751883247933,1.4925821305300957,1.4925821305300957,4,-1.25,-0.8476812640680644,0.4023187359319356,0.0375,0.04436805119061948,0.00686805119061947,0.25,0.2089502220925394,-0.04104977790746059,5,2.603608469984202,-2.396391530015798,1.5,1.553111225133963,0.05311122513396293,0.8,0.9365597548867998,0.13655975488679972,2.334058169428477,0.822351387286683,-1.1925821305300957,-0.8748751883247934,1.0925821305300958,1.0925821305300958,-2,ok,CONVERGENCE: REL_REDUCTION_OF_F <= FACTR*EPSMCH,1024.375347;1e+12;1e+12;1024.374056;1e+12;1e+12;1024.375434;1e+12;1e+12;1024.3741;1e+12;1e+12;1024.377401;1e+12;1e+12;1024.375902;1e+12;1e+12;1024.37283;1e+12;1e+12;1024.373359;1e+12;1e+12;1024.374844;1e+12;1e+12;1024.380874;1e+12;1e+12;Inf;1e+12;1e+12;1024.375554;1e+12;1e+12;1024.374663;1e+12;1e+12
grid_n1500_est_r000_etaSrawm03_etaYrawp03_tau04_selMODERATE_nu6,grid_n1500,EST,34,1500,MODERATE,168,0.112,0.6339814032121724,0.6373279667051683,-0.00334656349299589,-973.4752752998186,1970.9505505996372,2034.7091952447208,12,TRUE,TRUE,0,28,44890.878,4,3,0,-0.3,0.3,-0.3,0.3,0.4,0.4,6,2.56827924474994,-0.03734451285803698,0.6651876760935351,1.4925821305300957,1.4925821305300957,1.4925821305300957,4,-1.25,-1.8096156886356445,-0.5596156886356443,0.0375,0.06682019612593786,0.02932019612593785,0.25,0.4383744836996365,0.18837448369963644,5,5.759430032415338,0.759430032415338,1.5,1.5086398204794456,0.00863982047944555,0.8,0.6899605391087356,-0.11003946089126448,-0.43172075525006015,-0.03734451285803698,0.9651876760935352,1.1925821305300957,1.0925821305300958,1.0925821305300958,-2,ok,CONVERGENCE: REL_REDUCTION_OF_F <= FACTR*EPSMCH,973.47578;1e+12;1e+12;973.477593;1e+12;1e+12;973.480306;1e+12;1e+12;973.47539;1e+12;1e+12;973.475555;1e+12;1e+12;973.475319;1e+12;1e+12;973.483475;1e+12;1e+12;973.475372;1e+12;1e+12;973.475445;1e+12;1e+12;973.475275;1e+12;1e+12;973.476698;1e+12;1e+12;973.475468;1e+12;1e+12;973.478946;1e+12;1e+12
grid_n1500_est_r000_etaSrawm03_etaYrawp03_tau04_selMODERATE_nu6,grid_n1500,EST,35,1500,MODERATE,159,0.106,0.6291946308724832,0.6373279667051683,-0.00813333583268516,-943.8127478500872,1911.6254957001745,1975.3841403452584,12,TRUE,TRUE,0,7,49931.487,4,3,0,-0.3,0.3,-0.3,0.3,0.4,0.4,6,5.795514309820113,0.8192893257510743,-1.4925821305300957,-1.4925821305300957,1.0632692119655849,1.0632692119655849,4,-1.25,-0.8918219708002432,0.35817802919975683,0.0375,0.03145196989623426,-0.00604803010376574,0.25,0.14803816718817744,-0.10196183281182256,5,2.9586547806153485,-2.0413452193846515,1.5,1.0413874857446244,-0.4586125142553757,0.8,1.0636818849899614,0.26368188498996137,2.7955143098201134,0.8192893257510743,-1.1925821305300957,-1.7925821305300955,0.6632692119655846,0.6632692119655846,-2,ok,CONVERGENCE: REL_REDUCTION_OF_F <= FACTR*EPSMCH,943.814189;1e+12;1e+12;943.812935;1e+12;1e+12;943.812748;1e+12;1e+12;943.820835;1e+12;1e+12;943.812803;1e+12;1e+12;943.812822;1e+12;1e+12;943.813621;1e+12;1e+12;943.81276;1e+12;1e+12;943.812856;1e+12;1e+12;943.813127;1e+12;1e+12;Inf;1e+12;1e+12;943.823642;1e+12;1e+12;943.812788;1e+12;1e+12
grid_n1500_est_r000_etaSrawm03_etaYrawp03_tau04_selMODERATE_nu6,grid_n1500,EST,36,1500,MODERATE,180,0.12,0.6374840628984275,0.6373279667051683,1.560961932591809e-4,-1057.2704392927158,2138.5408785854315,2202.299523230515,12,TRUE,TRUE,0,28,52242.504,4,3,0,-0.3,0.3,-0.3,0.3,0.4,0.4,6,6.535977813885605,-0.8422986131409648,-1.4925817187361492,1.4925821305300957,0.9290299991782393,0.9290299991782393,4,-1.25,-0.768236237267372,0.481763762732628,0.0375,0.0239055949633672,-0.01359440503663279,0.25,0.09527161476508685,-0.15472838523491317,5,8.884547476166604,3.884547476166604,1.5,1.761440314385227,0.2614403143852271,0.8,0.5643970318966446,-0.23560296810335543,3.535977813885605,-0.8422986131409648,-1.1925817187361492,1.1925821305300957,0.5290299991782391,0.5290299991782391,-2,ok,CONVERGENCE: REL_REDUCTION_OF_F <= FACTR*EPSMCH,1057.273864;1e+12;1e+12;1057.270494;1e+12;1e+12;1057.271195;1e+12;1e+12;1057.287643;1e+12;1e+12;1057.270553;1e+12;1e+12;1057.276661;1e+12;1e+12;1057.293721;1e+12;1e+12;1057.2707;1e+12;1e+12;1057.522858;1e+12;1e+12;1057.270439;1e+12;1e+12;1057.457227;1e+12;1e+12;1057.270445;1e+12;1e+12;1057.270566;1e+12;1e+12
grid_n1500_est_r000_etaSrawm03_etaYrawp03_tau04_selMODERATE_nu6,grid_n1500,EST,37,1500,MODERATE,178,0.11866666666666668,0.6297229219143576,0.6373279667051683,-0.0076050447908107,-1043.3922127931294,2110.7844255862587,2174.5430702313424,12,TRUE,TRUE,0,1,43200.652,4,3,0,-0.3,0.3,-0.3,0.3,0.4,0.4,6,5.52050141710008,-0.7100358019320298,-1.4925821305300957,1.4925821305300957,1.4925821305300957,1.4925821305300957,4,-1.25,-0.9454222392939148,0.3045777607060851,0.0375,0.02533662038653197,-0.01216337961346802,0.25,0.24536259718776457,-0.00463740281223543,5,6.89662796610162,1.8966279661016197,1.5,1.1316751607617308,-0.3683248392382692,0.8,0.8964812213730033,0.0964812213730033,2.52050141710008,-0.7100358019320298,-1.1925821305300957,1.1925821305300957,1.0925821305300958,1.0925821305300958,-2,ok,CONVERGENCE: REL_REDUCTION_OF_F <= FACTR*EPSMCH,1043.392213;1e+12;1e+12;1043.42655;1e+12;1e+12;1043.422585;1e+12;1e+12;1043.423764;1e+12;1e+12;1043.393062;1e+12;1e+12;1043.425403;1e+12;1e+12;1043.424349;1e+12;1e+12;1043.3937;1e+12;1e+12;1043.430209;1e+12;1e+12;1043.416327;1e+12;1e+12;1043.417886;1e+12;1e+12;1043.42936;1e+12;1e+12;Inf;1e+12;1e+12
grid_n1500_est_r000_etaSrawm03_etaYrawp03_tau04_selMODERATE_nu6,grid_n1500,EST,38,1500,MODERATE,156,0.104,0.6429489927132448,0.6373279667051683,0.00562102600807645,-924.0861344117824,1872.1722688235648,1935.9309134686484,12,TRUE,TRUE,0,25,43200.652,4,3,0,-0.3,0.3,-0.3,0.3,0.4,0.4,6,5.46711844643042,0.8559092277522857,-1.4925821305300957,-1.4924397727109295,-1.3886623401151912,-1.3886623401151912,4,-1.25,-0.5050693902718788,0.7449306097281212,0.0375,0.021522920730455,-0.01597707926954499,0.25,0.1880881573111389,-0.0619118426888611,5,6.5383008264031615,1.5383008264031617,1.5,1.9629060534631844,0.4629060534631843,0.8,1.1074937958260678,0.30749379582606773,2.46711844643042,0.8559092277522857,-1.1925821305300957,-1.7924397727109296,-1.788662340115191,-1.788662340115191,-2,ok,CONVERGENCE: REL_REDUCTION_OF_F <= FACTR*EPSMCH,924.086848;1e+12;1e+12;924.08632;1e+12;1e+12;924.099403;1e+12;1e+12;924.088656;1e+12;1e+12;924.087739;1e+12;1e+12;924.095318;1e+12;1e+12;924.086306;1e+12;1e+12;924.114722;1e+12;1e+12;924.086134;1e+12;1e+12;924.087303;1e+12;1e+12;924.506291;1e+12;1e+12;924.089687;1e+12;1e+12;Inf;1e+12;1e+12
grid_n1500_est_r000_etaSrawm03_etaYrawp03_tau04_selMODERATE_nu6,grid_n1500,EST,39,1500,MODERATE,182,0.12133333333333332,0.6294586655476291,0.6373279667051683,-0.00786930115753925,-1045.6886364013164,2115.377272802633,2179.135917447717,12,TRUE,TRUE,0,7,32490.545,4,3,0,-0.3,0.3,-0.3,0.3,0.4,0.4,6,3.625840606585089,-0.579613225052713,-1.4925821305300957,0.3341723740599674,1.4925821305300957,1.4925821305300957,4,-1.25,-0.7300416928299056,0.5199583071700944,0.0375,0.03939157403040975,0.00189157403040975,0.25,0.07540485910685522,-0.17459514089314476,5,7.301085494443766,2.3010854944437664,1.5,1.8906519891728728,0.3906519891728728,0.8,0.9153600483870652,0.11536004838706516,0.625840606585089,-0.579613225052713,-1.1925821305300957,0.03417237405996742,1.0925821305300958,1.0925821305300958,-2,ok,CONVERGENCE: REL_REDUCTION_OF_F <= FACTR*EPSMCH,1045.692606;1e+12;1e+12;1045.693509;1e+12;1e+12;1045.688636;1e+12;1e+12;1045.692216;1e+12;1e+12;1045.86846;1e+12;1e+12;1045.697388;1e+12;1e+12;1045.691471;1e+12;1e+12;1046.121446;1e+12;1e+12;1045.868231;1e+12;1e+12;1045.694328;1e+12;1e+12;1046.123509;1e+12;1e+12;1045.690372;1e+12;1e+12;1045.694991;1e+12;1e+12
grid_n1500_est_r000_etaSrawm03_etaYrawp03_tau04_selMODERATE_nu6,grid_n1500,EST,40,1500,MODERATE,155,0.10333333333333332,0.6307821698906644,0.6373279667051683,-0.00654579681450395,-912.1548423371756,1848.309684674351,1912.0683293194347,12,TRUE,TRUE,0,28,57959.094000000005,4,3,0,-0.3,0.3,-0.3,0.3,0.4,0.4,6,2.7373944274671755,0.572841423112451,0.6425471111322669,-1.4925821305300957,1.4911983527167023,1.4911983527167023,4,-1.25,-1.8701415282802785,-0.6201415282802785,0.0375,0.01118505058919752,-0.02631494941080247,0.25,0.4483473567256152,0.1983473567256152,5,2.896358076808971,-2.103641923191029,1.5,1.6675620147039492,0.16756201470394916,0.8,0.7648096881703543,-0.03519031182964571,-0.26260557253282446,0.572841423112451,0.942547111132267,-1.7925821305300955,1.0911983527167024,1.0911983527167024,-2,ok,CONVERGENCE: REL_REDUCTION_OF_F <= FACTR*EPSMCH,912.155522;1e+12;1e+12;912.157612;1e+12;1e+12;912.155105;1e+12;1e+12;912.155157;1e+12;1e+12;912.156877;1e+12;1e+12;912.157311;1e+12;1e+12;912.522184;1e+12;1e+12;912.157515;1e+12;1e+12;912.287317;1e+12;1e+12;912.154842;1e+12;1e+12;912.15612;1e+12;1e+12;912.15841;1e+12;1e+12;912.158419;1e+12;1e+12
grid_n1500_est_r000_etaSrawm03_etaYrawp03_tau04_selMODERATE_nu6,grid_n1500,EST,41,1500,MODERATE,173,0.11533333333333332,0.6329113924050633,0.6373279667051683,-0.004416574300105,-1026.659929932444,2077.319859864888,2141.0785045099715,12,TRUE,TRUE,0,1,41811.899000000005,4,3,0,-0.3,0.3,-0.3,0.3,0.4,0.4,6,3.5779653910522677,-0.46793900351427753,-1.4925821305300957,0.12694631823630462,1.4925821305300957,1.4925821305300957,4,-1.25,-0.772956842313586,0.477043157686414,0.0375,0.0144870894744844,-0.0230129105255156,0.25,0.1325027868351473,-0.1174972131648527,5,7.519400817859438,2.519400817859438,1.5,0.7295676592699893,-0.7704323407300107,0.8,0.7426119223879646,-0.05738807761203546,0.5779653910522677,-0.46793900351427753,-1.1925821305300957,-0.17305368176369537,1.0925821305300958,1.0925821305300958,-2,ok,CONVERGENCE: REL_REDUCTION_OF_F <= FACTR*EPSMCH,1026.65993;1e+12;1e+12;1026.679688;1e+12;1e+12;1026.684562;1e+12;1e+12;1026.678813;1e+12;1e+12;1026.670765;1e+12;1e+12;1026.668063;1e+12;1e+12;1026.682128;1e+12;1e+12;1026.678338;1e+12;1e+12;1026.661657;1e+12;1e+12;1026.665143;1e+12;1e+12;1026.674839;1e+12;1e+12;1026.686008;1e+12;1e+12;1026.668973;1e+12;1e+12
grid_n1500_est_r000_etaSrawm03_etaYrawp03_tau04_selMODERATE_nu6,grid_n1500,EST,42,1500,MODERATE,175,0.11666666666666668,0.6516072980017377,0.6373279667051683,0.014279331296569331,-1033.6443150919324,2091.288630183865,2155.0472748289485,12,TRUE,TRUE,0,31,47752.858,4,3,0,-0.3,0.3,-0.3,0.3,0.4,0.4,6,2.547417992969007,0.1493108489169514,1.4925821305300957,1.3060242016171713,1.4925821305300957,1.4925821305300957,4,-1.25,-1.8110593524683127,-0.5610593524683127,0.0375,0.02918566800903522,-0.00831433199096477,0.25,0.31546350593365247,0.06546350593365247,5,4.649738505739823,-0.3502614942601774,1.5,1.522718135756114,0.02271813575611392,0.8,0.672405573202418,-0.12759442679758204,-0.4525820070309931,0.1493108489169514,1.7925821305300955,1.0060242016171712,1.0925821305300958,1.0925821305300958,-2,ok,CONVERGENCE: REL_REDUCTION_OF_F <= FACTR*EPSMCH,1033.646209;1e+12;1e+12;1033.650021;1e+12;1e+12;1033.646448;1e+12;1e+12;1033.912119;1e+12;1e+12;1033.64588;1e+12;1e+12;1033.909992;1e+12;1e+12;1033.912909;1e+12;1e+12;1033.644332;1e+12;1e+12;1033.644585;1e+12;1e+12;1033.908987;1e+12;1e+12;1033.644315;1e+12;1e+12;1033.645133;1e+12;1e+12;1033.909764;1e+12;1e+12
grid_n1500_est_r000_etaSrawm03_etaYrawp03_tau04_selMODERATE_nu6,grid_n1500,EST,43,1500,MODERATE,153,0.102,0.6599208095028597,0.6373279667051683,0.02259284279769136,-914.2367553195252,1852.47351063905,1916.2321552841336,12,TRUE,TRUE,0,10,45762.829,4,3,0,-0.3,0.3,-0.3,0.3,0.4,0.4,6,1.6760213393671757,0.3760310935390932,0.01818086906974306,-0.00604303487908106,-1.409720552609763,-1.409720552609763,4,-1.25,-2.312205621235233,-1.062205621235233,0.0375,0.04045765945465238,0.00295765945465237,0.25,0.44668025112555226,0.19668025112555224,5,4.483221698325672,-0.5167783016743277,1.5,1.262118770082843,-0.23788122991715732,0.8,0.5122143757116306,-0.2877856242883694,-1.3239786606328243,0.3760310935390932,0.3181808690697431,-0.3060430348790811,-1.8097205526097628,-1.8097205526097628,-2,ok,CONVERGENCE: REL_REDUCTION_OF_F <= FACTR*EPSMCH,914.239654;1e+12;1e+12;914.239162;1e+12;1e+12;914.239508;1e+12;1e+12;914.236755;1e+12;1e+12;914.237079;1e+12;1e+12;914.237562;1e+12;1e+12;914.24218;1e+12;1e+12;914.242865;1e+12;1e+12;914.239772;1e+12;1e+12;914.237248;1e+12;1e+12;914.253244;1e+12;1e+12;Inf;1e+12;1e+12;914.245304;1e+12;1e+12
grid_n1500_est_r000_etaSrawm03_etaYrawp03_tau04_selMODERATE_nu6,grid_n1500,EST,44,1500,MODERATE,171,0.114,0.6366723259762309,0.6373279667051683,-6.556407289374233e-4,-1009.5605476535766,2043.1210953071532,2106.879739952237,12,TRUE,TRUE,0,19,43200.677,4,3,0,-0.3,0.3,-0.3,0.3,0.4,0.4,6,2.8722223302072667,0.0170514942552357,0.6829350484837188,1.4925821305300957,1.4925821305300957,1.4925821305300957,4,-1.25,-1.684620155086541,-0.43462015508654095,0.0375,0.06772519067847545,0.03022519067847545,0.25,0.2257333767727054,-0.02426662322729461,5,4.000044697367222,-0.9999553026327784,1.5,1.9909528986974097,0.49095289869740966,0.8,0.9590464696447266,0.15904646964472657,-0.1277776697927333,0.0170514942552357,0.9829350484837188,1.1925821305300957,1.0925821305300958,1.0925821305300958,-2,ok,CONVERGENCE: REL_REDUCTION_OF_F <= FACTR*EPSMCH,1009.560579;1e+12;1e+12;1009.562177;1e+12;1e+12;1009.560812;1e+12;1e+12;1009.562963;1e+12;1e+12;1009.560592;1e+12;1e+12;1009.560755;1e+12;1e+12;1009.560548;1e+12;1e+12;1009.562281;1e+12;1e+12;1009.562137;1e+12;1e+12;1009.561452;1e+12;1e+12;1009.561192;1e+12;1e+12;1009.562548;1e+12;1e+12;Inf;1e+12;1e+12
grid_n1500_est_r000_etaSrawm03_etaYrawp03_tau04_selMODERATE_nu6,grid_n1500,EST,45,1500,MODERATE,170,0.11333333333333331,0.6268282490597576,0.6373279667051683,-0.01049971764541068,-983.125292705352,1990.2505854107037,2054.009230055787,12,TRUE,TRUE,0,31,32641.203,4,3,0,-0.3,0.3,-0.3,0.3,0.4,0.4,6,2.3167898838425103,0.22051028719159865,1.4812063385625585,1.4925821305300957,1.4925821305300957,1.4925821305300957,4,-1.25,-1.909661662368576,-0.659661662368576,0.0375,0.0513336363188695,0.0138336363188695,0.25,0.4082922030776705,0.15829220307767045,5,4.305138606712183,-0.6948613932878169,1.5,1.3821549367888808,-0.1178450632111192,0.8,0.904765797827671,0.10476579782767093,-0.6832101161574897,0.22051028719159865,1.7812063385625585,1.1925821305300957,1.0925821305300958,1.0925821305300958,-2,ok,CONVERGENCE: REL_REDUCTION_OF_F <= FACTR*EPSMCH,983.125822;1e+12;1e+12;983.126012;1e+12;1e+12;983.125781;1e+12;1e+12;983.125705;1e+12;1e+12;983.125384;1e+12;1e+12;983.125456;1e+12;1e+12;983.125508;1e+12;1e+12;983.125373;1e+12;1e+12;983.125437;1e+12;1e+12;983.125335;1e+12;1e+12;983.125293;1e+12;1e+12;983.127166;1e+12;1e+12;983.125328;1e+12;1e+12
grid_n1500_est_r000_etaSrawm03_etaYrawp03_tau04_selMODERATE_nu6,grid_n1500,EST,46,1500,MODERATE,146,0.09733333333333331,0.6109979633401222,0.6373279667051683,-0.02633000336504609,-867.465254415119,1758.930508830238,1822.6891534753215,12,TRUE,TRUE,0,22,52623.774000000005,4,3,0,-0.3,0.3,-0.3,0.3,0.4,0.4,6,3.390589644051915,-0.5636806304934114,-1.4925821305300957,0.3280670985445187,1.4925821305300957,1.4925821305300957,4,-1.25,-0.9948120146939876,0.2551879853060124,0.0375,0.01688757317502929,-0.02061242682497071,0.25,0.35982645101569244,0.10982645101569244,5,6.38198718086418,1.3819871808641802,1.5,2.011041447996982,0.5110414479969818,0.8,1.1909421609909598,0.3909421609909598,0.3905896440519152,-0.5636806304934114,-1.1925821305300957,0.02806709854451872,1.0925821305300958,1.0925821305300958,-2,ok,CONVERGENCE: REL_REDUCTION_OF_F <= FACTR*EPSMCH,867.473778;1e+12;1e+12;867.470266;1e+12;1e+12;867.473667;1e+12;1e+12;867.476439;1e+12;1e+12;867.465715;1e+12;1e+12;867.470184;1e+12;1e+12;867.465375;1e+12;1e+12;867.465254;1e+12;1e+12;867.466908;1e+12;1e+12;Inf;1e+12;1e+12;867.68287;1e+12;1e+12;867.468599;1e+12;1e+12;867.471532;1e+12;1e+12
grid_n1500_est_r000_etaSrawm03_etaYrawp03_tau04_selMODERATE_nu6,grid_n1500,EST,47,1500,MODERATE,157,0.10466666666666669,0.6429489927132448,0.6373279667051683,0.00562102600807645,-936.6233481840208,1897.2466963680415,1961.0053410131252,12,TRUE,TRUE,0,28,45363.785,4,3,0,-0.3,0.3,-0.3,0.3,0.4,0.4,6,3.1891714599894003,-0.45159577081648217,0.17462723701133154,1.4925821305300957,1.4925821305300957,1.4925821305300957,4,-1.25,-1.6750538209704615,-0.42505382097046174,0.0375,0.05924754355771997,0.02174754355771997,0.25,0.319835480224603,0.06983548022460301,5,8.053266228526372,3.053266228526372,1.5,1.4437288036843594,-0.05627119631564059,0.8,0.6592592903775025,-0.14074070962249752,0.18917145998940033,-0.45159577081648217,0.4746272370113315,1.1925821305300957,1.0925821305300958,1.0925821305300958,-2,ok,CONVERGENCE: REL_REDUCTION_OF_F <= FACTR*EPSMCH,936.623514;1e+12;1e+12;936.624337;1e+12;1e+12;936.623415;1e+12;1e+12;936.627944;1e+12;1e+12;936.626636;1e+12;1e+12;936.623614;1e+12;1e+12;936.624873;1e+12;1e+12;936.624035;1e+12;1e+12;936.625965;1e+12;1e+12;936.623348;1e+12;1e+12;936.625577;1e+12;1e+12;Inf;1e+12;1e+12;936.638225;1e+12;1e+12
grid_n1500_est_r000_etaSrawm03_etaYrawp03_tau04_selMODERATE_nu6,grid_n1500,EST,48,1500,MODERATE,179,0.11933333333333332,0.6273525721455459,0.6373279667051683,-0.00997539455962248,-1039.9913136033852,2103.9826272067703,2167.741271851854,12,TRUE,TRUE,0,1,40792.251,4,3,0,-0.3,0.3,-0.3,0.3,0.4,0.4,6,2.4349738224741007,0.11965012805280396,1.4925821305300957,1.3153633964719074,1.4925821305300957,1.4925821305300957,4,-1.25,-1.8235091430326669,-0.5735091430326669,0.0375,0.05838794943948933,0.02088794943948933,0.25,0.33226148011912765,0.08226148011912765,5,4.903609247175678,-0.0963907528243224,1.5,1.8691562952434653,0.36915629524346527,0.8,1.1295598626130463,0.3295598626130465,-0.5650261775258993,0.11965012805280396,1.7925821305300955,1.015363396471907,1.0925821305300958,1.0925821305300958,-2,ok,CONVERGENCE: REL_REDUCTION_OF_F <= FACTR*EPSMCH,1039.991314;1e+12;1e+12;1040.159931;1e+12;1e+12;1039.998073;1e+12;1e+12;1040.15256;1e+12;1e+12;1039.993354;1e+12;1e+12;1040.1653;1e+12;1e+12;1040.157593;1e+12;1e+12;1039.993501;1e+12;1e+12;1039.992594;1e+12;1e+12;1040.159448;1e+12;1e+12;1040.181627;1e+12;1e+12;1040.008847;1e+12;1e+12;1040.154754;1e+12;1e+12
grid_n1500_est_r000_etaSrawm03_etaYrawp03_tau04_selMODERATE_nu6,grid_n1500,EST,49,1500,MODERATE,162,0.108,0.629987400251995,0.6373279667051683,-0.00734056645317338,-963.5097943987836,1951.0195887975672,2014.778233442651,12,TRUE,TRUE,0,37,41880.128,4,3,0,-0.3,0.3,-0.3,0.3,0.4,0.4,6,2.560694042357873,-0.20237488877257084,1.3852082265499157,1.4925821305300957,1.4925821305300957,1.4925821305300957,4,-1.25,-1.983283116723647,-0.7332831167236473,0.0375,0.04301802570224766,0.00551802570224766,0.25,0.488296535428491,0.238296535428491,5,7.394902998006298,2.394902998006298,1.5,1.170979380705397,-0.329020619294603,0.8,0.6702448987816413,-0.12975510121835876,-0.439305957642127,-0.20237488877257084,1.6852082265499155,1.1925821305300957,1.0925821305300958,1.0925821305300958,-2,ok,CONVERGENCE: REL_REDUCTION_OF_F <= FACTR*EPSMCH,963.511638;1e+12;1e+12;963.513232;1e+12;1e+12;963.516137;1e+12;1e+12;963.511282;1e+12;1e+12;963.862522;1e+12;1e+12;963.514644;1e+12;1e+12;963.509825;1e+12;1e+12;963.861113;1e+12;1e+12;963.516138;1e+12;1e+12;963.510495;1e+12;1e+12;963.861849;1e+12;1e+12;963.511952;1e+12;1e+12;963.509794;1e+12;1e+12
grid_n1500_est_r000_etaSrawm03_etaYrawp03_tau04_selMODERATE_nu6,grid_n1500,EST,50,1500,MODERATE,190,0.12666666666666668,0.6294586655476291,0.6373279667051683,-0.00786930115753925,-1095.2716998366595,2214.543399673319,2278.3020443184027,12,TRUE,TRUE,0,31,43200.664,4,3,0,-0.3,0.3,-0.3,0.3,0.4,0.4,6,4.133756183201812,0.6084922698596406,-1.4925821305300957,-0.5750602341931106,1.4925821305300957,1.4925821305300957,4,-1.25,-0.7942028550846064,0.4557971449153936,0.0375,0.03565493022996766,-0.00184506977003233,0.25,0.19131988375922132,-0.05868011624077868,5,4.979327212870819,-0.02067278712918074,1.5,1.2476304295420857,-0.2523695704579143,0.8,0.8498879163639019,0.04988791636390188,1.133756183201812,0.6084922698596406,-1.1925821305300957,-0.8750602341931106,1.0925821305300958,1.0925821305300958,-2,ok,CONVERGENCE: REL_REDUCTION_OF_F <= FACTR*EPSMCH,1095.279114;1e+12;1e+12;1095.281177;1e+12;1e+12;1095.275462;1e+12;1e+12;1095.280476;1e+12;1e+12;1095.272572;1e+12;1e+12;1095.281158;1e+12;1e+12;1095.280243;1e+12;1e+12;1095.274134;1e+12;1e+12;1095.272888;1e+12;1e+12;1095.279043;1e+12;1e+12;1095.2717;1e+12;1e+12;1095.278765;1e+12;1e+12;Inf;1e+12;1e+12
grid_n1500_est_r000_etaSrawm03_etaYrawp03_tau04_selMODERATE_nu6,grid_n1500,EST,51,1500,MODERATE,157,0.10466666666666669,0.6499133448873483,0.6373279667051683,0.01258537818217997,-936.1107542328904,1896.2215084657803,1959.980153110864,12,TRUE,TRUE,0,19,45414.056,4,3,0,-0.3,0.3,-0.3,0.3,0.4,0.4,6,2.6695631472663135,0.4880365055212957,1.070122273930023,-1.4925821305300957,1.4779878674814089,1.4779878674814089,4,-1.25,-1.8937812796812263,-0.6437812796812263,0.0375,0.05327162779495304,0.01577162779495304,0.25,0.35906594406268655,0.10906594406268656,5,2.8033903165505065,-2.1966096834494935,1.5,1.2272776508147345,-0.2727223491852657,0.8,0.8912646579977508,0.09126465799775074,-0.3304368527336865,0.4880365055212957,1.3701222739300227,-1.7925821305300955,1.0779878674814087,1.0779878674814087,-2,ok,CONVERGENCE: REL_REDUCTION_OF_F <= FACTR*EPSMCH,936.112157;1e+12;1e+12;936.113597;1e+12;1e+12;936.119497;1e+12;1e+12;936.111453;1e+12;1e+12;936.655926;1e+12;1e+12;936.112884;1e+12;1e+12;936.110754;1e+12;1e+12;936.654365;1e+12;1e+12;936.128635;1e+12;1e+12;936.111013;1e+12;1e+12;936.655214;1e+12;1e+12;936.112627;1e+12;1e+12;936.111618;1e+12;1e+12
grid_n1500_est_r000_etaSrawm03_etaYrawp03_tau04_selMODERATE_nu6,grid_n1500,EST,52,1500,MODERATE,156,0.104,0.6388415672913118,0.6373279667051683,0.00151360058614347,-919.2384210452328,1862.4768420904657,1926.235486735549,12,TRUE,TRUE,0,10,54638.739,4,3,0,-0.3,0.3,-0.3,0.3,0.4,0.4,6,5.441493659541009,0.8625733255340804,-1.4925821305300957,-0.6100628796443331,1.4925821305300957,1.4925821305300957,4,-1.25,-0.890508866563752,0.35949113343624794,0.0375,0.00527582005372021,-0.03222417994627979,0.25,0.21248382765057733,-0.03751617234942267,5,2.12476035361459,-2.87523964638541,1.5,1.252744106011505,-0.247255893988495,0.8,0.5999993606049037,-0.2000006393950964,2.441493659541009,0.8625733255340804,-1.1925821305300957,-0.9100628796443332,1.0925821305300958,1.0925821305300958,-2,ok,CONVERGENCE: REL_REDUCTION_OF_F <= FACTR*EPSMCH,919.242329;1e+12;1e+12;919.242742;1e+12;1e+12;919.238449;1e+12;1e+12;919.238421;1e+12;1e+12;919.41494;1e+12;1e+12;919.239102;1e+12;1e+12;919.24605;1e+12;1e+12;919.409554;1e+12;1e+12;919.418115;1e+12;1e+12;919.245046;1e+12;1e+12;919.41263;1e+12;1e+12;919.238436;1e+12;1e+12;919.240545;1e+12;1e+12
grid_n1500_est_r000_etaSrawm03_etaYrawp03_tau04_selMODERATE_nu6,grid_n1500,EST,53,1500,MODERATE,179,0.11933333333333332,0.6385696040868455,0.6373279667051683,0.00124163738167715,-1031.5351190170445,2087.070238034089,2150.8288826791727,12,TRUE,TRUE,0,16,46513.560000000005,4,3,0,-0.3,0.3,-0.3,0.3,0.4,0.4,6,2.4773252483007626,-0.6347325562115375,1.4810566277791075,0.7897053401610383,1.4925821305300957,1.4925821305300957,4,-1.25,-1.7616564374847965,-0.5116564374847965,0.0375,0.00860022266936506,-0.02889977733063493,0.25,0.29496792267903593,0.04496792267903593,5,8.699029052218915,3.699029052218915,1.5,1.1372746020763298,-0.3627253979236702,0.8,1.103197929792102,0.3031979297921019,-0.5226747516992374,-0.6347325562115375,1.7810566277791078,0.48970534016103834,1.0925821305300958,1.0925821305300958,-2,ok,CONVERGENCE: REL_REDUCTION_OF_F <= FACTR*EPSMCH,1031.628121;1e+12;1e+12;1031.658099;1e+12;1e+12;1031.626324;1e+12;1e+12;1031.536913;1e+12;1e+12;1031.624693;1e+12;1e+12;1031.535119;1e+12;1e+12;1031.669628;1e+12;1e+12;1031.625025;1e+12;1e+12;1031.624646;1e+12;1e+12;1031.614434;1e+12;1e+12;1031.628192;1e+12;1e+12;Inf;1e+12;1e+12;1031.63154;1e+12;1e+12
grid_n1500_est_r000_etaSrawm03_etaYrawp03_tau04_selMODERATE_nu6,grid_n1500,EST,54,1500,MODERATE,160,0.10666666666666667,0.6440532417346501,0.6373279667051683,0.00672527502948172,-950.575653349892,1925.151306699784,1988.9099513448675,12,TRUE,TRUE,0,22,38845.43,4,3,0,-0.3,0.3,-0.3,0.3,0.4,0.4,6,2.5142674267262968,0.23510870199645764,1.0449546883189171,1.4925821305300957,1.4925821305300957,1.4925821305300957,4,-1.25,-1.7416026988077749,-0.4916026988077749,0.0375,0.04343343546447117,0.00593343546447117,0.25,0.15862691674406476,-0.09137308325593524,5,3.469973179045816,-1.530026820954184,1.5,1.029767091413082,-0.4702329085869182,0.8,1.0192906227359764,0.21929062273597633,-0.4857325732737032,0.23510870199645764,1.3449546883189172,1.1925821305300957,1.0925821305300958,1.0925821305300958,-2,ok,CONVERGENCE: REL_REDUCTION_OF_F <= FACTR*EPSMCH,950.57714;1e+12;1e+12;950.581379;1e+12;1e+12;950.578201;1e+12;1e+12;950.577299;1e+12;1e+12;950.580084;1e+12;1e+12;950.576247;1e+12;1e+12;950.577397;1e+12;1e+12;950.575653;1e+12;1e+12;950.575811;1e+12;1e+12;950.575865;1e+12;1e+12;950.682245;1e+12;1e+12;950.576011;1e+12;1e+12;950.575687;1e+12;1e+12
grid_n1500_est_r000_etaSrawm03_etaYrawp03_tau04_selMODERATE_nu6,grid_n1500,EST,55,1500,MODERATE,165,0.11,0.657030223390276,0.6373279667051683,0.01970225668510761,-961.4518160602628,1946.9036321205256,2010.6622767656097,12,TRUE,TRUE,0,4,35534.165,4,3,0,-0.3,0.3,-0.3,0.3,0.4,0.4,6,2.3374442183659827,-0.3367914613168635,1.4925821305300957,-1.4925821305300957,1.4925821305300957,1.4925821305300957,4,-1.25,-1.7852440215731586,-0.5352440215731586,0.0375,0.05001300752186276,0.01251300752186276,0.25,0.16459808630697578,-0.08540191369302422,5,8.48711674574639,3.4871167457463894,1.5,1.0992943851265384,-0.4007056148734616,0.8,0.6690076150676154,-0.13099238493238463,-0.6625557816340173,-0.3367914613168635,1.7925821305300955,-1.7925821305300955,1.0925821305300958,1.0925821305300958,-2,ok,CONVERGENCE: REL_REDUCTION_OF_F <= FACTR*EPSMCH,961.45182;1e+12;1e+12;961.451816;1e+12;1e+12;961.45182;1e+12;1e+12;962.272464;1e+12;1e+12;961.455307;1e+12;1e+12;962.268439;1e+12;1e+12;962.269133;1e+12;1e+12;961.453224;1e+12;1e+12;961.451828;1e+12;1e+12;962.268119;1e+12;1e+12;961.454718;1e+12;1e+12;961.452065;1e+12;1e+12;961.4591;1e+12;1e+12
grid_n1500_est_r000_etaSrawm03_etaYrawp03_tau04_selMODERATE_nu6,grid_n1500,EST,56,1500,MODERATE,171,0.114,0.6302521008403361,0.6373279667051683,-0.00707586586483222,-982.7805265558636,1989.561053111727,2053.3196977568105,12,TRUE,TRUE,0,31,39888.162,4,3,0,-0.3,0.3,-0.3,0.3,0.4,0.4,6,2.399962803050374,-0.15100542300925576,0.8748025353036568,1.4925821305300957,1.4925821305300957,1.4925821305300957,4,-1.25,-1.836045621489147,-0.586045621489147,0.0375,0.02639859249082234,-0.01110140750917765,0.25,0.47139488441688376,0.22139488441688376,5,6.185869658405316,1.1858696584053163,1.5,1.337705020614461,-0.16229497938553905,0.8,0.7189113159159547,-0.08108868408404535,-0.6000371969496259,-0.15100542300925576,1.1748025353036569,1.1925821305300957,1.0925821305300958,1.0925821305300958,-2,ok,CONVERGENCE: REL_REDUCTION_OF_F <= FACTR*EPSMCH,982.780938;1e+12;1e+12;982.781087;1e+12;1e+12;982.781269;1e+12;1e+12;982.780776;1e+12;1e+12;982.780528;1e+12;1e+12;982.785388;1e+12;1e+12;982.780529;1e+12;1e+12;982.782712;1e+12;1e+12;982.780528;1e+12;1e+12;982.785001;1e+12;1e+12;982.780527;1e+12;1e+12;982.78235;1e+12;1e+12;982.780609;1e+12;1e+12
grid_n1500_est_r000_etaSrawm03_etaYrawp03_tau04_selMODERATE_nu6,grid_n1500,EST,57,1500,MODERATE,171,0.114,0.637213254035684,0.6373279667051683,-1.1471266948437364e-4,-970.5162827135272,1965.0325654270544,2028.791210072138,12,TRUE,TRUE,0,28,48150.779,4,3,0,-0.3,0.3,-0.3,0.3,0.4,0.4,6,2.0801559868258637,0.23816036240608096,1.4925821305300957,1.2740213594400116,1.4925821305300957,1.4925821305300957,4,-1.25,-1.9384568317198572,-0.6884568317198572,0.0375,0.05230538351927933,0.01480538351927933,0.25,0.48204808206008226,0.23204808206008223,5,5.150002241723506,0.15000224172350585,1.5,1.9032924060876375,0.4032924060876377,0.8,0.5380825766453479,-0.2619174233546522,-0.9198440131741364,0.23816036240608096,1.7925821305300955,0.9740213594400116,1.0925821305300958,1.0925821305300958,-2,ok,CONVERGENCE: REL_REDUCTION_OF_F <= FACTR*EPSMCH,970.51651;1e+12;1e+12;970.516628;1e+12;1e+12;970.51691;1e+12;1e+12;970.51798;1e+12;1e+12;970.518012;1e+12;1e+12;970.516998;1e+12;1e+12;970.520274;1e+12;1e+12;970.517563;1e+12;1e+12;970.520597;1e+12;1e+12;970.516283;1e+12;1e+12;970.51671;1e+12;1e+12;970.516351;1e+12;1e+12;970.518845;1e+12;1e+12
grid_n1500_est_r000_etaSrawm03_etaYrawp03_tau04_selMODERATE_nu6,grid_n1500,EST,58,1500,MODERATE,133,0.08866666666666667,0.6265664160401002,0.6373279667051683,-0.01076155066506812,-816.0967056576525,1656.193411315305,1719.9520559603886,12,TRUE,TRUE,0,22,48900.946,4,3,0,-0.3,0.3,-0.3,0.3,0.4,0.4,6,2.3432770261540656,0.3480667998125291,1.4925821305300957,1.492478535739179,1.4894858821880148,1.4894858821880148,4,-1.25,-2.0313948165446427,-0.7813948165446427,0.0375,0.04903541563387811,0.01153541563387811,0.25,0.264866077634963,0.014866077634963,5,3.0828455714870646,-1.9171544285129352,1.5,2.33025688255951,0.8302568825595098,0.8,0.8396522470785679,0.03965224707856785,-0.6567229738459344,0.3480667998125291,1.7925821305300955,1.192478535739179,1.089485882188015,1.089485882188015,-2,ok,CONVERGENCE: REL_REDUCTION_OF_F <= FACTR*EPSMCH,816.219541;1e+12;1e+12;816.224173;1e+12;1e+12;816.222794;1e+12;1e+12;816.222489;1e+12;1e+12;816.097068;1e+12;1e+12;816.224498;1e+12;1e+12;816.221968;1e+12;1e+12;816.096706;1e+12;1e+12;816.219183;1e+12;1e+12;816.220798;1e+12;1e+12;Inf;1e+12;1e+12;816.219962;1e+12;1e+12;816.222529;1e+12;1e+12
grid_n1500_est_r000_etaSrawm03_etaYrawp03_tau04_selMODERATE_nu6,grid_n1500,EST,59,1500,MODERATE,167,0.11133333333333334,0.6446067898581865,0.6373279667051683,0.00727882315301819,-1009.6283175670982,2043.2566351341964,2107.01527977928,12,TRUE,TRUE,0,7,62901.866,4,3,0,-0.3,0.3,-0.3,0.3,0.4,0.4,6,8.250217038307117,0.9172517313037232,-1.4925821305300957,-1.1716369497581989,1.4923492551941988,1.4923492551941988,4,-1.25,-0.8697971795525524,0.3802028204474476,0.0375,0.04199635330569121,0.00449635330569121,0.25,0.09485942658825122,-0.15514057341174878,5,-0.8120645010817926,-5.812064501081792,1.5,1.6863783160722503,0.18637831607225053,0.8,0.8314823886358869,0.03148238863588681,5.250217038307117,0.9172517313037232,-1.1925821305300957,-1.4716369497581987,1.092349255194199,1.092349255194199,-2,ok,CONVERGENCE: REL_REDUCTION_OF_F <= FACTR*EPSMCH,1009.629243;1e+12;1e+12;1009.62934;1e+12;1e+12;1009.628318;1e+12;1e+12;1009.628437;1e+12;1e+12;1009.635893;1e+12;1e+12;1009.630001;1e+12;1e+12;1009.628664;1e+12;1e+12;1009.632196;1e+12;1e+12;1009.658389;1e+12;1e+12;1009.628403;1e+12;1e+12;1009.642261;1e+12;1e+12;1009.628713;1e+12;1e+12;1009.631418;1e+12;1e+12
grid_n1500_est_r000_etaSrawm03_etaYrawp03_tau04_selMODERATE_nu6,grid_n1500,EST,60,1500,MODERATE,161,0.10733333333333334,0.6216328222130129,0.6373279667051683,-0.01569514449215547,-950.802826818354,1925.605653636708,1989.3642982817917,12,TRUE,TRUE,0,13,41777.776,4,3,0,-0.3,0.3,-0.3,0.3,0.4,0.4,6,2.51338320819419,0.3886952465414676,1.455585907454827,-1.4925821305300957,1.4925821305300957,1.4925821305300957,4,-1.25,-1.9226987080458071,-0.6726987080458071,0.0375,0.05271003553598736,0.01521003553598736,0.25,0.36892540674375834,0.11892540674375834,5,3.910530470372944,-1.0894695296270558,1.5,1.610713049726951,0.11071304972695106,0.8,0.708481433835732,-0.091518566164268,-0.48661679180581,0.3886952465414676,1.755585907454827,-1.7925821305300955,1.0925821305300958,1.0925821305300958,-2,ok,CONVERGENCE: REL_REDUCTION_OF_F <= FACTR*EPSMCH,950.807497;1e+12;1e+12;950.977366;1e+12;1e+12;951.223172;1e+12;1e+12;950.954413;1e+12;1e+12;950.802827;1e+12;1e+12;950.957672;1e+12;1e+12;950.94557;1e+12;1e+12;950.807663;1e+12;1e+12;950.806143;1e+12;1e+12;950.948046;1e+12;1e+12;950.802828;1e+12;1e+12;950.803164;1e+12;1e+12;950.80305;1e+12;1e+12
grid_n1500_est_r000_etaSrawm03_etaYrawp03_tau04_selMODERATE_nu6,grid_n1500,EST,61,1500,MODERATE,181,0.12066666666666669,0.6353240152477764,0.6373279667051683,-0.00200395145739196,-1067.604379434706,2159.208758869412,2222.967403514496,12,TRUE,TRUE,0,10,52016.606,4,3,0,-0.3,0.3,-0.3,0.3,0.4,0.4,6,5.800494654048423,-0.7690757612248516,-1.4925821305300957,0.980102218276656,1.4925821305300957,1.4925821305300957,4,-1.25,-0.8252738957934201,0.42472610420657986,0.0375,0.04045870346525501,0.00295870346525501,0.25,0.15683089638189188,-0.09316910361810812,5,8.078765482514859,3.078765482514859,1.5,1.884766752985655,0.3847667529856551,0.8,0.8500179906116458,0.0500179906116458,2.800494654048423,-0.7690757612248516,-1.1925821305300957,0.6801022182766561,1.0925821305300958,1.0925821305300958,-2,ok,CONVERGENCE: REL_REDUCTION_OF_F <= FACTR*EPSMCH,1067.611342;1e+12;1e+12;1067.611737;1e+12;1e+12;1067.605851;1e+12;1e+12;1067.604379;1e+12;1e+12;1067.838175;1e+12;1e+12;1067.60872;1e+12;1e+12;1067.605625;1e+12;1e+12;1067.839661;1e+12;1e+12;1067.756066;1e+12;1e+12;1067.612785;1e+12;1e+12;1067.840094;1e+12;1e+12;1067.609355;1e+12;1e+12;1067.610727;1e+12;1e+12
grid_n1500_est_r000_etaSrawm03_etaYrawp03_tau04_selMODERATE_nu6,grid_n1500,EST,62,1500,MODERATE,154,0.10266666666666668,0.6297229219143576,0.6373279667051683,-0.0076050447908107,-916.567828096363,1857.135656192726,1920.8943008378096,12,TRUE,TRUE,0,22,45198.481,4,3,0,-0.3,0.3,-0.3,0.3,0.4,0.4,6,2.8330898909217908,-0.15939843123537606,0.27821047713615543,1.4925821305300957,1.4925821305300957,1.4925821305300957,4,-1.25,-1.7784222423423277,-0.5284222423423275,0.0375,0.04797498608004943,0.01047498608004943,0.25,0.4187663560974064,0.16876635609740637,5,5.229939542242255,0.22993954224225543,1.5,2.100661435156878,0.6006614351568786,0.8,0.957708647407814,0.15770864740781387,-0.16691010907820925,-0.15939843123537606,0.5782104771361554,1.1925821305300957,1.0925821305300958,1.0925821305300958,-2,ok,CONVERGENCE: REL_REDUCTION_OF_F <= FACTR*EPSMCH,916.568177;1e+12;1e+12;916.570773;1e+12;1e+12;916.568338;1e+12;1e+12;916.568553;1e+12;1e+12;916.567837;1e+12;1e+12;916.56793;1e+12;1e+12;916.568839;1e+12;1e+12;916.567828;1e+12;1e+12;916.567841;1e+12;1e+12;916.56903;1e+12;1e+12;916.567864;1e+12;1e+12;916.571763;1e+12;1e+12;916.567952;1e+12;1e+12
grid_n1500_est_r000_etaSrawm03_etaYrawp03_tau04_selMODERATE_nu6,grid_n1500,EST,63,1500,MODERATE,173,0.11533333333333332,0.6404782237403929,0.6373279667051683,0.00315025703522453,-1005.298577324206,2034.597154648412,2098.3557992934957,12,TRUE,TRUE,0,1,48966.984,4,3,0,-0.3,0.3,-0.3,0.3,0.4,0.4,6,2.5240240488089265,0.3560147824811397,1.1141976999961316,-1.4925821305300957,1.4925821305300957,1.4925821305300957,4,-1.25,-1.8640647613040284,-0.6140647613040284,0.0375,0.02882864621498247,-0.00867135378501753,0.25,0.4714721975458768,0.22147219754587677,5,5.273297648453743,0.2732976484537426,1.5,1.540994644882947,0.04099464488294702,0.8,0.4799752494169124,-0.32002475058308766,-0.4759759511910735,0.3560147824811397,1.4141976999961317,-1.7925821305300955,1.0925821305300958,1.0925821305300958,-2,ok,CONVERGENCE: REL_REDUCTION_OF_F <= FACTR*EPSMCH,1005.298577;1e+12;1e+12;1005.393317;1e+12;1e+12;1005.299261;1e+12;1e+12;1005.39241;1e+12;1e+12;1005.301876;1e+12;1e+12;1005.39588;1e+12;1e+12;1005.404932;1e+12;1e+12;1005.299796;1e+12;1e+12;1005.301999;1e+12;1e+12;1005.398676;1e+12;1e+12;1005.299155;1e+12;1e+12;1005.299147;1e+12;1e+12;1005.401577;1e+12;1e+12
grid_n1500_est_r000_etaSrawm03_etaYrawp03_tau04_selMODERATE_nu6,grid_n1500,EST,64,1500,MODERATE,192,0.128,0.6399317406143344,0.6373279667051683,0.0026037739091661,-1109.9873825051357,2243.9747650102713,2307.733409655355,12,TRUE,TRUE,0,7,47853.012,4,3,0,-0.3,0.3,-0.3,0.3,0.4,0.4,6,5.4222150532111675,-0.7648396280968633,-1.4925821305300957,0.9224962718720612,1.4925821305300957,1.4925821305300957,4,-1.25,-0.8249665951209634,0.4250334048790366,0.0375,0.0121687245735559,-0.02533127542644409,0.25,0.224593715419106,-0.025406284580894,5,7.802408814600857,2.802408814600857,1.5,1.5008079560949434,8.079560949434406e-4,0.8,1.1384947373558532,0.3384947373558531,2.4222150532111675,-0.7648396280968633,-1.1925821305300957,0.622496271872061,1.0925821305300958,1.0925821305300958,-2,ok,CONVERGENCE: REL_REDUCTION_OF_F <= FACTR*EPSMCH,1110.029888;1e+12;1e+12;1109.990303;1e+12;1e+12;1109.987383;1e+12;1e+12;1110.002528;1e+12;1e+12;1110.104837;1e+12;1e+12;1109.989292;1e+12;1e+12;1109.992433;1e+12;1e+12;1110.105462;1e+12;1e+12;1110.105387;1e+12;1e+12;1109.990609;1e+12;1e+12;1110.109564;1e+12;1e+12;Inf;1e+12;1e+12;1109.992517;1e+12;1e+12
grid_n1500_est_r000_etaSrawm03_etaYrawp03_tau04_selMODERATE_nu6,grid_n1500,EST,65,1500,MODERATE,176,0.11733333333333332,0.6407518154634771,0.6373279667051683,0.00342384875830881,-1040.5078942702032,2105.0157885404064,2168.77443318549,12,TRUE,TRUE,0,19,51152.823,4,3,0,-0.3,0.3,-0.3,0.3,0.4,0.4,6,6.7943832359354195,-0.877751700866203,-1.4925821305300957,0.8081190289418861,1.48832636926509,1.48832636926509,4,-1.25,-0.860534935787511,0.38946506421248905,0.0375,0.00637853173544251,-0.03112146826455749,0.25,0.22381399072943023,-0.02618600927056977,5,11.402469756078451,6.402469756078451,1.5,1.5284585467240923,0.02845854672409231,0.8,0.5700304569026281,-0.22996954309737191,3.794383235935419,-0.877751700866203,-1.1925821305300957,0.5081190289418862,1.08832636926509,1.08832636926509,-2,ok,CONVERGENCE: REL_REDUCTION_OF_F <= FACTR*EPSMCH,1040.564785;1e+12;1e+12;1040.566781;1e+12;1e+12;1040.565714;1e+12;1e+12;1040.511732;1e+12;1e+12;1040.664423;1e+12;1e+12;1040.510992;1e+12;1e+12;1040.507894;1e+12;1e+12;1040.567528;1e+12;1e+12;1040.569508;1e+12;1e+12;1040.510313;1e+12;1e+12;Inf;1e+12;1e+12;1040.576535;1e+12;1e+12;1040.508911;1e+12;1e+12
grid_n1500_est_r000_etaSrawm03_etaYrawp03_tau04_selMODERATE_nu6,grid_n1500,EST,66,1500,MODERATE,143,0.09533333333333334,0.6527415143603134,0.6373279667051683,0.01541354765514502,-856.7766250683442,1737.5532501366883,1801.311894781772,12,TRUE,TRUE,0,22,37346.69700000001,4,3,0,-0.3,0.3,-0.3,0.3,0.4,0.4,6,2.564832191121281,0.4283042967982541,0.8333009519305279,-1.4925821305300957,1.4925821305300957,1.4925821305300957,4,-1.25,-1.8881164391453609,-0.6381164391453606,0.0375,0.01107775027619443,-0.02642224972380556,0.25,0.3349913771775844,0.08499137717758443,5,2.968700052222319,-2.031299947777681,1.5,1.8942503202915753,0.3942503202915753,0.8,0.9553517292536964,0.15535172925369645,-0.435167808878719,0.4283042967982541,1.133300951930528,-1.7925821305300955,1.0925821305300958,1.0925821305300958,-2,ok,CONVERGENCE: REL_REDUCTION_OF_F <= FACTR*EPSMCH,856.776627;1e+12;1e+12;856.776637;1e+12;1e+12;856.777319;1e+12;1e+12;856.911654;1e+12;1e+12;856.919959;1e+12;1e+12;856.987475;1e+12;1e+12;856.914458;1e+12;1e+12;856.776625;1e+12;1e+12;856.920377;1e+12;1e+12;856.912548;1e+12;1e+12;856.777994;1e+12;1e+12;856.776996;1e+12;1e+12;856.781004;1e+12;1e+12
grid_n1500_est_r000_etaSrawm03_etaYrawp03_tau04_selMODERATE_nu6,grid_n1500,EST,67,1500,MODERATE,170,0.11333333333333331,0.6195786864931846,0.6373279667051683,-0.01774928021198374,-996.1221175013025,2016.244235002605,2080.0028796476886,12,TRUE,TRUE,0,13,40872.086,4,3,0,-0.3,0.3,-0.3,0.3,0.4,0.4,6,2.4379721760529844,-0.16813290313204496,1.4541094599708422,1.4925821305300957,1.4925821305300957,1.4925821305300957,4,-1.25,-1.870902125123669,-0.620902125123669,0.0375,0.05167728916155932,0.01417728916155932,0.25,0.362396875724914,0.11239687572491402,5,7.023709623427215,2.023709623427215,1.5,1.7899783958602384,0.28997839586023844,0.8,0.7807067797624077,-0.01929322023759239,-0.5620278239470156,-0.16813290313204496,1.7541094599708422,1.1925821305300957,1.0925821305300958,1.0925821305300958,-2,ok,CONVERGENCE: REL_REDUCTION_OF_F <= FACTR*EPSMCH,996.124723;1e+12;1e+12;996.122848;1e+12;1e+12;996.123591;1e+12;1e+12;996.298114;1e+12;1e+12;996.122118;1e+12;1e+12;996.122754;1e+12;1e+12;996.29015;1e+12;1e+12;996.122213;1e+12;1e+12;996.124457;1e+12;1e+12;996.291662;1e+12;1e+12;997.094064;1e+12;1e+12;996.122993;1e+12;1e+12;996.12306;1e+12;1e+12
grid_n1500_est_r000_etaSrawm03_etaYrawp03_tau04_selMODERATE_nu6,grid_n1500,EST,68,1500,MODERATE,153,0.102,0.6448839208942391,0.6373279667051683,0.00755595418907073,-933.9203474419584,1891.8406948839167,1955.5993395290004,12,TRUE,TRUE,0,34,42877.077000000005,4,3,0,-0.3,0.3,-0.3,0.3,0.4,0.4,6,2.6050675523139395,0.07257838135576933,1.4925821305300957,-1.336368687030808,1.4925821305300957,1.4925821305300957,4,-1.25,-1.8727658447301996,-0.6227658447301996,0.0375,0.0702469347305226,0.0327469347305226,0.25,0.18784250423327475,-0.06215749576672524,5,5.3663057265874725,0.3663057265874725,1.5,1.470550761933597,-0.02944923806640309,0.8,0.8711889143374175,0.07118891433741747,-0.3949324476860605,0.07257838135576933,1.7925821305300955,-1.636368687030808,1.0925821305300958,1.0925821305300958,-2,ok,CONVERGENCE: REL_REDUCTION_OF_F <= FACTR*EPSMCH,933.934404;1e+12;1e+12;934.009033;1e+12;1e+12;933.921349;1e+12;1e+12;934.003857;1e+12;1e+12;933.923421;1e+12;1e+12;934.009127;1e+12;1e+12;934.000774;1e+12;1e+12;933.924964;1e+12;1e+12;933.921148;1e+12;1e+12;934.001941;1e+12;1e+12;933.921344;1e+12;1e+12;933.920347;1e+12;1e+12;934.028886;1e+12;1e+12
grid_n1500_est_r000_etaSrawm03_etaYrawp03_tau04_selMODERATE_nu6,grid_n1500,EST,69,1500,MODERATE,155,0.10333333333333332,0.6581834137779728,0.6373279667051683,0.02085544707280451,-929.8604201391786,1883.7208402783572,1947.4794849234409,12,TRUE,TRUE,0,37,60059.509000000005,4,3,0,-0.3,0.3,-0.3,0.3,0.4,0.4,6,7.5543565979143406,-0.9485010483746016,-1.4925821305300957,0.36179991287405666,1.4925821305300957,1.4925821305300957,4,-1.25,-0.8403229127509815,0.4096770872490185,0.0375,0.00897876955360658,-0.02852123044639341,0.25,0.14042661028879586,-0.10957338971120414,5,14.064413274241211,9.064413274241211,1.5,1.2430868423594936,-0.2569131576405064,0.8,0.4825410422485659,-0.3174589577514341,4.5543565979143406,-0.9485010483746016,-1.1925821305300957,0.06179991287405667,1.0925821305300958,1.0925821305300958,-2,ok,CONVERGENCE: REL_REDUCTION_OF_F <= FACTR*EPSMCH,929.861174;1e+12;1e+12;929.867237;1e+12;1e+12;930.333007;1e+12;1e+12;929.865519;1e+12;1e+12;930.333066;1e+12;1e+12;929.867416;1e+12;1e+12;929.860423;1e+12;1e+12;929.862484;1e+12;1e+12;930.333106;1e+12;1e+12;929.866941;1e+12;1e+12;930.33582;1e+12;1e+12;929.866111;1e+12;1e+12;929.86042;1e+12;1e+12
grid_n1500_est_r000_etaSrawm03_etaYrawp03_tau04_selMODERATE_nu6,grid_n1500,EST,70,1500,MODERATE,180,0.12,0.648508430609598,0.6373279667051683,0.01118046390442961,-1046.8698333580217,2117.7396667160433,2181.498311361127,12,TRUE,TRUE,0,7,41813.685,4,3,0,-0.3,0.3,-0.3,0.3,0.4,0.4,6,4.147673508155638,-0.5843359602147118,-1.4859084385109114,0.8111559075643373,1.4925821305300957,1.4925821305300957,4,-1.25,-0.8183053419247438,0.4316946580752562,0.0375,0.02554998406184407,-0.01195001593815592,0.25,0.16047504301843823,-0.08952495698156177,5,6.376927690631004,1.3769276906310042,1.5,1.2759870474075543,-0.2240129525924457,0.8,0.7614482588609114,-0.03855174113908866,1.1476735081556375,-0.5843359602147118,-1.185908438510911,0.5111559075643373,1.0925821305300958,1.0925821305300958,-2,ok,CONVERGENCE: REL_REDUCTION_OF_F <= FACTR*EPSMCH,1046.87083;1e+12;1e+12;1046.873264;1e+12;1e+12;1046.869833;1e+12;1e+12;1046.873361;1e+12;1e+12;1046.870622;1e+12;1e+12;1046.887754;1e+12;1e+12;1046.873597;1e+12;1e+12;1046.870703;1e+12;1e+12;1046.87149;1e+12;1e+12;1046.873712;1e+12;1e+12;1046.87077;1e+12;1e+12;1046.870146;1e+12;1e+12;1046.873749;1e+12;1e+12
grid_n1500_est_r000_etaSrawm03_etaYrawp03_tau04_selMODERATE_nu6,grid_n1500,EST,71,1500,MODERATE,190,0.12666666666666668,0.6479481641468683,0.6373279667051683,0.01062019744169995,-1097.5735530811305,2219.147106162261,2282.9057508073447,12,TRUE,TRUE,0,13,42916.669,4,3,0,-0.3,0.3,-0.3,0.3,0.4,0.4,6,4.159436582239229,0.7142320398466279,-1.4925821305300957,0.11636609944067589,1.4925821305300957,1.4925821305300957,4,-1.25,-0.7659823458100432,0.4840176541899568,0.0375,0.03403121841633865,-0.00346878158366134,0.25,0.19258764511123225,-0.05741235488876775,5,2.7170428358166037,-2.2829571641833963,1.5,1.4656619017629096,-0.03433809823709044,0.8,0.6789676825907202,-0.12103231740927987,1.1594365822392287,0.7142320398466279,-1.1925821305300957,-0.1836339005593241,1.0925821305300958,1.0925821305300958,-2,ok,CONVERGENCE: REL_REDUCTION_OF_F <= FACTR*EPSMCH,1097.580785;1e+12;1e+12;1097.573921;1e+12;1e+12;1097.576241;1e+12;1e+12;1097.576827;1e+12;1e+12;1097.573553;1e+12;1e+12;1097.574954;1e+12;1e+12;1097.575205;1e+12;1e+12;1097.573874;1e+12;1e+12;1097.677689;1e+12;1e+12;1097.575953;1e+12;1e+12;1098.240449;1e+12;1e+12;1097.574871;1e+12;1e+12;1097.575812;1e+12;1e+12
grid_n1500_est_r000_etaSrawm03_etaYrawp03_tau04_selMODERATE_nu6,grid_n1500,EST,72,1500,MODERATE,156,0.104,0.6278777731268314,0.6373279667051683,-0.00945019357833698,-925.3581063009484,1874.7162126018968,1938.4748572469805,12,TRUE,TRUE,0,34,35528.76,4,3,0,-0.3,0.3,-0.3,0.3,0.4,0.4,6,2.2864180815384905,0.00477492235967647,1.4925821305300957,1.4925821305300957,1.4925821305300957,1.4925821305300957,4,-1.25,-1.927190057130105,-0.677190057130105,0.0375,0.03508657077068913,-0.00241342922931087,0.25,0.3469085465057107,0.09690854650571068,5,5.699449323486462,0.699449323486462,1.5,1.426962244981948,-0.0730377550180521,0.8,0.7551122929750332,-0.0448877070249668,-0.7135819184615095,0.00477492235967647,1.7925821305300955,1.1925821305300957,1.0925821305300958,1.0925821305300958,-2,ok,CONVERGENCE: REL_REDUCTION_OF_F <= FACTR*EPSMCH,925.36126;1e+12;1e+12;925.363292;1e+12;1e+12;925.361983;1e+12;1e+12;925.361377;1e+12;1e+12;925.360441;1e+12;1e+12;925.364989;1e+12;1e+12;925.35866;1e+12;1e+12;925.358319;1e+12;1e+12;925.359302;1e+12;1e+12;925.358159;1e+12;1e+12;925.981529;1e+12;1e+12;925.358106;1e+12;1e+12;925.366617;1e+12;1e+12
grid_n1500_est_r000_etaSrawm03_etaYrawp03_tau04_selMODERATE_nu6,grid_n1500,EST,73,1500,MODERATE,154,0.10266666666666668,0.6331785563528916,0.6373279667051683,-0.00414941035227678,-924.6558911866812,1873.3117823733623,1937.070427018446,12,TRUE,TRUE,0,7,37875.131,4,3,0,-0.3,0.3,-0.3,0.3,0.4,0.4,6,3.232120939324055,-0.24593324311432369,-1.4925821305300957,0.27794476438014476,1.4925821305300957,1.4925821305300957,4,-1.25,-0.8950431378136422,0.3549568621863578,0.0375,0.02838154368292332,-0.00911845631707667,0.25,0.2219921474844645,-0.0280078525155355,5,5.323369189506972,0.32336918950697235,1.5,1.2749839800108465,-0.22501601998915355,0.8,1.1253747659043594,0.3253747659043593,0.2321209393240551,-0.24593324311432369,-1.1925821305300957,-0.02205523561985523,1.0925821305300958,1.0925821305300958,-2,ok,CONVERGENCE: REL_REDUCTION_OF_F <= FACTR*EPSMCH,924.656599;1e+12;1e+12;924.657297;1e+12;1e+12;924.655891;1e+12;1e+12;924.660986;1e+12;1e+12;924.833831;1e+12;1e+12;924.656683;1e+12;1e+12;924.656212;1e+12;1e+12;924.824849;1e+12;1e+12;924.83401;1e+12;1e+12;924.658365;1e+12;1e+12;925.295228;1e+12;1e+12;924.656824;1e+12;1e+12;924.657458;1e+12;1e+12
grid_n1500_est_r000_etaSrawm03_etaYrawp03_tau04_selMODERATE_nu6,grid_n1500,EST,74,1500,MODERATE,191,0.12733333333333333,0.6307821698906644,0.6373279667051683,-0.00654579681450395,-1117.7870715243998,2259.5741430487997,2323.3327876938833,12,TRUE,TRUE,0,19,46802.089,4,3,0,-0.3,0.3,-0.3,0.3,0.4,0.4,6,6.625452878289991,-0.7970753987601777,-1.4845429801667076,1.4925821305300957,0.6355355405577372,0.6355355405577372,4,-1.25,-0.7034203534311768,0.5465796465688232,0.0375,0.04870710163484361,0.01120710163484361,0.25,0.0967681698993594,-0.1532318301006406,5,7.679136860704368,2.679136860704368,1.5,1.227211027383189,-0.2727889726168107,0.8,0.7318198946022972,-0.0681801053977028,3.625452878289991,-0.7970753987601777,-1.1845429801667076,1.1925821305300957,0.2355355405577372,0.2355355405577372,-2,ok,CONVERGENCE: REL_REDUCTION_OF_F <= FACTR*EPSMCH,1117.787409;1e+12;1e+12;1117.790827;1e+12;1e+12;1117.7882;1e+12;1e+12;1117.787304;1e+12;1e+12;1117.792895;1e+12;1e+12;1117.787684;1e+12;1e+12;1117.787072;1e+12;1e+12;1117.790877;1e+12;1e+12;1117.787798;1e+12;1e+12;1117.787632;1e+12;1e+12;1117.788833;1e+12;1e+12;Inf;1e+12;1e+12;1117.787168;1e+12;1e+12
grid_n1500_est_r000_etaSrawm03_etaYrawp03_tau04_selMODERATE_nu6,grid_n1500,EST,75,1500,MODERATE,187,0.12466666666666666,0.6297229219143576,0.6373279667051683,-0.0076050447908107,-1067.8121534550808,2159.6243069101615,2223.382951555245,12,TRUE,TRUE,0,31,43200.68,4,3,0,-0.3,0.3,-0.3,0.3,0.4,0.4,6,5.792352159815367,-0.8108489214376147,-1.492571934148366,1.4925688547883142,1.4925821305300957,1.4925821305300957,4,-1.25,-0.9688422841362626,0.2811577158637374,0.0375,0.026870313341275,-0.01062968665872499,0.25,0.33505664184315165,0.08505664184315165,5,8.488883616871988,3.4888836168719877,1.5,1.1869257036880276,-0.31307429631197237,0.8,1.2377714319177069,0.4377714319177066,2.7923521598153673,-0.8108489214376147,-1.192571934148366,1.1925688547883142,1.0925821305300958,1.0925821305300958,-2,ok,CONVERGENCE: REL_REDUCTION_OF_F <= FACTR*EPSMCH,1067.818765;1e+12;1e+12;1067.81737;1e+12;1e+12;1067.813826;1e+12;1e+12;1067.815012;1e+12;1e+12;1067.812967;1e+12;1e+12;1067.816485;1e+12;1e+12;1067.812831;1e+12;1e+12;1067.81779;1e+12;1e+12;1067.814988;1e+12;1e+12;1067.814119;1e+12;1e+12;1067.812153;1e+12;1e+12;1067.816483;1e+12;1e+12;Inf;1e+12;1e+12
grid_n1500_est_r000_etaSrawm03_etaYrawp03_tau04_selMODERATE_nu6,grid_n1500,EST,76,1500,MODERATE,174,0.116,0.6391137622496804,0.6373279667051683,0.00178579554451208,-1026.4710410297848,2076.9420820595697,2140.7007267046533,12,TRUE,TRUE,0,1,33821.706999999995,4,3,0,-0.3,0.3,-0.3,0.3,0.4,0.4,6,2.5564285299874725,0.06329474159112201,1.4457276725698125,1.4925821305300957,1.4925821305300957,1.4925821305300957,4,-1.25,-1.8581065329101776,-0.6081065329101774,0.0375,0.02413474533488328,-0.01336525466511671,0.25,0.3985794911239565,0.14857949112395652,5,5.33943698205318,0.3394369820531802,1.5,1.6302810647164685,0.1302810647164685,0.8,0.620483393335679,-0.179516606664321,-0.4435714700125275,0.06329474159112201,1.7457276725698123,1.1925821305300957,1.0925821305300958,1.0925821305300958,-2,ok,CONVERGENCE: REL_REDUCTION_OF_F <= FACTR*EPSMCH,1026.471041;1e+12;1e+12;1026.471061;1e+12;1e+12;1026.471067;1e+12;1e+12;1026.471215;1e+12;1e+12;1026.477759;1e+12;1e+12;1026.471649;1e+12;1e+12;1026.471941;1e+12;1e+12;1026.471414;1e+12;1e+12;1026.471571;1e+12;1e+12;1026.471173;1e+12;1e+12;1026.471646;1e+12;1e+12;1026.471153;1e+12;1e+12;1026.476351;1e+12;1e+12
grid_n1500_est_r000_etaSrawm03_etaYrawp03_tau04_selMODERATE_nu6,grid_n1500,EST,77,1500,MODERATE,177,0.118,0.6415739948674081,0.6373279667051683,0.00424602816223973,-1021.7052096037596,2067.410419207519,2131.169063852603,12,TRUE,TRUE,0,10,33743.217000000004,4,3,0,-0.3,0.3,-0.3,0.3,0.4,0.4,6,2.380492221678206,0.3083690671743187,1.4925821305300957,1.4923505682416245,1.4925821305300957,1.4925821305300957,4,-1.25,-1.805962641316892,-0.5559626413168919,0.0375,0.045958249543467083,0.00845824954346708,0.25,0.3224312940036907,0.0724312940036907,5,3.897155014709396,-1.102844985290604,1.5,1.3484157966393966,-0.1515842033606034,0.8,0.9099646830969584,0.10996468309695828,-0.6195077783217942,0.3083690671743187,1.7925821305300955,1.1923505682416242,1.0925821305300958,1.0925821305300958,-2,ok,CONVERGENCE: REL_REDUCTION_OF_F <= FACTR*EPSMCH,1021.70523;1e+12;1e+12;1021.711396;1e+12;1e+12;1021.70808;1e+12;1e+12;1021.70521;1e+12;1e+12;1021.707653;1e+12;1e+12;1021.705387;1e+12;1e+12;1022.305775;1e+12;1e+12;1021.707977;1e+12;1e+12;1021.70638;1e+12;1e+12;1022.305572;1e+12;1e+12;1021.706398;1e+12;1e+12;1021.706238;1e+12;1e+12;1021.706589;1e+12;1e+12
grid_n1500_est_r000_etaSrawm03_etaYrawp03_tau04_selMODERATE_nu6,grid_n1500,EST,78,1500,MODERATE,156,0.104,0.6339814032121724,0.6373279667051683,-0.00334656349299589,-931.0981054898846,1886.1962109797691,1949.9548556248528,12,TRUE,TRUE,0,10,75360.15400000001,4,3,0,-0.3,0.3,-0.3,0.3,0.4,0.4,6,6.043389269595699,0.8511351332936061,-1.492577474385536,-0.5964706251362615,1.4925821305300957,1.4925821305300957,4,-1.25,-1.018872140683196,0.231127859316804,0.0375,0.02550912562535333,-0.01199087437464666,0.25,0.411884093521137,0.16188409352113697,5,2.06805907575282,-2.93194092424718,1.5,1.8262127961287011,0.32621279612870113,0.8,0.7043520332638084,-0.09564796673619168,3.043389269595699,0.8511351332936061,-1.192577474385536,-0.8964706251362615,1.0925821305300958,1.0925821305300958,-2,ok,CONVERGENCE: REL_REDUCTION_OF_F <= FACTR*EPSMCH,931.102245;1e+12;1e+12;931.098897;1e+12;1e+12;931.102745;1e+12;1e+12;931.098105;1e+12;1e+12;931.098367;1e+12;1e+12;931.108276;1e+12;1e+12;931.099855;1e+12;1e+12;931.09926;1e+12;1e+12;931.099178;1e+12;1e+12;931.107162;1e+12;1e+12;931.101007;1e+12;1e+12;931.102599;1e+12;1e+12;931.100563;1e+12;1e+12
grid_n1500_est_r000_etaSrawm03_etaYrawp03_tau04_selMODERATE_nu6,grid_n1500,EST,79,1500,MODERATE,142,0.09466666666666666,0.6200909466721786,0.6373279667051683,-0.01723702003298977,-867.853058788274,1759.706117576548,1823.4647622216316,12,TRUE,TRUE,0,16,41964.918000000005,4,3,0,-0.3,0.3,-0.3,0.3,0.4,0.4,6,2.506387208879523,-0.44906388122578983,1.4925821305300957,-1.4343440020578746,1.4925821305300957,1.4925821305300957,4,-1.25,-1.8532239546283091,-0.6032239546283091,0.0375,0.03932459932164484,0.00182459932164484,0.25,0.0640511131206049,-0.1859488868793951,5,9.319767289201776,4.319767289201776,1.5,1.498222960423612,-0.00177703957638808,0.8,0.7872191625282171,-0.01278083747178293,-0.4936127911204769,-0.44906388122578983,1.7925821305300955,-1.7343440020578746,1.0925821305300958,1.0925821305300958,-2,ok,CONVERGENCE: REL_REDUCTION_OF_F <= FACTR*EPSMCH,867.85797;1e+12;1e+12;867.854009;1e+12;1e+12;867.854189;1e+12;1e+12;868.225787;1e+12;1e+12;867.854052;1e+12;1e+12;867.853059;1e+12;1e+12;868.222542;1e+12;1e+12;867.853251;1e+12;1e+12;867.857897;1e+12;1e+12;868.223402;1e+12;1e+12;867.860915;1e+12;1e+12;867.853548;1e+12;1e+12;867.853138;1e+12;1e+12
grid_n1500_est_r000_etaSrawm03_etaYrawp03_tau04_selMODERATE_nu6,grid_n1500,EST,80,1500,MODERATE,146,0.09733333333333331,0.6294586655476291,0.6373279667051683,-0.00786930115753925,-874.8746033828563,1773.7492067657126,1837.5078514107963,12,TRUE,TRUE,0,34,63816.635,4,3,0,-0.3,0.3,-0.3,0.3,0.4,0.4,6,7.082296586755603,0.9316712308511934,-1.4925821305300957,-0.5775451774909784,1.4925821305300957,1.4925821305300957,4,-1.25,-0.959540581694175,0.290459418305825,0.0375,0.03366436770169999,-0.0038356322983,0.25,0.2576552392901031,0.00765523929010308,5,-0.06163318940207479,-5.061633189402075,1.5,1.7595912460567202,0.25959124605672024,0.8,0.5366567170815009,-0.2633432829184992,4.082296586755603,0.9316712308511934,-1.1925821305300957,-0.8775451774909784,1.0925821305300958,1.0925821305300958,-2,ok,CONVERGENCE: REL_REDUCTION_OF_F <= FACTR*EPSMCH,874.875168;1e+12;1e+12;874.876107;1e+12;1e+12;874.874769;1e+12;1e+12;874.881565;1e+12;1e+12;875.109412;1e+12;1e+12;874.882393;1e+12;1e+12;874.875485;1e+12;1e+12;876.055379;1e+12;1e+12;874.882186;1e+12;1e+12;874.882253;1e+12;1e+12;875.6962;1e+12;1e+12;874.874603;1e+12;1e+12;874.874687;1e+12;1e+12
grid_n1500_est_r000_etaSrawm03_etaYrawp03_tau04_selMODERATE_nu6,grid_n1500,EST,81,1500,MODERATE,157,0.10466666666666669,0.6244796003330558,0.6373279667051683,-0.0128483663721125,-911.9240881166533,1847.8481762333065,1911.60682087839,12,TRUE,TRUE,0,16,43808.575,4,3,0,-0.3,0.3,-0.3,0.3,0.4,0.4,6,2.3081568303970483,0.18612937661800488,0.6150497156960804,-1.4925821305300957,1.4925821305300957,1.4925821305300957,4,-1.25,-1.8050714144843265,-0.5550714144843263,0.0375,0.03460027514227915,-0.00289972485772084,0.25,0.36815740563283655,0.11815740563283655,5,4.651604438326137,-0.348395561673863,1.5,2.3078825382226755,0.8078825382226755,0.8,0.9015683528548408,0.1015683528548409,-0.6918431696029517,0.18612937661800488,0.9150497156960804,-1.7925821305300955,1.0925821305300958,1.0925821305300958,-2,ok,CONVERGENCE: REL_REDUCTION_OF_F <= FACTR*EPSMCH,911.925738;1e+12;1e+12;911.924098;1e+12;1e+12;911.925794;1e+12;1e+12;912.056572;1e+12;1e+12;911.925192;1e+12;1e+12;911.924088;1e+12;1e+12;912.055067;1e+12;1e+12;911.92589;1e+12;1e+12;911.927283;1e+12;1e+12;912.061168;1e+12;1e+12;911.925913;1e+12;1e+12;911.925918;1e+12;1e+12;911.926238;1e+12;1e+12
grid_n1500_est_r000_etaSrawm03_etaYrawp03_tau04_selMODERATE_nu6,grid_n1500,EST,82,1500,MODERATE,166,0.11066666666666666,0.6448839208942391,0.6373279667051683,0.00755595418907073,-972.1543105752008,1968.3086211504017,2032.0672657954851,12,TRUE,TRUE,0,22,33947.031,4,3,0,-0.3,0.3,-0.3,0.3,0.4,0.4,6,2.3070058316966073,0.2613928121623945,1.4925821305300957,-1.4923702033939563,1.4899062105953338,1.4899062105953338,4,-1.25,-1.7602844242260216,-0.5102844242260216,0.0375,0.04082681072380009,0.00332681072380008,0.25,0.12659502692942814,-0.12340497307057186,5,4.011936621245719,-0.9880633787542809,1.5,1.314013520815795,-0.18598647918420497,0.8,1.1151080678082863,0.3151080678082865,-0.6929941683033927,0.2613928121623945,1.7925821305300955,-1.7923702033939564,1.0899062105953337,1.0899062105953337,-2,ok,CONVERGENCE: REL_REDUCTION_OF_F <= FACTR*EPSMCH,972.411532;1e+12;1e+12;972.398246;1e+12;1e+12;972.271247;1e+12;1e+12;972.410427;1e+12;1e+12;972.155714;1e+12;1e+12;972.398314;1e+12;1e+12;972.403949;1e+12;1e+12;972.154311;1e+12;1e+12;972.15451;1e+12;1e+12;972.406809;1e+12;1e+12;972.160558;1e+12;1e+12;972.272176;1e+12;1e+12;972.270727;1e+12;1e+12
grid_n1500_est_r000_etaSrawm03_etaYrawp03_tau04_selMODERATE_nu6,grid_n1500,EST,83,1500,MODERATE,154,0.10266666666666668,0.6404782237403929,0.6373279667051683,0.00315025703522453,-910.7128348415332,1845.4256696830664,1909.1843143281503,12,TRUE,TRUE,0,37,42125.119,4,3,0,-0.3,0.3,-0.3,0.3,0.4,0.4,6,2.6269300888600267,-0.19616377474622415,-0.7244968137484744,0.6138380338533522,-0.3100577961267109,-0.3100577961267109,4,-1.25,-0.9999527239954936,0.2500472760045065,0.0375,0.03276614180984084,-0.00473385819015915,0.25,0.4188015172727512,0.16880151727275122,5,4.502364721047456,-0.4976352789525445,1.5,1.7290611461982195,0.2290611461982195,0.8,0.6294229077860267,-0.17057709221397332,-0.37306991113997334,-0.19616377474622415,-0.4244968137484744,0.31383803385335224,-0.7100577961267109,-0.7100577961267109,-2,ok,CONVERGENCE: REL_REDUCTION_OF_F <= FACTR*EPSMCH,910.715818;1e+12;1e+12;910.712873;1e+12;1e+12;910.714182;1e+12;1e+12;910.712968;1e+12;1e+12;910.714829;1e+12;1e+12;910.713014;1e+12;1e+12;910.712918;1e+12;1e+12;910.714707;1e+12;1e+12;910.713328;1e+12;1e+12;910.713165;1e+12;1e+12;910.771828;1e+12;1e+12;910.715112;1e+12;1e+12;910.712835;1e+12;1e+12
grid_n1500_est_r000_etaSrawm03_etaYrawp03_tau04_selMODERATE_nu6,grid_n1500,EST,84,1500,MODERATE,152,0.10133333333333332,0.6412997007268063,0.6373279667051683,0.00397173402163797,-899.164656158588,1822.329312317176,1886.0879569622596,12,TRUE,TRUE,0,1,43200.711,4,3,0,-0.3,0.3,-0.3,0.3,0.4,0.4,6,3.872745077919625,-0.7300623474860193,-1.4925821305300957,0.14123221523807852,1.4925821305300957,1.4925821305300957,4,-1.25,-0.8572175469180676,0.3927824530819324,0.0375,0.00915961722372344,-0.02834038277627655,0.25,0.1788673235255786,-0.0711326764744214,5,8.093564135877024,3.093564135877024,1.5,2.0646751302055804,0.5646751302055804,0.8,1.1088636428305882,0.3088636428305882,0.8727450779196251,-0.7300623474860193,-1.1925821305300957,-0.1587677847619215,1.0925821305300958,1.0925821305300958,-2,ok,CONVERGENCE: REL_REDUCTION_OF_F <= FACTR*EPSMCH,899.164656;1e+12;1e+12;899.16578;1e+12;1e+12;899.165125;1e+12;1e+12;899.165395;1e+12;1e+12;899.190326;1e+12;1e+12;899.165493;1e+12;1e+12;899.166714;1e+12;1e+12;899.192246;1e+12;1e+12;899.190216;1e+12;1e+12;899.165035;1e+12;1e+12;899.190394;1e+12;1e+12;899.179043;1e+12;1e+12;Inf;1e+12;1e+12
grid_n1500_est_r000_etaSrawm03_etaYrawp03_tau04_selMODERATE_nu6,grid_n1500,EST,85,1500,MODERATE,182,0.12133333333333332,0.6555944055944056,0.6373279667051683,0.01826643888923729,-1048.3718371903046,2120.7436743806093,2184.502319025693,12,TRUE,TRUE,0,16,38143.425,4,3,0,-0.3,0.3,-0.3,0.3,0.4,0.4,6,2.476864456340271,-0.16642594870850405,1.45472432964385,-1.417550020953053,1.4925821305300957,1.4925821305300957,4,-1.25,-1.8403633255768648,-0.5903633255768648,0.0375,0.07434812117880527,0.03684812117880527,0.25,0.4118754848844553,0.16187548488445525,5,6.995822535757753,1.9958225357577533,1.5,1.623518059467374,0.12351805946737392,0.8,0.7673157385789622,-0.032684261421037857,-0.5231355436597291,-0.16642594870850405,1.75472432964385,-1.717550020953053,1.0925821305300958,1.0925821305300958,-2,ok,CONVERGENCE: REL_REDUCTION_OF_F <= FACTR*EPSMCH,1048.373014;1e+12;1e+12;1048.374936;1e+12;1e+12;1048.37526;1e+12;1e+12;1048.372103;1e+12;1e+12;1048.374704;1e+12;1e+12;1048.371837;1e+12;1e+12;1048.372321;1e+12;1e+12;1048.372128;1e+12;1e+12;1048.377287;1e+12;1e+12;1048.376873;1e+12;1e+12;1048.376702;1e+12;1e+12;1048.376528;1e+12;1e+12;1048.372151;1e+12;1e+12
grid_n1500_est_r000_etaSrawm03_etaYrawp03_tau04_selMODERATE_nu6,grid_n1500,EST,86,1500,MODERATE,181,0.12066666666666669,0.6374840628984275,0.6373279667051683,1.560961932591809e-4,-1063.044341406518,2150.088682813036,2213.8473274581197,12,TRUE,TRUE,0,7,31619.905,4,3,0,-0.3,0.3,-0.3,0.3,0.4,0.4,6,2.7244970352407583,0.0224704743086956,1.4921717307190367,-1.4925821305300957,1.4925821305300957,1.4925821305300957,4,-1.25,-1.7768336962296665,-0.5268336962296665,0.0375,0.07059678320322031,0.03309678320322031,0.25,0.2641330042656873,0.01413300426568731,5,6.320483547915584,1.3204835479155843,1.5,1.5464267432603551,0.04642674326035512,0.8,0.6273906721892174,-0.17260932781078264,-0.27550296475924174,0.0224704743086956,1.7921717307190368,-1.7925821305300955,1.0925821305300958,1.0925821305300958,-2,ok,CONVERGENCE: REL_REDUCTION_OF_F <= FACTR*EPSMCH,1063.644901;1e+12;1e+12;1063.050092;1e+12;1e+12;1063.044341;1e+12;1e+12;1063.645026;1e+12;1e+12;1063.045028;1e+12;1e+12;1063.644866;1e+12;1e+12;1063.663725;1e+12;1e+12;1063.045946;1e+12;1e+12;1063.047699;1e+12;1e+12;1063.645044;1e+12;1e+12;1063.05059;1e+12;1e+12;1063.047329;1e+12;1e+12;1063.163606;1e+12;1e+12
grid_n1500_est_r000_etaSrawm03_etaYrawp03_tau04_selMODERATE_nu6,grid_n1500,EST,87,1500,MODERATE,164,0.10933333333333334,0.6252605252188412,0.6373279667051683,-0.0120674414863271,-961.3729873929592,1946.7459747859184,2010.504619431002,12,TRUE,TRUE,0,13,38144.084,4,3,0,-0.3,0.3,-0.3,0.3,0.4,0.4,6,2.297684595015321,0.23372642701299007,1.4887127981134636,-1.4347107147665854,1.4925821305300957,1.4925821305300957,4,-1.25,-1.847782674838972,-0.5977826748389719,0.0375,0.04969016261099329,0.01219016261099328,0.25,0.2783472495352758,0.02834724953527578,5,4.821054227232831,-0.17894577276716905,1.5,1.2856330016775113,-0.21436699832248873,0.8,0.774229534880147,-0.02577046511985303,-0.7023154049846791,0.23372642701299007,1.7887127981134636,-1.7347107147665854,1.0925821305300958,1.0925821305300958,-2,ok,CONVERGENCE: REL_REDUCTION_OF_F <= FACTR*EPSMCH,961.506909;1e+12;1e+12;961.50614;1e+12;1e+12;961.507366;1e+12;1e+12;961.568481;1e+12;1e+12;961.372987;1e+12;1e+12;961.506218;1e+12;1e+12;961.569275;1e+12;1e+12;961.385294;1e+12;1e+12;961.506877;1e+12;1e+12;961.569353;1e+12;1e+12;961.3749;1e+12;1e+12;961.506135;1e+12;1e+12;961.506005;1e+12;1e+12
grid_n1500_est_r000_etaSrawm03_etaYrawp03_tau04_selMODERATE_nu6,grid_n1500,EST,88,1500,MODERATE,168,0.112,0.6369426751592356,0.6373279667051683,-3.8529154593269777e-4,-970.6402849836784,1965.2805699673568,2029.0392146124404,12,TRUE,TRUE,0,13,38266.415,4,3,0,-0.3,0.3,-0.3,0.3,0.4,0.4,6,2.495086000276588,0.15563435982829407,0.6156611138289532,1.4925821305300957,1.4925821305300957,1.4925821305300957,4,-1.25,-1.6640106505538002,-0.41401065055380015,0.0375,0.06158745099268509,0.02408745099268509,0.25,0.2186564608850404,-0.0313435391149596,5,4.369884112721971,-0.6301158872780288,1.5,1.292199432059258,-0.207800567940742,0.8,0.8631707455817466,0.06317074558174651,-0.5049139997234122,0.15563435982829407,0.9156611138289532,1.1925821305300957,1.0925821305300958,1.0925821305300958,-2,ok,CONVERGENCE: REL_REDUCTION_OF_F <= FACTR*EPSMCH,970.643469;1e+12;1e+12;970.644232;1e+12;1e+12;970.64062;1e+12;1e+12;970.641409;1e+12;1e+12;970.640285;1e+12;1e+12;970.641362;1e+12;1e+12;970.647332;1e+12;1e+12;970.642331;1e+12;1e+12;970.640403;1e+12;1e+12;970.642595;1e+12;1e+12;970.641684;1e+12;1e+12;970.640529;1e+12;1e+12;970.641146;1e+12;1e+12
grid_n1500_est_r000_etaSrawm03_etaYrawp03_tau04_selMODERATE_nu6,grid_n1500,EST,89,1500,MODERATE,162,0.108,0.6221484861053505,0.6373279667051683,-0.01517948059981788,-971.4238003707032,1966.8476007414065,2030.6062453864904,12,TRUE,TRUE,0,1,42781.497,4,3,0,-0.3,0.3,-0.3,0.3,0.4,0.4,6,6.564458956879402,0.8910867686418509,-1.4921592554712149,-0.4023821771970933,1.4925529137801967,1.4925529137801967,4,-1.25,-0.8425655149277207,0.4074344850722793,0.0375,0.02851027843236483,-0.00898972156763516,0.25,0.1751625684077468,-0.0748374315922532,5,0.7750084641216016,-4.224991535878399,1.5,1.5089730730640118,0.00897307306401185,0.8,0.5935170956972405,-0.2064829043027595,3.5644589568794016,0.8910867686418509,-1.1921592554712148,-0.7023821771970933,1.0925529137801968,1.0925529137801968,-2,ok,CONVERGENCE: REL_REDUCTION_OF_F <= FACTR*EPSMCH,971.4238;1e+12;1e+12;971.425787;1e+12;1e+12;971.423862;1e+12;1e+12;971.424162;1e+12;1e+12;971.430089;1e+12;1e+12;971.426174;1e+12;1e+12;971.425314;1e+12;1e+12;971.425566;1e+12;1e+12;971.8386;1e+12;1e+12;971.427589;1e+12;1e+12;971.835782;1e+12;1e+12;971.424577;1e+12;1e+12;971.429739;1e+12;1e+12
grid_n1500_est_r000_etaSrawm03_etaYrawp03_tau04_selMODERATE_nu6,grid_n1500,EST,90,1500,MODERATE,167,0.11133333333333334,0.6337135614702155,0.6373279667051683,-0.00361440523495282,-985.9229481008898,1995.8458962017796,2059.604540846863,12,TRUE,TRUE,0,34,43200.656,4,3,0,-0.3,0.3,-0.3,0.3,0.4,0.4,6,5.124909996102735,-0.7541389978350272,-1.4925821305300957,0.5744293277486893,1.4925821305300957,1.4925821305300957,4,-1.25,-0.915159835307214,0.3348401646927859,0.0375,0.038039421047055,5.39421047055004e-4,0.25,0.28682928379380035,0.03682928379380035,5,8.178909944432196,3.1789099444321955,1.5,1.7942926139825657,0.29429261398256545,0.8,0.7803899163238152,-0.01961008367618488,2.124909996102735,-0.7541389978350272,-1.1925821305300957,0.2744293277486893,1.0925821305300958,1.0925821305300958,-2,ok,CONVERGENCE: REL_REDUCTION_OF_F <= FACTR*EPSMCH,985.92299;1e+12;1e+12;985.930701;1e+12;1e+12;986.160529;1e+12;1e+12;985.927578;1e+12;1e+12;986.158478;1e+12;1e+12;985.930656;1e+12;1e+12;985.923712;1e+12;1e+12;986.157575;1e+12;1e+12;986.15893;1e+12;1e+12;985.923714;1e+12;1e+12;986.20177;1e+12;1e+12;985.922948;1e+12;1e+12;Inf;1e+12;1e+12
grid_n1500_est_r000_etaSrawm03_etaYrawp03_tau04_selMODERATE_nu6,grid_n1500,EST,91,1500,MODERATE,161,0.10733333333333334,0.6429489927132448,0.6373279667051683,0.00562102600807645,-959.1270319292216,1942.2540638584435,2006.0127085035272,12,TRUE,TRUE,0,10,42405.608,4,3,0,-0.3,0.3,-0.3,0.3,0.4,0.4,6,2.619326787908839,-0.100713720123755,0.9359672011983432,1.4925821305300957,1.4925821305300957,1.4925821305300957,4,-1.25,-1.8168517887741695,-0.5668517887741695,0.0375,0.02760418111224366,-0.00989581888775633,0.25,0.32130114361843987,0.07130114361843987,5,6.339939654058853,1.3399396540588526,1.5,2.081208081035149,0.581208081035149,0.8,0.6654383312077763,-0.13456166879222375,-0.3806732120911609,-0.100713720123755,1.2359672011983431,1.1925821305300957,1.0925821305300958,1.0925821305300958,-2,ok,CONVERGENCE: REL_REDUCTION_OF_F <= FACTR*EPSMCH,959.128261;1e+12;1e+12;959.129626;1e+12;1e+12;959.127959;1e+12;1e+12;959.127032;1e+12;1e+12;959.127032;1e+12;1e+12;959.130451;1e+12;1e+12;959.127138;1e+12;1e+12;959.127738;1e+12;1e+12;959.12725;1e+12;1e+12;959.127163;1e+12;1e+12;959.127098;1e+12;1e+12;959.128774;1e+12;1e+12;959.128567;1e+12;1e+12
grid_n1500_est_r000_etaSrawm03_etaYrawp03_tau04_selMODERATE_nu6,grid_n1500,EST,92,1500,MODERATE,167,0.11133333333333334,0.6270903010033445,0.6373279667051683,-0.01023766570182382,-989.0866840874552,2002.17336817491,2065.932012819994,12,TRUE,TRUE,0,25,41709.576,4,3,0,-0.3,0.3,-0.3,0.3,0.4,0.4,6,2.847673527656148,-0.3168493505788469,0.5901266176260859,1.4925821305300957,1.4925821305300957,1.4925821305300957,4,-1.25,-1.6682443892605765,-0.4182443892605765,0.0375,0.00979870192501333,-0.02770129807498666,0.25,0.24935794394545505,-6.420560545449538e-4,5,8.572794887751925,3.5727948877519253,1.5,1.312700895667313,-0.18729910433268704,0.8,0.4025521607045754,-0.39744783929542465,-0.152326472343852,-0.3168493505788469,0.8901266176260858,1.1925821305300957,1.0925821305300958,1.0925821305300958,-2,ok,CONVERGENCE: REL_REDUCTION_OF_F <= FACTR*EPSMCH,989.095025;1e+12;1e+12;989.088167;1e+12;1e+12;989.094656;1e+12;1e+12;989.086853;1e+12;1e+12;989.086893;1e+12;1e+12;989.087012;1e+12;1e+12;989.086907;1e+12;1e+12;989.087997;1e+12;1e+12;989.086684;1e+12;1e+12;989.087803;1e+12;1e+12;989.290651;1e+12;1e+12;989.087643;1e+12;1e+12;989.093245;1e+12;1e+12
grid_n1500_est_r000_etaSrawm03_etaYrawp03_tau04_selMODERATE_nu6,grid_n1500,EST,93,1500,MODERATE,171,0.114,0.6435006435006435,0.6373279667051683,0.00617267679547517,-1013.4591058258364,2050.9182116516727,2114.6768562967563,12,TRUE,TRUE,0,28,39136.715,4,3,0,-0.3,0.3,-0.3,0.3,0.4,0.4,6,2.861250507145203,-0.0928613181826525,0.6857866373818893,1.4925821305300957,1.4925821305300957,1.4925821305300957,4,-1.25,-1.7266431759652638,-0.47664317596526384,0.0375,0.05058059681214803,0.01308059681214803,0.25,0.3326879481212235,0.08268794812122349,5,5.603196868464485,0.6031968684644848,1.5,2.207819090756108,0.7078190907561082,0.8,0.8078955542479921,0.00789555424799204,-0.1387494928547972,-0.0928613181826525,0.9857866373818892,1.1925821305300957,1.0925821305300958,1.0925821305300958,-2,ok,CONVERGENCE: REL_REDUCTION_OF_F <= FACTR*EPSMCH,1013.459112;1e+12;1e+12;1013.462549;1e+12;1e+12;1013.462796;1e+12;1e+12;1013.459569;1e+12;1e+12;1013.462593;1e+12;1e+12;1013.460291;1e+12;1e+12;1013.460028;1e+12;1e+12;1013.459147;1e+12;1e+12;1013.459115;1e+12;1e+12;1013.459106;1e+12;1e+12;1013.573602;1e+12;1e+12;1013.463616;1e+12;1e+12;1013.46166;1e+12;1e+12
grid_n1500_est_r000_etaSrawm03_etaYrawp03_tau04_selMODERATE_nu6,grid_n1500,EST,94,1500,MODERATE,162,0.108,0.6313131313131313,0.6373279667051683,-0.00601483539203706,-946.9784362986264,1917.9568725972529,1981.7155172423363,12,TRUE,TRUE,0,7,53127.125,4,3,0,-0.3,0.3,-0.3,0.3,0.4,0.4,6,2.431084839857375,-0.4428762552732193,0.964870020187245,1.4925821305300957,1.4888550969354637,1.4888550969354637,4,-1.25,-1.8219902801743169,-0.5719902801743169,0.0375,0.02098652555697414,-0.01651347444302585,0.25,0.35040509944055714,0.10040509944055714,5,7.340551646390213,2.340551646390213,1.5,1.874110481960083,0.3741104819600827,0.8,0.8926757472691857,0.0926757472691857,-0.568915160142625,-0.4428762552732193,1.264870020187245,1.1925821305300957,1.0888550969354631,1.0888550969354631,-2,ok,CONVERGENCE: REL_REDUCTION_OF_F <= FACTR*EPSMCH,947.096033;1e+12;1e+12;947.09265;1e+12;1e+12;946.978436;1e+12;1e+12;947.106083;1e+12;1e+12;946.981769;1e+12;1e+12;947.098298;1e+12;1e+12;947.094808;1e+12;1e+12;946.981466;1e+12;1e+12;946.979422;1e+12;1e+12;Inf;1e+12;1e+12;947.019649;1e+12;1e+12;946.978653;1e+12;1e+12;947.092443;1e+12;1e+12
grid_n1500_est_r000_etaSrawm03_etaYrawp03_tau04_selMODERATE_nu6,grid_n1500,EST,95,1500,MODERATE,181,0.12066666666666669,0.6273525721455459,0.6373279667051683,-0.00997539455962248,-1050.1412182562003,2124.282436512401,2188.0410811574848,12,TRUE,TRUE,0,37,51059.914,4,3,0,-0.3,0.3,-0.3,0.3,0.4,0.4,6,4.29992195185619,0.7016354275194361,-1.4925821305300957,-0.18796414210217183,1.4925821305300957,1.4925821305300957,4,-1.25,-0.8162832439121989,0.43371675608780114,0.0375,0.03956249360970439,0.00206249360970438,0.25,0.232815271787828,-0.01718472821217201,5,3.2717241348616826,-1.7282758651383174,1.5,1.2102520786766933,-0.28974792132330673,0.8,0.8014153599605317,0.00141535996053165,1.2999219518561898,0.7016354275194361,-1.1925821305300957,-0.4879641421021718,1.0925821305300958,1.0925821305300958,-2,ok,CONVERGENCE: REL_REDUCTION_OF_F <= FACTR*EPSMCH,1050.143878;1e+12;1e+12;1050.14182;1e+12;1e+12;1050.143452;1e+12;1e+12;1050.150894;1e+12;1e+12;1050.143215;1e+12;1e+12;1050.149817;1e+12;1e+12;1050.143183;1e+12;1e+12;1050.145507;1e+12;1e+12;1050.146655;1e+12;1e+12;1050.14505;1e+12;1e+12;Inf;1e+12;1e+12;1050.141345;1e+12;1e+12;1050.141218;1e+12;1e+12
grid_n1500_est_r000_etaSrawm03_etaYrawp03_tau04_selMODERATE_nu6,grid_n1500,EST,96,1500,MODERATE,186,0.124,0.6364022061943148,0.6373279667051683,-9.257605108535794e-4,-1080.0560450415485,2184.112090083097,2247.8707347281807,12,TRUE,TRUE,0,7,54002.655999999995,4,3,0,-0.3,0.3,-0.3,0.3,0.4,0.4,6,3.4625952869086425,0.6465643356463074,0.2217412218091106,-1.4925821305300957,1.4809075083006948,1.4809075083006948,4,-1.25,-1.5576626473083364,-0.30766264730833637,0.0375,0.01730385925977855,-0.02019614074022144,0.25,0.3588866160352712,0.10888661603527122,5,2.628426114692143,-2.371573885307857,1.5,1.7560227508038182,0.2560227508038182,0.8,0.5781831417927977,-0.22181685820720232,0.4625952869086425,0.6465643356463074,0.5217412218091106,-1.7925821305300955,1.0809075083006947,1.0809075083006947,-2,ok,CONVERGENCE: REL_REDUCTION_OF_F <= FACTR*EPSMCH,1080.194944;1e+12;1e+12;1080.201018;1e+12;1e+12;1080.056045;1e+12;1e+12;1080.206505;1e+12;1e+12;1080.060438;1e+12;1e+12;1080.201423;1e+12;1e+12;1080.204585;1e+12;1e+12;1080.063498;1e+12;1e+12;1080.067017;1e+12;1e+12;1080.206231;1e+12;1e+12;1080.058783;1e+12;1e+12;1080.058018;1e+12;1e+12;1080.199194;1e+12;1e+12
grid_n1500_est_r000_etaSrawm03_etaYrawp03_tau04_selMODERATE_nu6,grid_n1500,EST,97,1500,MODERATE,184,0.12266666666666666,0.6278777731268314,0.6373279667051683,-0.00945019357833698,-1049.0979879783606,2122.195975956721,2185.954620601805,12,TRUE,TRUE,0,1,48288.145,4,3,0,-0.3,0.3,-0.3,0.3,0.4,0.4,6,5.542096163751471,0.8090258289584907,-1.4925821305300957,-1.4925821305300957,1.4925821305300957,1.4925821305300957,4,-1.25,-0.9401353837327336,0.30986461626726647,0.0375,0.02702853320193754,-0.01047146679806245,0.25,0.2665442742402454,0.0165442742402454,5,3.2769188273294008,-1.7230811726705992,1.5,1.474567252531935,-0.02543274746806489,0.8,0.8729214503050137,0.07292145030501362,2.542096163751471,0.8090258289584907,-1.1925821305300957,-1.7925821305300955,1.0925821305300958,1.0925821305300958,-2,ok,CONVERGENCE: REL_REDUCTION_OF_F <= FACTR*EPSMCH,1049.097988;1e+12;1e+12;1049.104305;1e+12;1e+12;1049.101958;1e+12;1e+12;1049.098924;1e+12;1e+12;1049.116491;1e+12;1e+12;1049.101564;1e+12;1e+12;1049.099128;1e+12;1e+12;1049.105457;1e+12;1e+12;1049.109706;1e+12;1e+12;1049.098017;1e+12;1e+12;1049.106817;1e+12;1e+12;1049.110583;1e+12;1e+12;1049.098476;1e+12;1e+12
grid_n1500_est_r000_etaSrawm03_etaYrawp03_tau04_selMODERATE_nu6,grid_n1500,EST,98,1500,MODERATE,149,0.09933333333333332,0.6435006435006435,0.6373279667051683,0.00617267679547517,-875.2819177485773,1774.5638354971543,1838.3224801422384,12,TRUE,TRUE,0,16,39678.284,4,3,0,-0.3,0.3,-0.3,0.3,0.4,0.4,6,2.1329849545571977,-0.2972559679201743,1.4925821305300957,1.4921797761422293,1.4925821305300957,1.4925821305300957,4,-1.25,-1.9780017432130053,-0.7280017432130053,0.0375,0.07045354237725848,0.03295354237725848,0.25,0.316725885146488,0.06672588514648797,5,6.826728258812463,1.8267282588124631,1.5,1.634922704836218,0.13492270483621804,0.8,1.0787365317066309,0.2787365317066308,-0.8670150454428023,-0.2972559679201743,1.7925821305300955,1.1921797761422293,1.0925821305300958,1.0925821305300958,-2,ok,CONVERGENCE: REL_REDUCTION_OF_F <= FACTR*EPSMCH,875.283168;1e+12;1e+12;875.290544;1e+12;1e+12;875.284127;1e+12;1e+12;875.286626;1e+12;1e+12;875.660029;1e+12;1e+12;875.281918;1e+12;1e+12;875.286309;1e+12;1e+12;875.662939;1e+12;1e+12;875.660087;1e+12;1e+12;875.282593;1e+12;1e+12;875.659961;1e+12;1e+12;875.292718;1e+12;1e+12;875.287317;1e+12;1e+12
grid_n1500_est_r000_etaSrawm03_etaYrawp03_tau04_selMODERATE_nu6,grid_n1500,EST,99,1500,MODERATE,182,0.12133333333333332,0.6535947712418301,0.6373279667051683,0.01626680453666174,-1061.5015747276248,2147.0031494552495,2210.761794100333,12,TRUE,TRUE,0,37,43732.689999999995,4,3,0,-0.3,0.3,-0.3,0.3,0.4,0.4,6,2.6929844549485775,-0.43669579299141453,1.1246386490014697,1.4925821305300957,1.4925821305300957,1.4925821305300957,4,-1.25,-1.6310458613254342,-0.38104586132543417,0.0375,0.0070872731465846,-0.03041272685341539,0.25,0.14871176438091468,-0.10128823561908532,5,8.166165089272498,3.166165089272498,1.5,1.3880688056351491,-0.11193119436485066,0.8,0.8885075059672268,0.08850750596722678,-0.3070155450514225,-0.43669579299141453,1.4246386490014695,1.1925821305300957,1.0925821305300958,1.0925821305300958,-2,ok,CONVERGENCE: REL_REDUCTION_OF_F <= FACTR*EPSMCH,1061.527306;1e+12;1e+12;1061.72516;1e+12;1e+12;1061.503262;1e+12;1e+12;1061.724781;1e+12;1e+12;1061.704007;1e+12;1e+12;1061.724762;1e+12;1e+12;1061.722625;1e+12;1e+12;1061.701085;1e+12;1e+12;1061.70447;1e+12;1e+12;1061.783822;1e+12;1e+12;1061.689516;1e+12;1e+12;1061.730145;1e+12;1e+12;1061.501575;1e+12;1e+12
grid_n1500_est_r000_etaSrawm03_etaYrawp03_tau04_selMODERATE_nu6,grid_n1500,EST,100,1500,MODERATE,164,0.10933333333333334,0.6423982869379015,0.6373279667051683,0.00507032023273312,-958.1606313362232,1940.3212626724464,2004.07990731753,12,TRUE,TRUE,0,4,39296.019,4,3,0,-0.3,0.3,-0.3,0.3,0.4,0.4,6,2.5479717290541917,0.13420950026594952,0.9397266749492744,1.4925821305300957,1.4925821305300957,1.4925821305300957,4,-1.25,-1.85729353292285,-0.6072935329228499,0.0375,0.06828099591326836,0.03078099591326836,0.25,0.3998906692039643,0.14989066920396432,5,4.914109011569004,-0.08589098843099574,1.5,0.8198146852564455,-0.6801853147435545,0.8,0.4060907757657463,-0.3939092242342538,-0.45202827094580833,0.13420950026594952,1.2397266749492746,1.1925821305300957,1.0925821305300958,1.0925821305300958,-2,ok,CONVERGENCE: REL_REDUCTION_OF_F <= FACTR*EPSMCH,958.164513;1e+12;1e+12;958.160631;1e+12;1e+12;958.165423;1e+12;1e+12;958.162902;1e+12;1e+12;958.161051;1e+12;1e+12;958.16065;1e+12;1e+12;958.160632;1e+12;1e+12;958.160659;1e+12;1e+12;958.160636;1e+12;1e+12;958.160717;1e+12;1e+12;958.160639;1e+12;1e+12;958.160896;1e+12;1e+12;958.1607;1e+12;1e+12
